## WO-MULTIPERT · 多扰动验收探针 + 修前基线
> 树龄探针 wc -l apps/datacore/src/sim/propagation.ts = (未注入)
> base=http://127.0.0.1:4051 ticks=40 tenant=demo arms=zero,A,B,AB
> 取证时刻(UTC) = 2026-10-05T05:37:59.165Z

══ ⓪ 环境自证 ══
回显 base（端口） = http://127.0.0.1:4051
GET /a/v1/sim/sessions → HTTP 200（活服务）
实例身份自证 session=sims_erv26kc3dg4ybcw0 → GET /world HTTP 200
  /world 顶层键 = ["baseProvenance","baseStateVarReport","state","tick"]
  state 对象数 = 4425 · 格数 = 6375
  树鉴别键（必须全含）= ["baseProvenance","baseStateVarReport","state","tick"] ⇒ 缺失 = []

════════════════════════════════════════════════════════
══ 臂 zero ══
session=sims_apghjck81gdgqb4d status=READY 用时=20572ms
扰动回执形状 = []（线索说裸对象 {perturbation,curTick,state}）
扰动定序（listPerturbations）= []

── 逐拍读数表 · 臂 zero（session=sims_apghjck81gdgqb4d）──
t    worldTick cells   avail  MARGIN.rolling  MARGIN.projected  MARGIN.delta   COST.projected  costPressure  carriers/univ 
0    0         6375    true   118.9000        118.9000          0.0000         581.1000        23.0367       150/500       
1    1         6375    true   118.9000        118.9000          0.0000         581.1000        23.0367       150/500       
2    2         6375    true   118.9000        118.9000          0.0000         581.1000        23.0367       150/500       
3    3         6375    true   118.9000        118.9000          0.0000         581.1000        23.0367       150/500       
4    4         6375    true   118.9000        118.9000          0.0000         581.1000        23.0367       150/500       
5    5         6375    true   118.9000        119.5797          0.6797         580.4203        22.9197       150/500       
6    6         6375    true   118.9000        119.7905          0.8905         580.2095        22.8834       150/500       
7    7         6375    true   118.9000        119.8642          0.9642         580.1358        22.8707       150/500       
8    8         6375    true   118.9000        119.8915          0.9915         580.1085        22.8660       150/500       
9    9         6375    true   118.9000        119.9021          1.0021         580.0979        22.8642       150/500       
10   10        6375    true   118.9000        119.9065          1.0065         580.0935        22.8634       150/500       
11   11        6375    true   118.9000        119.9085          1.0085         580.0915        22.8631       150/500       
12   12        6375    true   118.9000        119.9095          1.0095         580.0905        22.8629       150/500       
13   13        6375    true   118.9000        119.9101          1.0101         580.0899        22.8628       150/500       
14   14        6375    true   118.9000        119.9104          1.0104         580.0896        22.8628       150/500       
15   15        6375    true   118.9000        119.9106          1.0106         580.0894        22.8628       150/500       
16   16        6375    true   118.9000        119.9107          1.0107         580.0893        22.8627       150/500       
17   17        6375    true   118.9000        119.9108          1.0108         580.0892        22.8627       150/500       
18   18        6375    true   118.9000        119.9109          1.0109         580.0891        22.8627       150/500       
19   19        6375    true   118.9000        119.9109          1.0109         580.0891        22.8627       150/500       
20   20        6375    true   118.9000        119.9110          1.0110         580.0890        22.8627       150/500       
21   21        6375    true   118.9000        119.9110          1.0110         580.0890        22.8627       150/500       
22   22        6375    true   118.9000        119.9110          1.0110         580.0890        22.8627       150/500       
23   23        6375    true   118.9000        119.9110          1.0110         580.0890        22.8627       150/500       
24   24        6375    true   118.9000        119.9110          1.0110         580.0890        22.8627       150/500       
25   25        6375    true   118.9000        119.9110          1.0110         580.0890        22.8627       150/500       
26   26        6375    true   118.9000        119.9110          1.0110         580.0890        22.8627       150/500       
27   27        6375    true   118.9000        119.9110          1.0110         580.0890        22.8627       150/500       
28   28        6375    true   118.9000        119.9110          1.0110         580.0890        22.8627       150/500       
29   29        6375    true   118.9000        119.9110          1.0110         580.0890        22.8627       150/500       
30   30        6375    true   118.9000        119.9110          1.0110         580.0890        22.8627       150/500       
31   31        6375    true   118.9000        119.9111          1.0111         580.0889        22.8627       150/500       
32   32        6375    true   118.9000        119.9111          1.0111         580.0889        22.8627       150/500       
33   33        6375    true   118.9000        119.9111          1.0111         580.0889        22.8627       150/500       
34   34        6375    true   118.9000        119.9111          1.0111         580.0889        22.8627       150/500       
35   35        6375    true   118.9000        119.9111          1.0111         580.0889        22.8627       150/500       
36   36        6375    true   118.9000        119.9111          1.0111         580.0889        22.8627       150/500       
37   37        6375    true   118.9000        119.9111          1.0111         580.0889        22.8627       150/500       
38   38        6375    true   118.9000        119.9111          1.0111         580.0889        22.8627       150/500       
39   39        6375    true   118.9000        119.9111          1.0111         580.0889        22.8627       150/500       
40   40        6375    true   118.9000        119.9111          1.0111         580.0889        22.8627       150/500       
── 链条实测格 · 臂 zero（逐拍原值；看「是不是撞了 saturateToDomain 边界」）──
t    obj_order_SO-3391.leadDays     obj_order_SO-3391.costPressure obj_model_4680-NCM.costPressure obj_customer_cust_14.receivablePressure obj_material_pos_ncm.priceShock
0    14.000000                      90.384615                      2.926300                       15.745200                      8.000000                      
1    14.000000                      90.384615                      2.926300                       15.745200                      8.000000                      
2    14.000000                      90.384615                      2.926300                       15.745200                      8.000000                      
3    14.000000                      90.384615                      2.926300                       15.745200                      8.000000                      
4    14.000000                      90.384615                      2.926300                       15.745200                      8.000000                      
5    14.000000                      90.384615                      2.926300                       15.745200                      8.000000                      
6    14.000000                      90.384615                      2.926300                       15.745200                      8.000000                      
7    14.000000                      90.384615                      2.926300                       15.745200                      8.000000                      
8    14.000000                      90.384615                      2.926300                       15.745200                      8.000000                      
9    14.000000                      90.384615                      2.926300                       15.745200                      8.000000                      
10   14.000000                      90.384615                      2.926300                       15.745200                      8.000000                      
11   14.000000                      90.384615                      2.926300                       15.745200                      8.000000                      
12   14.000000                      90.384615                      2.926300                       15.745200                      8.000000                      
13   14.000000                      90.384615                      2.926300                       15.745200                      8.000000                      
14   14.000000                      90.384615                      2.926300                       15.745200                      8.000000                      
15   14.000000                      90.384615                      2.926300                       15.745200                      8.000000                      
16   14.000000                      90.384615                      2.926300                       15.745200                      8.000000                      
17   14.000000                      90.384615                      2.926300                       15.745200                      8.000000                      
18   14.000000                      90.384615                      2.926300                       15.745200                      8.000000                      
19   14.000000                      90.384615                      2.926300                       15.745200                      8.000000                      
20   14.000000                      90.384615                      2.926300                       15.745200                      8.000000                      
21   14.000000                      90.384615                      2.926300                       15.745200                      8.000000                      
22   14.000000                      90.384615                      2.926300                       15.745200                      8.000000                      
23   14.000000                      90.384615                      2.926300                       15.745200                      8.000000                      
24   14.000000                      90.384615                      2.926300                       15.745200                      8.000000                      
25   14.000000                      90.384615                      2.926300                       15.745200                      8.000000                      
26   14.000000                      90.384615                      2.926300                       15.745200                      8.000000                      
27   14.000000                      90.384615                      2.926300                       15.745200                      8.000000                      
28   14.000000                      90.384615                      2.926300                       15.745200                      8.000000                      
29   14.000000                      90.384615                      2.926300                       15.745200                      8.000000                      
30   14.000000                      90.384615                      2.926300                       15.745200                      8.000000                      
31   14.000000                      90.384615                      2.926300                       15.745200                      8.000000                      
32   14.000000                      90.384615                      2.926300                       15.745200                      8.000000                      
33   14.000000                      90.384615                      2.926300                       15.745200                      8.000000                      
34   14.000000                      90.384615                      2.926300                       15.745200                      8.000000                      
35   14.000000                      90.384615                      2.926300                       15.745200                      8.000000                      
36   14.000000                      90.384615                      2.926300                       15.745200                      8.000000                      
37   14.000000                      90.384615                      2.926300                       15.745200                      8.000000                      
38   14.000000                      90.384615                      2.926300                       15.745200                      8.000000                      
39   14.000000                      90.384615                      2.926300                       15.745200                      8.000000                      
40   14.000000                      90.384615                      2.926300                       15.745200                      8.000000                      
── 基值比值表 · 臂 zero（逐拍 = 读数 ÷ baseSnapshot 值；1=正常，→2=基值加两次）──
t    obj_model_4680-NCM.costPressure[base=2.926300] obj_order_SO-3391.costPressure[base=90.384615] obj_customer_cust_14.receivablePressure[base=15.745200]
0    2.926300 (×1.000000)               90.384615 (×1.000000)              15.745200 (×1.000000)             
1    2.926300 (×1.000000)               90.384615 (×1.000000)              15.745200 (×1.000000)             
2    2.926300 (×1.000000)               90.384615 (×1.000000)              15.745200 (×1.000000)             
3    2.926300 (×1.000000)               90.384615 (×1.000000)              15.745200 (×1.000000)             
4    2.926300 (×1.000000)               90.384615 (×1.000000)              15.745200 (×1.000000)             
5    2.926300 (×1.000000)               90.384615 (×1.000000)              15.745200 (×1.000000)             
6    2.926300 (×1.000000)               90.384615 (×1.000000)              15.745200 (×1.000000)             
7    2.926300 (×1.000000)               90.384615 (×1.000000)              15.745200 (×1.000000)             
8    2.926300 (×1.000000)               90.384615 (×1.000000)              15.745200 (×1.000000)             
9    2.926300 (×1.000000)               90.384615 (×1.000000)              15.745200 (×1.000000)             
10   2.926300 (×1.000000)               90.384615 (×1.000000)              15.745200 (×1.000000)             
11   2.926300 (×1.000000)               90.384615 (×1.000000)              15.745200 (×1.000000)             
12   2.926300 (×1.000000)               90.384615 (×1.000000)              15.745200 (×1.000000)             
13   2.926300 (×1.000000)               90.384615 (×1.000000)              15.745200 (×1.000000)             
14   2.926300 (×1.000000)               90.384615 (×1.000000)              15.745200 (×1.000000)             
15   2.926300 (×1.000000)               90.384615 (×1.000000)              15.745200 (×1.000000)             
16   2.926300 (×1.000000)               90.384615 (×1.000000)              15.745200 (×1.000000)             
17   2.926300 (×1.000000)               90.384615 (×1.000000)              15.745200 (×1.000000)             
18   2.926300 (×1.000000)               90.384615 (×1.000000)              15.745200 (×1.000000)             
19   2.926300 (×1.000000)               90.384615 (×1.000000)              15.745200 (×1.000000)             
20   2.926300 (×1.000000)               90.384615 (×1.000000)              15.745200 (×1.000000)             
21   2.926300 (×1.000000)               90.384615 (×1.000000)              15.745200 (×1.000000)             
22   2.926300 (×1.000000)               90.384615 (×1.000000)              15.745200 (×1.000000)             
23   2.926300 (×1.000000)               90.384615 (×1.000000)              15.745200 (×1.000000)             
24   2.926300 (×1.000000)               90.384615 (×1.000000)              15.745200 (×1.000000)             
25   2.926300 (×1.000000)               90.384615 (×1.000000)              15.745200 (×1.000000)             
26   2.926300 (×1.000000)               90.384615 (×1.000000)              15.745200 (×1.000000)             
27   2.926300 (×1.000000)               90.384615 (×1.000000)              15.745200 (×1.000000)             
28   2.926300 (×1.000000)               90.384615 (×1.000000)              15.745200 (×1.000000)             
29   2.926300 (×1.000000)               90.384615 (×1.000000)              15.745200 (×1.000000)             
30   2.926300 (×1.000000)               90.384615 (×1.000000)              15.745200 (×1.000000)             
31   2.926300 (×1.000000)               90.384615 (×1.000000)              15.745200 (×1.000000)             
32   2.926300 (×1.000000)               90.384615 (×1.000000)              15.745200 (×1.000000)             
33   2.926300 (×1.000000)               90.384615 (×1.000000)              15.745200 (×1.000000)             
34   2.926300 (×1.000000)               90.384615 (×1.000000)              15.745200 (×1.000000)             
35   2.926300 (×1.000000)               90.384615 (×1.000000)              15.745200 (×1.000000)             
36   2.926300 (×1.000000)               90.384615 (×1.000000)              15.745200 (×1.000000)             
37   2.926300 (×1.000000)               90.384615 (×1.000000)              15.745200 (×1.000000)             
38   2.926300 (×1.000000)               90.384615 (×1.000000)              15.745200 (×1.000000)             
39   2.926300 (×1.000000)               90.384615 (×1.000000)              15.745200 (×1.000000)             
40   2.926300 (×1.000000)               90.384615 (×1.000000)              15.745200 (×1.000000)             

════════════════════════════════════════════════════════
══ 臂 A ══
session=sims_61jdf34ecce26ff0 status=READY 用时=24317ms
扰动回执形状 = [["perturbation","curTick","state"]]（线索说裸对象 {perturbation,curTick,state}）
扰动定序（listPerturbations）= ["obj_order_SO-3391.leadDays@0/delta-3"]

── 逐拍读数表 · 臂 A（session=sims_61jdf34ecce26ff0）──
t    worldTick cells   avail  MARGIN.rolling  MARGIN.projected  MARGIN.delta   COST.projected  costPressure  carriers/univ 
0    0         6375    true   118.9000        118.9000          0.0000         581.1000        23.0367       150/500       
1    1         6375    true   118.9000        118.9000          0.0000         581.1000        23.0367       150/500       
2    2         6375    true   118.9000        119.6055          0.7055         580.3945        22.9153       150/500       
3    3         6375    true   118.9000        119.7983          0.8983         580.2017        22.8821       150/500       
4    4         6375    true   118.9000        119.8580          0.9580         580.1420        22.8718       150/500       
5    5         6375    true   118.9000        120.5567          1.6567         579.4433        22.7516       150/500       
6    6         6375    true   118.9000        120.7736          1.8736         579.2264        22.7142       150/500       
7    7         6375    true   118.9000        120.8491          1.9491         579.1509        22.7013       150/500       
8    8         6375    true   118.9000        120.8768          1.9768         579.1232        22.6965       150/500       
9    9         6375    true   118.9000        120.8875          1.9875         579.1125        22.6946       150/500       
10   10        6375    true   118.9000        120.8918          1.9918         579.1082        22.6939       150/500       
11   11        6375    true   118.9000        120.8937          1.9937         579.1063        22.6936       150/500       
12   12        6375    true   118.9000        120.8946          1.9946         579.1054        22.6934       150/500       
13   13        6375    true   118.9000        120.8951          1.9951         579.1049        22.6933       150/500       
14   14        6375    true   118.9000        120.8954          1.9954         579.1046        22.6933       150/500       
15   15        6375    true   118.9000        120.8956          1.9956         579.1044        22.6933       150/500       
16   16        6375    true   118.9000        120.8957          1.9957         579.1043        22.6932       150/500       
17   17        6375    true   118.9000        120.8958          1.9958         579.1042        22.6932       150/500       
18   18        6375    true   118.9000        120.8958          1.9958         579.1042        22.6932       150/500       
19   19        6375    true   118.9000        120.8959          1.9959         579.1041        22.6932       150/500       
20   20        6375    true   118.9000        120.8959          1.9959         579.1041        22.6932       150/500       
21   21        6375    true   118.9000        120.8959          1.9959         579.1041        22.6932       150/500       
22   22        6375    true   118.9000        120.8959          1.9959         579.1041        22.6932       150/500       
23   23        6375    true   118.9000        120.8959          1.9959         579.1041        22.6932       150/500       
24   24        6375    true   118.9000        120.8959          1.9959         579.1041        22.6932       150/500       
25   25        6375    true   118.9000        120.8959          1.9959         579.1041        22.6932       150/500       
26   26        6375    true   118.9000        120.8960          1.9960         579.1040        22.6932       150/500       
27   27        6375    true   118.9000        120.8960          1.9960         579.1040        22.6932       150/500       
28   28        6375    true   118.9000        120.8960          1.9960         579.1040        22.6932       150/500       
29   29        6375    true   118.9000        120.8960          1.9960         579.1040        22.6932       150/500       
30   30        6375    true   118.9000        120.8960          1.9960         579.1040        22.6932       150/500       
31   31        6375    true   118.9000        120.8960          1.9960         579.1040        22.6932       150/500       
32   32        6375    true   118.9000        120.8960          1.9960         579.1040        22.6932       150/500       
33   33        6375    true   118.9000        120.8960          1.9960         579.1040        22.6932       150/500       
34   34        6375    true   118.9000        120.8960          1.9960         579.1040        22.6932       150/500       
35   35        6375    true   118.9000        120.8960          1.9960         579.1040        22.6932       150/500       
36   36        6375    true   118.9000        120.8960          1.9960         579.1040        22.6932       150/500       
37   37        6375    true   118.9000        120.8960          1.9960         579.1040        22.6932       150/500       
38   38        6375    true   118.9000        120.8960          1.9960         579.1040        22.6932       150/500       
39   39        6375    true   118.9000        120.8960          1.9960         579.1040        22.6932       150/500       
40   40        6375    true   118.9000        120.8960          1.9960         579.1040        22.6932       150/500       
── 链条实测格 · 臂 A（逐拍原值；看「是不是撞了 saturateToDomain 边界」）──
t    obj_order_SO-3391.leadDays     obj_order_SO-3391.costPressure obj_model_4680-NCM.costPressure obj_customer_cust_14.receivablePressure obj_material_pos_ncm.priceShock
0    11.000000                      90.384615                      2.926300                       15.745200                      8.000000                      
1    11.000000                      90.384615                      2.936811                       15.745200                      8.000000                      
2    11.000000                      84.524927                      2.943434                       15.745200                      8.000000                      
3    11.000000                      82.968991                      2.947605                       15.419123                      8.000000                      
4    11.000000                      82.502155                      2.950234                       15.127604                      8.000000                      
5    11.000000                      82.357245                      2.951890                       14.918521                      8.000000                      
6    11.000000                      82.311891                      2.952933                       14.779218                      8.000000                      
7    11.000000                      82.297722                      2.953590                       14.689320                      8.000000                      
8    11.000000                      82.293336                      2.954004                       14.632190                      8.000000                      
9    11.000000                      82.292008                      2.954265                       14.596171                      8.000000                      
10   11.000000                      82.291624                      2.954429                       14.573561                      8.000000                      
11   11.000000                      82.291526                      2.954533                       14.559407                      8.000000                      
12   11.000000                      82.291509                      2.954598                       14.550561                      8.000000                      
13   11.000000                      82.291513                      2.954639                       14.545041                      8.000000                      
14   11.000000                      82.291520                      2.954665                       14.541601                      8.000000                      
15   11.000000                      82.291526                      2.954681                       14.539459                      8.000000                      
16   11.000000                      82.291530                      2.954692                       14.538127                      8.000000                      
17   11.000000                      82.291532                      2.954698                       14.537300                      8.000000                      
18   11.000000                      82.291534                      2.954702                       14.536787                      8.000000                      
19   11.000000                      82.291535                      2.954705                       14.536469                      8.000000                      
20   11.000000                      82.291536                      2.954706                       14.536272                      8.000000                      
21   11.000000                      82.291536                      2.954707                       14.536150                      8.000000                      
22   11.000000                      82.291537                      2.954708                       14.536075                      8.000000                      
23   11.000000                      82.291537                      2.954708                       14.536029                      8.000000                      
24   11.000000                      82.291537                      2.954709                       14.536000                      8.000000                      
25   11.000000                      82.291537                      2.954709                       14.535983                      8.000000                      
26   11.000000                      82.291537                      2.954709                       14.535972                      8.000000                      
27   11.000000                      82.291537                      2.954709                       14.535965                      8.000000                      
28   11.000000                      82.291537                      2.954709                       14.535961                      8.000000                      
29   11.000000                      82.291537                      2.954709                       14.535959                      8.000000                      
30   11.000000                      82.291537                      2.954709                       14.535957                      8.000000                      
31   11.000000                      82.291537                      2.954709                       14.535957                      8.000000                      
32   11.000000                      82.291537                      2.954709                       14.535956                      8.000000                      
33   11.000000                      82.291537                      2.954709                       14.535956                      8.000000                      
34   11.000000                      82.291537                      2.954709                       14.535955                      8.000000                      
35   11.000000                      82.291537                      2.954709                       14.535955                      8.000000                      
36   11.000000                      82.291537                      2.954709                       14.535955                      8.000000                      
37   11.000000                      82.291537                      2.954709                       14.535955                      8.000000                      
38   11.000000                      82.291537                      2.954709                       14.535955                      8.000000                      
39   11.000000                      82.291537                      2.954709                       14.535955                      8.000000                      
40   11.000000                      82.291537                      2.954709                       14.535955                      8.000000                      
── 基值比值表 · 臂 A（逐拍 = 读数 ÷ baseSnapshot 值；1=正常，→2=基值加两次）──
t    obj_model_4680-NCM.costPressure[base=2.926300] obj_order_SO-3391.costPressure[base=90.384615] obj_customer_cust_14.receivablePressure[base=15.745200]
0    2.926300 (×1.000000)               90.384615 (×1.000000)              15.745200 (×1.000000)             
1    2.936811 (×1.003592)               90.384615 (×1.000000)              15.745200 (×1.000000)             
2    2.943434 (×1.005855)               84.524927 (×0.935169)              15.745200 (×1.000000)             
3    2.947605 (×1.007281)               82.968991 (×0.917955)              15.419123 (×0.979290)             
4    2.950234 (×1.008179)               82.502155 (×0.912790)              15.127604 (×0.960776)             
5    2.951890 (×1.008745)               82.357245 (×0.911187)              14.918521 (×0.947496)             
6    2.952933 (×1.009101)               82.311891 (×0.910685)              14.779218 (×0.938649)             
7    2.953590 (×1.009326)               82.297722 (×0.910528)              14.689320 (×0.932940)             
8    2.954004 (×1.009467)               82.293336 (×0.910479)              14.632190 (×0.929311)             
9    2.954265 (×1.009556)               82.292008 (×0.910465)              14.596171 (×0.927024)             
10   2.954429 (×1.009613)               82.291624 (×0.910461)              14.573561 (×0.925588)             
11   2.954533 (×1.009648)               82.291526 (×0.910459)              14.559407 (×0.924689)             
12   2.954598 (×1.009670)               82.291509 (×0.910459)              14.550561 (×0.924127)             
13   2.954639 (×1.009684)               82.291513 (×0.910459)              14.545041 (×0.923776)             
14   2.954665 (×1.009693)               82.291520 (×0.910459)              14.541601 (×0.923558)             
15   2.954681 (×1.009699)               82.291526 (×0.910459)              14.539459 (×0.923422)             
16   2.954692 (×1.009702)               82.291530 (×0.910459)              14.538127 (×0.923337)             
17   2.954698 (×1.009704)               82.291532 (×0.910460)              14.537300 (×0.923285)             
18   2.954702 (×1.009706)               82.291534 (×0.910460)              14.536787 (×0.923252)             
19   2.954705 (×1.009707)               82.291535 (×0.910460)              14.536469 (×0.923232)             
20   2.954706 (×1.009707)               82.291536 (×0.910460)              14.536272 (×0.923219)             
21   2.954707 (×1.009708)               82.291536 (×0.910460)              14.536150 (×0.923212)             
22   2.954708 (×1.009708)               82.291537 (×0.910460)              14.536075 (×0.923207)             
23   2.954708 (×1.009708)               82.291537 (×0.910460)              14.536029 (×0.923204)             
24   2.954709 (×1.009708)               82.291537 (×0.910460)              14.536000 (×0.923202)             
25   2.954709 (×1.009708)               82.291537 (×0.910460)              14.535983 (×0.923201)             
26   2.954709 (×1.009708)               82.291537 (×0.910460)              14.535972 (×0.923200)             
27   2.954709 (×1.009708)               82.291537 (×0.910460)              14.535965 (×0.923200)             
28   2.954709 (×1.009708)               82.291537 (×0.910460)              14.535961 (×0.923200)             
29   2.954709 (×1.009708)               82.291537 (×0.910460)              14.535959 (×0.923199)             
30   2.954709 (×1.009708)               82.291537 (×0.910460)              14.535957 (×0.923199)             
31   2.954709 (×1.009708)               82.291537 (×0.910460)              14.535957 (×0.923199)             
32   2.954709 (×1.009708)               82.291537 (×0.910460)              14.535956 (×0.923199)             
33   2.954709 (×1.009708)               82.291537 (×0.910460)              14.535956 (×0.923199)             
34   2.954709 (×1.009708)               82.291537 (×0.910460)              14.535955 (×0.923199)             
35   2.954709 (×1.009708)               82.291537 (×0.910460)              14.535955 (×0.923199)             
36   2.954709 (×1.009708)               82.291537 (×0.910460)              14.535955 (×0.923199)             
37   2.954709 (×1.009708)               82.291537 (×0.910460)              14.535955 (×0.923199)             
38   2.954709 (×1.009708)               82.291537 (×0.910460)              14.535955 (×0.923199)             
39   2.954709 (×1.009708)               82.291537 (×0.910460)              14.535955 (×0.923199)             
40   2.954709 (×1.009708)               82.291537 (×0.910460)              14.535955 (×0.923199)             

════════════════════════════════════════════════════════
══ 臂 B ══
session=sims_b0vdkmdhzsf3md0s status=READY 用时=35287ms
扰动回执形状 = [["perturbation","curTick","state"]]（线索说裸对象 {perturbation,curTick,state}）
扰动定序（listPerturbations）= ["obj_material_pos_ncm.priceShock@0/delta15"]

── 逐拍读数表 · 臂 B（session=sims_b0vdkmdhzsf3md0s）──
t    worldTick cells   avail  MARGIN.rolling  MARGIN.projected  MARGIN.delta   COST.projected  costPressure  carriers/univ 
0    0         6375    true   118.9000        118.9000          0.0000         581.1000        23.0367       150/500       
1    1         6375    true   118.9000        118.9000          0.0000         581.1000        23.0367       150/500       
2    2         6375    true   118.9000        120.0414          1.1414         579.9586        22.8402       150/500       
3    3         6375    true   118.9000        120.2493          1.3493         579.7507        22.8045       150/500       
4    4         6375    true   118.9000        120.2255          1.3255         579.7745        22.8086       150/500       
5    5         6375    true   118.9000        120.8299          1.9299         579.1701        22.7046       150/500       
6    6         6375    true   118.9000        120.9662          2.0662         579.0338        22.6811       150/500       
7    7         6375    true   118.9000        120.9792          2.0792         579.0208        22.6789       150/500       
8    8         6375    true   118.9000        120.9608          2.0608         579.0392        22.6820       150/500       
9    9         6375    true   118.9000        120.9384          2.0384         579.0616        22.6859       150/500       
10   10        6375    true   118.9000        120.9193          2.0193         579.0807        22.6892       150/500       
11   11        6375    true   118.9000        120.9049          2.0049         579.0951        22.6916       150/500       
12   12        6375    true   118.9000        120.8946          1.9946         579.1054        22.6934       150/500       
13   13        6375    true   118.9000        120.8874          1.9874         579.1126        22.6946       150/500       
14   14        6375    true   118.9000        120.8825          1.9825         579.1175        22.6955       150/500       
15   15        6375    true   118.9000        120.8792          1.9792         579.1208        22.6961       150/500       
16   16        6375    true   118.9000        120.8769          1.9769         579.1231        22.6965       150/500       
17   17        6375    true   118.9000        120.8754          1.9754         579.1246        22.6967       150/500       
18   18        6375    true   118.9000        120.8744          1.9744         579.1256        22.6969       150/500       
19   19        6375    true   118.9000        120.8738          1.9738         579.1262        22.6970       150/500       
20   20        6375    true   118.9000        120.8733          1.9733         579.1267        22.6971       150/500       
21   21        6375    true   118.9000        120.8730          1.9730         579.1270        22.6971       150/500       
22   22        6375    true   118.9000        120.8728          1.9728         579.1272        22.6972       150/500       
23   23        6375    true   118.9000        120.8727          1.9727         579.1273        22.6972       150/500       
24   24        6375    true   118.9000        120.8726          1.9726         579.1274        22.6972       150/500       
25   25        6375    true   118.9000        120.8726          1.9726         579.1274        22.6972       150/500       
26   26        6375    true   118.9000        120.8725          1.9725         579.1275        22.6972       150/500       
27   27        6375    true   118.9000        120.8725          1.9725         579.1275        22.6972       150/500       
28   28        6375    true   118.9000        120.8725          1.9725         579.1275        22.6972       150/500       
29   29        6375    true   118.9000        120.8725          1.9725         579.1275        22.6972       150/500       
30   30        6375    true   118.9000        120.8725          1.9725         579.1275        22.6972       150/500       
31   31        6375    true   118.9000        120.8725          1.9725         579.1275        22.6972       150/500       
32   32        6375    true   118.9000        120.8725          1.9725         579.1275        22.6972       150/500       
33   33        6375    true   118.9000        120.8725          1.9725         579.1275        22.6972       150/500       
34   34        6375    true   118.9000        120.8725          1.9725         579.1275        22.6972       150/500       
35   35        6375    true   118.9000        120.8725          1.9725         579.1275        22.6972       150/500       
36   36        6375    true   118.9000        120.8725          1.9725         579.1275        22.6972       150/500       
37   37        6375    true   118.9000        120.8725          1.9725         579.1275        22.6972       150/500       
38   38        6375    true   118.9000        120.8725          1.9725         579.1275        22.6972       150/500       
39   39        6375    true   118.9000        120.8725          1.9725         579.1275        22.6972       150/500       
40   40        6375    true   118.9000        120.8725          1.9725         579.1275        22.6972       150/500       
── 链条实测格 · 臂 B（逐拍原值；看「是不是撞了 saturateToDomain 边界」）──
t    obj_order_SO-3391.leadDays     obj_order_SO-3391.costPressure obj_model_4680-NCM.costPressure obj_customer_cust_14.receivablePressure obj_material_pos_ncm.priceShock
0    14.000000                      90.384615                      2.926300                       15.745200                      23.000000                     
1    14.000000                      90.384615                      3.415693                       15.745200                      23.000000                     
2    14.000000                      84.575679                      3.724011                       15.745200                      23.000000                     
3    14.000000                      83.083579                      3.918251                       15.297710                      23.000000                     
4    14.000000                      82.667886                      4.040623                       14.917145                      23.000000                     
5    14.000000                      82.557637                      4.117717                       14.670394                      23.000000                     
6    14.000000                      82.534209                      4.166286                       14.531356                      23.000000                     
7    14.000000                      82.533584                      4.196884                       14.463071                      23.000000                     
8    14.000000                      82.537535                      4.216161                       14.436517                      23.000000                     
9    14.000000                      82.541359                      4.228306                       14.432421                      23.000000                     
10   14.000000                      82.544177                      4.235957                       14.439070                      23.000000                     
11   14.000000                      82.546077                      4.240777                       14.449819                      23.000000                     
12   14.000000                      82.547313                      4.243814                       14.461178                      23.000000                     
13   14.000000                      82.548103                      4.245727                       14.471502                      23.000000                     
14   14.000000                      82.548604                      4.246932                       14.480176                      23.000000                     
15   14.000000                      82.548921                      4.247692                       14.487116                      23.000000                     
16   14.000000                      82.549121                      4.248170                       14.492485                      23.000000                     
17   14.000000                      82.549247                      4.248472                       14.496539                      23.000000                     
18   14.000000                      82.549326                      4.248661                       14.499542                      23.000000                     
19   14.000000                      82.549376                      4.248781                       14.501735                      23.000000                     
20   14.000000                      82.549408                      4.248856                       14.503316                      23.000000                     
21   14.000000                      82.549428                      4.248904                       14.504445                      23.000000                     
22   14.000000                      82.549440                      4.248934                       14.505243                      23.000000                     
23   14.000000                      82.549448                      4.248953                       14.505805                      23.000000                     
24   14.000000                      82.549453                      4.248964                       14.506196                      23.000000                     
25   14.000000                      82.549456                      4.248972                       14.506468                      23.000000                     
26   14.000000                      82.549458                      4.248977                       14.506656                      23.000000                     
27   14.000000                      82.549459                      4.248980                       14.506785                      23.000000                     
28   14.000000                      82.549460                      4.248981                       14.506874                      23.000000                     
29   14.000000                      82.549460                      4.248983                       14.506934                      23.000000                     
30   14.000000                      82.549461                      4.248983                       14.506975                      23.000000                     
31   14.000000                      82.549461                      4.248984                       14.507003                      23.000000                     
32   14.000000                      82.549461                      4.248984                       14.507022                      23.000000                     
33   14.000000                      82.549461                      4.248984                       14.507034                      23.000000                     
34   14.000000                      82.549461                      4.248984                       14.507043                      23.000000                     
35   14.000000                      82.549461                      4.248985                       14.507049                      23.000000                     
36   14.000000                      82.549461                      4.248985                       14.507053                      23.000000                     
37   14.000000                      82.549461                      4.248985                       14.507055                      23.000000                     
38   14.000000                      82.549461                      4.248985                       14.507057                      23.000000                     
39   14.000000                      82.549461                      4.248985                       14.507058                      23.000000                     
40   14.000000                      82.549461                      4.248985                       14.507059                      23.000000                     
── 基值比值表 · 臂 B（逐拍 = 读数 ÷ baseSnapshot 值；1=正常，→2=基值加两次）──
t    obj_model_4680-NCM.costPressure[base=2.926300] obj_order_SO-3391.costPressure[base=90.384615] obj_customer_cust_14.receivablePressure[base=15.745200]
0    2.926300 (×1.000000)               90.384615 (×1.000000)              15.745200 (×1.000000)             
1    3.415693 (×1.167240)               90.384615 (×1.000000)              15.745200 (×1.000000)             
2    3.724011 (×1.272601)               84.575679 (×0.935731)              15.745200 (×1.000000)             
3    3.918251 (×1.338978)               83.083579 (×0.919223)              15.297710 (×0.971579)             
4    4.040623 (×1.380796)               82.667886 (×0.914623)              14.917145 (×0.947409)             
5    4.117717 (×1.407141)               82.557637 (×0.913404)              14.670394 (×0.931738)             
6    4.166286 (×1.423738)               82.534209 (×0.913144)              14.531356 (×0.922907)             
7    4.196884 (×1.434195)               82.533584 (×0.913138)              14.463071 (×0.918570)             
8    4.216161 (×1.440782)               82.537535 (×0.913181)              14.436517 (×0.916884)             
9    4.228306 (×1.444933)               82.541359 (×0.913224)              14.432421 (×0.916624)             
10   4.235957 (×1.447547)               82.544177 (×0.913255)              14.439070 (×0.917046)             
11   4.240777 (×1.449194)               82.546077 (×0.913276)              14.449819 (×0.917729)             
12   4.243814 (×1.450232)               82.547313 (×0.913289)              14.461178 (×0.918450)             
13   4.245727 (×1.450886)               82.548103 (×0.913298)              14.471502 (×0.919106)             
14   4.246932 (×1.451298)               82.548604 (×0.913304)              14.480176 (×0.919657)             
15   4.247692 (×1.451557)               82.548921 (×0.913307)              14.487116 (×0.920097)             
16   4.248170 (×1.451721)               82.549121 (×0.913309)              14.492485 (×0.920438)             
17   4.248472 (×1.451824)               82.549247 (×0.913311)              14.496539 (×0.920696)             
18   4.248661 (×1.451889)               82.549326 (×0.913312)              14.499542 (×0.920887)             
19   4.248781 (×1.451929)               82.549376 (×0.913312)              14.501735 (×0.921026)             
20   4.248856 (×1.451955)               82.549408 (×0.913313)              14.503316 (×0.921126)             
21   4.248904 (×1.451971)               82.549428 (×0.913313)              14.504445 (×0.921198)             
22   4.248934 (×1.451982)               82.549440 (×0.913313)              14.505243 (×0.921249)             
23   4.248953 (×1.451988)               82.549448 (×0.913313)              14.505805 (×0.921284)             
24   4.248964 (×1.451992)               82.549453 (×0.913313)              14.506196 (×0.921309)             
25   4.248972 (×1.451995)               82.549456 (×0.913313)              14.506468 (×0.921326)             
26   4.248977 (×1.451996)               82.549458 (×0.913313)              14.506656 (×0.921338)             
27   4.248980 (×1.451997)               82.549459 (×0.913313)              14.506785 (×0.921347)             
28   4.248981 (×1.451998)               82.549460 (×0.913313)              14.506874 (×0.921352)             
29   4.248983 (×1.451998)               82.549460 (×0.913313)              14.506934 (×0.921356)             
30   4.248983 (×1.451999)               82.549461 (×0.913313)              14.506975 (×0.921359)             
31   4.248984 (×1.451999)               82.549461 (×0.913313)              14.507003 (×0.921360)             
32   4.248984 (×1.451999)               82.549461 (×0.913313)              14.507022 (×0.921362)             
33   4.248984 (×1.451999)               82.549461 (×0.913313)              14.507034 (×0.921362)             
34   4.248984 (×1.451999)               82.549461 (×0.913313)              14.507043 (×0.921363)             
35   4.248985 (×1.451999)               82.549461 (×0.913313)              14.507049 (×0.921363)             
36   4.248985 (×1.451999)               82.549461 (×0.913313)              14.507053 (×0.921363)             
37   4.248985 (×1.451999)               82.549461 (×0.913313)              14.507055 (×0.921364)             
38   4.248985 (×1.451999)               82.549461 (×0.913313)              14.507057 (×0.921364)             
39   4.248985 (×1.451999)               82.549461 (×0.913313)              14.507058 (×0.921364)             
40   4.248985 (×1.451999)               82.549461 (×0.913313)              14.507059 (×0.921364)             

════════════════════════════════════════════════════════
══ 臂 AB ══
session=sims_vtz9fkg32x07t4j4 status=READY 用时=71375ms
扰动回执形状 = [["perturbation","curTick","state"],["perturbation","curTick","state"]]（线索说裸对象 {perturbation,curTick,state}）
扰动定序（listPerturbations）= ["obj_order_SO-3391.leadDays@0/delta-3","obj_material_pos_ncm.priceShock@0/delta15"]

── 逐拍读数表 · 臂 AB（session=sims_vtz9fkg32x07t4j4）──
t    worldTick cells   avail  MARGIN.rolling  MARGIN.projected  MARGIN.delta   COST.projected  costPressure  carriers/univ 
0    0         6375    true   118.9000        118.9000          0.0000         581.1000        23.0367       150/500       
1    1         6375    true   118.9000        118.9000          0.0000         581.1000        23.0367       150/500       
2    2         6375    true   118.9000        120.0403          1.1403         579.9597        22.8404       150/500       
3    3         6375    true   118.9000        120.2468          1.3468         579.7532        22.8049       150/500       
4    4         6375    true   118.9000        120.2218          1.3218         579.7782        22.8092       150/500       
5    5         6375    true   118.9000        120.8251          1.9251         579.1749        22.7054       150/500       
6    6         6375    true   118.9000        120.9606          2.0606         579.0394        22.6821       150/500       
7    7         6375    true   118.9000        120.9731          2.0731         579.0269        22.6799       150/500       
8    8         6375    true   118.9000        120.9543          2.0543         579.0457        22.6831       150/500       
9    9         6375    true   118.9000        120.9315          2.0315         579.0685        22.6871       150/500       
10   10        6375    true   118.9000        120.9123          2.0123         579.0877        22.6904       150/500       
11   11        6375    true   118.9000        120.8978          1.9978         579.1022        22.6929       150/500       
12   12        6375    true   118.9000        120.8874          1.9874         579.1126        22.6947       150/500       
13   13        6375    true   118.9000        120.8801          1.9801         579.1199        22.6959       150/500       
14   14        6375    true   118.9000        120.8751          1.9751         579.1249        22.6968       150/500       
15   15        6375    true   118.9000        120.8718          1.9718         579.1282        22.6973       150/500       
16   16        6375    true   118.9000        120.8695          1.9695         579.1305        22.6977       150/500       
17   17        6375    true   118.9000        120.8680          1.9680         579.1320        22.6980       150/500       
18   18        6375    true   118.9000        120.8670          1.9670         579.1330        22.6982       150/500       
19   19        6375    true   118.9000        120.8663          1.9663         579.1337        22.6983       150/500       
20   20        6375    true   118.9000        120.8659          1.9659         579.1341        22.6984       150/500       
21   21        6375    true   118.9000        120.8656          1.9656         579.1344        22.6984       150/500       
22   22        6375    true   118.9000        120.8654          1.9654         579.1346        22.6984       150/500       
23   23        6375    true   118.9000        120.8652          1.9652         579.1348        22.6985       150/500       
24   24        6375    true   118.9000        120.8652          1.9652         579.1348        22.6985       150/500       
25   25        6375    true   118.9000        120.8651          1.9651         579.1349        22.6985       150/500       
26   26        6375    true   118.9000        120.8651          1.9651         579.1349        22.6985       150/500       
27   27        6375    true   118.9000        120.8651          1.9651         579.1349        22.6985       150/500       
28   28        6375    true   118.9000        120.8650          1.9650         579.1350        22.6985       150/500       
29   29        6375    true   118.9000        120.8650          1.9650         579.1350        22.6985       150/500       
30   30        6375    true   118.9000        120.8650          1.9650         579.1350        22.6985       150/500       
31   31        6375    true   118.9000        120.8650          1.9650         579.1350        22.6985       150/500       
32   32        6375    true   118.9000        120.8650          1.9650         579.1350        22.6985       150/500       
33   33        6375    true   118.9000        120.8650          1.9650         579.1350        22.6985       150/500       
34   34        6375    true   118.9000        120.8650          1.9650         579.1350        22.6985       150/500       
35   35        6375    true   118.9000        120.8650          1.9650         579.1350        22.6985       150/500       
36   36        6375    true   118.9000        120.8650          1.9650         579.1350        22.6985       150/500       
37   37        6375    true   118.9000        120.8650          1.9650         579.1350        22.6985       150/500       
38   38        6375    true   118.9000        120.8650          1.9650         579.1350        22.6985       150/500       
39   39        6375    true   118.9000        120.8650          1.9650         579.1350        22.6985       150/500       
40   40        6375    true   118.9000        120.8650          1.9650         579.1350        22.6985       150/500       
── 链条实测格 · 臂 AB（逐拍原值；看「是不是撞了 saturateToDomain 边界」）──
t    obj_order_SO-3391.leadDays     obj_order_SO-3391.costPressure obj_model_4680-NCM.costPressure obj_customer_cust_14.receivablePressure obj_material_pos_ncm.priceShock
0    11.000000                      90.384615                      2.926300                       15.745200                      23.000000                     
1    11.000000                      90.384615                      3.426205                       15.745200                      23.000000                     
2    11.000000                      84.576789                      3.741145                       15.745200                      23.000000                     
3    11.000000                      83.086076                      3.939557                       15.298268                      23.000000                     
4    11.000000                      82.671483                      4.064556                       14.918757                      23.000000                     
5    11.000000                      82.561972                      4.143306                       14.673322                      23.000000                     
6    11.000000                      82.539007                      4.192919                       14.535650                      23.000000                     
7    11.000000                      82.538665                      4.224174                       14.468642                      23.000000                     
8    11.000000                      82.542790                      4.243866                       14.443205                      23.000000                     
9    11.000000                      82.546721                      4.256271                       14.440039                      23.000000                     
10   11.000000                      82.549605                      4.264086                       14.447435                      23.000000                     
11   11.000000                      82.551547                      4.269010                       14.458770                      23.000000                     
12   11.000000                      82.552809                      4.272112                       14.470578                      23.000000                     
13   11.000000                      82.553615                      4.274066                       14.481240                      23.000000                     
14   11.000000                      82.554126                      4.275297                       14.490165                      23.000000                     
15   11.000000                      82.554450                      4.276073                       14.497288                      23.000000                     
16   11.000000                      82.554654                      4.276562                       14.502791                      23.000000                     
17   11.000000                      82.554782                      4.276870                       14.506940                      23.000000                     
18   11.000000                      82.554863                      4.277064                       14.510012                      23.000000                     
19   11.000000                      82.554914                      4.277186                       14.512253                      23.000000                     
20   11.000000                      82.554946                      4.277263                       14.513868                      23.000000                     
21   11.000000                      82.554967                      4.277311                       14.515020                      23.000000                     
22   11.000000                      82.554979                      4.277342                       14.515835                      23.000000                     
23   11.000000                      82.554988                      4.277361                       14.516408                      23.000000                     
24   11.000000                      82.554993                      4.277373                       14.516808                      23.000000                     
25   11.000000                      82.554996                      4.277381                       14.517085                      23.000000                     
26   11.000000                      82.554998                      4.277386                       14.517277                      23.000000                     
27   11.000000                      82.554999                      4.277389                       14.517408                      23.000000                     
28   11.000000                      82.555000                      4.277390                       14.517498                      23.000000                     
29   11.000000                      82.555000                      4.277392                       14.517560                      23.000000                     
30   11.000000                      82.555001                      4.277392                       14.517602                      23.000000                     
31   11.000000                      82.555001                      4.277393                       14.517630                      23.000000                     
32   11.000000                      82.555001                      4.277393                       14.517649                      23.000000                     
33   11.000000                      82.555001                      4.277393                       14.517662                      23.000000                     
34   11.000000                      82.555001                      4.277394                       14.517671                      23.000000                     
35   11.000000                      82.555001                      4.277394                       14.517677                      23.000000                     
36   11.000000                      82.555001                      4.277394                       14.517681                      23.000000                     
37   11.000000                      82.555001                      4.277394                       14.517683                      23.000000                     
38   11.000000                      82.555001                      4.277394                       14.517685                      23.000000                     
39   11.000000                      82.555001                      4.277394                       14.517686                      23.000000                     
40   11.000000                      82.555001                      4.277394                       14.517687                      23.000000                     
── 基值比值表 · 臂 AB（逐拍 = 读数 ÷ baseSnapshot 值；1=正常，→2=基值加两次）──
t    obj_model_4680-NCM.costPressure[base=2.926300] obj_order_SO-3391.costPressure[base=90.384615] obj_customer_cust_14.receivablePressure[base=15.745200]
0    2.926300 (×1.000000)               90.384615 (×1.000000)              15.745200 (×1.000000)             
1    3.426205 (×1.170832)               90.384615 (×1.000000)              15.745200 (×1.000000)             
2    3.741145 (×1.278456)               84.576789 (×0.935743)              15.745200 (×1.000000)             
3    3.939557 (×1.346259)               83.086076 (×0.919250)              15.298268 (×0.971615)             
4    4.064556 (×1.388975)               82.671483 (×0.914663)              14.918757 (×0.947511)             
5    4.143306 (×1.415886)               82.561972 (×0.913452)              14.673322 (×0.931923)             
6    4.192919 (×1.432840)               82.539007 (×0.913198)              14.535650 (×0.923180)             
7    4.224174 (×1.443521)               82.538665 (×0.913194)              14.468642 (×0.918924)             
8    4.243866 (×1.450250)               82.542790 (×0.913239)              14.443205 (×0.917308)             
9    4.256271 (×1.454489)               82.546721 (×0.913283)              14.440039 (×0.917107)             
10   4.264086 (×1.457160)               82.549605 (×0.913315)              14.447435 (×0.917577)             
11   4.269010 (×1.458842)               82.551547 (×0.913336)              14.458770 (×0.918297)             
12   4.272112 (×1.459902)               82.552809 (×0.913350)              14.470578 (×0.919047)             
13   4.274066 (×1.460570)               82.553615 (×0.913359)              14.481240 (×0.919724)             
14   4.275297 (×1.460991)               82.554126 (×0.913365)              14.490165 (×0.920291)             
15   4.276073 (×1.461256)               82.554450 (×0.913368)              14.497288 (×0.920743)             
16   4.276562 (×1.461423)               82.554654 (×0.913371)              14.502791 (×0.921093)             
17   4.276870 (×1.461528)               82.554782 (×0.913372)              14.506940 (×0.921356)             
18   4.277064 (×1.461594)               82.554863 (×0.913373)              14.510012 (×0.921551)             
19   4.277186 (×1.461636)               82.554914 (×0.913374)              14.512253 (×0.921694)             
20   4.277263 (×1.461662)               82.554946 (×0.913374)              14.513868 (×0.921796)             
21   4.277311 (×1.461679)               82.554967 (×0.913374)              14.515020 (×0.921870)             
22   4.277342 (×1.461689)               82.554979 (×0.913374)              14.515835 (×0.921921)             
23   4.277361 (×1.461696)               82.554988 (×0.913374)              14.516408 (×0.921958)             
24   4.277373 (×1.461700)               82.554993 (×0.913374)              14.516808 (×0.921983)             
25   4.277381 (×1.461703)               82.554996 (×0.913374)              14.517085 (×0.922001)             
26   4.277386 (×1.461704)               82.554998 (×0.913374)              14.517277 (×0.922013)             
27   4.277389 (×1.461705)               82.554999 (×0.913374)              14.517408 (×0.922021)             
28   4.277390 (×1.461706)               82.555000 (×0.913374)              14.517498 (×0.922027)             
29   4.277392 (×1.461706)               82.555000 (×0.913374)              14.517560 (×0.922031)             
30   4.277392 (×1.461707)               82.555001 (×0.913374)              14.517602 (×0.922033)             
31   4.277393 (×1.461707)               82.555001 (×0.913374)              14.517630 (×0.922035)             
32   4.277393 (×1.461707)               82.555001 (×0.913374)              14.517649 (×0.922037)             
33   4.277393 (×1.461707)               82.555001 (×0.913374)              14.517662 (×0.922037)             
34   4.277394 (×1.461707)               82.555001 (×0.913374)              14.517671 (×0.922038)             
35   4.277394 (×1.461707)               82.555001 (×0.913374)              14.517677 (×0.922038)             
36   4.277394 (×1.461707)               82.555001 (×0.913374)              14.517681 (×0.922038)             
37   4.277394 (×1.461707)               82.555001 (×0.913374)              14.517683 (×0.922039)             
38   4.277394 (×1.461707)               82.555001 (×0.913374)              14.517685 (×0.922039)             
39   4.277394 (×1.461707)               82.555001 (×0.913374)              14.517686 (×0.922039)             
40   4.277394 (×1.461707)               82.555001 (×0.913374)              14.517687 (×0.922039)             

══ 跨臂链条对照（逐拍 · 四臂并排）══
t	zero:obj_order_SO-3391.leadDays	zero:obj_order_SO-3391.costPressure	zero:obj_model_4680-NCM.costPressure	zero:obj_customer_cust_14.receivablePressure	zero:obj_material_pos_ncm.priceShock	A:obj_order_SO-3391.leadDays	A:obj_order_SO-3391.costPressure	A:obj_model_4680-NCM.costPressure	A:obj_customer_cust_14.receivablePressure	A:obj_material_pos_ncm.priceShock	B:obj_order_SO-3391.leadDays	B:obj_order_SO-3391.costPressure	B:obj_model_4680-NCM.costPressure	B:obj_customer_cust_14.receivablePressure	B:obj_material_pos_ncm.priceShock	AB:obj_order_SO-3391.leadDays	AB:obj_order_SO-3391.costPressure	AB:obj_model_4680-NCM.costPressure	AB:obj_customer_cust_14.receivablePressure	AB:obj_material_pos_ncm.priceShock
0	14.000000	90.384615	2.926300	15.745200	8.000000	11.000000	90.384615	2.926300	15.745200	8.000000	14.000000	90.384615	2.926300	15.745200	23.000000	11.000000	90.384615	2.926300	15.745200	23.000000
1	14.000000	90.384615	2.926300	15.745200	8.000000	11.000000	90.384615	2.936811	15.745200	8.000000	14.000000	90.384615	3.415693	15.745200	23.000000	11.000000	90.384615	3.426205	15.745200	23.000000
2	14.000000	90.384615	2.926300	15.745200	8.000000	11.000000	84.524927	2.943434	15.745200	8.000000	14.000000	84.575679	3.724011	15.745200	23.000000	11.000000	84.576789	3.741145	15.745200	23.000000
3	14.000000	90.384615	2.926300	15.745200	8.000000	11.000000	82.968991	2.947605	15.419123	8.000000	14.000000	83.083579	3.918251	15.297710	23.000000	11.000000	83.086076	3.939557	15.298268	23.000000
4	14.000000	90.384615	2.926300	15.745200	8.000000	11.000000	82.502155	2.950234	15.127604	8.000000	14.000000	82.667886	4.040623	14.917145	23.000000	11.000000	82.671483	4.064556	14.918757	23.000000
5	14.000000	90.384615	2.926300	15.745200	8.000000	11.000000	82.357245	2.951890	14.918521	8.000000	14.000000	82.557637	4.117717	14.670394	23.000000	11.000000	82.561972	4.143306	14.673322	23.000000
6	14.000000	90.384615	2.926300	15.745200	8.000000	11.000000	82.311891	2.952933	14.779218	8.000000	14.000000	82.534209	4.166286	14.531356	23.000000	11.000000	82.539007	4.192919	14.535650	23.000000
7	14.000000	90.384615	2.926300	15.745200	8.000000	11.000000	82.297722	2.953590	14.689320	8.000000	14.000000	82.533584	4.196884	14.463071	23.000000	11.000000	82.538665	4.224174	14.468642	23.000000
8	14.000000	90.384615	2.926300	15.745200	8.000000	11.000000	82.293336	2.954004	14.632190	8.000000	14.000000	82.537535	4.216161	14.436517	23.000000	11.000000	82.542790	4.243866	14.443205	23.000000
9	14.000000	90.384615	2.926300	15.745200	8.000000	11.000000	82.292008	2.954265	14.596171	8.000000	14.000000	82.541359	4.228306	14.432421	23.000000	11.000000	82.546721	4.256271	14.440039	23.000000
10	14.000000	90.384615	2.926300	15.745200	8.000000	11.000000	82.291624	2.954429	14.573561	8.000000	14.000000	82.544177	4.235957	14.439070	23.000000	11.000000	82.549605	4.264086	14.447435	23.000000
11	14.000000	90.384615	2.926300	15.745200	8.000000	11.000000	82.291526	2.954533	14.559407	8.000000	14.000000	82.546077	4.240777	14.449819	23.000000	11.000000	82.551547	4.269010	14.458770	23.000000
12	14.000000	90.384615	2.926300	15.745200	8.000000	11.000000	82.291509	2.954598	14.550561	8.000000	14.000000	82.547313	4.243814	14.461178	23.000000	11.000000	82.552809	4.272112	14.470578	23.000000
13	14.000000	90.384615	2.926300	15.745200	8.000000	11.000000	82.291513	2.954639	14.545041	8.000000	14.000000	82.548103	4.245727	14.471502	23.000000	11.000000	82.553615	4.274066	14.481240	23.000000
14	14.000000	90.384615	2.926300	15.745200	8.000000	11.000000	82.291520	2.954665	14.541601	8.000000	14.000000	82.548604	4.246932	14.480176	23.000000	11.000000	82.554126	4.275297	14.490165	23.000000
15	14.000000	90.384615	2.926300	15.745200	8.000000	11.000000	82.291526	2.954681	14.539459	8.000000	14.000000	82.548921	4.247692	14.487116	23.000000	11.000000	82.554450	4.276073	14.497288	23.000000
16	14.000000	90.384615	2.926300	15.745200	8.000000	11.000000	82.291530	2.954692	14.538127	8.000000	14.000000	82.549121	4.248170	14.492485	23.000000	11.000000	82.554654	4.276562	14.502791	23.000000
17	14.000000	90.384615	2.926300	15.745200	8.000000	11.000000	82.291532	2.954698	14.537300	8.000000	14.000000	82.549247	4.248472	14.496539	23.000000	11.000000	82.554782	4.276870	14.506940	23.000000
18	14.000000	90.384615	2.926300	15.745200	8.000000	11.000000	82.291534	2.954702	14.536787	8.000000	14.000000	82.549326	4.248661	14.499542	23.000000	11.000000	82.554863	4.277064	14.510012	23.000000
19	14.000000	90.384615	2.926300	15.745200	8.000000	11.000000	82.291535	2.954705	14.536469	8.000000	14.000000	82.549376	4.248781	14.501735	23.000000	11.000000	82.554914	4.277186	14.512253	23.000000
20	14.000000	90.384615	2.926300	15.745200	8.000000	11.000000	82.291536	2.954706	14.536272	8.000000	14.000000	82.549408	4.248856	14.503316	23.000000	11.000000	82.554946	4.277263	14.513868	23.000000
21	14.000000	90.384615	2.926300	15.745200	8.000000	11.000000	82.291536	2.954707	14.536150	8.000000	14.000000	82.549428	4.248904	14.504445	23.000000	11.000000	82.554967	4.277311	14.515020	23.000000
22	14.000000	90.384615	2.926300	15.745200	8.000000	11.000000	82.291537	2.954708	14.536075	8.000000	14.000000	82.549440	4.248934	14.505243	23.000000	11.000000	82.554979	4.277342	14.515835	23.000000
23	14.000000	90.384615	2.926300	15.745200	8.000000	11.000000	82.291537	2.954708	14.536029	8.000000	14.000000	82.549448	4.248953	14.505805	23.000000	11.000000	82.554988	4.277361	14.516408	23.000000
24	14.000000	90.384615	2.926300	15.745200	8.000000	11.000000	82.291537	2.954709	14.536000	8.000000	14.000000	82.549453	4.248964	14.506196	23.000000	11.000000	82.554993	4.277373	14.516808	23.000000
25	14.000000	90.384615	2.926300	15.745200	8.000000	11.000000	82.291537	2.954709	14.535983	8.000000	14.000000	82.549456	4.248972	14.506468	23.000000	11.000000	82.554996	4.277381	14.517085	23.000000
26	14.000000	90.384615	2.926300	15.745200	8.000000	11.000000	82.291537	2.954709	14.535972	8.000000	14.000000	82.549458	4.248977	14.506656	23.000000	11.000000	82.554998	4.277386	14.517277	23.000000
27	14.000000	90.384615	2.926300	15.745200	8.000000	11.000000	82.291537	2.954709	14.535965	8.000000	14.000000	82.549459	4.248980	14.506785	23.000000	11.000000	82.554999	4.277389	14.517408	23.000000
28	14.000000	90.384615	2.926300	15.745200	8.000000	11.000000	82.291537	2.954709	14.535961	8.000000	14.000000	82.549460	4.248981	14.506874	23.000000	11.000000	82.555000	4.277390	14.517498	23.000000
29	14.000000	90.384615	2.926300	15.745200	8.000000	11.000000	82.291537	2.954709	14.535959	8.000000	14.000000	82.549460	4.248983	14.506934	23.000000	11.000000	82.555000	4.277392	14.517560	23.000000
30	14.000000	90.384615	2.926300	15.745200	8.000000	11.000000	82.291537	2.954709	14.535957	8.000000	14.000000	82.549461	4.248983	14.506975	23.000000	11.000000	82.555001	4.277392	14.517602	23.000000
31	14.000000	90.384615	2.926300	15.745200	8.000000	11.000000	82.291537	2.954709	14.535957	8.000000	14.000000	82.549461	4.248984	14.507003	23.000000	11.000000	82.555001	4.277393	14.517630	23.000000
32	14.000000	90.384615	2.926300	15.745200	8.000000	11.000000	82.291537	2.954709	14.535956	8.000000	14.000000	82.549461	4.248984	14.507022	23.000000	11.000000	82.555001	4.277393	14.517649	23.000000
33	14.000000	90.384615	2.926300	15.745200	8.000000	11.000000	82.291537	2.954709	14.535956	8.000000	14.000000	82.549461	4.248984	14.507034	23.000000	11.000000	82.555001	4.277393	14.517662	23.000000
34	14.000000	90.384615	2.926300	15.745200	8.000000	11.000000	82.291537	2.954709	14.535955	8.000000	14.000000	82.549461	4.248984	14.507043	23.000000	11.000000	82.555001	4.277394	14.517671	23.000000
35	14.000000	90.384615	2.926300	15.745200	8.000000	11.000000	82.291537	2.954709	14.535955	8.000000	14.000000	82.549461	4.248985	14.507049	23.000000	11.000000	82.555001	4.277394	14.517677	23.000000
36	14.000000	90.384615	2.926300	15.745200	8.000000	11.000000	82.291537	2.954709	14.535955	8.000000	14.000000	82.549461	4.248985	14.507053	23.000000	11.000000	82.555001	4.277394	14.517681	23.000000
37	14.000000	90.384615	2.926300	15.745200	8.000000	11.000000	82.291537	2.954709	14.535955	8.000000	14.000000	82.549461	4.248985	14.507055	23.000000	11.000000	82.555001	4.277394	14.517683	23.000000
38	14.000000	90.384615	2.926300	15.745200	8.000000	11.000000	82.291537	2.954709	14.535955	8.000000	14.000000	82.549461	4.248985	14.507057	23.000000	11.000000	82.555001	4.277394	14.517685	23.000000
39	14.000000	90.384615	2.926300	15.745200	8.000000	11.000000	82.291537	2.954709	14.535955	8.000000	14.000000	82.549461	4.248985	14.507058	23.000000	11.000000	82.555001	4.277394	14.517686	23.000000
40	14.000000	90.384615	2.926300	15.745200	8.000000	11.000000	82.291537	2.954709	14.535955	8.000000	14.000000	82.549461	4.248985	14.507059	23.000000	11.000000	82.555001	4.277394	14.517687	23.000000

════════════════════════════════════════════════════════
══ 判据① 零扰动 ⇒ 静息 ══
MARGIN.projected 逐拍 = [118.9,118.9,118.9,118.9,118.9,119.579682,119.790528,119.864201,119.891497,119.902135,119.906545,119.908527,119.909511,119.910052,119.910378,119.910588,119.91073,119.910827,119.910895,119.910942,119.910975,119.910999,119.911015,119.911026,119.911034,119.911039,119.911043,119.911046,119.911047,119.911048,119.911049,119.91105,119.91105,119.91105,119.911051,119.911051,119.911051,119.911051,119.911051,119.911051,119.911051]
MARGIN.rolling   逐拍 = [118.9,118.9,118.9,118.9,118.9,118.9,118.9,118.9,118.9,118.9,118.9,118.9,118.9,118.9,118.9,118.9,118.9,118.9,118.9,118.9,118.9,118.9,118.9,118.9,118.9,118.9,118.9,118.9,118.9,118.9,118.9,118.9,118.9,118.9,118.9,118.9,118.9,118.9,118.9,118.9,118.9]
proj 恒定? **否（在漂）**（29 种取值）
rolling 恒定? 是
逐拍 projected == rolling ? **否**
逐拍 (projected − rolling) = [0,0,0,0,0,0.679682,0.890528,0.964201,0.991497,1.002135,1.006545,1.008527,1.009511,1.010052,1.010378,1.010588,1.01073,1.010827,1.010895,1.010942,1.010975,1.010999,1.011015,1.011026,1.011034,1.011039,1.011043,1.011046,1.011047,1.011048,1.011049,1.01105,1.01105,1.01105,1.011051,1.011051,1.011051,1.011051,1.011051,1.011051,1.011051]
⇒ 静息判据（恒定 ∧ ==rolling）：**FAIL**（派单说基线应当复现「在漂」）
⚠ 判据升级版（审核方 2026-10-05）：① 每格逐拍恒定；② 该值 == 该格 baseSnapshot（⛔ 不许是它的两倍）。
   ② 的逐格比值见上方「基值比值表」；零扰动臂的比值序列汇于下方 ①b 节。

══ 判据①b 基值是否被加两次（逐拍 读数 ÷ baseSnapshot 值）══
[zero] obj_model_4680-NCM.costPressure  base=2.926300
   读数逐拍 = [2.9263,2.9263,2.9263,2.9263,2.9263,2.9263,2.9263,2.9263,2.9263,2.9263,2.9263,2.9263,2.9263,2.9263,2.9263,2.9263,2.9263,2.9263,2.9263,2.9263,2.9263,2.9263,2.9263,2.9263,2.9263,2.9263,2.9263,2.9263,2.9263,2.9263,2.9263,2.9263,2.9263,2.9263,2.9263,2.9263,2.9263,2.9263,2.9263,2.9263,2.9263]  恒定? 是
   比值逐拍 = [1,1,1,1,1,1,1,1,1,1,1,1,1,1,1,1,1,1,1,1,1,1,1,1,1,1,1,1,1,1,1,1,1,1,1,1,1,1,1,1,1]
   ⇒ 恒 == base（比值恒 1）
[zero] obj_order_SO-3391.costPressure  base=90.384615
   读数逐拍 = [90.384615,90.384615,90.384615,90.384615,90.384615,90.384615,90.384615,90.384615,90.384615,90.384615,90.384615,90.384615,90.384615,90.384615,90.384615,90.384615,90.384615,90.384615,90.384615,90.384615,90.384615,90.384615,90.384615,90.384615,90.384615,90.384615,90.384615,90.384615,90.384615,90.384615,90.384615,90.384615,90.384615,90.384615,90.384615,90.384615,90.384615,90.384615,90.384615,90.384615,90.384615]  恒定? 是
   比值逐拍 = [1,1,1,1,1,1,1,1,1,1,1,1,1,1,1,1,1,1,1,1,1,1,1,1,1,1,1,1,1,1,1,1,1,1,1,1,1,1,1,1,1]
   ⇒ 恒 == base（比值恒 1）
[zero] obj_customer_cust_14.receivablePressure  base=15.745200
   读数逐拍 = [15.7452,15.7452,15.7452,15.7452,15.7452,15.7452,15.7452,15.7452,15.7452,15.7452,15.7452,15.7452,15.7452,15.7452,15.7452,15.7452,15.7452,15.7452,15.7452,15.7452,15.7452,15.7452,15.7452,15.7452,15.7452,15.7452,15.7452,15.7452,15.7452,15.7452,15.7452,15.7452,15.7452,15.7452,15.7452,15.7452,15.7452,15.7452,15.7452,15.7452,15.7452]  恒定? 是
   比值逐拍 = [1,1,1,1,1,1,1,1,1,1,1,1,1,1,1,1,1,1,1,1,1,1,1,1,1,1,1,1,1,1,1,1,1,1,1,1,1,1,1,1,1]
   ⇒ 恒 == base（比值恒 1）
[A] obj_model_4680-NCM.costPressure  base=2.926300
   读数逐拍 = [2.9263,2.936811,2.943434,2.947605,2.950234,2.95189,2.952933,2.95359,2.954004,2.954265,2.954429,2.954533,2.954598,2.954639,2.954665,2.954681,2.954692,2.954698,2.954702,2.954705,2.954706,2.954707,2.954708,2.954708,2.954709,2.954709,2.954709,2.954709,2.954709,2.954709,2.954709,2.954709,2.954709,2.954709,2.954709,2.954709,2.954709,2.954709,2.954709,2.954709,2.954709]  恒定? 否
   比值逐拍 = [1,1.003592,1.005855,1.007281,1.008179,1.008745,1.009101,1.009326,1.009467,1.009556,1.009613,1.009648,1.00967,1.009684,1.009693,1.009699,1.009702,1.009704,1.009706,1.009707,1.009707,1.009708,1.009708,1.009708,1.009708,1.009708,1.009708,1.009708,1.009708,1.009708,1.009708,1.009708,1.009708,1.009708,1.009708,1.009708,1.009708,1.009708,1.009708,1.009708,1.009708]
   ⇒ 既非恒 1 也非 ≈2（见比值序列）
[A] obj_order_SO-3391.costPressure  base=90.384615
   读数逐拍 = [90.384615,90.384615,84.524927,82.968991,82.502155,82.357245,82.311891,82.297722,82.293336,82.292008,82.291624,82.291526,82.291509,82.291513,82.29152,82.291526,82.29153,82.291532,82.291534,82.291535,82.291536,82.291536,82.291537,82.291537,82.291537,82.291537,82.291537,82.291537,82.291537,82.291537,82.291537,82.291537,82.291537,82.291537,82.291537,82.291537,82.291537,82.291537,82.291537,82.291537,82.291537]  恒定? 否
   比值逐拍 = [1,1,0.935169,0.917955,0.91279,0.911187,0.910685,0.910528,0.910479,0.910465,0.910461,0.910459,0.910459,0.910459,0.910459,0.910459,0.910459,0.91046,0.91046,0.91046,0.91046,0.91046,0.91046,0.91046,0.91046,0.91046,0.91046,0.91046,0.91046,0.91046,0.91046,0.91046,0.91046,0.91046,0.91046,0.91046,0.91046,0.91046,0.91046,0.91046,0.91046]
   ⇒ 既非恒 1 也非 ≈2（见比值序列）
[A] obj_customer_cust_14.receivablePressure  base=15.745200
   读数逐拍 = [15.7452,15.7452,15.7452,15.419123,15.127604,14.918521,14.779218,14.68932,14.63219,14.596171,14.573561,14.559407,14.550561,14.545041,14.541601,14.539459,14.538127,14.5373,14.536787,14.536469,14.536272,14.53615,14.536075,14.536029,14.536,14.535983,14.535972,14.535965,14.535961,14.535959,14.535957,14.535957,14.535956,14.535956,14.535955,14.535955,14.535955,14.535955,14.535955,14.535955,14.535955]  恒定? 否
   比值逐拍 = [1,1,1,0.97929,0.960776,0.947496,0.938649,0.93294,0.929311,0.927024,0.925588,0.924689,0.924127,0.923776,0.923558,0.923422,0.923337,0.923285,0.923252,0.923232,0.923219,0.923212,0.923207,0.923204,0.923202,0.923201,0.9232,0.9232,0.9232,0.923199,0.923199,0.923199,0.923199,0.923199,0.923199,0.923199,0.923199,0.923199,0.923199,0.923199,0.923199]
   ⇒ 既非恒 1 也非 ≈2（见比值序列）
[B] obj_model_4680-NCM.costPressure  base=2.926300
   读数逐拍 = [2.9263,3.415693,3.724011,3.918251,4.040623,4.117717,4.166286,4.196884,4.216161,4.228306,4.235957,4.240777,4.243814,4.245727,4.246932,4.247692,4.24817,4.248472,4.248661,4.248781,4.248856,4.248904,4.248934,4.248953,4.248964,4.248972,4.248977,4.24898,4.248981,4.248983,4.248983,4.248984,4.248984,4.248984,4.248984,4.248985,4.248985,4.248985,4.248985,4.248985,4.248985]  恒定? 否
   比值逐拍 = [1,1.16724,1.272601,1.338978,1.380796,1.407141,1.423738,1.434195,1.440782,1.444933,1.447547,1.449194,1.450232,1.450886,1.451298,1.451557,1.451721,1.451824,1.451889,1.451929,1.451955,1.451971,1.451982,1.451988,1.451992,1.451995,1.451996,1.451997,1.451998,1.451998,1.451999,1.451999,1.451999,1.451999,1.451999,1.451999,1.451999,1.451999,1.451999,1.451999,1.451999]
   ⇒ 既非恒 1 也非 ≈2（见比值序列）
[B] obj_order_SO-3391.costPressure  base=90.384615
   读数逐拍 = [90.384615,90.384615,84.575679,83.083579,82.667886,82.557637,82.534209,82.533584,82.537535,82.541359,82.544177,82.546077,82.547313,82.548103,82.548604,82.548921,82.549121,82.549247,82.549326,82.549376,82.549408,82.549428,82.54944,82.549448,82.549453,82.549456,82.549458,82.549459,82.54946,82.54946,82.549461,82.549461,82.549461,82.549461,82.549461,82.549461,82.549461,82.549461,82.549461,82.549461,82.549461]  恒定? 否
   比值逐拍 = [1,1,0.935731,0.919223,0.914623,0.913404,0.913144,0.913138,0.913181,0.913224,0.913255,0.913276,0.913289,0.913298,0.913304,0.913307,0.913309,0.913311,0.913312,0.913312,0.913313,0.913313,0.913313,0.913313,0.913313,0.913313,0.913313,0.913313,0.913313,0.913313,0.913313,0.913313,0.913313,0.913313,0.913313,0.913313,0.913313,0.913313,0.913313,0.913313,0.913313]
   ⇒ 既非恒 1 也非 ≈2（见比值序列）
[B] obj_customer_cust_14.receivablePressure  base=15.745200
   读数逐拍 = [15.7452,15.7452,15.7452,15.29771,14.917145,14.670394,14.531356,14.463071,14.436517,14.432421,14.43907,14.449819,14.461178,14.471502,14.480176,14.487116,14.492485,14.496539,14.499542,14.501735,14.503316,14.504445,14.505243,14.505805,14.506196,14.506468,14.506656,14.506785,14.506874,14.506934,14.506975,14.507003,14.507022,14.507034,14.507043,14.507049,14.507053,14.507055,14.507057,14.507058,14.507059]  恒定? 否
   比值逐拍 = [1,1,1,0.971579,0.947409,0.931738,0.922907,0.91857,0.916884,0.916624,0.917046,0.917729,0.91845,0.919106,0.919657,0.920097,0.920438,0.920696,0.920887,0.921026,0.921126,0.921198,0.921249,0.921284,0.921309,0.921326,0.921338,0.921347,0.921352,0.921356,0.921359,0.92136,0.921362,0.921362,0.921363,0.921363,0.921363,0.921364,0.921364,0.921364,0.921364]
   ⇒ 既非恒 1 也非 ≈2（见比值序列）
[AB] obj_model_4680-NCM.costPressure  base=2.926300
   读数逐拍 = [2.9263,3.426205,3.741145,3.939557,4.064556,4.143306,4.192919,4.224174,4.243866,4.256271,4.264086,4.26901,4.272112,4.274066,4.275297,4.276073,4.276562,4.27687,4.277064,4.277186,4.277263,4.277311,4.277342,4.277361,4.277373,4.277381,4.277386,4.277389,4.27739,4.277392,4.277392,4.277393,4.277393,4.277393,4.277394,4.277394,4.277394,4.277394,4.277394,4.277394,4.277394]  恒定? 否
   比值逐拍 = [1,1.170832,1.278456,1.346259,1.388975,1.415886,1.43284,1.443521,1.45025,1.454489,1.45716,1.458842,1.459902,1.46057,1.460991,1.461256,1.461423,1.461528,1.461594,1.461636,1.461662,1.461679,1.461689,1.461696,1.4617,1.461703,1.461704,1.461705,1.461706,1.461706,1.461707,1.461707,1.461707,1.461707,1.461707,1.461707,1.461707,1.461707,1.461707,1.461707,1.461707]
   ⇒ 既非恒 1 也非 ≈2（见比值序列）
[AB] obj_order_SO-3391.costPressure  base=90.384615
   读数逐拍 = [90.384615,90.384615,84.576789,83.086076,82.671483,82.561972,82.539007,82.538665,82.54279,82.546721,82.549605,82.551547,82.552809,82.553615,82.554126,82.55445,82.554654,82.554782,82.554863,82.554914,82.554946,82.554967,82.554979,82.554988,82.554993,82.554996,82.554998,82.554999,82.555,82.555,82.555001,82.555001,82.555001,82.555001,82.555001,82.555001,82.555001,82.555001,82.555001,82.555001,82.555001]  恒定? 否
   比值逐拍 = [1,1,0.935743,0.91925,0.914663,0.913452,0.913198,0.913194,0.913239,0.913283,0.913315,0.913336,0.91335,0.913359,0.913365,0.913368,0.913371,0.913372,0.913373,0.913374,0.913374,0.913374,0.913374,0.913374,0.913374,0.913374,0.913374,0.913374,0.913374,0.913374,0.913374,0.913374,0.913374,0.913374,0.913374,0.913374,0.913374,0.913374,0.913374,0.913374,0.913374]
   ⇒ 既非恒 1 也非 ≈2（见比值序列）
[AB] obj_customer_cust_14.receivablePressure  base=15.745200
   读数逐拍 = [15.7452,15.7452,15.7452,15.298268,14.918757,14.673322,14.53565,14.468642,14.443205,14.440039,14.447435,14.45877,14.470578,14.48124,14.490165,14.497288,14.502791,14.50694,14.510012,14.512253,14.513868,14.51502,14.515835,14.516408,14.516808,14.517085,14.517277,14.517408,14.517498,14.51756,14.517602,14.51763,14.517649,14.517662,14.517671,14.517677,14.517681,14.517683,14.517685,14.517686,14.517687]  恒定? 否
   比值逐拍 = [1,1,1,0.971615,0.947511,0.931923,0.92318,0.918924,0.917308,0.917107,0.917577,0.918297,0.919047,0.919724,0.920291,0.920743,0.921093,0.921356,0.921551,0.921694,0.921796,0.92187,0.921921,0.921958,0.921983,0.922001,0.922013,0.922021,0.922027,0.922031,0.922033,0.922035,0.922037,0.922037,0.922038,0.922038,0.922038,0.922039,0.922039,0.922039,0.922039]
   ⇒ 既非恒 1 也非 ≈2（见比值序列）

══ 判据② 金丝雀 · A / B 的鉴别力 ══
ΔA(t) = A − zero（MARGIN.projected 逐拍） = [0,0,0.705501,0.898332,0.957951,0.976998,0.983047,0.984866,0.985319,0.98535,0.98527,0.985178,0.9851,0.985042,0.984999,0.98497,0.984949,0.984936,0.984926,0.984921,0.984917,0.984913,0.984912,0.984911,0.98491,0.98491,0.984909,0.984908,0.984909,0.984909,0.984909,0.984908,0.984908,0.984909,0.984908,0.984908,0.984908,0.984908,0.984908,0.984908,0.984908]
  ΔA 有非零? **是（有鉴别力）**
ΔB(t) = B − zero（MARGIN.projected 逐拍） = [0,0,1.141358,1.349319,1.32549,1.250209,1.175643,1.115009,1.069335,1.036232,1.01278,0.996415,0.985119,0.977389,0.972134,0.968583,0.966193,0.964593,0.963525,0.962815,0.962343,0.962031,0.961825,0.96169,0.9616,0.961542,0.961503,0.961478,0.961462,0.961452,0.961444,0.961439,0.961437,0.961435,0.961433,0.961432,0.961432,0.961432,0.961431,0.961431,0.961431]
  ΔB 有非零? **是（有鉴别力）**

══ 判据③ A+B vs {zero,A,B}（描述性 · ⛔ 不是可加性）══
t	zero	A	B	A+B	(A+B)−A	(A+B)−B
0	118.9000	118.9000	118.9000	118.9000	0.0000	0.0000
1	118.9000	118.9000	118.9000	118.9000	0.0000	0.0000
2	118.9000	119.6055	120.0414	120.0403	0.4348	-0.0011
3	118.9000	119.7983	120.2493	120.2468	0.4485	-0.0025
4	118.9000	119.8580	120.2255	120.2218	0.3638	-0.0037
5	119.5797	120.5567	120.8299	120.8251	0.2685	-0.0048
6	119.7905	120.7736	120.9662	120.9606	0.1871	-0.0055
7	119.8642	120.8491	120.9792	120.9731	0.1240	-0.0061
8	119.8915	120.8768	120.9608	120.9543	0.0775	-0.0065
9	119.9021	120.8875	120.9384	120.9315	0.0441	-0.0068
10	119.9065	120.8918	120.9193	120.9123	0.0205	-0.0070
11	119.9085	120.8937	120.9049	120.8978	0.0041	-0.0072
12	119.9095	120.8946	120.8946	120.8874	-0.0072	-0.0073
13	119.9101	120.8951	120.8874	120.8801	-0.0150	-0.0073
14	119.9104	120.8954	120.8825	120.8751	-0.0202	-0.0074
15	119.9106	120.8956	120.8792	120.8718	-0.0238	-0.0074
16	119.9107	120.8957	120.8769	120.8695	-0.0262	-0.0074
17	119.9108	120.8958	120.8754	120.8680	-0.0278	-0.0074
18	119.9109	120.8958	120.8744	120.8670	-0.0289	-0.0075
19	119.9109	120.8959	120.8738	120.8663	-0.0296	-0.0075
20	119.9110	120.8959	120.8733	120.8659	-0.0300	-0.0075
21	119.9110	120.8959	120.8730	120.8656	-0.0303	-0.0075
22	119.9110	120.8959	120.8728	120.8654	-0.0306	-0.0075
23	119.9110	120.8959	120.8727	120.8652	-0.0307	-0.0075
24	119.9110	120.8959	120.8726	120.8652	-0.0308	-0.0075
25	119.9110	120.8959	120.8726	120.8651	-0.0308	-0.0075
26	119.9110	120.8960	120.8725	120.8651	-0.0309	-0.0075
27	119.9110	120.8960	120.8725	120.8651	-0.0309	-0.0075
28	119.9110	120.8960	120.8725	120.8650	-0.0309	-0.0075
29	119.9110	120.8960	120.8725	120.8650	-0.0309	-0.0075
30	119.9110	120.8960	120.8725	120.8650	-0.0309	-0.0075
31	119.9111	120.8960	120.8725	120.8650	-0.0309	-0.0075
32	119.9111	120.8960	120.8725	120.8650	-0.0309	-0.0075
33	119.9111	120.8960	120.8725	120.8650	-0.0309	-0.0075
34	119.9111	120.8960	120.8725	120.8650	-0.0309	-0.0075
35	119.9111	120.8960	120.8725	120.8650	-0.0309	-0.0075
36	119.9111	120.8960	120.8725	120.8650	-0.0309	-0.0075
37	119.9111	120.8960	120.8725	120.8650	-0.0309	-0.0075
38	119.9111	120.8960	120.8725	120.8650	-0.0309	-0.0075
39	119.9111	120.8960	120.8725	120.8650	-0.0309	-0.0075
40	119.9111	120.8960	120.8725	120.8650	-0.0309	-0.0075
逐拍 A+B ≡ A ? 否
逐拍 A+B ≡ B ? 否
⚠ 可加性 f(A+B) ≟ f(A)+f(B)−f(0) **不构成本单判据**（引擎非线性：saturateToDomain/夹值/衰减）。

══ 判据④ 确定性 · 零扰动臂同组同序重跑 ══
zero session=sims_apghjck81gdgqb4d · zero_rerun session=sims_cfp1hs388bgnxs8z
逐拍读数串逐字节相同? **是**

══ 判据⑤ 可回退 · durationTicks=5 ══
startTick=0 durationTicks=5 ⇒ 生效 [0,5)，t≥5 应回退
t	MARGIN.projected(时长臂)	zero	A(永久)
0	118.9000	118.9000	118.9000
1	118.9000	118.9000	118.9000
2	119.6055	118.9000	119.6055
3	119.7983	118.9000	119.7983
4	119.8580	118.9000	119.8580
5	120.5567	119.5797	120.5567
6	120.7747	119.7905	120.7736
7	120.8516	119.8642	120.8491
8	120.8806	119.8915	120.8768
9	120.8923	119.9021	120.8875
10	120.8974	119.9065	120.8918
11	120.8999	119.9085	120.8937
12	120.9012	119.9095	120.8946
13	120.9020	119.9101	120.8951
14	120.9025	119.9104	120.8954
15	120.9028	119.9106	120.8956
16	120.9031	119.9107	120.8957
17	120.9032	119.9108	120.8958
18	120.9033	119.9109	120.8958
19	120.9034	119.9109	120.8959
20	120.9035	119.9110	120.8959
21	120.9035	119.9110	120.8959
22	120.9035	119.9110	120.8959
23	120.9035	119.9110	120.8959
24	120.9035	119.9110	120.8959
25	120.9035	119.9110	120.8959
26	120.9036	119.9110	120.8960
27	120.9036	119.9110	120.8960
28	120.9036	119.9110	120.8960
29	120.9036	119.9110	120.8960
30	120.9036	119.9110	120.8960
31	120.9036	119.9111	120.8960
32	120.9036	119.9111	120.8960
33	120.9036	119.9111	120.8960
34	120.9036	119.9111	120.8960
35	120.9036	119.9111	120.8960
36	120.9036	119.9111	120.8960
37	120.9036	119.9111	120.8960
38	120.9036	119.9111	120.8960
39	120.9036	119.9111	120.8960
40	120.9036	119.9111	120.8960
到期后逐拍 == 零扰动臂 ? **否**

════════════════════════════════════════════════════════
══ ⑥ /world baseProvenance 全量 dump（runtime 侧静态普查）══
/world 顶层键 = ["baseProvenance","baseStateVarReport","state","tick"]（线索说 tick,state,baseProvenance —— 以实测为准）
契约 tallyCellProvenance 可用? 是（来自 packages/contracts/dist/index.js）
  契约口径  = {"measured":4183,"derived":2192,"unknown":0}
  本地复算  = {"measured":4183,"derived":2192,"unknown":0}
  两者一致? = **是**
provenance 表覆盖对象数 = 4425
state 表对象数          = 4425
baseStateVarReport = {"declaredStateVars":["blockedPressure","changeoverPressure","collectionPressure","costPressure","defectPressure","deliveryHoldRisk","demandLoad","demandPressure","drawdownPressure","equipmentFailure","expeditePressure","feedPressure","forecastBias","gapPressure","handlingBacklog","inboundExpeditePressure","inspectBacklog","loadIndex","loadPressure","orderChurn","overduePressure","priceShock","promiseRisk","qualificationQueue","queueDays","queuePressure","receivablePressure","releasePressure","repairBacklog","reviewPressure","shortageRisk","splitPressure","supplyRisk","switchPressure","transferPressure","turnoverPressure","utilPressure","windowSqueeze"],"undeclaredStateVars":["backlogPriceTop","backlogQtyTop","clearanceQueueDays","coverDays","deliveryDelay","leadDays","procurementDelay","q
逐格清单行数 = 6375
逐格清单已落盘 → docs/evidence/WO-MULTIPERT-baseline.provenance.tsv
── 逐格清单（state 中每一格的 origin；MISSING = 出处未知，⛔ 不许并进 derived）──
obj_arinvoice_arinvoice_0_0	overduePressure	derived
obj_arinvoice_arinvoice_0_1	overduePressure	derived
obj_arinvoice_arinvoice_0_2	overduePressure	derived
obj_arinvoice_arinvoice_10_0	overduePressure	derived
obj_arinvoice_arinvoice_10_1	overduePressure	derived
obj_arinvoice_arinvoice_10_2	overduePressure	derived
obj_arinvoice_arinvoice_11_0	overduePressure	derived
obj_arinvoice_arinvoice_11_1	overduePressure	derived
obj_arinvoice_arinvoice_11_2	overduePressure	derived
obj_arinvoice_arinvoice_12_0	overduePressure	derived
obj_arinvoice_arinvoice_12_1	overduePressure	derived
obj_arinvoice_arinvoice_12_2	overduePressure	derived
obj_arinvoice_arinvoice_13_0	overduePressure	derived
obj_arinvoice_arinvoice_13_1	overduePressure	derived
obj_arinvoice_arinvoice_13_2	overduePressure	derived
obj_arinvoice_arinvoice_14_0	overduePressure	derived
obj_arinvoice_arinvoice_14_1	overduePressure	derived
obj_arinvoice_arinvoice_14_2	overduePressure	derived
obj_arinvoice_arinvoice_15_0	overduePressure	derived
obj_arinvoice_arinvoice_15_1	overduePressure	derived
obj_arinvoice_arinvoice_15_2	overduePressure	derived
obj_arinvoice_arinvoice_16_0	overduePressure	derived
obj_arinvoice_arinvoice_16_1	overduePressure	derived
obj_arinvoice_arinvoice_16_2	overduePressure	derived
obj_arinvoice_arinvoice_17_0	overduePressure	derived
obj_arinvoice_arinvoice_17_1	overduePressure	derived
obj_arinvoice_arinvoice_17_2	overduePressure	derived
obj_arinvoice_arinvoice_18_0	overduePressure	derived
obj_arinvoice_arinvoice_18_1	overduePressure	derived
obj_arinvoice_arinvoice_18_2	overduePressure	derived
obj_arinvoice_arinvoice_19_0	overduePressure	derived
obj_arinvoice_arinvoice_19_1	overduePressure	derived
obj_arinvoice_arinvoice_19_2	overduePressure	derived
obj_arinvoice_arinvoice_1_0	overduePressure	derived
obj_arinvoice_arinvoice_1_1	overduePressure	derived
obj_arinvoice_arinvoice_1_2	overduePressure	derived
obj_arinvoice_arinvoice_2_0	overduePressure	derived
obj_arinvoice_arinvoice_2_1	overduePressure	derived
obj_arinvoice_arinvoice_2_2	overduePressure	derived
obj_arinvoice_arinvoice_3_0	overduePressure	derived
obj_arinvoice_arinvoice_3_1	overduePressure	derived
obj_arinvoice_arinvoice_3_2	overduePressure	derived
obj_arinvoice_arinvoice_4_0	overduePressure	derived
obj_arinvoice_arinvoice_4_1	overduePressure	derived
obj_arinvoice_arinvoice_4_2	overduePressure	derived
obj_arinvoice_arinvoice_5_0	overduePressure	derived
obj_arinvoice_arinvoice_5_1	overduePressure	derived
obj_arinvoice_arinvoice_5_2	overduePressure	derived
obj_arinvoice_arinvoice_6_0	overduePressure	derived
obj_arinvoice_arinvoice_6_1	overduePressure	derived
obj_arinvoice_arinvoice_6_2	overduePressure	derived
obj_arinvoice_arinvoice_7_0	overduePressure	derived
obj_arinvoice_arinvoice_7_1	overduePressure	derived
obj_arinvoice_arinvoice_7_2	overduePressure	derived
obj_arinvoice_arinvoice_8_0	overduePressure	derived
obj_arinvoice_arinvoice_8_1	overduePressure	derived
obj_arinvoice_arinvoice_8_2	overduePressure	derived
obj_arinvoice_arinvoice_9_0	overduePressure	derived
obj_arinvoice_arinvoice_9_1	overduePressure	derived
obj_arinvoice_arinvoice_9_2	overduePressure	derived
obj_base_changzhou	loadIndex	measured
obj_base_chengdu	loadIndex	measured
obj_base_handan	loadIndex	measured
obj_base_hefei	loadIndex	measured
obj_base_jiangmen	loadIndex	measured
obj_base_jinhua	loadIndex	measured
obj_base_meishan	loadIndex	measured
obj_base_wuhan	loadIndex	measured
obj_base_xiamen	loadIndex	measured
obj_base_xinyang	loadIndex	measured
obj_base_yangzhou	loadIndex	measured
obj_base_zaozhuang	loadIndex	measured
obj_base_zigong	loadIndex	measured
obj_certification_cert_4680-NCM_LINE-WS-changzhou-assembly	qualificationQueue	derived
obj_certification_cert_4680-NCM_LINE-WS-changzhou-calendering	qualificationQueue	derived
obj_certification_cert_4680-NCM_LINE-WS-changzhou-coating	qualificationQueue	derived
obj_certification_cert_4680-NCM_LINE-WS-changzhou-filling	qualificationQueue	derived
obj_certification_cert_4680-NCM_LINE-WS-changzhou-formation	qualificationQueue	derived
obj_certification_cert_4680-NCM_LINE-WS-changzhou-grading	qualificationQueue	derived
obj_certification_cert_4680-NCM_LINE-WS-changzhou-pack	qualificationQueue	derived
obj_certification_cert_4680-NCM_LINE-WS-changzhou-slitting	qualificationQueue	derived
obj_certification_cert_4680-NCM_LINE-WS-changzhou-slurry	qualificationQueue	derived
obj_certification_cert_4680-NCM_LINE-WS-changzhou-winding	qualificationQueue	derived
obj_certification_cert_4680-NCM_LINE-WS-xiamen-assembly	qualificationQueue	derived
obj_certification_cert_4680-NCM_LINE-WS-xiamen-calendering	qualificationQueue	derived
obj_certification_cert_4680-NCM_LINE-WS-xiamen-coating	qualificationQueue	derived
obj_certification_cert_4680-NCM_LINE-WS-xiamen-filling	qualificationQueue	derived
obj_certification_cert_4680-NCM_LINE-WS-xiamen-formation	qualificationQueue	derived
obj_certification_cert_4680-NCM_LINE-WS-xiamen-slitting	qualificationQueue	derived
obj_certification_cert_4680-NCM_LINE-WS-xiamen-slurry	qualificationQueue	derived
obj_certification_cert_4680-NCM_LINE-WS-xiamen-winding	qualificationQueue	derived
obj_changeovermatrix_2170-NCM__4680-LFP	changeoverPressure	derived
obj_changeovermatrix_2170-NCM__4680-NCM	changeoverPressure	derived
obj_changeovermatrix_2170-NCM__圆柱-LFP	changeoverPressure	derived
obj_changeovermatrix_2170-NCM__方形-LFP	changeoverPressure	derived
obj_changeovermatrix_2170-NCM__方形-NCM	changeoverPressure	derived
obj_changeovermatrix_4680-LFP__2170-NCM	changeoverPressure	derived
obj_changeovermatrix_4680-LFP__4680-NCM	changeoverPressure	derived
obj_changeovermatrix_4680-LFP__圆柱-LFP	changeoverPressure	derived
obj_changeovermatrix_4680-LFP__方形-LFP	changeoverPressure	derived
obj_changeovermatrix_4680-LFP__方形-NCM	changeoverPressure	derived
obj_changeovermatrix_4680-NCM__2170-NCM	changeoverPressure	derived
obj_changeovermatrix_4680-NCM__4680-LFP	changeoverPressure	derived
obj_changeovermatrix_4680-NCM__圆柱-LFP	changeoverPressure	derived
obj_changeovermatrix_4680-NCM__方形-LFP	changeoverPressure	derived
obj_changeovermatrix_4680-NCM__方形-NCM	changeoverPressure	derived
obj_changeovermatrix_圆柱-LFP__2170-NCM	changeoverPressure	derived
obj_changeovermatrix_圆柱-LFP__4680-LFP	changeoverPressure	derived
obj_changeovermatrix_圆柱-LFP__4680-NCM	changeoverPressure	derived
obj_changeovermatrix_圆柱-LFP__方形-LFP	changeoverPressure	derived
obj_changeovermatrix_圆柱-LFP__方形-NCM	changeoverPressure	derived
obj_changeovermatrix_方形-LFP__2170-NCM	changeoverPressure	derived
obj_changeovermatrix_方形-LFP__4680-LFP	changeoverPressure	derived
obj_changeovermatrix_方形-LFP__4680-NCM	changeoverPressure	derived
obj_changeovermatrix_方形-LFP__圆柱-LFP	changeoverPressure	derived
obj_changeovermatrix_方形-LFP__方形-NCM	changeoverPressure	derived
obj_changeovermatrix_方形-NCM__2170-NCM	changeoverPressure	derived
obj_changeovermatrix_方形-NCM__4680-LFP	changeoverPressure	derived
obj_changeovermatrix_方形-NCM__4680-NCM	changeoverPressure	derived
obj_changeovermatrix_方形-NCM__圆柱-LFP	changeoverPressure	derived
obj_changeovermatrix_方形-NCM__方形-LFP	changeoverPressure	derived
obj_customer_cust_0	receivablePressure	measured
obj_customer_cust_1	receivablePressure	measured
obj_customer_cust_10	receivablePressure	measured
obj_customer_cust_11	receivablePressure	measured
obj_customer_cust_12	receivablePressure	measured
obj_customer_cust_13	receivablePressure	measured
obj_customer_cust_14	receivablePressure	measured
obj_customer_cust_15	receivablePressure	measured
obj_customer_cust_16	receivablePressure	measured
obj_customer_cust_17	receivablePressure	measured
obj_customer_cust_18	receivablePressure	measured
obj_customer_cust_19	receivablePressure	measured
obj_customer_cust_2	receivablePressure	measured
obj_customer_cust_3	receivablePressure	measured
obj_customer_cust_4	receivablePressure	measured
obj_customer_cust_5	receivablePressure	measured
obj_customer_cust_6	receivablePressure	measured
obj_customer_cust_7	receivablePressure	measured
obj_customer_cust_8	receivablePressure	measured
obj_customer_cust_9	receivablePressure	measured
obj_customerlocation_LOC-cust_0-0	deliveryHoldRisk	derived
obj_customerlocation_LOC-cust_1-0	deliveryHoldRisk	derived
obj_customerlocation_LOC-cust_1-1	deliveryHoldRisk	derived
obj_customerlocation_LOC-cust_10-0	deliveryHoldRisk	derived
obj_customerlocation_LOC-cust_10-1	deliveryHoldRisk	derived
obj_customerlocation_LOC-cust_11-0	deliveryHoldRisk	derived
obj_customerlocation_LOC-cust_12-0	deliveryHoldRisk	derived
obj_customerlocation_LOC-cust_12-1	deliveryHoldRisk	derived
obj_customerlocation_LOC-cust_13-0	deliveryHoldRisk	derived
obj_customerlocation_LOC-cust_14-0	deliveryHoldRisk	derived
obj_customerlocation_LOC-cust_14-1	deliveryHoldRisk	derived
obj_customerlocation_LOC-cust_15-0	deliveryHoldRisk	derived
obj_customerlocation_LOC-cust_16-0	deliveryHoldRisk	derived
obj_customerlocation_LOC-cust_16-1	deliveryHoldRisk	derived
obj_customerlocation_LOC-cust_17-0	deliveryHoldRisk	derived
obj_customerlocation_LOC-cust_18-0	deliveryHoldRisk	derived
obj_customerlocation_LOC-cust_18-1	deliveryHoldRisk	derived
obj_customerlocation_LOC-cust_19-0	deliveryHoldRisk	derived
obj_customerlocation_LOC-cust_2-0	deliveryHoldRisk	derived
obj_customerlocation_LOC-cust_3-0	deliveryHoldRisk	derived
obj_customerlocation_LOC-cust_3-1	deliveryHoldRisk	derived
obj_customerlocation_LOC-cust_4-0	deliveryHoldRisk	derived
obj_customerlocation_LOC-cust_5-0	deliveryHoldRisk	derived
obj_customerlocation_LOC-cust_5-1	deliveryHoldRisk	derived
obj_customerlocation_LOC-cust_6-0	deliveryHoldRisk	derived
obj_customerlocation_LOC-cust_7-0	deliveryHoldRisk	derived
obj_customerlocation_LOC-cust_7-1	deliveryHoldRisk	derived
obj_customerlocation_LOC-cust_8-0	deliveryHoldRisk	derived
obj_customerlocation_LOC-cust_9-0	deliveryHoldRisk	derived
obj_customerlocation_LOC-cust_9-1	deliveryHoldRisk	derived
obj_customsclearance_cc_po_12	clearanceQueueDays	derived
obj_defectrecord_DEF-WO-LINE-WS-changzhou-assembly-1	defectPressure	measured
obj_defectrecord_DEF-WO-LINE-WS-changzhou-calendering-1	defectPressure	measured
obj_defectrecord_DEF-WO-LINE-WS-changzhou-grading-0	defectPressure	measured
obj_defectrecord_DEF-WO-LINE-WS-changzhou-grading-1	defectPressure	measured
obj_defectrecord_DEF-WO-LINE-WS-changzhou-slitting-0	defectPressure	measured
obj_defectrecord_DEF-WO-LINE-WS-changzhou-slurry-0	defectPressure	measured
obj_defectrecord_DEF-WO-LINE-WS-chengdu-assembly-1	defectPressure	measured
obj_defectrecord_DEF-WO-LINE-WS-chengdu-filling-1	defectPressure	measured
obj_defectrecord_DEF-WO-LINE-WS-chengdu-grading-0	defectPressure	measured
obj_defectrecord_DEF-WO-LINE-WS-chengdu-pack-0	defectPressure	measured
obj_defectrecord_DEF-WO-LINE-WS-chengdu-slitting-0	defectPressure	measured
obj_defectrecord_DEF-WO-LINE-WS-chengdu-winding-0	defectPressure	measured
obj_defectrecord_DEF-WO-LINE-WS-chengdu-winding-1	defectPressure	measured
obj_defectrecord_DEF-WO-LINE-WS-handan-filling-0	defectPressure	measured
obj_defectrecord_DEF-WO-LINE-WS-handan-grading-0	defectPressure	measured
obj_defectrecord_DEF-WO-LINE-WS-handan-pack-0	defectPressure	measured
obj_defectrecord_DEF-WO-LINE-WS-handan-slitting-0	defectPressure	measured
obj_defectrecord_DEF-WO-LINE-WS-handan-slitting-1	defectPressure	measured
obj_defectrecord_DEF-WO-LINE-WS-handan-slurry-0	defectPressure	measured
obj_defectrecord_DEF-WO-LINE-WS-handan-slurry-1	defectPressure	measured
obj_defectrecord_DEF-WO-LINE-WS-hefei-assembly-1	defectPressure	measured
obj_defectrecord_DEF-WO-LINE-WS-hefei-calendering-1	defectPressure	measured
obj_defectrecord_DEF-WO-LINE-WS-hefei-coating-0	defectPressure	measured
obj_defectrecord_DEF-WO-LINE-WS-hefei-filling-0	defectPressure	measured
obj_defectrecord_DEF-WO-LINE-WS-hefei-filling-1	defectPressure	measured
obj_defectrecord_DEF-WO-LINE-WS-hefei-formation-0	defectPressure	measured
obj_defectrecord_DEF-WO-LINE-WS-jiangmen-assembly-0	defectPressure	measured
obj_defectrecord_DEF-WO-LINE-WS-jiangmen-calendering-0	defectPressure	measured
obj_defectrecord_DEF-WO-LINE-WS-jiangmen-filling-0	defectPressure	measured
obj_defectrecord_DEF-WO-LINE-WS-jiangmen-filling-1	defectPressure	measured
obj_defectrecord_DEF-WO-LINE-WS-jiangmen-formation-0	defectPressure	measured
obj_defectrecord_DEF-WO-LINE-WS-jiangmen-slurry-1	defectPressure	measured
obj_defectrecord_DEF-WO-LINE-WS-jinhua-assembly-1	defectPressure	measured
obj_defectrecord_DEF-WO-LINE-WS-jinhua-calendering-0	defectPressure	measured
obj_defectrecord_DEF-WO-LINE-WS-jinhua-filling-0	defectPressure	measured
obj_defectrecord_DEF-WO-LINE-WS-jinhua-filling-1	defectPressure	measured
obj_defectrecord_DEF-WO-LINE-WS-jinhua-formation-1	defectPressure	measured
obj_defectrecord_DEF-WO-LINE-WS-jinhua-pack-1	defectPressure	measured
obj_defectrecord_DEF-WO-LINE-WS-jinhua-slurry-0	defectPressure	measured
obj_defectrecord_DEF-WO-LINE-WS-jinhua-slurry-1	defectPressure	measured
obj_defectrecord_DEF-WO-LINE-WS-jinhua-winding-0	defectPressure	measured
obj_defectrecord_DEF-WO-LINE-WS-jinhua-winding-1	defectPressure	measured
obj_defectrecord_DEF-WO-LINE-WS-meishan-calendering-1	defectPressure	measured
obj_defectrecord_DEF-WO-LINE-WS-meishan-formation-0	defectPressure	measured
obj_defectrecord_DEF-WO-LINE-WS-meishan-slitting-1	defectPressure	measured
obj_defectrecord_DEF-WO-LINE-WS-meishan-slurry-0	defectPressure	measured
obj_defectrecord_DEF-WO-LINE-WS-meishan-winding-1	defectPressure	measured
obj_defectrecord_DEF-WO-LINE-WS-wuhan-calendering-0	defectPressure	measured
obj_defectrecord_DEF-WO-LINE-WS-wuhan-grading-0	defectPressure	measured
obj_defectrecord_DEF-WO-LINE-WS-wuhan-slitting-0	defectPressure	measured
obj_defectrecord_DEF-WO-LINE-WS-wuhan-slurry-0	defectPressure	measured
obj_defectrecord_DEF-WO-LINE-WS-wuhan-winding-0	defectPressure	measured
obj_defectrecord_DEF-WO-LINE-WS-xiamen-calendering-0	defectPressure	measured
obj_defectrecord_DEF-WO-LINE-WS-xiamen-coating-0	defectPressure	measured
obj_defectrecord_DEF-WO-LINE-WS-xiamen-grading-0	defectPressure	measured
obj_defectrecord_DEF-WO-LINE-WS-xiamen-grading-1	defectPressure	measured
obj_defectrecord_DEF-WO-LINE-WS-xiamen-slitting-0	defectPressure	measured
obj_defectrecord_DEF-WO-LINE-WS-xiamen-slitting-1	defectPressure	measured
obj_defectrecord_DEF-WO-LINE-WS-xiamen-winding-0	defectPressure	measured
obj_defectrecord_DEF-WO-LINE-WS-xinyang-assembly-0	defectPressure	measured
obj_defectrecord_DEF-WO-LINE-WS-xinyang-assembly-1	defectPressure	measured
obj_defectrecord_DEF-WO-LINE-WS-xinyang-formation-1	defectPressure	measured
obj_defectrecord_DEF-WO-LINE-WS-xinyang-slurry-1	defectPressure	measured
obj_defectrecord_DEF-WO-LINE-WS-xinyang-winding-1	defectPressure	measured
obj_defectrecord_DEF-WO-LINE-WS-yangzhou-calendering-0	defectPressure	measured
obj_defectrecord_DEF-WO-LINE-WS-yangzhou-coating-1	defectPressure	measured
obj_defectrecord_DEF-WO-LINE-WS-yangzhou-formation-0	defectPressure	measured
obj_defectrecord_DEF-WO-LINE-WS-yangzhou-slurry-0	defectPressure	measured
obj_defectrecord_DEF-WO-LINE-WS-yangzhou-winding-0	defectPressure	measured
obj_defectrecord_DEF-WO-LINE-WS-zaozhuang-calendering-1	defectPressure	measured
obj_defectrecord_DEF-WO-LINE-WS-zaozhuang-formation-0	defectPressure	measured
obj_defectrecord_DEF-WO-LINE-WS-zaozhuang-grading-1	defectPressure	measured
obj_defectrecord_DEF-WO-LINE-WS-zaozhuang-pack-0	defectPressure	measured
obj_defectrecord_DEF-WO-LINE-WS-zaozhuang-pack-1	defectPressure	measured
obj_defectrecord_DEF-WO-LINE-WS-zaozhuang-winding-1	defectPressure	measured
obj_defectrecord_DEF-WO-LINE-WS-zigong-calendering-0	defectPressure	measured
obj_defectrecord_DEF-WO-LINE-WS-zigong-coating-0	defectPressure	measured
obj_defectrecord_DEF-WO-LINE-WS-zigong-coating-1	defectPressure	measured
obj_defectrecord_DEF-WO-LINE-WS-zigong-filling-0	defectPressure	measured
obj_defectrecord_DEF-WO-LINE-WS-zigong-grading-0	defectPressure	measured
obj_defectrecord_DEF-WO-LINE-WS-zigong-pack-1	defectPressure	measured
obj_defectrecord_DEF-WO-LINE-WS-zigong-slitting-1	defectPressure	measured
obj_defectrecord_DEF-WO-LINE-WS-zigong-slurry-0	defectPressure	measured
obj_defectrecord_DEF-WO-LINE-WS-zigong-winding-0	defectPressure	measured
obj_defectrecord_DEF-WO-LINE-WS-zigong-winding-1	defectPressure	measured
obj_equipment_LINE-WS-changzhou-assembly-assembly-E1	equipmentFailure	measured
obj_equipment_LINE-WS-changzhou-assembly-assembly-E1	loadPressure	measured
obj_equipment_LINE-WS-changzhou-assembly-assembly-E2	equipmentFailure	measured
obj_equipment_LINE-WS-changzhou-assembly-assembly-E2	loadPressure	measured
obj_equipment_LINE-WS-changzhou-assembly-coating-E1	equipmentFailure	measured
obj_equipment_LINE-WS-changzhou-assembly-coating-E1	loadPressure	measured
obj_equipment_LINE-WS-changzhou-assembly-coating-E2	equipmentFailure	measured
obj_equipment_LINE-WS-changzhou-assembly-coating-E2	loadPressure	measured
obj_equipment_LINE-WS-changzhou-assembly-winding-E1	equipmentFailure	measured
obj_equipment_LINE-WS-changzhou-assembly-winding-E1	loadPressure	measured
obj_equipment_LINE-WS-changzhou-assembly-winding-E2	equipmentFailure	measured
obj_equipment_LINE-WS-changzhou-assembly-winding-E2	loadPressure	measured
obj_equipment_LINE-WS-changzhou-calendering-assembly-E1	equipmentFailure	measured
obj_equipment_LINE-WS-changzhou-calendering-assembly-E1	loadPressure	measured
obj_equipment_LINE-WS-changzhou-calendering-assembly-E2	equipmentFailure	measured
obj_equipment_LINE-WS-changzhou-calendering-assembly-E2	loadPressure	measured
obj_equipment_LINE-WS-changzhou-calendering-coating-E1	equipmentFailure	measured
obj_equipment_LINE-WS-changzhou-calendering-coating-E1	loadPressure	measured
obj_equipment_LINE-WS-changzhou-calendering-coating-E2	equipmentFailure	measured
obj_equipment_LINE-WS-changzhou-calendering-coating-E2	loadPressure	measured
obj_equipment_LINE-WS-changzhou-calendering-winding-E1	equipmentFailure	measured
obj_equipment_LINE-WS-changzhou-calendering-winding-E1	loadPressure	measured
obj_equipment_LINE-WS-changzhou-calendering-winding-E2	equipmentFailure	measured
obj_equipment_LINE-WS-changzhou-calendering-winding-E2	loadPressure	measured
obj_equipment_LINE-WS-changzhou-coating-assembly-E1	equipmentFailure	measured
obj_equipment_LINE-WS-changzhou-coating-assembly-E1	loadPressure	measured
obj_equipment_LINE-WS-changzhou-coating-assembly-E2	equipmentFailure	measured
obj_equipment_LINE-WS-changzhou-coating-assembly-E2	loadPressure	measured
obj_equipment_LINE-WS-changzhou-coating-coating-E1	equipmentFailure	measured
obj_equipment_LINE-WS-changzhou-coating-coating-E1	loadPressure	measured
obj_equipment_LINE-WS-changzhou-coating-coating-E2	equipmentFailure	measured
obj_equipment_LINE-WS-changzhou-coating-coating-E2	loadPressure	measured
obj_equipment_LINE-WS-changzhou-coating-winding-E1	equipmentFailure	measured
obj_equipment_LINE-WS-changzhou-coating-winding-E1	loadPressure	measured
obj_equipment_LINE-WS-changzhou-coating-winding-E2	equipmentFailure	measured
obj_equipment_LINE-WS-changzhou-coating-winding-E2	loadPressure	measured
obj_equipment_LINE-WS-changzhou-filling-assembly-E1	equipmentFailure	measured
obj_equipment_LINE-WS-changzhou-filling-assembly-E1	loadPressure	measured
obj_equipment_LINE-WS-changzhou-filling-assembly-E2	equipmentFailure	measured
obj_equipment_LINE-WS-changzhou-filling-assembly-E2	loadPressure	measured
obj_equipment_LINE-WS-changzhou-filling-coating-E1	equipmentFailure	measured
obj_equipment_LINE-WS-changzhou-filling-coating-E1	loadPressure	measured
obj_equipment_LINE-WS-changzhou-filling-coating-E2	equipmentFailure	measured
obj_equipment_LINE-WS-changzhou-filling-coating-E2	loadPressure	measured
obj_equipment_LINE-WS-changzhou-filling-winding-E1	equipmentFailure	measured
obj_equipment_LINE-WS-changzhou-filling-winding-E1	loadPressure	measured
obj_equipment_LINE-WS-changzhou-filling-winding-E2	equipmentFailure	measured
obj_equipment_LINE-WS-changzhou-filling-winding-E2	loadPressure	measured
obj_equipment_LINE-WS-changzhou-formation-assembly-E1	equipmentFailure	measured
obj_equipment_LINE-WS-changzhou-formation-assembly-E1	loadPressure	measured
obj_equipment_LINE-WS-changzhou-formation-assembly-E2	equipmentFailure	measured
obj_equipment_LINE-WS-changzhou-formation-assembly-E2	loadPressure	measured
obj_equipment_LINE-WS-changzhou-formation-coating-E1	equipmentFailure	measured
obj_equipment_LINE-WS-changzhou-formation-coating-E1	loadPressure	measured
obj_equipment_LINE-WS-changzhou-formation-coating-E2	equipmentFailure	measured
obj_equipment_LINE-WS-changzhou-formation-coating-E2	loadPressure	measured
obj_equipment_LINE-WS-changzhou-formation-winding-E1	equipmentFailure	measured
obj_equipment_LINE-WS-changzhou-formation-winding-E1	loadPressure	measured
obj_equipment_LINE-WS-changzhou-formation-winding-E2	equipmentFailure	measured
obj_equipment_LINE-WS-changzhou-formation-winding-E2	loadPressure	measured
obj_equipment_LINE-WS-changzhou-grading-assembly-E1	equipmentFailure	measured
obj_equipment_LINE-WS-changzhou-grading-assembly-E1	loadPressure	measured
obj_equipment_LINE-WS-changzhou-grading-assembly-E2	equipmentFailure	measured
obj_equipment_LINE-WS-changzhou-grading-assembly-E2	loadPressure	measured
obj_equipment_LINE-WS-changzhou-grading-coating-E1	equipmentFailure	measured
obj_equipment_LINE-WS-changzhou-grading-coating-E1	loadPressure	measured
obj_equipment_LINE-WS-changzhou-grading-coating-E2	equipmentFailure	measured
obj_equipment_LINE-WS-changzhou-grading-coating-E2	loadPressure	measured
obj_equipment_LINE-WS-changzhou-grading-winding-E1	equipmentFailure	measured
obj_equipment_LINE-WS-changzhou-grading-winding-E1	loadPressure	measured
obj_equipment_LINE-WS-changzhou-grading-winding-E2	equipmentFailure	measured
obj_equipment_LINE-WS-changzhou-grading-winding-E2	loadPressure	measured
obj_equipment_LINE-WS-changzhou-pack-assembly-E1	equipmentFailure	measured
obj_equipment_LINE-WS-changzhou-pack-assembly-E1	loadPressure	measured
obj_equipment_LINE-WS-changzhou-pack-assembly-E2	equipmentFailure	measured
obj_equipment_LINE-WS-changzhou-pack-assembly-E2	loadPressure	measured
obj_equipment_LINE-WS-changzhou-pack-coating-E1	equipmentFailure	measured
obj_equipment_LINE-WS-changzhou-pack-coating-E1	loadPressure	measured
obj_equipment_LINE-WS-changzhou-pack-coating-E2	equipmentFailure	measured
obj_equipment_LINE-WS-changzhou-pack-coating-E2	loadPressure	measured
obj_equipment_LINE-WS-changzhou-pack-winding-E1	equipmentFailure	measured
obj_equipment_LINE-WS-changzhou-pack-winding-E1	loadPressure	measured
obj_equipment_LINE-WS-changzhou-pack-winding-E2	equipmentFailure	measured
obj_equipment_LINE-WS-changzhou-pack-winding-E2	loadPressure	measured
obj_equipment_LINE-WS-changzhou-slitting-assembly-E1	equipmentFailure	measured
obj_equipment_LINE-WS-changzhou-slitting-assembly-E1	loadPressure	measured
obj_equipment_LINE-WS-changzhou-slitting-assembly-E2	equipmentFailure	measured
obj_equipment_LINE-WS-changzhou-slitting-assembly-E2	loadPressure	measured
obj_equipment_LINE-WS-changzhou-slitting-coating-E1	equipmentFailure	measured
obj_equipment_LINE-WS-changzhou-slitting-coating-E1	loadPressure	measured
obj_equipment_LINE-WS-changzhou-slitting-coating-E2	equipmentFailure	measured
obj_equipment_LINE-WS-changzhou-slitting-coating-E2	loadPressure	measured
obj_equipment_LINE-WS-changzhou-slitting-winding-E1	equipmentFailure	measured
obj_equipment_LINE-WS-changzhou-slitting-winding-E1	loadPressure	measured
obj_equipment_LINE-WS-changzhou-slitting-winding-E2	equipmentFailure	measured
obj_equipment_LINE-WS-changzhou-slitting-winding-E2	loadPressure	measured
obj_equipment_LINE-WS-changzhou-slurry-assembly-E1	equipmentFailure	measured
obj_equipment_LINE-WS-changzhou-slurry-assembly-E1	loadPressure	measured
obj_equipment_LINE-WS-changzhou-slurry-assembly-E2	equipmentFailure	measured
obj_equipment_LINE-WS-changzhou-slurry-assembly-E2	loadPressure	measured
obj_equipment_LINE-WS-changzhou-slurry-coating-E1	equipmentFailure	measured
obj_equipment_LINE-WS-changzhou-slurry-coating-E1	loadPressure	measured
obj_equipment_LINE-WS-changzhou-slurry-coating-E2	equipmentFailure	measured
obj_equipment_LINE-WS-changzhou-slurry-coating-E2	loadPressure	measured
obj_equipment_LINE-WS-changzhou-slurry-winding-E1	equipmentFailure	measured
obj_equipment_LINE-WS-changzhou-slurry-winding-E1	loadPressure	measured
obj_equipment_LINE-WS-changzhou-slurry-winding-E2	equipmentFailure	measured
obj_equipment_LINE-WS-changzhou-slurry-winding-E2	loadPressure	measured
obj_equipment_LINE-WS-changzhou-winding-assembly-E1	equipmentFailure	measured
obj_equipment_LINE-WS-changzhou-winding-assembly-E1	loadPressure	measured
obj_equipment_LINE-WS-changzhou-winding-assembly-E2	equipmentFailure	measured
obj_equipment_LINE-WS-changzhou-winding-assembly-E2	loadPressure	measured
obj_equipment_LINE-WS-changzhou-winding-coating-E1	equipmentFailure	measured
obj_equipment_LINE-WS-changzhou-winding-coating-E1	loadPressure	measured
obj_equipment_LINE-WS-changzhou-winding-coating-E2	equipmentFailure	measured
obj_equipment_LINE-WS-changzhou-winding-coating-E2	loadPressure	measured
obj_equipment_LINE-WS-changzhou-winding-winding-E1	equipmentFailure	measured
obj_equipment_LINE-WS-changzhou-winding-winding-E1	loadPressure	measured
obj_equipment_LINE-WS-changzhou-winding-winding-E2	equipmentFailure	measured
obj_equipment_LINE-WS-changzhou-winding-winding-E2	loadPressure	measured
obj_equipment_LINE-WS-chengdu-assembly-assembly-E1	equipmentFailure	measured
obj_equipment_LINE-WS-chengdu-assembly-assembly-E1	loadPressure	measured
obj_equipment_LINE-WS-chengdu-assembly-assembly-E2	equipmentFailure	measured
obj_equipment_LINE-WS-chengdu-assembly-assembly-E2	loadPressure	measured
obj_equipment_LINE-WS-chengdu-assembly-coating-E1	equipmentFailure	measured
obj_equipment_LINE-WS-chengdu-assembly-coating-E1	loadPressure	measured
obj_equipment_LINE-WS-chengdu-assembly-coating-E2	equipmentFailure	measured
obj_equipment_LINE-WS-chengdu-assembly-coating-E2	loadPressure	measured
obj_equipment_LINE-WS-chengdu-assembly-winding-E1	equipmentFailure	measured
obj_equipment_LINE-WS-chengdu-assembly-winding-E1	loadPressure	measured
obj_equipment_LINE-WS-chengdu-assembly-winding-E2	equipmentFailure	measured
obj_equipment_LINE-WS-chengdu-assembly-winding-E2	loadPressure	measured
obj_equipment_LINE-WS-chengdu-calendering-assembly-E1	equipmentFailure	measured
obj_equipment_LINE-WS-chengdu-calendering-assembly-E1	loadPressure	measured
obj_equipment_LINE-WS-chengdu-calendering-assembly-E2	equipmentFailure	measured
obj_equipment_LINE-WS-chengdu-calendering-assembly-E2	loadPressure	measured
obj_equipment_LINE-WS-chengdu-calendering-coating-E1	equipmentFailure	measured
obj_equipment_LINE-WS-chengdu-calendering-coating-E1	loadPressure	measured
obj_equipment_LINE-WS-chengdu-calendering-coating-E2	equipmentFailure	measured
obj_equipment_LINE-WS-chengdu-calendering-coating-E2	loadPressure	measured
obj_equipment_LINE-WS-chengdu-calendering-winding-E1	equipmentFailure	measured
obj_equipment_LINE-WS-chengdu-calendering-winding-E1	loadPressure	measured
obj_equipment_LINE-WS-chengdu-calendering-winding-E2	equipmentFailure	measured
obj_equipment_LINE-WS-chengdu-calendering-winding-E2	loadPressure	measured
obj_equipment_LINE-WS-chengdu-coating-assembly-E1	equipmentFailure	measured
obj_equipment_LINE-WS-chengdu-coating-assembly-E1	loadPressure	measured
obj_equipment_LINE-WS-chengdu-coating-assembly-E2	equipmentFailure	measured
obj_equipment_LINE-WS-chengdu-coating-assembly-E2	loadPressure	measured
obj_equipment_LINE-WS-chengdu-coating-coating-E1	equipmentFailure	measured
obj_equipment_LINE-WS-chengdu-coating-coating-E1	loadPressure	measured
obj_equipment_LINE-WS-chengdu-coating-coating-E2	equipmentFailure	measured
obj_equipment_LINE-WS-chengdu-coating-coating-E2	loadPressure	measured
obj_equipment_LINE-WS-chengdu-coating-winding-E1	equipmentFailure	measured
obj_equipment_LINE-WS-chengdu-coating-winding-E1	loadPressure	measured
obj_equipment_LINE-WS-chengdu-coating-winding-E2	equipmentFailure	measured
obj_equipment_LINE-WS-chengdu-coating-winding-E2	loadPressure	measured
obj_equipment_LINE-WS-chengdu-filling-assembly-E1	equipmentFailure	measured
obj_equipment_LINE-WS-chengdu-filling-assembly-E1	loadPressure	measured
obj_equipment_LINE-WS-chengdu-filling-assembly-E2	equipmentFailure	measured
obj_equipment_LINE-WS-chengdu-filling-assembly-E2	loadPressure	measured
obj_equipment_LINE-WS-chengdu-filling-coating-E1	equipmentFailure	measured
obj_equipment_LINE-WS-chengdu-filling-coating-E1	loadPressure	measured
obj_equipment_LINE-WS-chengdu-filling-coating-E2	equipmentFailure	measured
obj_equipment_LINE-WS-chengdu-filling-coating-E2	loadPressure	measured
obj_equipment_LINE-WS-chengdu-filling-winding-E1	equipmentFailure	measured
obj_equipment_LINE-WS-chengdu-filling-winding-E1	loadPressure	measured
obj_equipment_LINE-WS-chengdu-filling-winding-E2	equipmentFailure	measured
obj_equipment_LINE-WS-chengdu-filling-winding-E2	loadPressure	measured
obj_equipment_LINE-WS-chengdu-formation-assembly-E1	equipmentFailure	measured
obj_equipment_LINE-WS-chengdu-formation-assembly-E1	loadPressure	measured
obj_equipment_LINE-WS-chengdu-formation-assembly-E2	equipmentFailure	measured
obj_equipment_LINE-WS-chengdu-formation-assembly-E2	loadPressure	measured
obj_equipment_LINE-WS-chengdu-formation-coating-E1	equipmentFailure	measured
obj_equipment_LINE-WS-chengdu-formation-coating-E1	loadPressure	measured
obj_equipment_LINE-WS-chengdu-formation-coating-E2	equipmentFailure	measured
obj_equipment_LINE-WS-chengdu-formation-coating-E2	loadPressure	measured
obj_equipment_LINE-WS-chengdu-formation-winding-E1	equipmentFailure	measured
obj_equipment_LINE-WS-chengdu-formation-winding-E1	loadPressure	measured
obj_equipment_LINE-WS-chengdu-formation-winding-E2	equipmentFailure	measured
obj_equipment_LINE-WS-chengdu-formation-winding-E2	loadPressure	measured
obj_equipment_LINE-WS-chengdu-grading-assembly-E1	equipmentFailure	measured
obj_equipment_LINE-WS-chengdu-grading-assembly-E1	loadPressure	measured
obj_equipment_LINE-WS-chengdu-grading-assembly-E2	equipmentFailure	measured
obj_equipment_LINE-WS-chengdu-grading-assembly-E2	loadPressure	measured
obj_equipment_LINE-WS-chengdu-grading-coating-E1	equipmentFailure	measured
obj_equipment_LINE-WS-chengdu-grading-coating-E1	loadPressure	measured
obj_equipment_LINE-WS-chengdu-grading-coating-E2	equipmentFailure	measured
obj_equipment_LINE-WS-chengdu-grading-coating-E2	loadPressure	measured
obj_equipment_LINE-WS-chengdu-grading-winding-E1	equipmentFailure	measured
obj_equipment_LINE-WS-chengdu-grading-winding-E1	loadPressure	measured
obj_equipment_LINE-WS-chengdu-grading-winding-E2	equipmentFailure	measured
obj_equipment_LINE-WS-chengdu-grading-winding-E2	loadPressure	measured
obj_equipment_LINE-WS-chengdu-pack-assembly-E1	equipmentFailure	measured
obj_equipment_LINE-WS-chengdu-pack-assembly-E1	loadPressure	measured
obj_equipment_LINE-WS-chengdu-pack-assembly-E2	equipmentFailure	measured
obj_equipment_LINE-WS-chengdu-pack-assembly-E2	loadPressure	measured
obj_equipment_LINE-WS-chengdu-pack-coating-E1	equipmentFailure	measured
obj_equipment_LINE-WS-chengdu-pack-coating-E1	loadPressure	measured
obj_equipment_LINE-WS-chengdu-pack-coating-E2	equipmentFailure	measured
obj_equipment_LINE-WS-chengdu-pack-coating-E2	loadPressure	measured
obj_equipment_LINE-WS-chengdu-pack-winding-E1	equipmentFailure	measured
obj_equipment_LINE-WS-chengdu-pack-winding-E1	loadPressure	measured
obj_equipment_LINE-WS-chengdu-pack-winding-E2	equipmentFailure	measured
obj_equipment_LINE-WS-chengdu-pack-winding-E2	loadPressure	measured
obj_equipment_LINE-WS-chengdu-slitting-assembly-E1	equipmentFailure	measured
obj_equipment_LINE-WS-chengdu-slitting-assembly-E1	loadPressure	measured
obj_equipment_LINE-WS-chengdu-slitting-assembly-E2	equipmentFailure	measured
obj_equipment_LINE-WS-chengdu-slitting-assembly-E2	loadPressure	measured
obj_equipment_LINE-WS-chengdu-slitting-coating-E1	equipmentFailure	measured
obj_equipment_LINE-WS-chengdu-slitting-coating-E1	loadPressure	measured
obj_equipment_LINE-WS-chengdu-slitting-coating-E2	equipmentFailure	measured
obj_equipment_LINE-WS-chengdu-slitting-coating-E2	loadPressure	measured
obj_equipment_LINE-WS-chengdu-slitting-winding-E1	equipmentFailure	measured
obj_equipment_LINE-WS-chengdu-slitting-winding-E1	loadPressure	measured
obj_equipment_LINE-WS-chengdu-slitting-winding-E2	equipmentFailure	measured
obj_equipment_LINE-WS-chengdu-slitting-winding-E2	loadPressure	measured
obj_equipment_LINE-WS-chengdu-slurry-assembly-E1	equipmentFailure	measured
obj_equipment_LINE-WS-chengdu-slurry-assembly-E1	loadPressure	measured
obj_equipment_LINE-WS-chengdu-slurry-assembly-E2	equipmentFailure	measured
obj_equipment_LINE-WS-chengdu-slurry-assembly-E2	loadPressure	measured
obj_equipment_LINE-WS-chengdu-slurry-coating-E1	equipmentFailure	measured
obj_equipment_LINE-WS-chengdu-slurry-coating-E1	loadPressure	measured
obj_equipment_LINE-WS-chengdu-slurry-coating-E2	equipmentFailure	measured
obj_equipment_LINE-WS-chengdu-slurry-coating-E2	loadPressure	measured
obj_equipment_LINE-WS-chengdu-slurry-winding-E1	equipmentFailure	measured
obj_equipment_LINE-WS-chengdu-slurry-winding-E1	loadPressure	measured
obj_equipment_LINE-WS-chengdu-slurry-winding-E2	equipmentFailure	measured
obj_equipment_LINE-WS-chengdu-slurry-winding-E2	loadPressure	measured
obj_equipment_LINE-WS-chengdu-winding-assembly-E1	equipmentFailure	measured
obj_equipment_LINE-WS-chengdu-winding-assembly-E1	loadPressure	measured
obj_equipment_LINE-WS-chengdu-winding-assembly-E2	equipmentFailure	measured
obj_equipment_LINE-WS-chengdu-winding-assembly-E2	loadPressure	measured
obj_equipment_LINE-WS-chengdu-winding-coating-E1	equipmentFailure	measured
obj_equipment_LINE-WS-chengdu-winding-coating-E1	loadPressure	measured
obj_equipment_LINE-WS-chengdu-winding-coating-E2	equipmentFailure	measured
obj_equipment_LINE-WS-chengdu-winding-coating-E2	loadPressure	measured
obj_equipment_LINE-WS-chengdu-winding-winding-E1	equipmentFailure	measured
obj_equipment_LINE-WS-chengdu-winding-winding-E1	loadPressure	measured
obj_equipment_LINE-WS-chengdu-winding-winding-E2	equipmentFailure	measured
obj_equipment_LINE-WS-chengdu-winding-winding-E2	loadPressure	measured
obj_equipment_LINE-WS-handan-assembly-assembly-E1	equipmentFailure	measured
obj_equipment_LINE-WS-handan-assembly-assembly-E1	loadPressure	measured
obj_equipment_LINE-WS-handan-assembly-assembly-E2	equipmentFailure	measured
obj_equipment_LINE-WS-handan-assembly-assembly-E2	loadPressure	measured
obj_equipment_LINE-WS-handan-assembly-coating-E1	equipmentFailure	measured
obj_equipment_LINE-WS-handan-assembly-coating-E1	loadPressure	measured
obj_equipment_LINE-WS-handan-assembly-coating-E2	equipmentFailure	measured
obj_equipment_LINE-WS-handan-assembly-coating-E2	loadPressure	measured
obj_equipment_LINE-WS-handan-assembly-winding-E1	equipmentFailure	measured
obj_equipment_LINE-WS-handan-assembly-winding-E1	loadPressure	measured
obj_equipment_LINE-WS-handan-assembly-winding-E2	equipmentFailure	measured
obj_equipment_LINE-WS-handan-assembly-winding-E2	loadPressure	measured
obj_equipment_LINE-WS-handan-calendering-assembly-E1	equipmentFailure	measured
obj_equipment_LINE-WS-handan-calendering-assembly-E1	loadPressure	measured
obj_equipment_LINE-WS-handan-calendering-assembly-E2	equipmentFailure	measured
obj_equipment_LINE-WS-handan-calendering-assembly-E2	loadPressure	measured
obj_equipment_LINE-WS-handan-calendering-coating-E1	equipmentFailure	measured
obj_equipment_LINE-WS-handan-calendering-coating-E1	loadPressure	measured
obj_equipment_LINE-WS-handan-calendering-coating-E2	equipmentFailure	measured
obj_equipment_LINE-WS-handan-calendering-coating-E2	loadPressure	measured
obj_equipment_LINE-WS-handan-calendering-winding-E1	equipmentFailure	measured
obj_equipment_LINE-WS-handan-calendering-winding-E1	loadPressure	measured
obj_equipment_LINE-WS-handan-calendering-winding-E2	equipmentFailure	measured
obj_equipment_LINE-WS-handan-calendering-winding-E2	loadPressure	measured
obj_equipment_LINE-WS-handan-coating-assembly-E1	equipmentFailure	measured
obj_equipment_LINE-WS-handan-coating-assembly-E1	loadPressure	measured
obj_equipment_LINE-WS-handan-coating-assembly-E2	equipmentFailure	measured
obj_equipment_LINE-WS-handan-coating-assembly-E2	loadPressure	measured
obj_equipment_LINE-WS-handan-coating-coating-E1	equipmentFailure	measured
obj_equipment_LINE-WS-handan-coating-coating-E1	loadPressure	measured
obj_equipment_LINE-WS-handan-coating-coating-E2	equipmentFailure	measured
obj_equipment_LINE-WS-handan-coating-coating-E2	loadPressure	measured
obj_equipment_LINE-WS-handan-coating-winding-E1	equipmentFailure	measured
obj_equipment_LINE-WS-handan-coating-winding-E1	loadPressure	measured
obj_equipment_LINE-WS-handan-coating-winding-E2	equipmentFailure	measured
obj_equipment_LINE-WS-handan-coating-winding-E2	loadPressure	measured
obj_equipment_LINE-WS-handan-filling-assembly-E1	equipmentFailure	measured
obj_equipment_LINE-WS-handan-filling-assembly-E1	loadPressure	measured
obj_equipment_LINE-WS-handan-filling-assembly-E2	equipmentFailure	measured
obj_equipment_LINE-WS-handan-filling-assembly-E2	loadPressure	measured
obj_equipment_LINE-WS-handan-filling-coating-E1	equipmentFailure	measured
obj_equipment_LINE-WS-handan-filling-coating-E1	loadPressure	measured
obj_equipment_LINE-WS-handan-filling-coating-E2	equipmentFailure	measured
obj_equipment_LINE-WS-handan-filling-coating-E2	loadPressure	measured
obj_equipment_LINE-WS-handan-filling-winding-E1	equipmentFailure	measured
obj_equipment_LINE-WS-handan-filling-winding-E1	loadPressure	measured
obj_equipment_LINE-WS-handan-filling-winding-E2	equipmentFailure	measured
obj_equipment_LINE-WS-handan-filling-winding-E2	loadPressure	measured
obj_equipment_LINE-WS-handan-formation-assembly-E1	equipmentFailure	measured
obj_equipment_LINE-WS-handan-formation-assembly-E1	loadPressure	measured
obj_equipment_LINE-WS-handan-formation-assembly-E2	equipmentFailure	measured
obj_equipment_LINE-WS-handan-formation-assembly-E2	loadPressure	measured
obj_equipment_LINE-WS-handan-formation-coating-E1	equipmentFailure	measured
obj_equipment_LINE-WS-handan-formation-coating-E1	loadPressure	measured
obj_equipment_LINE-WS-handan-formation-coating-E2	equipmentFailure	measured
obj_equipment_LINE-WS-handan-formation-coating-E2	loadPressure	measured
obj_equipment_LINE-WS-handan-formation-winding-E1	equipmentFailure	measured
obj_equipment_LINE-WS-handan-formation-winding-E1	loadPressure	measured
obj_equipment_LINE-WS-handan-formation-winding-E2	equipmentFailure	measured
obj_equipment_LINE-WS-handan-formation-winding-E2	loadPressure	measured
obj_equipment_LINE-WS-handan-grading-assembly-E1	equipmentFailure	measured
obj_equipment_LINE-WS-handan-grading-assembly-E1	loadPressure	measured
obj_equipment_LINE-WS-handan-grading-assembly-E2	equipmentFailure	measured
obj_equipment_LINE-WS-handan-grading-assembly-E2	loadPressure	measured
obj_equipment_LINE-WS-handan-grading-coating-E1	equipmentFailure	measured
obj_equipment_LINE-WS-handan-grading-coating-E1	loadPressure	measured
obj_equipment_LINE-WS-handan-grading-coating-E2	equipmentFailure	measured
obj_equipment_LINE-WS-handan-grading-coating-E2	loadPressure	measured
obj_equipment_LINE-WS-handan-grading-winding-E1	equipmentFailure	measured
obj_equipment_LINE-WS-handan-grading-winding-E1	loadPressure	measured
obj_equipment_LINE-WS-handan-grading-winding-E2	equipmentFailure	measured
obj_equipment_LINE-WS-handan-grading-winding-E2	loadPressure	measured
obj_equipment_LINE-WS-handan-pack-assembly-E1	equipmentFailure	measured
obj_equipment_LINE-WS-handan-pack-assembly-E1	loadPressure	measured
obj_equipment_LINE-WS-handan-pack-assembly-E2	equipmentFailure	measured
obj_equipment_LINE-WS-handan-pack-assembly-E2	loadPressure	measured
obj_equipment_LINE-WS-handan-pack-coating-E1	equipmentFailure	measured
obj_equipment_LINE-WS-handan-pack-coating-E1	loadPressure	measured
obj_equipment_LINE-WS-handan-pack-coating-E2	equipmentFailure	measured
obj_equipment_LINE-WS-handan-pack-coating-E2	loadPressure	measured
obj_equipment_LINE-WS-handan-pack-winding-E1	equipmentFailure	measured
obj_equipment_LINE-WS-handan-pack-winding-E1	loadPressure	measured
obj_equipment_LINE-WS-handan-pack-winding-E2	equipmentFailure	measured
obj_equipment_LINE-WS-handan-pack-winding-E2	loadPressure	measured
obj_equipment_LINE-WS-handan-slitting-assembly-E1	equipmentFailure	measured
obj_equipment_LINE-WS-handan-slitting-assembly-E1	loadPressure	measured
obj_equipment_LINE-WS-handan-slitting-assembly-E2	equipmentFailure	measured
obj_equipment_LINE-WS-handan-slitting-assembly-E2	loadPressure	measured
obj_equipment_LINE-WS-handan-slitting-coating-E1	equipmentFailure	measured
obj_equipment_LINE-WS-handan-slitting-coating-E1	loadPressure	measured
obj_equipment_LINE-WS-handan-slitting-coating-E2	equipmentFailure	measured
obj_equipment_LINE-WS-handan-slitting-coating-E2	loadPressure	measured
obj_equipment_LINE-WS-handan-slitting-winding-E1	equipmentFailure	measured
obj_equipment_LINE-WS-handan-slitting-winding-E1	loadPressure	measured
obj_equipment_LINE-WS-handan-slitting-winding-E2	equipmentFailure	measured
obj_equipment_LINE-WS-handan-slitting-winding-E2	loadPressure	measured
obj_equipment_LINE-WS-handan-slurry-assembly-E1	equipmentFailure	measured
obj_equipment_LINE-WS-handan-slurry-assembly-E1	loadPressure	measured
obj_equipment_LINE-WS-handan-slurry-assembly-E2	equipmentFailure	measured
obj_equipment_LINE-WS-handan-slurry-assembly-E2	loadPressure	measured
obj_equipment_LINE-WS-handan-slurry-coating-E1	equipmentFailure	measured
obj_equipment_LINE-WS-handan-slurry-coating-E1	loadPressure	measured
obj_equipment_LINE-WS-handan-slurry-coating-E2	equipmentFailure	measured
obj_equipment_LINE-WS-handan-slurry-coating-E2	loadPressure	measured
obj_equipment_LINE-WS-handan-slurry-winding-E1	equipmentFailure	measured
obj_equipment_LINE-WS-handan-slurry-winding-E1	loadPressure	measured
obj_equipment_LINE-WS-handan-slurry-winding-E2	equipmentFailure	measured
obj_equipment_LINE-WS-handan-slurry-winding-E2	loadPressure	measured
obj_equipment_LINE-WS-handan-winding-assembly-E1	equipmentFailure	measured
obj_equipment_LINE-WS-handan-winding-assembly-E1	loadPressure	measured
obj_equipment_LINE-WS-handan-winding-assembly-E2	equipmentFailure	measured
obj_equipment_LINE-WS-handan-winding-assembly-E2	loadPressure	measured
obj_equipment_LINE-WS-handan-winding-coating-E1	equipmentFailure	measured
obj_equipment_LINE-WS-handan-winding-coating-E1	loadPressure	measured
obj_equipment_LINE-WS-handan-winding-coating-E2	equipmentFailure	measured
obj_equipment_LINE-WS-handan-winding-coating-E2	loadPressure	measured
obj_equipment_LINE-WS-handan-winding-winding-E1	equipmentFailure	measured
obj_equipment_LINE-WS-handan-winding-winding-E1	loadPressure	measured
obj_equipment_LINE-WS-handan-winding-winding-E2	equipmentFailure	measured
obj_equipment_LINE-WS-handan-winding-winding-E2	loadPressure	measured
obj_equipment_LINE-WS-hefei-assembly-assembly-E1	equipmentFailure	measured
obj_equipment_LINE-WS-hefei-assembly-assembly-E1	loadPressure	measured
obj_equipment_LINE-WS-hefei-assembly-assembly-E2	equipmentFailure	measured
obj_equipment_LINE-WS-hefei-assembly-assembly-E2	loadPressure	measured
obj_equipment_LINE-WS-hefei-assembly-coating-E1	equipmentFailure	measured
obj_equipment_LINE-WS-hefei-assembly-coating-E1	loadPressure	measured
obj_equipment_LINE-WS-hefei-assembly-coating-E2	equipmentFailure	measured
obj_equipment_LINE-WS-hefei-assembly-coating-E2	loadPressure	measured
obj_equipment_LINE-WS-hefei-assembly-winding-E1	equipmentFailure	measured
obj_equipment_LINE-WS-hefei-assembly-winding-E1	loadPressure	measured
obj_equipment_LINE-WS-hefei-assembly-winding-E2	equipmentFailure	measured
obj_equipment_LINE-WS-hefei-assembly-winding-E2	loadPressure	measured
obj_equipment_LINE-WS-hefei-calendering-assembly-E1	equipmentFailure	measured
obj_equipment_LINE-WS-hefei-calendering-assembly-E1	loadPressure	measured
obj_equipment_LINE-WS-hefei-calendering-assembly-E2	equipmentFailure	measured
obj_equipment_LINE-WS-hefei-calendering-assembly-E2	loadPressure	measured
obj_equipment_LINE-WS-hefei-calendering-coating-E1	equipmentFailure	measured
obj_equipment_LINE-WS-hefei-calendering-coating-E1	loadPressure	measured
obj_equipment_LINE-WS-hefei-calendering-coating-E2	equipmentFailure	measured
obj_equipment_LINE-WS-hefei-calendering-coating-E2	loadPressure	measured
obj_equipment_LINE-WS-hefei-calendering-winding-E1	equipmentFailure	measured
obj_equipment_LINE-WS-hefei-calendering-winding-E1	loadPressure	measured
obj_equipment_LINE-WS-hefei-calendering-winding-E2	equipmentFailure	measured
obj_equipment_LINE-WS-hefei-calendering-winding-E2	loadPressure	measured
obj_equipment_LINE-WS-hefei-coating-assembly-E1	equipmentFailure	measured
obj_equipment_LINE-WS-hefei-coating-assembly-E1	loadPressure	measured
obj_equipment_LINE-WS-hefei-coating-assembly-E2	equipmentFailure	measured
obj_equipment_LINE-WS-hefei-coating-assembly-E2	loadPressure	measured
obj_equipment_LINE-WS-hefei-coating-coating-E1	equipmentFailure	measured
obj_equipment_LINE-WS-hefei-coating-coating-E1	loadPressure	measured
obj_equipment_LINE-WS-hefei-coating-coating-E2	equipmentFailure	measured
obj_equipment_LINE-WS-hefei-coating-coating-E2	loadPressure	measured
obj_equipment_LINE-WS-hefei-coating-winding-E1	equipmentFailure	measured
obj_equipment_LINE-WS-hefei-coating-winding-E1	loadPressure	measured
obj_equipment_LINE-WS-hefei-coating-winding-E2	equipmentFailure	measured
obj_equipment_LINE-WS-hefei-coating-winding-E2	loadPressure	measured
obj_equipment_LINE-WS-hefei-filling-assembly-E1	equipmentFailure	measured
obj_equipment_LINE-WS-hefei-filling-assembly-E1	loadPressure	measured
obj_equipment_LINE-WS-hefei-filling-assembly-E2	equipmentFailure	measured
obj_equipment_LINE-WS-hefei-filling-assembly-E2	loadPressure	measured
obj_equipment_LINE-WS-hefei-filling-coating-E1	equipmentFailure	measured
obj_equipment_LINE-WS-hefei-filling-coating-E1	loadPressure	measured
obj_equipment_LINE-WS-hefei-filling-coating-E2	equipmentFailure	measured
obj_equipment_LINE-WS-hefei-filling-coating-E2	loadPressure	measured
obj_equipment_LINE-WS-hefei-filling-winding-E1	equipmentFailure	measured
obj_equipment_LINE-WS-hefei-filling-winding-E1	loadPressure	measured
obj_equipment_LINE-WS-hefei-filling-winding-E2	equipmentFailure	measured
obj_equipment_LINE-WS-hefei-filling-winding-E2	loadPressure	measured
obj_equipment_LINE-WS-hefei-formation-assembly-E1	equipmentFailure	measured
obj_equipment_LINE-WS-hefei-formation-assembly-E1	loadPressure	measured
obj_equipment_LINE-WS-hefei-formation-assembly-E2	equipmentFailure	measured
obj_equipment_LINE-WS-hefei-formation-assembly-E2	loadPressure	measured
obj_equipment_LINE-WS-hefei-formation-coating-E1	equipmentFailure	measured
obj_equipment_LINE-WS-hefei-formation-coating-E1	loadPressure	measured
obj_equipment_LINE-WS-hefei-formation-coating-E2	equipmentFailure	measured
obj_equipment_LINE-WS-hefei-formation-coating-E2	loadPressure	measured
obj_equipment_LINE-WS-hefei-formation-winding-E1	equipmentFailure	measured
obj_equipment_LINE-WS-hefei-formation-winding-E1	loadPressure	measured
obj_equipment_LINE-WS-hefei-formation-winding-E2	equipmentFailure	measured
obj_equipment_LINE-WS-hefei-formation-winding-E2	loadPressure	measured
obj_equipment_LINE-WS-hefei-grading-assembly-E1	equipmentFailure	measured
obj_equipment_LINE-WS-hefei-grading-assembly-E1	loadPressure	measured
obj_equipment_LINE-WS-hefei-grading-assembly-E2	equipmentFailure	measured
obj_equipment_LINE-WS-hefei-grading-assembly-E2	loadPressure	measured
obj_equipment_LINE-WS-hefei-grading-coating-E1	equipmentFailure	measured
obj_equipment_LINE-WS-hefei-grading-coating-E1	loadPressure	measured
obj_equipment_LINE-WS-hefei-grading-coating-E2	equipmentFailure	measured
obj_equipment_LINE-WS-hefei-grading-coating-E2	loadPressure	measured
obj_equipment_LINE-WS-hefei-grading-winding-E1	equipmentFailure	measured
obj_equipment_LINE-WS-hefei-grading-winding-E1	loadPressure	measured
obj_equipment_LINE-WS-hefei-grading-winding-E2	equipmentFailure	measured
obj_equipment_LINE-WS-hefei-grading-winding-E2	loadPressure	measured
obj_equipment_LINE-WS-hefei-pack-assembly-E1	equipmentFailure	measured
obj_equipment_LINE-WS-hefei-pack-assembly-E1	loadPressure	measured
obj_equipment_LINE-WS-hefei-pack-assembly-E2	equipmentFailure	measured
obj_equipment_LINE-WS-hefei-pack-assembly-E2	loadPressure	measured
obj_equipment_LINE-WS-hefei-pack-coating-E1	equipmentFailure	measured
obj_equipment_LINE-WS-hefei-pack-coating-E1	loadPressure	measured
obj_equipment_LINE-WS-hefei-pack-coating-E2	equipmentFailure	measured
obj_equipment_LINE-WS-hefei-pack-coating-E2	loadPressure	measured
obj_equipment_LINE-WS-hefei-pack-winding-E1	equipmentFailure	measured
obj_equipment_LINE-WS-hefei-pack-winding-E1	loadPressure	measured
obj_equipment_LINE-WS-hefei-pack-winding-E2	equipmentFailure	measured
obj_equipment_LINE-WS-hefei-pack-winding-E2	loadPressure	measured
obj_equipment_LINE-WS-hefei-slitting-assembly-E1	equipmentFailure	measured
obj_equipment_LINE-WS-hefei-slitting-assembly-E1	loadPressure	measured
obj_equipment_LINE-WS-hefei-slitting-assembly-E2	equipmentFailure	measured
obj_equipment_LINE-WS-hefei-slitting-assembly-E2	loadPressure	measured
obj_equipment_LINE-WS-hefei-slitting-coating-E1	equipmentFailure	measured
obj_equipment_LINE-WS-hefei-slitting-coating-E1	loadPressure	measured
obj_equipment_LINE-WS-hefei-slitting-coating-E2	equipmentFailure	measured
obj_equipment_LINE-WS-hefei-slitting-coating-E2	loadPressure	measured
obj_equipment_LINE-WS-hefei-slitting-winding-E1	equipmentFailure	measured
obj_equipment_LINE-WS-hefei-slitting-winding-E1	loadPressure	measured
obj_equipment_LINE-WS-hefei-slitting-winding-E2	equipmentFailure	measured
obj_equipment_LINE-WS-hefei-slitting-winding-E2	loadPressure	measured
obj_equipment_LINE-WS-hefei-slurry-assembly-E1	equipmentFailure	measured
obj_equipment_LINE-WS-hefei-slurry-assembly-E1	loadPressure	measured
obj_equipment_LINE-WS-hefei-slurry-assembly-E2	equipmentFailure	measured
obj_equipment_LINE-WS-hefei-slurry-assembly-E2	loadPressure	measured
obj_equipment_LINE-WS-hefei-slurry-coating-E1	equipmentFailure	measured
obj_equipment_LINE-WS-hefei-slurry-coating-E1	loadPressure	measured
obj_equipment_LINE-WS-hefei-slurry-coating-E2	equipmentFailure	measured
obj_equipment_LINE-WS-hefei-slurry-coating-E2	loadPressure	measured
obj_equipment_LINE-WS-hefei-slurry-winding-E1	equipmentFailure	measured
obj_equipment_LINE-WS-hefei-slurry-winding-E1	loadPressure	measured
obj_equipment_LINE-WS-hefei-slurry-winding-E2	equipmentFailure	measured
obj_equipment_LINE-WS-hefei-slurry-winding-E2	loadPressure	measured
obj_equipment_LINE-WS-hefei-winding-assembly-E1	equipmentFailure	measured
obj_equipment_LINE-WS-hefei-winding-assembly-E1	loadPressure	measured
obj_equipment_LINE-WS-hefei-winding-assembly-E2	equipmentFailure	measured
obj_equipment_LINE-WS-hefei-winding-assembly-E2	loadPressure	measured
obj_equipment_LINE-WS-hefei-winding-coating-E1	equipmentFailure	measured
obj_equipment_LINE-WS-hefei-winding-coating-E1	loadPressure	measured
obj_equipment_LINE-WS-hefei-winding-coating-E2	equipmentFailure	measured
obj_equipment_LINE-WS-hefei-winding-coating-E2	loadPressure	measured
obj_equipment_LINE-WS-hefei-winding-winding-E1	equipmentFailure	measured
obj_equipment_LINE-WS-hefei-winding-winding-E1	loadPressure	measured
obj_equipment_LINE-WS-hefei-winding-winding-E2	equipmentFailure	measured
obj_equipment_LINE-WS-hefei-winding-winding-E2	loadPressure	measured
obj_equipment_LINE-WS-jiangmen-assembly-assembly-E1	equipmentFailure	measured
obj_equipment_LINE-WS-jiangmen-assembly-assembly-E1	loadPressure	measured
obj_equipment_LINE-WS-jiangmen-assembly-assembly-E2	equipmentFailure	measured
obj_equipment_LINE-WS-jiangmen-assembly-assembly-E2	loadPressure	measured
obj_equipment_LINE-WS-jiangmen-assembly-coating-E1	equipmentFailure	measured
obj_equipment_LINE-WS-jiangmen-assembly-coating-E1	loadPressure	measured
obj_equipment_LINE-WS-jiangmen-assembly-coating-E2	equipmentFailure	measured
obj_equipment_LINE-WS-jiangmen-assembly-coating-E2	loadPressure	measured
obj_equipment_LINE-WS-jiangmen-assembly-winding-E1	equipmentFailure	measured
obj_equipment_LINE-WS-jiangmen-assembly-winding-E1	loadPressure	measured
obj_equipment_LINE-WS-jiangmen-assembly-winding-E2	equipmentFailure	measured
obj_equipment_LINE-WS-jiangmen-assembly-winding-E2	loadPressure	measured
obj_equipment_LINE-WS-jiangmen-calendering-assembly-E1	equipmentFailure	measured
obj_equipment_LINE-WS-jiangmen-calendering-assembly-E1	loadPressure	measured
obj_equipment_LINE-WS-jiangmen-calendering-assembly-E2	equipmentFailure	measured
obj_equipment_LINE-WS-jiangmen-calendering-assembly-E2	loadPressure	measured
obj_equipment_LINE-WS-jiangmen-calendering-coating-E1	equipmentFailure	measured
obj_equipment_LINE-WS-jiangmen-calendering-coating-E1	loadPressure	measured
obj_equipment_LINE-WS-jiangmen-calendering-coating-E2	equipmentFailure	measured
obj_equipment_LINE-WS-jiangmen-calendering-coating-E2	loadPressure	measured
obj_equipment_LINE-WS-jiangmen-calendering-winding-E1	equipmentFailure	measured
obj_equipment_LINE-WS-jiangmen-calendering-winding-E1	loadPressure	measured
obj_equipment_LINE-WS-jiangmen-calendering-winding-E2	equipmentFailure	measured
obj_equipment_LINE-WS-jiangmen-calendering-winding-E2	loadPressure	measured
obj_equipment_LINE-WS-jiangmen-coating-assembly-E1	equipmentFailure	measured
obj_equipment_LINE-WS-jiangmen-coating-assembly-E1	loadPressure	measured
obj_equipment_LINE-WS-jiangmen-coating-assembly-E2	equipmentFailure	measured
obj_equipment_LINE-WS-jiangmen-coating-assembly-E2	loadPressure	measured
obj_equipment_LINE-WS-jiangmen-coating-coating-E1	equipmentFailure	measured
obj_equipment_LINE-WS-jiangmen-coating-coating-E1	loadPressure	measured
obj_equipment_LINE-WS-jiangmen-coating-coating-E2	equipmentFailure	measured
obj_equipment_LINE-WS-jiangmen-coating-coating-E2	loadPressure	measured
obj_equipment_LINE-WS-jiangmen-coating-winding-E1	equipmentFailure	measured
obj_equipment_LINE-WS-jiangmen-coating-winding-E1	loadPressure	measured
obj_equipment_LINE-WS-jiangmen-coating-winding-E2	equipmentFailure	measured
obj_equipment_LINE-WS-jiangmen-coating-winding-E2	loadPressure	measured
obj_equipment_LINE-WS-jiangmen-filling-assembly-E1	equipmentFailure	measured
obj_equipment_LINE-WS-jiangmen-filling-assembly-E1	loadPressure	measured
obj_equipment_LINE-WS-jiangmen-filling-assembly-E2	equipmentFailure	measured
obj_equipment_LINE-WS-jiangmen-filling-assembly-E2	loadPressure	measured
obj_equipment_LINE-WS-jiangmen-filling-coating-E1	equipmentFailure	measured
obj_equipment_LINE-WS-jiangmen-filling-coating-E1	loadPressure	measured
obj_equipment_LINE-WS-jiangmen-filling-coating-E2	equipmentFailure	measured
obj_equipment_LINE-WS-jiangmen-filling-coating-E2	loadPressure	measured
obj_equipment_LINE-WS-jiangmen-filling-winding-E1	equipmentFailure	measured
obj_equipment_LINE-WS-jiangmen-filling-winding-E1	loadPressure	measured
obj_equipment_LINE-WS-jiangmen-filling-winding-E2	equipmentFailure	measured
obj_equipment_LINE-WS-jiangmen-filling-winding-E2	loadPressure	measured
obj_equipment_LINE-WS-jiangmen-formation-assembly-E1	equipmentFailure	measured
obj_equipment_LINE-WS-jiangmen-formation-assembly-E1	loadPressure	measured
obj_equipment_LINE-WS-jiangmen-formation-assembly-E2	equipmentFailure	measured
obj_equipment_LINE-WS-jiangmen-formation-assembly-E2	loadPressure	measured
obj_equipment_LINE-WS-jiangmen-formation-coating-E1	equipmentFailure	measured
obj_equipment_LINE-WS-jiangmen-formation-coating-E1	loadPressure	measured
obj_equipment_LINE-WS-jiangmen-formation-coating-E2	equipmentFailure	measured
obj_equipment_LINE-WS-jiangmen-formation-coating-E2	loadPressure	measured
obj_equipment_LINE-WS-jiangmen-formation-winding-E1	equipmentFailure	measured
obj_equipment_LINE-WS-jiangmen-formation-winding-E1	loadPressure	measured
obj_equipment_LINE-WS-jiangmen-formation-winding-E2	equipmentFailure	measured
obj_equipment_LINE-WS-jiangmen-formation-winding-E2	loadPressure	measured
obj_equipment_LINE-WS-jiangmen-grading-assembly-E1	equipmentFailure	measured
obj_equipment_LINE-WS-jiangmen-grading-assembly-E1	loadPressure	measured
obj_equipment_LINE-WS-jiangmen-grading-assembly-E2	equipmentFailure	measured
obj_equipment_LINE-WS-jiangmen-grading-assembly-E2	loadPressure	measured
obj_equipment_LINE-WS-jiangmen-grading-coating-E1	equipmentFailure	measured
obj_equipment_LINE-WS-jiangmen-grading-coating-E1	loadPressure	measured
obj_equipment_LINE-WS-jiangmen-grading-coating-E2	equipmentFailure	measured
obj_equipment_LINE-WS-jiangmen-grading-coating-E2	loadPressure	measured
obj_equipment_LINE-WS-jiangmen-grading-winding-E1	equipmentFailure	measured
obj_equipment_LINE-WS-jiangmen-grading-winding-E1	loadPressure	measured
obj_equipment_LINE-WS-jiangmen-grading-winding-E2	equipmentFailure	measured
obj_equipment_LINE-WS-jiangmen-grading-winding-E2	loadPressure	measured
obj_equipment_LINE-WS-jiangmen-pack-assembly-E1	equipmentFailure	measured
obj_equipment_LINE-WS-jiangmen-pack-assembly-E1	loadPressure	measured
obj_equipment_LINE-WS-jiangmen-pack-assembly-E2	equipmentFailure	measured
obj_equipment_LINE-WS-jiangmen-pack-assembly-E2	loadPressure	measured
obj_equipment_LINE-WS-jiangmen-pack-coating-E1	equipmentFailure	measured
obj_equipment_LINE-WS-jiangmen-pack-coating-E1	loadPressure	measured
obj_equipment_LINE-WS-jiangmen-pack-coating-E2	equipmentFailure	measured
obj_equipment_LINE-WS-jiangmen-pack-coating-E2	loadPressure	measured
obj_equipment_LINE-WS-jiangmen-pack-winding-E1	equipmentFailure	measured
obj_equipment_LINE-WS-jiangmen-pack-winding-E1	loadPressure	measured
obj_equipment_LINE-WS-jiangmen-pack-winding-E2	equipmentFailure	measured
obj_equipment_LINE-WS-jiangmen-pack-winding-E2	loadPressure	measured
obj_equipment_LINE-WS-jiangmen-slitting-assembly-E1	equipmentFailure	measured
obj_equipment_LINE-WS-jiangmen-slitting-assembly-E1	loadPressure	measured
obj_equipment_LINE-WS-jiangmen-slitting-assembly-E2	equipmentFailure	measured
obj_equipment_LINE-WS-jiangmen-slitting-assembly-E2	loadPressure	measured
obj_equipment_LINE-WS-jiangmen-slitting-coating-E1	equipmentFailure	measured
obj_equipment_LINE-WS-jiangmen-slitting-coating-E1	loadPressure	measured
obj_equipment_LINE-WS-jiangmen-slitting-coating-E2	equipmentFailure	measured
obj_equipment_LINE-WS-jiangmen-slitting-coating-E2	loadPressure	measured
obj_equipment_LINE-WS-jiangmen-slitting-winding-E1	equipmentFailure	measured
obj_equipment_LINE-WS-jiangmen-slitting-winding-E1	loadPressure	measured
obj_equipment_LINE-WS-jiangmen-slitting-winding-E2	equipmentFailure	measured
obj_equipment_LINE-WS-jiangmen-slitting-winding-E2	loadPressure	measured
obj_equipment_LINE-WS-jiangmen-slurry-assembly-E1	equipmentFailure	measured
obj_equipment_LINE-WS-jiangmen-slurry-assembly-E1	loadPressure	measured
obj_equipment_LINE-WS-jiangmen-slurry-assembly-E2	equipmentFailure	measured
obj_equipment_LINE-WS-jiangmen-slurry-assembly-E2	loadPressure	measured
obj_equipment_LINE-WS-jiangmen-slurry-coating-E1	equipmentFailure	measured
obj_equipment_LINE-WS-jiangmen-slurry-coating-E1	loadPressure	measured
obj_equipment_LINE-WS-jiangmen-slurry-coating-E2	equipmentFailure	measured
obj_equipment_LINE-WS-jiangmen-slurry-coating-E2	loadPressure	measured
obj_equipment_LINE-WS-jiangmen-slurry-winding-E1	equipmentFailure	measured
obj_equipment_LINE-WS-jiangmen-slurry-winding-E1	loadPressure	measured
obj_equipment_LINE-WS-jiangmen-slurry-winding-E2	equipmentFailure	measured
obj_equipment_LINE-WS-jiangmen-slurry-winding-E2	loadPressure	measured
obj_equipment_LINE-WS-jiangmen-winding-assembly-E1	equipmentFailure	measured
obj_equipment_LINE-WS-jiangmen-winding-assembly-E1	loadPressure	measured
obj_equipment_LINE-WS-jiangmen-winding-assembly-E2	equipmentFailure	measured
obj_equipment_LINE-WS-jiangmen-winding-assembly-E2	loadPressure	measured
obj_equipment_LINE-WS-jiangmen-winding-coating-E1	equipmentFailure	measured
obj_equipment_LINE-WS-jiangmen-winding-coating-E1	loadPressure	measured
obj_equipment_LINE-WS-jiangmen-winding-coating-E2	equipmentFailure	measured
obj_equipment_LINE-WS-jiangmen-winding-coating-E2	loadPressure	measured
obj_equipment_LINE-WS-jiangmen-winding-winding-E1	equipmentFailure	measured
obj_equipment_LINE-WS-jiangmen-winding-winding-E1	loadPressure	measured
obj_equipment_LINE-WS-jiangmen-winding-winding-E2	equipmentFailure	measured
obj_equipment_LINE-WS-jiangmen-winding-winding-E2	loadPressure	measured
obj_equipment_LINE-WS-jinhua-assembly-assembly-E1	equipmentFailure	measured
obj_equipment_LINE-WS-jinhua-assembly-assembly-E1	loadPressure	measured
obj_equipment_LINE-WS-jinhua-assembly-assembly-E2	equipmentFailure	measured
obj_equipment_LINE-WS-jinhua-assembly-assembly-E2	loadPressure	measured
obj_equipment_LINE-WS-jinhua-assembly-coating-E1	equipmentFailure	measured
obj_equipment_LINE-WS-jinhua-assembly-coating-E1	loadPressure	measured
obj_equipment_LINE-WS-jinhua-assembly-coating-E2	equipmentFailure	measured
obj_equipment_LINE-WS-jinhua-assembly-coating-E2	loadPressure	measured
obj_equipment_LINE-WS-jinhua-assembly-winding-E1	equipmentFailure	measured
obj_equipment_LINE-WS-jinhua-assembly-winding-E1	loadPressure	measured
obj_equipment_LINE-WS-jinhua-assembly-winding-E2	equipmentFailure	measured
obj_equipment_LINE-WS-jinhua-assembly-winding-E2	loadPressure	measured
obj_equipment_LINE-WS-jinhua-calendering-assembly-E1	equipmentFailure	measured
obj_equipment_LINE-WS-jinhua-calendering-assembly-E1	loadPressure	measured
obj_equipment_LINE-WS-jinhua-calendering-assembly-E2	equipmentFailure	measured
obj_equipment_LINE-WS-jinhua-calendering-assembly-E2	loadPressure	measured
obj_equipment_LINE-WS-jinhua-calendering-coating-E1	equipmentFailure	measured
obj_equipment_LINE-WS-jinhua-calendering-coating-E1	loadPressure	measured
obj_equipment_LINE-WS-jinhua-calendering-coating-E2	equipmentFailure	measured
obj_equipment_LINE-WS-jinhua-calendering-coating-E2	loadPressure	measured
obj_equipment_LINE-WS-jinhua-calendering-winding-E1	equipmentFailure	measured
obj_equipment_LINE-WS-jinhua-calendering-winding-E1	loadPressure	measured
obj_equipment_LINE-WS-jinhua-calendering-winding-E2	equipmentFailure	measured
obj_equipment_LINE-WS-jinhua-calendering-winding-E2	loadPressure	measured
obj_equipment_LINE-WS-jinhua-coating-assembly-E1	equipmentFailure	measured
obj_equipment_LINE-WS-jinhua-coating-assembly-E1	loadPressure	measured
obj_equipment_LINE-WS-jinhua-coating-assembly-E2	equipmentFailure	measured
obj_equipment_LINE-WS-jinhua-coating-assembly-E2	loadPressure	measured
obj_equipment_LINE-WS-jinhua-coating-coating-E1	equipmentFailure	measured
obj_equipment_LINE-WS-jinhua-coating-coating-E1	loadPressure	measured
obj_equipment_LINE-WS-jinhua-coating-coating-E2	equipmentFailure	measured
obj_equipment_LINE-WS-jinhua-coating-coating-E2	loadPressure	measured
obj_equipment_LINE-WS-jinhua-coating-winding-E1	equipmentFailure	measured
obj_equipment_LINE-WS-jinhua-coating-winding-E1	loadPressure	measured
obj_equipment_LINE-WS-jinhua-coating-winding-E2	equipmentFailure	measured
obj_equipment_LINE-WS-jinhua-coating-winding-E2	loadPressure	measured
obj_equipment_LINE-WS-jinhua-filling-assembly-E1	equipmentFailure	measured
obj_equipment_LINE-WS-jinhua-filling-assembly-E1	loadPressure	measured
obj_equipment_LINE-WS-jinhua-filling-assembly-E2	equipmentFailure	measured
obj_equipment_LINE-WS-jinhua-filling-assembly-E2	loadPressure	measured
obj_equipment_LINE-WS-jinhua-filling-coating-E1	equipmentFailure	measured
obj_equipment_LINE-WS-jinhua-filling-coating-E1	loadPressure	measured
obj_equipment_LINE-WS-jinhua-filling-coating-E2	equipmentFailure	measured
obj_equipment_LINE-WS-jinhua-filling-coating-E2	loadPressure	measured
obj_equipment_LINE-WS-jinhua-filling-winding-E1	equipmentFailure	measured
obj_equipment_LINE-WS-jinhua-filling-winding-E1	loadPressure	measured
obj_equipment_LINE-WS-jinhua-filling-winding-E2	equipmentFailure	measured
obj_equipment_LINE-WS-jinhua-filling-winding-E2	loadPressure	measured
obj_equipment_LINE-WS-jinhua-formation-assembly-E1	equipmentFailure	measured
obj_equipment_LINE-WS-jinhua-formation-assembly-E1	loadPressure	measured
obj_equipment_LINE-WS-jinhua-formation-assembly-E2	equipmentFailure	measured
obj_equipment_LINE-WS-jinhua-formation-assembly-E2	loadPressure	measured
obj_equipment_LINE-WS-jinhua-formation-coating-E1	equipmentFailure	measured
obj_equipment_LINE-WS-jinhua-formation-coating-E1	loadPressure	measured
obj_equipment_LINE-WS-jinhua-formation-coating-E2	equipmentFailure	measured
obj_equipment_LINE-WS-jinhua-formation-coating-E2	loadPressure	measured
obj_equipment_LINE-WS-jinhua-formation-winding-E1	equipmentFailure	measured
obj_equipment_LINE-WS-jinhua-formation-winding-E1	loadPressure	measured
obj_equipment_LINE-WS-jinhua-formation-winding-E2	equipmentFailure	measured
obj_equipment_LINE-WS-jinhua-formation-winding-E2	loadPressure	measured
obj_equipment_LINE-WS-jinhua-grading-assembly-E1	equipmentFailure	measured
obj_equipment_LINE-WS-jinhua-grading-assembly-E1	loadPressure	measured
obj_equipment_LINE-WS-jinhua-grading-assembly-E2	equipmentFailure	measured
obj_equipment_LINE-WS-jinhua-grading-assembly-E2	loadPressure	measured
obj_equipment_LINE-WS-jinhua-grading-coating-E1	equipmentFailure	measured
obj_equipment_LINE-WS-jinhua-grading-coating-E1	loadPressure	measured
obj_equipment_LINE-WS-jinhua-grading-coating-E2	equipmentFailure	measured
obj_equipment_LINE-WS-jinhua-grading-coating-E2	loadPressure	measured
obj_equipment_LINE-WS-jinhua-grading-winding-E1	equipmentFailure	measured
obj_equipment_LINE-WS-jinhua-grading-winding-E1	loadPressure	measured
obj_equipment_LINE-WS-jinhua-grading-winding-E2	equipmentFailure	measured
obj_equipment_LINE-WS-jinhua-grading-winding-E2	loadPressure	measured
obj_equipment_LINE-WS-jinhua-pack-assembly-E1	equipmentFailure	measured
obj_equipment_LINE-WS-jinhua-pack-assembly-E1	loadPressure	measured
obj_equipment_LINE-WS-jinhua-pack-assembly-E2	equipmentFailure	measured
obj_equipment_LINE-WS-jinhua-pack-assembly-E2	loadPressure	measured
obj_equipment_LINE-WS-jinhua-pack-coating-E1	equipmentFailure	measured
obj_equipment_LINE-WS-jinhua-pack-coating-E1	loadPressure	measured
obj_equipment_LINE-WS-jinhua-pack-coating-E2	equipmentFailure	measured
obj_equipment_LINE-WS-jinhua-pack-coating-E2	loadPressure	measured
obj_equipment_LINE-WS-jinhua-pack-winding-E1	equipmentFailure	measured
obj_equipment_LINE-WS-jinhua-pack-winding-E1	loadPressure	measured
obj_equipment_LINE-WS-jinhua-pack-winding-E2	equipmentFailure	measured
obj_equipment_LINE-WS-jinhua-pack-winding-E2	loadPressure	measured
obj_equipment_LINE-WS-jinhua-slitting-assembly-E1	equipmentFailure	measured
obj_equipment_LINE-WS-jinhua-slitting-assembly-E1	loadPressure	measured
obj_equipment_LINE-WS-jinhua-slitting-assembly-E2	equipmentFailure	measured
obj_equipment_LINE-WS-jinhua-slitting-assembly-E2	loadPressure	measured
obj_equipment_LINE-WS-jinhua-slitting-coating-E1	equipmentFailure	measured
obj_equipment_LINE-WS-jinhua-slitting-coating-E1	loadPressure	measured
obj_equipment_LINE-WS-jinhua-slitting-coating-E2	equipmentFailure	measured
obj_equipment_LINE-WS-jinhua-slitting-coating-E2	loadPressure	measured
obj_equipment_LINE-WS-jinhua-slitting-winding-E1	equipmentFailure	measured
obj_equipment_LINE-WS-jinhua-slitting-winding-E1	loadPressure	measured
obj_equipment_LINE-WS-jinhua-slitting-winding-E2	equipmentFailure	measured
obj_equipment_LINE-WS-jinhua-slitting-winding-E2	loadPressure	measured
obj_equipment_LINE-WS-jinhua-slurry-assembly-E1	equipmentFailure	measured
obj_equipment_LINE-WS-jinhua-slurry-assembly-E1	loadPressure	measured
obj_equipment_LINE-WS-jinhua-slurry-assembly-E2	equipmentFailure	measured
obj_equipment_LINE-WS-jinhua-slurry-assembly-E2	loadPressure	measured
obj_equipment_LINE-WS-jinhua-slurry-coating-E1	equipmentFailure	measured
obj_equipment_LINE-WS-jinhua-slurry-coating-E1	loadPressure	measured
obj_equipment_LINE-WS-jinhua-slurry-coating-E2	equipmentFailure	measured
obj_equipment_LINE-WS-jinhua-slurry-coating-E2	loadPressure	measured
obj_equipment_LINE-WS-jinhua-slurry-winding-E1	equipmentFailure	measured
obj_equipment_LINE-WS-jinhua-slurry-winding-E1	loadPressure	measured
obj_equipment_LINE-WS-jinhua-slurry-winding-E2	equipmentFailure	measured
obj_equipment_LINE-WS-jinhua-slurry-winding-E2	loadPressure	measured
obj_equipment_LINE-WS-jinhua-winding-assembly-E1	equipmentFailure	measured
obj_equipment_LINE-WS-jinhua-winding-assembly-E1	loadPressure	measured
obj_equipment_LINE-WS-jinhua-winding-assembly-E2	equipmentFailure	measured
obj_equipment_LINE-WS-jinhua-winding-assembly-E2	loadPressure	measured
obj_equipment_LINE-WS-jinhua-winding-coating-E1	equipmentFailure	measured
obj_equipment_LINE-WS-jinhua-winding-coating-E1	loadPressure	measured
obj_equipment_LINE-WS-jinhua-winding-coating-E2	equipmentFailure	measured
obj_equipment_LINE-WS-jinhua-winding-coating-E2	loadPressure	measured
obj_equipment_LINE-WS-jinhua-winding-winding-E1	equipmentFailure	measured
obj_equipment_LINE-WS-jinhua-winding-winding-E1	loadPressure	measured
obj_equipment_LINE-WS-jinhua-winding-winding-E2	equipmentFailure	measured
obj_equipment_LINE-WS-jinhua-winding-winding-E2	loadPressure	measured
obj_equipment_LINE-WS-meishan-assembly-assembly-E1	equipmentFailure	measured
obj_equipment_LINE-WS-meishan-assembly-assembly-E1	loadPressure	measured
obj_equipment_LINE-WS-meishan-assembly-assembly-E2	equipmentFailure	measured
obj_equipment_LINE-WS-meishan-assembly-assembly-E2	loadPressure	measured
obj_equipment_LINE-WS-meishan-assembly-coating-E1	equipmentFailure	measured
obj_equipment_LINE-WS-meishan-assembly-coating-E1	loadPressure	measured
obj_equipment_LINE-WS-meishan-assembly-coating-E2	equipmentFailure	measured
obj_equipment_LINE-WS-meishan-assembly-coating-E2	loadPressure	measured
obj_equipment_LINE-WS-meishan-assembly-winding-E1	equipmentFailure	measured
obj_equipment_LINE-WS-meishan-assembly-winding-E1	loadPressure	measured
obj_equipment_LINE-WS-meishan-assembly-winding-E2	equipmentFailure	measured
obj_equipment_LINE-WS-meishan-assembly-winding-E2	loadPressure	measured
obj_equipment_LINE-WS-meishan-calendering-assembly-E1	equipmentFailure	measured
obj_equipment_LINE-WS-meishan-calendering-assembly-E1	loadPressure	measured
obj_equipment_LINE-WS-meishan-calendering-assembly-E2	equipmentFailure	measured
obj_equipment_LINE-WS-meishan-calendering-assembly-E2	loadPressure	measured
obj_equipment_LINE-WS-meishan-calendering-coating-E1	equipmentFailure	measured
obj_equipment_LINE-WS-meishan-calendering-coating-E1	loadPressure	measured
obj_equipment_LINE-WS-meishan-calendering-coating-E2	equipmentFailure	measured
obj_equipment_LINE-WS-meishan-calendering-coating-E2	loadPressure	measured
obj_equipment_LINE-WS-meishan-calendering-winding-E1	equipmentFailure	measured
obj_equipment_LINE-WS-meishan-calendering-winding-E1	loadPressure	measured
obj_equipment_LINE-WS-meishan-calendering-winding-E2	equipmentFailure	measured
obj_equipment_LINE-WS-meishan-calendering-winding-E2	loadPressure	measured
obj_equipment_LINE-WS-meishan-coating-assembly-E1	equipmentFailure	measured
obj_equipment_LINE-WS-meishan-coating-assembly-E1	loadPressure	measured
obj_equipment_LINE-WS-meishan-coating-assembly-E2	equipmentFailure	measured
obj_equipment_LINE-WS-meishan-coating-assembly-E2	loadPressure	measured
obj_equipment_LINE-WS-meishan-coating-coating-E1	equipmentFailure	measured
obj_equipment_LINE-WS-meishan-coating-coating-E1	loadPressure	measured
obj_equipment_LINE-WS-meishan-coating-coating-E2	equipmentFailure	measured
obj_equipment_LINE-WS-meishan-coating-coating-E2	loadPressure	measured
obj_equipment_LINE-WS-meishan-coating-winding-E1	equipmentFailure	measured
obj_equipment_LINE-WS-meishan-coating-winding-E1	loadPressure	measured
obj_equipment_LINE-WS-meishan-coating-winding-E2	equipmentFailure	measured
obj_equipment_LINE-WS-meishan-coating-winding-E2	loadPressure	measured
obj_equipment_LINE-WS-meishan-filling-assembly-E1	equipmentFailure	measured
obj_equipment_LINE-WS-meishan-filling-assembly-E1	loadPressure	measured
obj_equipment_LINE-WS-meishan-filling-assembly-E2	equipmentFailure	measured
obj_equipment_LINE-WS-meishan-filling-assembly-E2	loadPressure	measured
obj_equipment_LINE-WS-meishan-filling-coating-E1	equipmentFailure	measured
obj_equipment_LINE-WS-meishan-filling-coating-E1	loadPressure	measured
obj_equipment_LINE-WS-meishan-filling-coating-E2	equipmentFailure	measured
obj_equipment_LINE-WS-meishan-filling-coating-E2	loadPressure	measured
obj_equipment_LINE-WS-meishan-filling-winding-E1	equipmentFailure	measured
obj_equipment_LINE-WS-meishan-filling-winding-E1	loadPressure	measured
obj_equipment_LINE-WS-meishan-filling-winding-E2	equipmentFailure	measured
obj_equipment_LINE-WS-meishan-filling-winding-E2	loadPressure	measured
obj_equipment_LINE-WS-meishan-formation-assembly-E1	equipmentFailure	measured
obj_equipment_LINE-WS-meishan-formation-assembly-E1	loadPressure	measured
obj_equipment_LINE-WS-meishan-formation-assembly-E2	equipmentFailure	measured
obj_equipment_LINE-WS-meishan-formation-assembly-E2	loadPressure	measured
obj_equipment_LINE-WS-meishan-formation-coating-E1	equipmentFailure	measured
obj_equipment_LINE-WS-meishan-formation-coating-E1	loadPressure	measured
obj_equipment_LINE-WS-meishan-formation-coating-E2	equipmentFailure	measured
obj_equipment_LINE-WS-meishan-formation-coating-E2	loadPressure	measured
obj_equipment_LINE-WS-meishan-formation-winding-E1	equipmentFailure	measured
obj_equipment_LINE-WS-meishan-formation-winding-E1	loadPressure	measured
obj_equipment_LINE-WS-meishan-formation-winding-E2	equipmentFailure	measured
obj_equipment_LINE-WS-meishan-formation-winding-E2	loadPressure	measured
obj_equipment_LINE-WS-meishan-grading-assembly-E1	equipmentFailure	measured
obj_equipment_LINE-WS-meishan-grading-assembly-E1	loadPressure	measured
obj_equipment_LINE-WS-meishan-grading-assembly-E2	equipmentFailure	measured
obj_equipment_LINE-WS-meishan-grading-assembly-E2	loadPressure	measured
obj_equipment_LINE-WS-meishan-grading-coating-E1	equipmentFailure	measured
obj_equipment_LINE-WS-meishan-grading-coating-E1	loadPressure	measured
obj_equipment_LINE-WS-meishan-grading-coating-E2	equipmentFailure	measured
obj_equipment_LINE-WS-meishan-grading-coating-E2	loadPressure	measured
obj_equipment_LINE-WS-meishan-grading-winding-E1	equipmentFailure	measured
obj_equipment_LINE-WS-meishan-grading-winding-E1	loadPressure	measured
obj_equipment_LINE-WS-meishan-grading-winding-E2	equipmentFailure	measured
obj_equipment_LINE-WS-meishan-grading-winding-E2	loadPressure	measured
obj_equipment_LINE-WS-meishan-pack-assembly-E1	equipmentFailure	measured
obj_equipment_LINE-WS-meishan-pack-assembly-E1	loadPressure	measured
obj_equipment_LINE-WS-meishan-pack-assembly-E2	equipmentFailure	measured
obj_equipment_LINE-WS-meishan-pack-assembly-E2	loadPressure	measured
obj_equipment_LINE-WS-meishan-pack-coating-E1	equipmentFailure	measured
obj_equipment_LINE-WS-meishan-pack-coating-E1	loadPressure	measured
obj_equipment_LINE-WS-meishan-pack-coating-E2	equipmentFailure	measured
obj_equipment_LINE-WS-meishan-pack-coating-E2	loadPressure	measured
obj_equipment_LINE-WS-meishan-pack-winding-E1	equipmentFailure	measured
obj_equipment_LINE-WS-meishan-pack-winding-E1	loadPressure	measured
obj_equipment_LINE-WS-meishan-pack-winding-E2	equipmentFailure	measured
obj_equipment_LINE-WS-meishan-pack-winding-E2	loadPressure	measured
obj_equipment_LINE-WS-meishan-slitting-assembly-E1	equipmentFailure	measured
obj_equipment_LINE-WS-meishan-slitting-assembly-E1	loadPressure	measured
obj_equipment_LINE-WS-meishan-slitting-assembly-E2	equipmentFailure	measured
obj_equipment_LINE-WS-meishan-slitting-assembly-E2	loadPressure	measured
obj_equipment_LINE-WS-meishan-slitting-coating-E1	equipmentFailure	measured
obj_equipment_LINE-WS-meishan-slitting-coating-E1	loadPressure	measured
obj_equipment_LINE-WS-meishan-slitting-coating-E2	equipmentFailure	measured
obj_equipment_LINE-WS-meishan-slitting-coating-E2	loadPressure	measured
obj_equipment_LINE-WS-meishan-slitting-winding-E1	equipmentFailure	measured
obj_equipment_LINE-WS-meishan-slitting-winding-E1	loadPressure	measured
obj_equipment_LINE-WS-meishan-slitting-winding-E2	equipmentFailure	measured
obj_equipment_LINE-WS-meishan-slitting-winding-E2	loadPressure	measured
obj_equipment_LINE-WS-meishan-slurry-assembly-E1	equipmentFailure	measured
obj_equipment_LINE-WS-meishan-slurry-assembly-E1	loadPressure	measured
obj_equipment_LINE-WS-meishan-slurry-assembly-E2	equipmentFailure	measured
obj_equipment_LINE-WS-meishan-slurry-assembly-E2	loadPressure	measured
obj_equipment_LINE-WS-meishan-slurry-coating-E1	equipmentFailure	measured
obj_equipment_LINE-WS-meishan-slurry-coating-E1	loadPressure	measured
obj_equipment_LINE-WS-meishan-slurry-coating-E2	equipmentFailure	measured
obj_equipment_LINE-WS-meishan-slurry-coating-E2	loadPressure	measured
obj_equipment_LINE-WS-meishan-slurry-winding-E1	equipmentFailure	measured
obj_equipment_LINE-WS-meishan-slurry-winding-E1	loadPressure	measured
obj_equipment_LINE-WS-meishan-slurry-winding-E2	equipmentFailure	measured
obj_equipment_LINE-WS-meishan-slurry-winding-E2	loadPressure	measured
obj_equipment_LINE-WS-meishan-winding-assembly-E1	equipmentFailure	measured
obj_equipment_LINE-WS-meishan-winding-assembly-E1	loadPressure	measured
obj_equipment_LINE-WS-meishan-winding-assembly-E2	equipmentFailure	measured
obj_equipment_LINE-WS-meishan-winding-assembly-E2	loadPressure	measured
obj_equipment_LINE-WS-meishan-winding-coating-E1	equipmentFailure	measured
obj_equipment_LINE-WS-meishan-winding-coating-E1	loadPressure	measured
obj_equipment_LINE-WS-meishan-winding-coating-E2	equipmentFailure	measured
obj_equipment_LINE-WS-meishan-winding-coating-E2	loadPressure	measured
obj_equipment_LINE-WS-meishan-winding-winding-E1	equipmentFailure	measured
obj_equipment_LINE-WS-meishan-winding-winding-E1	loadPressure	measured
obj_equipment_LINE-WS-meishan-winding-winding-E2	equipmentFailure	measured
obj_equipment_LINE-WS-meishan-winding-winding-E2	loadPressure	measured
obj_equipment_LINE-WS-wuhan-assembly-assembly-E1	equipmentFailure	measured
obj_equipment_LINE-WS-wuhan-assembly-assembly-E1	loadPressure	measured
obj_equipment_LINE-WS-wuhan-assembly-assembly-E2	equipmentFailure	measured
obj_equipment_LINE-WS-wuhan-assembly-assembly-E2	loadPressure	measured
obj_equipment_LINE-WS-wuhan-assembly-coating-E1	equipmentFailure	measured
obj_equipment_LINE-WS-wuhan-assembly-coating-E1	loadPressure	measured
obj_equipment_LINE-WS-wuhan-assembly-coating-E2	equipmentFailure	measured
obj_equipment_LINE-WS-wuhan-assembly-coating-E2	loadPressure	measured
obj_equipment_LINE-WS-wuhan-assembly-winding-E1	equipmentFailure	measured
obj_equipment_LINE-WS-wuhan-assembly-winding-E1	loadPressure	measured
obj_equipment_LINE-WS-wuhan-assembly-winding-E2	equipmentFailure	measured
obj_equipment_LINE-WS-wuhan-assembly-winding-E2	loadPressure	measured
obj_equipment_LINE-WS-wuhan-calendering-assembly-E1	equipmentFailure	measured
obj_equipment_LINE-WS-wuhan-calendering-assembly-E1	loadPressure	measured
obj_equipment_LINE-WS-wuhan-calendering-assembly-E2	equipmentFailure	measured
obj_equipment_LINE-WS-wuhan-calendering-assembly-E2	loadPressure	measured
obj_equipment_LINE-WS-wuhan-calendering-coating-E1	equipmentFailure	measured
obj_equipment_LINE-WS-wuhan-calendering-coating-E1	loadPressure	measured
obj_equipment_LINE-WS-wuhan-calendering-coating-E2	equipmentFailure	measured
obj_equipment_LINE-WS-wuhan-calendering-coating-E2	loadPressure	measured
obj_equipment_LINE-WS-wuhan-calendering-winding-E1	equipmentFailure	measured
obj_equipment_LINE-WS-wuhan-calendering-winding-E1	loadPressure	measured
obj_equipment_LINE-WS-wuhan-calendering-winding-E2	equipmentFailure	measured
obj_equipment_LINE-WS-wuhan-calendering-winding-E2	loadPressure	measured
obj_equipment_LINE-WS-wuhan-coating-assembly-E1	equipmentFailure	measured
obj_equipment_LINE-WS-wuhan-coating-assembly-E1	loadPressure	measured
obj_equipment_LINE-WS-wuhan-coating-assembly-E2	equipmentFailure	measured
obj_equipment_LINE-WS-wuhan-coating-assembly-E2	loadPressure	measured
obj_equipment_LINE-WS-wuhan-coating-coating-E1	equipmentFailure	measured
obj_equipment_LINE-WS-wuhan-coating-coating-E1	loadPressure	measured
obj_equipment_LINE-WS-wuhan-coating-coating-E2	equipmentFailure	measured
obj_equipment_LINE-WS-wuhan-coating-coating-E2	loadPressure	measured
obj_equipment_LINE-WS-wuhan-coating-winding-E1	equipmentFailure	measured
obj_equipment_LINE-WS-wuhan-coating-winding-E1	loadPressure	measured
obj_equipment_LINE-WS-wuhan-coating-winding-E2	equipmentFailure	measured
obj_equipment_LINE-WS-wuhan-coating-winding-E2	loadPressure	measured
obj_equipment_LINE-WS-wuhan-filling-assembly-E1	equipmentFailure	measured
obj_equipment_LINE-WS-wuhan-filling-assembly-E1	loadPressure	measured
obj_equipment_LINE-WS-wuhan-filling-assembly-E2	equipmentFailure	measured
obj_equipment_LINE-WS-wuhan-filling-assembly-E2	loadPressure	measured
obj_equipment_LINE-WS-wuhan-filling-coating-E1	equipmentFailure	measured
obj_equipment_LINE-WS-wuhan-filling-coating-E1	loadPressure	measured
obj_equipment_LINE-WS-wuhan-filling-coating-E2	equipmentFailure	measured
obj_equipment_LINE-WS-wuhan-filling-coating-E2	loadPressure	measured
obj_equipment_LINE-WS-wuhan-filling-winding-E1	equipmentFailure	measured
obj_equipment_LINE-WS-wuhan-filling-winding-E1	loadPressure	measured
obj_equipment_LINE-WS-wuhan-filling-winding-E2	equipmentFailure	measured
obj_equipment_LINE-WS-wuhan-filling-winding-E2	loadPressure	measured
obj_equipment_LINE-WS-wuhan-formation-assembly-E1	equipmentFailure	measured
obj_equipment_LINE-WS-wuhan-formation-assembly-E1	loadPressure	measured
obj_equipment_LINE-WS-wuhan-formation-assembly-E2	equipmentFailure	measured
obj_equipment_LINE-WS-wuhan-formation-assembly-E2	loadPressure	measured
obj_equipment_LINE-WS-wuhan-formation-coating-E1	equipmentFailure	measured
obj_equipment_LINE-WS-wuhan-formation-coating-E1	loadPressure	measured
obj_equipment_LINE-WS-wuhan-formation-coating-E2	equipmentFailure	measured
obj_equipment_LINE-WS-wuhan-formation-coating-E2	loadPressure	measured
obj_equipment_LINE-WS-wuhan-formation-winding-E1	equipmentFailure	measured
obj_equipment_LINE-WS-wuhan-formation-winding-E1	loadPressure	measured
obj_equipment_LINE-WS-wuhan-formation-winding-E2	equipmentFailure	measured
obj_equipment_LINE-WS-wuhan-formation-winding-E2	loadPressure	measured
obj_equipment_LINE-WS-wuhan-grading-assembly-E1	equipmentFailure	measured
obj_equipment_LINE-WS-wuhan-grading-assembly-E1	loadPressure	measured
obj_equipment_LINE-WS-wuhan-grading-assembly-E2	equipmentFailure	measured
obj_equipment_LINE-WS-wuhan-grading-assembly-E2	loadPressure	measured
obj_equipment_LINE-WS-wuhan-grading-coating-E1	equipmentFailure	measured
obj_equipment_LINE-WS-wuhan-grading-coating-E1	loadPressure	measured
obj_equipment_LINE-WS-wuhan-grading-coating-E2	equipmentFailure	measured
obj_equipment_LINE-WS-wuhan-grading-coating-E2	loadPressure	measured
obj_equipment_LINE-WS-wuhan-grading-winding-E1	equipmentFailure	measured
obj_equipment_LINE-WS-wuhan-grading-winding-E1	loadPressure	measured
obj_equipment_LINE-WS-wuhan-grading-winding-E2	equipmentFailure	measured
obj_equipment_LINE-WS-wuhan-grading-winding-E2	loadPressure	measured
obj_equipment_LINE-WS-wuhan-pack-assembly-E1	equipmentFailure	measured
obj_equipment_LINE-WS-wuhan-pack-assembly-E1	loadPressure	measured
obj_equipment_LINE-WS-wuhan-pack-assembly-E2	equipmentFailure	measured
obj_equipment_LINE-WS-wuhan-pack-assembly-E2	loadPressure	measured
obj_equipment_LINE-WS-wuhan-pack-coating-E1	equipmentFailure	measured
obj_equipment_LINE-WS-wuhan-pack-coating-E1	loadPressure	measured
obj_equipment_LINE-WS-wuhan-pack-coating-E2	equipmentFailure	measured
obj_equipment_LINE-WS-wuhan-pack-coating-E2	loadPressure	measured
obj_equipment_LINE-WS-wuhan-pack-winding-E1	equipmentFailure	measured
obj_equipment_LINE-WS-wuhan-pack-winding-E1	loadPressure	measured
obj_equipment_LINE-WS-wuhan-pack-winding-E2	equipmentFailure	measured
obj_equipment_LINE-WS-wuhan-pack-winding-E2	loadPressure	measured
obj_equipment_LINE-WS-wuhan-slitting-assembly-E1	equipmentFailure	measured
obj_equipment_LINE-WS-wuhan-slitting-assembly-E1	loadPressure	measured
obj_equipment_LINE-WS-wuhan-slitting-assembly-E2	equipmentFailure	measured
obj_equipment_LINE-WS-wuhan-slitting-assembly-E2	loadPressure	measured
obj_equipment_LINE-WS-wuhan-slitting-coating-E1	equipmentFailure	measured
obj_equipment_LINE-WS-wuhan-slitting-coating-E1	loadPressure	measured
obj_equipment_LINE-WS-wuhan-slitting-coating-E2	equipmentFailure	measured
obj_equipment_LINE-WS-wuhan-slitting-coating-E2	loadPressure	measured
obj_equipment_LINE-WS-wuhan-slitting-winding-E1	equipmentFailure	measured
obj_equipment_LINE-WS-wuhan-slitting-winding-E1	loadPressure	measured
obj_equipment_LINE-WS-wuhan-slitting-winding-E2	equipmentFailure	measured
obj_equipment_LINE-WS-wuhan-slitting-winding-E2	loadPressure	measured
obj_equipment_LINE-WS-wuhan-slurry-assembly-E1	equipmentFailure	measured
obj_equipment_LINE-WS-wuhan-slurry-assembly-E1	loadPressure	measured
obj_equipment_LINE-WS-wuhan-slurry-assembly-E2	equipmentFailure	measured
obj_equipment_LINE-WS-wuhan-slurry-assembly-E2	loadPressure	measured
obj_equipment_LINE-WS-wuhan-slurry-coating-E1	equipmentFailure	measured
obj_equipment_LINE-WS-wuhan-slurry-coating-E1	loadPressure	measured
obj_equipment_LINE-WS-wuhan-slurry-coating-E2	equipmentFailure	measured
obj_equipment_LINE-WS-wuhan-slurry-coating-E2	loadPressure	measured
obj_equipment_LINE-WS-wuhan-slurry-winding-E1	equipmentFailure	measured
obj_equipment_LINE-WS-wuhan-slurry-winding-E1	loadPressure	measured
obj_equipment_LINE-WS-wuhan-slurry-winding-E2	equipmentFailure	measured
obj_equipment_LINE-WS-wuhan-slurry-winding-E2	loadPressure	measured
obj_equipment_LINE-WS-wuhan-winding-assembly-E1	equipmentFailure	measured
obj_equipment_LINE-WS-wuhan-winding-assembly-E1	loadPressure	measured
obj_equipment_LINE-WS-wuhan-winding-assembly-E2	equipmentFailure	measured
obj_equipment_LINE-WS-wuhan-winding-assembly-E2	loadPressure	measured
obj_equipment_LINE-WS-wuhan-winding-coating-E1	equipmentFailure	measured
obj_equipment_LINE-WS-wuhan-winding-coating-E1	loadPressure	measured
obj_equipment_LINE-WS-wuhan-winding-coating-E2	equipmentFailure	measured
obj_equipment_LINE-WS-wuhan-winding-coating-E2	loadPressure	measured
obj_equipment_LINE-WS-wuhan-winding-winding-E1	equipmentFailure	measured
obj_equipment_LINE-WS-wuhan-winding-winding-E1	loadPressure	measured
obj_equipment_LINE-WS-wuhan-winding-winding-E2	equipmentFailure	measured
obj_equipment_LINE-WS-wuhan-winding-winding-E2	loadPressure	measured
obj_equipment_LINE-WS-xiamen-assembly-assembly-E1	equipmentFailure	measured
obj_equipment_LINE-WS-xiamen-assembly-assembly-E1	loadPressure	measured
obj_equipment_LINE-WS-xiamen-assembly-assembly-E2	equipmentFailure	measured
obj_equipment_LINE-WS-xiamen-assembly-assembly-E2	loadPressure	measured
obj_equipment_LINE-WS-xiamen-assembly-coating-E1	equipmentFailure	measured
obj_equipment_LINE-WS-xiamen-assembly-coating-E1	loadPressure	measured
obj_equipment_LINE-WS-xiamen-assembly-coating-E2	equipmentFailure	measured
obj_equipment_LINE-WS-xiamen-assembly-coating-E2	loadPressure	measured
obj_equipment_LINE-WS-xiamen-assembly-winding-E1	equipmentFailure	measured
obj_equipment_LINE-WS-xiamen-assembly-winding-E1	loadPressure	measured
obj_equipment_LINE-WS-xiamen-assembly-winding-E2	equipmentFailure	measured
obj_equipment_LINE-WS-xiamen-assembly-winding-E2	loadPressure	measured
obj_equipment_LINE-WS-xiamen-calendering-assembly-E1	equipmentFailure	measured
obj_equipment_LINE-WS-xiamen-calendering-assembly-E1	loadPressure	measured
obj_equipment_LINE-WS-xiamen-calendering-assembly-E2	equipmentFailure	measured
obj_equipment_LINE-WS-xiamen-calendering-assembly-E2	loadPressure	measured
obj_equipment_LINE-WS-xiamen-calendering-coating-E1	equipmentFailure	measured
obj_equipment_LINE-WS-xiamen-calendering-coating-E1	loadPressure	measured
obj_equipment_LINE-WS-xiamen-calendering-coating-E2	equipmentFailure	measured
obj_equipment_LINE-WS-xiamen-calendering-coating-E2	loadPressure	measured
obj_equipment_LINE-WS-xiamen-calendering-winding-E1	equipmentFailure	measured
obj_equipment_LINE-WS-xiamen-calendering-winding-E1	loadPressure	measured
obj_equipment_LINE-WS-xiamen-calendering-winding-E2	equipmentFailure	measured
obj_equipment_LINE-WS-xiamen-calendering-winding-E2	loadPressure	measured
obj_equipment_LINE-WS-xiamen-coating-assembly-E1	equipmentFailure	measured
obj_equipment_LINE-WS-xiamen-coating-assembly-E1	loadPressure	measured
obj_equipment_LINE-WS-xiamen-coating-assembly-E2	equipmentFailure	measured
obj_equipment_LINE-WS-xiamen-coating-assembly-E2	loadPressure	measured
obj_equipment_LINE-WS-xiamen-coating-coating-E1	equipmentFailure	measured
obj_equipment_LINE-WS-xiamen-coating-coating-E1	loadPressure	measured
obj_equipment_LINE-WS-xiamen-coating-coating-E2	equipmentFailure	measured
obj_equipment_LINE-WS-xiamen-coating-coating-E2	loadPressure	measured
obj_equipment_LINE-WS-xiamen-coating-winding-E1	equipmentFailure	measured
obj_equipment_LINE-WS-xiamen-coating-winding-E1	loadPressure	measured
obj_equipment_LINE-WS-xiamen-coating-winding-E2	equipmentFailure	measured
obj_equipment_LINE-WS-xiamen-coating-winding-E2	loadPressure	measured
obj_equipment_LINE-WS-xiamen-filling-assembly-E1	equipmentFailure	measured
obj_equipment_LINE-WS-xiamen-filling-assembly-E1	loadPressure	measured
obj_equipment_LINE-WS-xiamen-filling-assembly-E2	equipmentFailure	measured
obj_equipment_LINE-WS-xiamen-filling-assembly-E2	loadPressure	measured
obj_equipment_LINE-WS-xiamen-filling-coating-E1	equipmentFailure	measured
obj_equipment_LINE-WS-xiamen-filling-coating-E1	loadPressure	measured
obj_equipment_LINE-WS-xiamen-filling-coating-E2	equipmentFailure	measured
obj_equipment_LINE-WS-xiamen-filling-coating-E2	loadPressure	measured
obj_equipment_LINE-WS-xiamen-filling-winding-E1	equipmentFailure	measured
obj_equipment_LINE-WS-xiamen-filling-winding-E1	loadPressure	measured
obj_equipment_LINE-WS-xiamen-filling-winding-E2	equipmentFailure	measured
obj_equipment_LINE-WS-xiamen-filling-winding-E2	loadPressure	measured
obj_equipment_LINE-WS-xiamen-formation-assembly-E1	equipmentFailure	measured
obj_equipment_LINE-WS-xiamen-formation-assembly-E1	loadPressure	measured
obj_equipment_LINE-WS-xiamen-formation-assembly-E2	equipmentFailure	measured
obj_equipment_LINE-WS-xiamen-formation-assembly-E2	loadPressure	measured
obj_equipment_LINE-WS-xiamen-formation-coating-E1	equipmentFailure	measured
obj_equipment_LINE-WS-xiamen-formation-coating-E1	loadPressure	measured
obj_equipment_LINE-WS-xiamen-formation-coating-E2	equipmentFailure	measured
obj_equipment_LINE-WS-xiamen-formation-coating-E2	loadPressure	measured
obj_equipment_LINE-WS-xiamen-formation-winding-E1	equipmentFailure	measured
obj_equipment_LINE-WS-xiamen-formation-winding-E1	loadPressure	measured
obj_equipment_LINE-WS-xiamen-formation-winding-E2	equipmentFailure	measured
obj_equipment_LINE-WS-xiamen-formation-winding-E2	loadPressure	measured
obj_equipment_LINE-WS-xiamen-grading-assembly-E1	equipmentFailure	measured
obj_equipment_LINE-WS-xiamen-grading-assembly-E1	loadPressure	measured
obj_equipment_LINE-WS-xiamen-grading-assembly-E2	equipmentFailure	measured
obj_equipment_LINE-WS-xiamen-grading-assembly-E2	loadPressure	measured
obj_equipment_LINE-WS-xiamen-grading-coating-E1	equipmentFailure	measured
obj_equipment_LINE-WS-xiamen-grading-coating-E1	loadPressure	measured
obj_equipment_LINE-WS-xiamen-grading-coating-E2	equipmentFailure	measured
obj_equipment_LINE-WS-xiamen-grading-coating-E2	loadPressure	measured
obj_equipment_LINE-WS-xiamen-grading-winding-E1	equipmentFailure	measured
obj_equipment_LINE-WS-xiamen-grading-winding-E1	loadPressure	measured
obj_equipment_LINE-WS-xiamen-grading-winding-E2	equipmentFailure	measured
obj_equipment_LINE-WS-xiamen-grading-winding-E2	loadPressure	measured
obj_equipment_LINE-WS-xiamen-pack-assembly-E1	equipmentFailure	measured
obj_equipment_LINE-WS-xiamen-pack-assembly-E1	loadPressure	measured
obj_equipment_LINE-WS-xiamen-pack-assembly-E2	equipmentFailure	measured
obj_equipment_LINE-WS-xiamen-pack-assembly-E2	loadPressure	measured
obj_equipment_LINE-WS-xiamen-pack-coating-E1	equipmentFailure	measured
obj_equipment_LINE-WS-xiamen-pack-coating-E1	loadPressure	measured
obj_equipment_LINE-WS-xiamen-pack-coating-E2	equipmentFailure	measured
obj_equipment_LINE-WS-xiamen-pack-coating-E2	loadPressure	measured
obj_equipment_LINE-WS-xiamen-pack-winding-E1	equipmentFailure	measured
obj_equipment_LINE-WS-xiamen-pack-winding-E1	loadPressure	measured
obj_equipment_LINE-WS-xiamen-pack-winding-E2	equipmentFailure	measured
obj_equipment_LINE-WS-xiamen-pack-winding-E2	loadPressure	measured
obj_equipment_LINE-WS-xiamen-slitting-assembly-E1	equipmentFailure	measured
obj_equipment_LINE-WS-xiamen-slitting-assembly-E1	loadPressure	measured
obj_equipment_LINE-WS-xiamen-slitting-assembly-E2	equipmentFailure	measured
obj_equipment_LINE-WS-xiamen-slitting-assembly-E2	loadPressure	measured
obj_equipment_LINE-WS-xiamen-slitting-coating-E1	equipmentFailure	measured
obj_equipment_LINE-WS-xiamen-slitting-coating-E1	loadPressure	measured
obj_equipment_LINE-WS-xiamen-slitting-coating-E2	equipmentFailure	measured
obj_equipment_LINE-WS-xiamen-slitting-coating-E2	loadPressure	measured
obj_equipment_LINE-WS-xiamen-slitting-winding-E1	equipmentFailure	measured
obj_equipment_LINE-WS-xiamen-slitting-winding-E1	loadPressure	measured
obj_equipment_LINE-WS-xiamen-slitting-winding-E2	equipmentFailure	measured
obj_equipment_LINE-WS-xiamen-slitting-winding-E2	loadPressure	measured
obj_equipment_LINE-WS-xiamen-slurry-assembly-E1	equipmentFailure	measured
obj_equipment_LINE-WS-xiamen-slurry-assembly-E1	loadPressure	measured
obj_equipment_LINE-WS-xiamen-slurry-assembly-E2	equipmentFailure	measured
obj_equipment_LINE-WS-xiamen-slurry-assembly-E2	loadPressure	measured
obj_equipment_LINE-WS-xiamen-slurry-coating-E1	equipmentFailure	measured
obj_equipment_LINE-WS-xiamen-slurry-coating-E1	loadPressure	measured
obj_equipment_LINE-WS-xiamen-slurry-coating-E2	equipmentFailure	measured
obj_equipment_LINE-WS-xiamen-slurry-coating-E2	loadPressure	measured
obj_equipment_LINE-WS-xiamen-slurry-winding-E1	equipmentFailure	measured
obj_equipment_LINE-WS-xiamen-slurry-winding-E1	loadPressure	measured
obj_equipment_LINE-WS-xiamen-slurry-winding-E2	equipmentFailure	measured
obj_equipment_LINE-WS-xiamen-slurry-winding-E2	loadPressure	measured
obj_equipment_LINE-WS-xiamen-winding-assembly-E1	equipmentFailure	measured
obj_equipment_LINE-WS-xiamen-winding-assembly-E1	loadPressure	measured
obj_equipment_LINE-WS-xiamen-winding-assembly-E2	equipmentFailure	measured
obj_equipment_LINE-WS-xiamen-winding-assembly-E2	loadPressure	measured
obj_equipment_LINE-WS-xiamen-winding-coating-E1	equipmentFailure	measured
obj_equipment_LINE-WS-xiamen-winding-coating-E1	loadPressure	measured
obj_equipment_LINE-WS-xiamen-winding-coating-E2	equipmentFailure	measured
obj_equipment_LINE-WS-xiamen-winding-coating-E2	loadPressure	measured
obj_equipment_LINE-WS-xiamen-winding-winding-E1	equipmentFailure	measured
obj_equipment_LINE-WS-xiamen-winding-winding-E1	loadPressure	measured
obj_equipment_LINE-WS-xiamen-winding-winding-E2	equipmentFailure	measured
obj_equipment_LINE-WS-xiamen-winding-winding-E2	loadPressure	measured
obj_equipment_LINE-WS-xinyang-assembly-assembly-E1	equipmentFailure	measured
obj_equipment_LINE-WS-xinyang-assembly-assembly-E1	loadPressure	measured
obj_equipment_LINE-WS-xinyang-assembly-assembly-E2	equipmentFailure	measured
obj_equipment_LINE-WS-xinyang-assembly-assembly-E2	loadPressure	measured
obj_equipment_LINE-WS-xinyang-assembly-coating-E1	equipmentFailure	measured
obj_equipment_LINE-WS-xinyang-assembly-coating-E1	loadPressure	measured
obj_equipment_LINE-WS-xinyang-assembly-coating-E2	equipmentFailure	measured
obj_equipment_LINE-WS-xinyang-assembly-coating-E2	loadPressure	measured
obj_equipment_LINE-WS-xinyang-assembly-winding-E1	equipmentFailure	measured
obj_equipment_LINE-WS-xinyang-assembly-winding-E1	loadPressure	measured
obj_equipment_LINE-WS-xinyang-assembly-winding-E2	equipmentFailure	measured
obj_equipment_LINE-WS-xinyang-assembly-winding-E2	loadPressure	measured
obj_equipment_LINE-WS-xinyang-calendering-assembly-E1	equipmentFailure	measured
obj_equipment_LINE-WS-xinyang-calendering-assembly-E1	loadPressure	measured
obj_equipment_LINE-WS-xinyang-calendering-assembly-E2	equipmentFailure	measured
obj_equipment_LINE-WS-xinyang-calendering-assembly-E2	loadPressure	measured
obj_equipment_LINE-WS-xinyang-calendering-coating-E1	equipmentFailure	measured
obj_equipment_LINE-WS-xinyang-calendering-coating-E1	loadPressure	measured
obj_equipment_LINE-WS-xinyang-calendering-coating-E2	equipmentFailure	measured
obj_equipment_LINE-WS-xinyang-calendering-coating-E2	loadPressure	measured
obj_equipment_LINE-WS-xinyang-calendering-winding-E1	equipmentFailure	measured
obj_equipment_LINE-WS-xinyang-calendering-winding-E1	loadPressure	measured
obj_equipment_LINE-WS-xinyang-calendering-winding-E2	equipmentFailure	measured
obj_equipment_LINE-WS-xinyang-calendering-winding-E2	loadPressure	measured
obj_equipment_LINE-WS-xinyang-coating-assembly-E1	equipmentFailure	measured
obj_equipment_LINE-WS-xinyang-coating-assembly-E1	loadPressure	measured
obj_equipment_LINE-WS-xinyang-coating-assembly-E2	equipmentFailure	measured
obj_equipment_LINE-WS-xinyang-coating-assembly-E2	loadPressure	measured
obj_equipment_LINE-WS-xinyang-coating-coating-E1	equipmentFailure	measured
obj_equipment_LINE-WS-xinyang-coating-coating-E1	loadPressure	measured
obj_equipment_LINE-WS-xinyang-coating-coating-E2	equipmentFailure	measured
obj_equipment_LINE-WS-xinyang-coating-coating-E2	loadPressure	measured
obj_equipment_LINE-WS-xinyang-coating-winding-E1	equipmentFailure	measured
obj_equipment_LINE-WS-xinyang-coating-winding-E1	loadPressure	measured
obj_equipment_LINE-WS-xinyang-coating-winding-E2	equipmentFailure	measured
obj_equipment_LINE-WS-xinyang-coating-winding-E2	loadPressure	measured
obj_equipment_LINE-WS-xinyang-filling-assembly-E1	equipmentFailure	measured
obj_equipment_LINE-WS-xinyang-filling-assembly-E1	loadPressure	measured
obj_equipment_LINE-WS-xinyang-filling-assembly-E2	equipmentFailure	measured
obj_equipment_LINE-WS-xinyang-filling-assembly-E2	loadPressure	measured
obj_equipment_LINE-WS-xinyang-filling-coating-E1	equipmentFailure	measured
obj_equipment_LINE-WS-xinyang-filling-coating-E1	loadPressure	measured
obj_equipment_LINE-WS-xinyang-filling-coating-E2	equipmentFailure	measured
obj_equipment_LINE-WS-xinyang-filling-coating-E2	loadPressure	measured
obj_equipment_LINE-WS-xinyang-filling-winding-E1	equipmentFailure	measured
obj_equipment_LINE-WS-xinyang-filling-winding-E1	loadPressure	measured
obj_equipment_LINE-WS-xinyang-filling-winding-E2	equipmentFailure	measured
obj_equipment_LINE-WS-xinyang-filling-winding-E2	loadPressure	measured
obj_equipment_LINE-WS-xinyang-formation-assembly-E1	equipmentFailure	measured
obj_equipment_LINE-WS-xinyang-formation-assembly-E1	loadPressure	measured
obj_equipment_LINE-WS-xinyang-formation-assembly-E2	equipmentFailure	measured
obj_equipment_LINE-WS-xinyang-formation-assembly-E2	loadPressure	measured
obj_equipment_LINE-WS-xinyang-formation-coating-E1	equipmentFailure	measured
obj_equipment_LINE-WS-xinyang-formation-coating-E1	loadPressure	measured
obj_equipment_LINE-WS-xinyang-formation-coating-E2	equipmentFailure	measured
obj_equipment_LINE-WS-xinyang-formation-coating-E2	loadPressure	measured
obj_equipment_LINE-WS-xinyang-formation-winding-E1	equipmentFailure	measured
obj_equipment_LINE-WS-xinyang-formation-winding-E1	loadPressure	measured
obj_equipment_LINE-WS-xinyang-formation-winding-E2	equipmentFailure	measured
obj_equipment_LINE-WS-xinyang-formation-winding-E2	loadPressure	measured
obj_equipment_LINE-WS-xinyang-grading-assembly-E1	equipmentFailure	measured
obj_equipment_LINE-WS-xinyang-grading-assembly-E1	loadPressure	measured
obj_equipment_LINE-WS-xinyang-grading-assembly-E2	equipmentFailure	measured
obj_equipment_LINE-WS-xinyang-grading-assembly-E2	loadPressure	measured
obj_equipment_LINE-WS-xinyang-grading-coating-E1	equipmentFailure	measured
obj_equipment_LINE-WS-xinyang-grading-coating-E1	loadPressure	measured
obj_equipment_LINE-WS-xinyang-grading-coating-E2	equipmentFailure	measured
obj_equipment_LINE-WS-xinyang-grading-coating-E2	loadPressure	measured
obj_equipment_LINE-WS-xinyang-grading-winding-E1	equipmentFailure	measured
obj_equipment_LINE-WS-xinyang-grading-winding-E1	loadPressure	measured
obj_equipment_LINE-WS-xinyang-grading-winding-E2	equipmentFailure	measured
obj_equipment_LINE-WS-xinyang-grading-winding-E2	loadPressure	measured
obj_equipment_LINE-WS-xinyang-pack-assembly-E1	equipmentFailure	measured
obj_equipment_LINE-WS-xinyang-pack-assembly-E1	loadPressure	measured
obj_equipment_LINE-WS-xinyang-pack-assembly-E2	equipmentFailure	measured
obj_equipment_LINE-WS-xinyang-pack-assembly-E2	loadPressure	measured
obj_equipment_LINE-WS-xinyang-pack-coating-E1	equipmentFailure	measured
obj_equipment_LINE-WS-xinyang-pack-coating-E1	loadPressure	measured
obj_equipment_LINE-WS-xinyang-pack-coating-E2	equipmentFailure	measured
obj_equipment_LINE-WS-xinyang-pack-coating-E2	loadPressure	measured
obj_equipment_LINE-WS-xinyang-pack-winding-E1	equipmentFailure	measured
obj_equipment_LINE-WS-xinyang-pack-winding-E1	loadPressure	measured
obj_equipment_LINE-WS-xinyang-pack-winding-E2	equipmentFailure	measured
obj_equipment_LINE-WS-xinyang-pack-winding-E2	loadPressure	measured
obj_equipment_LINE-WS-xinyang-slitting-assembly-E1	equipmentFailure	measured
obj_equipment_LINE-WS-xinyang-slitting-assembly-E1	loadPressure	measured
obj_equipment_LINE-WS-xinyang-slitting-assembly-E2	equipmentFailure	measured
obj_equipment_LINE-WS-xinyang-slitting-assembly-E2	loadPressure	measured
obj_equipment_LINE-WS-xinyang-slitting-coating-E1	equipmentFailure	measured
obj_equipment_LINE-WS-xinyang-slitting-coating-E1	loadPressure	measured
obj_equipment_LINE-WS-xinyang-slitting-coating-E2	equipmentFailure	measured
obj_equipment_LINE-WS-xinyang-slitting-coating-E2	loadPressure	measured
obj_equipment_LINE-WS-xinyang-slitting-winding-E1	equipmentFailure	measured
obj_equipment_LINE-WS-xinyang-slitting-winding-E1	loadPressure	measured
obj_equipment_LINE-WS-xinyang-slitting-winding-E2	equipmentFailure	measured
obj_equipment_LINE-WS-xinyang-slitting-winding-E2	loadPressure	measured
obj_equipment_LINE-WS-xinyang-slurry-assembly-E1	equipmentFailure	measured
obj_equipment_LINE-WS-xinyang-slurry-assembly-E1	loadPressure	measured
obj_equipment_LINE-WS-xinyang-slurry-assembly-E2	equipmentFailure	measured
obj_equipment_LINE-WS-xinyang-slurry-assembly-E2	loadPressure	measured
obj_equipment_LINE-WS-xinyang-slurry-coating-E1	equipmentFailure	measured
obj_equipment_LINE-WS-xinyang-slurry-coating-E1	loadPressure	measured
obj_equipment_LINE-WS-xinyang-slurry-coating-E2	equipmentFailure	measured
obj_equipment_LINE-WS-xinyang-slurry-coating-E2	loadPressure	measured
obj_equipment_LINE-WS-xinyang-slurry-winding-E1	equipmentFailure	measured
obj_equipment_LINE-WS-xinyang-slurry-winding-E1	loadPressure	measured
obj_equipment_LINE-WS-xinyang-slurry-winding-E2	equipmentFailure	measured
obj_equipment_LINE-WS-xinyang-slurry-winding-E2	loadPressure	measured
obj_equipment_LINE-WS-xinyang-winding-assembly-E1	equipmentFailure	measured
obj_equipment_LINE-WS-xinyang-winding-assembly-E1	loadPressure	measured
obj_equipment_LINE-WS-xinyang-winding-assembly-E2	equipmentFailure	measured
obj_equipment_LINE-WS-xinyang-winding-assembly-E2	loadPressure	measured
obj_equipment_LINE-WS-xinyang-winding-coating-E1	equipmentFailure	measured
obj_equipment_LINE-WS-xinyang-winding-coating-E1	loadPressure	measured
obj_equipment_LINE-WS-xinyang-winding-coating-E2	equipmentFailure	measured
obj_equipment_LINE-WS-xinyang-winding-coating-E2	loadPressure	measured
obj_equipment_LINE-WS-xinyang-winding-winding-E1	equipmentFailure	measured
obj_equipment_LINE-WS-xinyang-winding-winding-E1	loadPressure	measured
obj_equipment_LINE-WS-xinyang-winding-winding-E2	equipmentFailure	measured
obj_equipment_LINE-WS-xinyang-winding-winding-E2	loadPressure	measured
obj_equipment_LINE-WS-yangzhou-assembly-assembly-E1	equipmentFailure	measured
obj_equipment_LINE-WS-yangzhou-assembly-assembly-E1	loadPressure	measured
obj_equipment_LINE-WS-yangzhou-assembly-assembly-E2	equipmentFailure	measured
obj_equipment_LINE-WS-yangzhou-assembly-assembly-E2	loadPressure	measured
obj_equipment_LINE-WS-yangzhou-assembly-coating-E1	equipmentFailure	measured
obj_equipment_LINE-WS-yangzhou-assembly-coating-E1	loadPressure	measured
obj_equipment_LINE-WS-yangzhou-assembly-coating-E2	equipmentFailure	measured
obj_equipment_LINE-WS-yangzhou-assembly-coating-E2	loadPressure	measured
obj_equipment_LINE-WS-yangzhou-assembly-winding-E1	equipmentFailure	measured
obj_equipment_LINE-WS-yangzhou-assembly-winding-E1	loadPressure	measured
obj_equipment_LINE-WS-yangzhou-assembly-winding-E2	equipmentFailure	measured
obj_equipment_LINE-WS-yangzhou-assembly-winding-E2	loadPressure	measured
obj_equipment_LINE-WS-yangzhou-calendering-assembly-E1	equipmentFailure	measured
obj_equipment_LINE-WS-yangzhou-calendering-assembly-E1	loadPressure	measured
obj_equipment_LINE-WS-yangzhou-calendering-assembly-E2	equipmentFailure	measured
obj_equipment_LINE-WS-yangzhou-calendering-assembly-E2	loadPressure	measured
obj_equipment_LINE-WS-yangzhou-calendering-coating-E1	equipmentFailure	measured
obj_equipment_LINE-WS-yangzhou-calendering-coating-E1	loadPressure	measured
obj_equipment_LINE-WS-yangzhou-calendering-coating-E2	equipmentFailure	measured
obj_equipment_LINE-WS-yangzhou-calendering-coating-E2	loadPressure	measured
obj_equipment_LINE-WS-yangzhou-calendering-winding-E1	equipmentFailure	measured
obj_equipment_LINE-WS-yangzhou-calendering-winding-E1	loadPressure	measured
obj_equipment_LINE-WS-yangzhou-calendering-winding-E2	equipmentFailure	measured
obj_equipment_LINE-WS-yangzhou-calendering-winding-E2	loadPressure	measured
obj_equipment_LINE-WS-yangzhou-coating-assembly-E1	equipmentFailure	measured
obj_equipment_LINE-WS-yangzhou-coating-assembly-E1	loadPressure	measured
obj_equipment_LINE-WS-yangzhou-coating-assembly-E2	equipmentFailure	measured
obj_equipment_LINE-WS-yangzhou-coating-assembly-E2	loadPressure	measured
obj_equipment_LINE-WS-yangzhou-coating-coating-E1	equipmentFailure	measured
obj_equipment_LINE-WS-yangzhou-coating-coating-E1	loadPressure	measured
obj_equipment_LINE-WS-yangzhou-coating-coating-E2	equipmentFailure	measured
obj_equipment_LINE-WS-yangzhou-coating-coating-E2	loadPressure	measured
obj_equipment_LINE-WS-yangzhou-coating-winding-E1	equipmentFailure	measured
obj_equipment_LINE-WS-yangzhou-coating-winding-E1	loadPressure	measured
obj_equipment_LINE-WS-yangzhou-coating-winding-E2	equipmentFailure	measured
obj_equipment_LINE-WS-yangzhou-coating-winding-E2	loadPressure	measured
obj_equipment_LINE-WS-yangzhou-filling-assembly-E1	equipmentFailure	measured
obj_equipment_LINE-WS-yangzhou-filling-assembly-E1	loadPressure	measured
obj_equipment_LINE-WS-yangzhou-filling-assembly-E2	equipmentFailure	measured
obj_equipment_LINE-WS-yangzhou-filling-assembly-E2	loadPressure	measured
obj_equipment_LINE-WS-yangzhou-filling-coating-E1	equipmentFailure	measured
obj_equipment_LINE-WS-yangzhou-filling-coating-E1	loadPressure	measured
obj_equipment_LINE-WS-yangzhou-filling-coating-E2	equipmentFailure	measured
obj_equipment_LINE-WS-yangzhou-filling-coating-E2	loadPressure	measured
obj_equipment_LINE-WS-yangzhou-filling-winding-E1	equipmentFailure	measured
obj_equipment_LINE-WS-yangzhou-filling-winding-E1	loadPressure	measured
obj_equipment_LINE-WS-yangzhou-filling-winding-E2	equipmentFailure	measured
obj_equipment_LINE-WS-yangzhou-filling-winding-E2	loadPressure	measured
obj_equipment_LINE-WS-yangzhou-formation-assembly-E1	equipmentFailure	measured
obj_equipment_LINE-WS-yangzhou-formation-assembly-E1	loadPressure	measured
obj_equipment_LINE-WS-yangzhou-formation-assembly-E2	equipmentFailure	measured
obj_equipment_LINE-WS-yangzhou-formation-assembly-E2	loadPressure	measured
obj_equipment_LINE-WS-yangzhou-formation-coating-E1	equipmentFailure	measured
obj_equipment_LINE-WS-yangzhou-formation-coating-E1	loadPressure	measured
obj_equipment_LINE-WS-yangzhou-formation-coating-E2	equipmentFailure	measured
obj_equipment_LINE-WS-yangzhou-formation-coating-E2	loadPressure	measured
obj_equipment_LINE-WS-yangzhou-formation-winding-E1	equipmentFailure	measured
obj_equipment_LINE-WS-yangzhou-formation-winding-E1	loadPressure	measured
obj_equipment_LINE-WS-yangzhou-formation-winding-E2	equipmentFailure	measured
obj_equipment_LINE-WS-yangzhou-formation-winding-E2	loadPressure	measured
obj_equipment_LINE-WS-yangzhou-grading-assembly-E1	equipmentFailure	measured
obj_equipment_LINE-WS-yangzhou-grading-assembly-E1	loadPressure	measured
obj_equipment_LINE-WS-yangzhou-grading-assembly-E2	equipmentFailure	measured
obj_equipment_LINE-WS-yangzhou-grading-assembly-E2	loadPressure	measured
obj_equipment_LINE-WS-yangzhou-grading-coating-E1	equipmentFailure	measured
obj_equipment_LINE-WS-yangzhou-grading-coating-E1	loadPressure	measured
obj_equipment_LINE-WS-yangzhou-grading-coating-E2	equipmentFailure	measured
obj_equipment_LINE-WS-yangzhou-grading-coating-E2	loadPressure	measured
obj_equipment_LINE-WS-yangzhou-grading-winding-E1	equipmentFailure	measured
obj_equipment_LINE-WS-yangzhou-grading-winding-E1	loadPressure	measured
obj_equipment_LINE-WS-yangzhou-grading-winding-E2	equipmentFailure	measured
obj_equipment_LINE-WS-yangzhou-grading-winding-E2	loadPressure	measured
obj_equipment_LINE-WS-yangzhou-pack-assembly-E1	equipmentFailure	measured
obj_equipment_LINE-WS-yangzhou-pack-assembly-E1	loadPressure	measured
obj_equipment_LINE-WS-yangzhou-pack-assembly-E2	equipmentFailure	measured
obj_equipment_LINE-WS-yangzhou-pack-assembly-E2	loadPressure	measured
obj_equipment_LINE-WS-yangzhou-pack-coating-E1	equipmentFailure	measured
obj_equipment_LINE-WS-yangzhou-pack-coating-E1	loadPressure	measured
obj_equipment_LINE-WS-yangzhou-pack-coating-E2	equipmentFailure	measured
obj_equipment_LINE-WS-yangzhou-pack-coating-E2	loadPressure	measured
obj_equipment_LINE-WS-yangzhou-pack-winding-E1	equipmentFailure	measured
obj_equipment_LINE-WS-yangzhou-pack-winding-E1	loadPressure	measured
obj_equipment_LINE-WS-yangzhou-pack-winding-E2	equipmentFailure	measured
obj_equipment_LINE-WS-yangzhou-pack-winding-E2	loadPressure	measured
obj_equipment_LINE-WS-yangzhou-slitting-assembly-E1	equipmentFailure	measured
obj_equipment_LINE-WS-yangzhou-slitting-assembly-E1	loadPressure	measured
obj_equipment_LINE-WS-yangzhou-slitting-assembly-E2	equipmentFailure	measured
obj_equipment_LINE-WS-yangzhou-slitting-assembly-E2	loadPressure	measured
obj_equipment_LINE-WS-yangzhou-slitting-coating-E1	equipmentFailure	measured
obj_equipment_LINE-WS-yangzhou-slitting-coating-E1	loadPressure	measured
obj_equipment_LINE-WS-yangzhou-slitting-coating-E2	equipmentFailure	measured
obj_equipment_LINE-WS-yangzhou-slitting-coating-E2	loadPressure	measured
obj_equipment_LINE-WS-yangzhou-slitting-winding-E1	equipmentFailure	measured
obj_equipment_LINE-WS-yangzhou-slitting-winding-E1	loadPressure	measured
obj_equipment_LINE-WS-yangzhou-slitting-winding-E2	equipmentFailure	measured
obj_equipment_LINE-WS-yangzhou-slitting-winding-E2	loadPressure	measured
obj_equipment_LINE-WS-yangzhou-slurry-assembly-E1	equipmentFailure	measured
obj_equipment_LINE-WS-yangzhou-slurry-assembly-E1	loadPressure	measured
obj_equipment_LINE-WS-yangzhou-slurry-assembly-E2	equipmentFailure	measured
obj_equipment_LINE-WS-yangzhou-slurry-assembly-E2	loadPressure	measured
obj_equipment_LINE-WS-yangzhou-slurry-coating-E1	equipmentFailure	measured
obj_equipment_LINE-WS-yangzhou-slurry-coating-E1	loadPressure	measured
obj_equipment_LINE-WS-yangzhou-slurry-coating-E2	equipmentFailure	measured
obj_equipment_LINE-WS-yangzhou-slurry-coating-E2	loadPressure	measured
obj_equipment_LINE-WS-yangzhou-slurry-winding-E1	equipmentFailure	measured
obj_equipment_LINE-WS-yangzhou-slurry-winding-E1	loadPressure	measured
obj_equipment_LINE-WS-yangzhou-slurry-winding-E2	equipmentFailure	measured
obj_equipment_LINE-WS-yangzhou-slurry-winding-E2	loadPressure	measured
obj_equipment_LINE-WS-yangzhou-winding-assembly-E1	equipmentFailure	measured
obj_equipment_LINE-WS-yangzhou-winding-assembly-E1	loadPressure	measured
obj_equipment_LINE-WS-yangzhou-winding-assembly-E2	equipmentFailure	measured
obj_equipment_LINE-WS-yangzhou-winding-assembly-E2	loadPressure	measured
obj_equipment_LINE-WS-yangzhou-winding-coating-E1	equipmentFailure	measured
obj_equipment_LINE-WS-yangzhou-winding-coating-E1	loadPressure	measured
obj_equipment_LINE-WS-yangzhou-winding-coating-E2	equipmentFailure	measured
obj_equipment_LINE-WS-yangzhou-winding-coating-E2	loadPressure	measured
obj_equipment_LINE-WS-yangzhou-winding-winding-E1	equipmentFailure	measured
obj_equipment_LINE-WS-yangzhou-winding-winding-E1	loadPressure	measured
obj_equipment_LINE-WS-yangzhou-winding-winding-E2	equipmentFailure	measured
obj_equipment_LINE-WS-yangzhou-winding-winding-E2	loadPressure	measured
obj_equipment_LINE-WS-zaozhuang-assembly-assembly-E1	equipmentFailure	measured
obj_equipment_LINE-WS-zaozhuang-assembly-assembly-E1	loadPressure	measured
obj_equipment_LINE-WS-zaozhuang-assembly-assembly-E2	equipmentFailure	measured
obj_equipment_LINE-WS-zaozhuang-assembly-assembly-E2	loadPressure	measured
obj_equipment_LINE-WS-zaozhuang-assembly-coating-E1	equipmentFailure	measured
obj_equipment_LINE-WS-zaozhuang-assembly-coating-E1	loadPressure	measured
obj_equipment_LINE-WS-zaozhuang-assembly-coating-E2	equipmentFailure	measured
obj_equipment_LINE-WS-zaozhuang-assembly-coating-E2	loadPressure	measured
obj_equipment_LINE-WS-zaozhuang-assembly-winding-E1	equipmentFailure	measured
obj_equipment_LINE-WS-zaozhuang-assembly-winding-E1	loadPressure	measured
obj_equipment_LINE-WS-zaozhuang-assembly-winding-E2	equipmentFailure	measured
obj_equipment_LINE-WS-zaozhuang-assembly-winding-E2	loadPressure	measured
obj_equipment_LINE-WS-zaozhuang-calendering-assembly-E1	equipmentFailure	measured
obj_equipment_LINE-WS-zaozhuang-calendering-assembly-E1	loadPressure	measured
obj_equipment_LINE-WS-zaozhuang-calendering-assembly-E2	equipmentFailure	measured
obj_equipment_LINE-WS-zaozhuang-calendering-assembly-E2	loadPressure	measured
obj_equipment_LINE-WS-zaozhuang-calendering-coating-E1	equipmentFailure	measured
obj_equipment_LINE-WS-zaozhuang-calendering-coating-E1	loadPressure	measured
obj_equipment_LINE-WS-zaozhuang-calendering-coating-E2	equipmentFailure	measured
obj_equipment_LINE-WS-zaozhuang-calendering-coating-E2	loadPressure	measured
obj_equipment_LINE-WS-zaozhuang-calendering-winding-E1	equipmentFailure	measured
obj_equipment_LINE-WS-zaozhuang-calendering-winding-E1	loadPressure	measured
obj_equipment_LINE-WS-zaozhuang-calendering-winding-E2	equipmentFailure	measured
obj_equipment_LINE-WS-zaozhuang-calendering-winding-E2	loadPressure	measured
obj_equipment_LINE-WS-zaozhuang-coating-assembly-E1	equipmentFailure	measured
obj_equipment_LINE-WS-zaozhuang-coating-assembly-E1	loadPressure	measured
obj_equipment_LINE-WS-zaozhuang-coating-assembly-E2	equipmentFailure	measured
obj_equipment_LINE-WS-zaozhuang-coating-assembly-E2	loadPressure	measured
obj_equipment_LINE-WS-zaozhuang-coating-coating-E1	equipmentFailure	measured
obj_equipment_LINE-WS-zaozhuang-coating-coating-E1	loadPressure	measured
obj_equipment_LINE-WS-zaozhuang-coating-coating-E2	equipmentFailure	measured
obj_equipment_LINE-WS-zaozhuang-coating-coating-E2	loadPressure	measured
obj_equipment_LINE-WS-zaozhuang-coating-winding-E1	equipmentFailure	measured
obj_equipment_LINE-WS-zaozhuang-coating-winding-E1	loadPressure	measured
obj_equipment_LINE-WS-zaozhuang-coating-winding-E2	equipmentFailure	measured
obj_equipment_LINE-WS-zaozhuang-coating-winding-E2	loadPressure	measured
obj_equipment_LINE-WS-zaozhuang-filling-assembly-E1	equipmentFailure	measured
obj_equipment_LINE-WS-zaozhuang-filling-assembly-E1	loadPressure	measured
obj_equipment_LINE-WS-zaozhuang-filling-assembly-E2	equipmentFailure	measured
obj_equipment_LINE-WS-zaozhuang-filling-assembly-E2	loadPressure	measured
obj_equipment_LINE-WS-zaozhuang-filling-coating-E1	equipmentFailure	measured
obj_equipment_LINE-WS-zaozhuang-filling-coating-E1	loadPressure	measured
obj_equipment_LINE-WS-zaozhuang-filling-coating-E2	equipmentFailure	measured
obj_equipment_LINE-WS-zaozhuang-filling-coating-E2	loadPressure	measured
obj_equipment_LINE-WS-zaozhuang-filling-winding-E1	equipmentFailure	measured
obj_equipment_LINE-WS-zaozhuang-filling-winding-E1	loadPressure	measured
obj_equipment_LINE-WS-zaozhuang-filling-winding-E2	equipmentFailure	measured
obj_equipment_LINE-WS-zaozhuang-filling-winding-E2	loadPressure	measured
obj_equipment_LINE-WS-zaozhuang-formation-assembly-E1	equipmentFailure	measured
obj_equipment_LINE-WS-zaozhuang-formation-assembly-E1	loadPressure	measured
obj_equipment_LINE-WS-zaozhuang-formation-assembly-E2	equipmentFailure	measured
obj_equipment_LINE-WS-zaozhuang-formation-assembly-E2	loadPressure	measured
obj_equipment_LINE-WS-zaozhuang-formation-coating-E1	equipmentFailure	measured
obj_equipment_LINE-WS-zaozhuang-formation-coating-E1	loadPressure	measured
obj_equipment_LINE-WS-zaozhuang-formation-coating-E2	equipmentFailure	measured
obj_equipment_LINE-WS-zaozhuang-formation-coating-E2	loadPressure	measured
obj_equipment_LINE-WS-zaozhuang-formation-winding-E1	equipmentFailure	measured
obj_equipment_LINE-WS-zaozhuang-formation-winding-E1	loadPressure	measured
obj_equipment_LINE-WS-zaozhuang-formation-winding-E2	equipmentFailure	measured
obj_equipment_LINE-WS-zaozhuang-formation-winding-E2	loadPressure	measured
obj_equipment_LINE-WS-zaozhuang-grading-assembly-E1	equipmentFailure	measured
obj_equipment_LINE-WS-zaozhuang-grading-assembly-E1	loadPressure	measured
obj_equipment_LINE-WS-zaozhuang-grading-assembly-E2	equipmentFailure	measured
obj_equipment_LINE-WS-zaozhuang-grading-assembly-E2	loadPressure	measured
obj_equipment_LINE-WS-zaozhuang-grading-coating-E1	equipmentFailure	measured
obj_equipment_LINE-WS-zaozhuang-grading-coating-E1	loadPressure	measured
obj_equipment_LINE-WS-zaozhuang-grading-coating-E2	equipmentFailure	measured
obj_equipment_LINE-WS-zaozhuang-grading-coating-E2	loadPressure	measured
obj_equipment_LINE-WS-zaozhuang-grading-winding-E1	equipmentFailure	measured
obj_equipment_LINE-WS-zaozhuang-grading-winding-E1	loadPressure	measured
obj_equipment_LINE-WS-zaozhuang-grading-winding-E2	equipmentFailure	measured
obj_equipment_LINE-WS-zaozhuang-grading-winding-E2	loadPressure	measured
obj_equipment_LINE-WS-zaozhuang-pack-assembly-E1	equipmentFailure	measured
obj_equipment_LINE-WS-zaozhuang-pack-assembly-E1	loadPressure	measured
obj_equipment_LINE-WS-zaozhuang-pack-assembly-E2	equipmentFailure	measured
obj_equipment_LINE-WS-zaozhuang-pack-assembly-E2	loadPressure	measured
obj_equipment_LINE-WS-zaozhuang-pack-coating-E1	equipmentFailure	measured
obj_equipment_LINE-WS-zaozhuang-pack-coating-E1	loadPressure	measured
obj_equipment_LINE-WS-zaozhuang-pack-coating-E2	equipmentFailure	measured
obj_equipment_LINE-WS-zaozhuang-pack-coating-E2	loadPressure	measured
obj_equipment_LINE-WS-zaozhuang-pack-winding-E1	equipmentFailure	measured
obj_equipment_LINE-WS-zaozhuang-pack-winding-E1	loadPressure	measured
obj_equipment_LINE-WS-zaozhuang-pack-winding-E2	equipmentFailure	measured
obj_equipment_LINE-WS-zaozhuang-pack-winding-E2	loadPressure	measured
obj_equipment_LINE-WS-zaozhuang-slitting-assembly-E1	equipmentFailure	measured
obj_equipment_LINE-WS-zaozhuang-slitting-assembly-E1	loadPressure	measured
obj_equipment_LINE-WS-zaozhuang-slitting-assembly-E2	equipmentFailure	measured
obj_equipment_LINE-WS-zaozhuang-slitting-assembly-E2	loadPressure	measured
obj_equipment_LINE-WS-zaozhuang-slitting-coating-E1	equipmentFailure	measured
obj_equipment_LINE-WS-zaozhuang-slitting-coating-E1	loadPressure	measured
obj_equipment_LINE-WS-zaozhuang-slitting-coating-E2	equipmentFailure	measured
obj_equipment_LINE-WS-zaozhuang-slitting-coating-E2	loadPressure	measured
obj_equipment_LINE-WS-zaozhuang-slitting-winding-E1	equipmentFailure	measured
obj_equipment_LINE-WS-zaozhuang-slitting-winding-E1	loadPressure	measured
obj_equipment_LINE-WS-zaozhuang-slitting-winding-E2	equipmentFailure	measured
obj_equipment_LINE-WS-zaozhuang-slitting-winding-E2	loadPressure	measured
obj_equipment_LINE-WS-zaozhuang-slurry-assembly-E1	equipmentFailure	measured
obj_equipment_LINE-WS-zaozhuang-slurry-assembly-E1	loadPressure	measured
obj_equipment_LINE-WS-zaozhuang-slurry-assembly-E2	equipmentFailure	measured
obj_equipment_LINE-WS-zaozhuang-slurry-assembly-E2	loadPressure	measured
obj_equipment_LINE-WS-zaozhuang-slurry-coating-E1	equipmentFailure	measured
obj_equipment_LINE-WS-zaozhuang-slurry-coating-E1	loadPressure	measured
obj_equipment_LINE-WS-zaozhuang-slurry-coating-E2	equipmentFailure	measured
obj_equipment_LINE-WS-zaozhuang-slurry-coating-E2	loadPressure	measured
obj_equipment_LINE-WS-zaozhuang-slurry-winding-E1	equipmentFailure	measured
obj_equipment_LINE-WS-zaozhuang-slurry-winding-E1	loadPressure	measured
obj_equipment_LINE-WS-zaozhuang-slurry-winding-E2	equipmentFailure	measured
obj_equipment_LINE-WS-zaozhuang-slurry-winding-E2	loadPressure	measured
obj_equipment_LINE-WS-zaozhuang-winding-assembly-E1	equipmentFailure	measured
obj_equipment_LINE-WS-zaozhuang-winding-assembly-E1	loadPressure	measured
obj_equipment_LINE-WS-zaozhuang-winding-assembly-E2	equipmentFailure	measured
obj_equipment_LINE-WS-zaozhuang-winding-assembly-E2	loadPressure	measured
obj_equipment_LINE-WS-zaozhuang-winding-coating-E1	equipmentFailure	measured
obj_equipment_LINE-WS-zaozhuang-winding-coating-E1	loadPressure	measured
obj_equipment_LINE-WS-zaozhuang-winding-coating-E2	equipmentFailure	measured
obj_equipment_LINE-WS-zaozhuang-winding-coating-E2	loadPressure	measured
obj_equipment_LINE-WS-zaozhuang-winding-winding-E1	equipmentFailure	measured
obj_equipment_LINE-WS-zaozhuang-winding-winding-E1	loadPressure	measured
obj_equipment_LINE-WS-zaozhuang-winding-winding-E2	equipmentFailure	measured
obj_equipment_LINE-WS-zaozhuang-winding-winding-E2	loadPressure	measured
obj_equipment_LINE-WS-zigong-assembly-assembly-E1	equipmentFailure	measured
obj_equipment_LINE-WS-zigong-assembly-assembly-E1	loadPressure	measured
obj_equipment_LINE-WS-zigong-assembly-assembly-E2	equipmentFailure	measured
obj_equipment_LINE-WS-zigong-assembly-assembly-E2	loadPressure	measured
obj_equipment_LINE-WS-zigong-assembly-coating-E1	equipmentFailure	measured
obj_equipment_LINE-WS-zigong-assembly-coating-E1	loadPressure	measured
obj_equipment_LINE-WS-zigong-assembly-coating-E2	equipmentFailure	measured
obj_equipment_LINE-WS-zigong-assembly-coating-E2	loadPressure	measured
obj_equipment_LINE-WS-zigong-assembly-winding-E1	equipmentFailure	measured
obj_equipment_LINE-WS-zigong-assembly-winding-E1	loadPressure	measured
obj_equipment_LINE-WS-zigong-assembly-winding-E2	equipmentFailure	measured
obj_equipment_LINE-WS-zigong-assembly-winding-E2	loadPressure	measured
obj_equipment_LINE-WS-zigong-calendering-assembly-E1	equipmentFailure	measured
obj_equipment_LINE-WS-zigong-calendering-assembly-E1	loadPressure	measured
obj_equipment_LINE-WS-zigong-calendering-assembly-E2	equipmentFailure	measured
obj_equipment_LINE-WS-zigong-calendering-assembly-E2	loadPressure	measured
obj_equipment_LINE-WS-zigong-calendering-coating-E1	equipmentFailure	measured
obj_equipment_LINE-WS-zigong-calendering-coating-E1	loadPressure	measured
obj_equipment_LINE-WS-zigong-calendering-coating-E2	equipmentFailure	measured
obj_equipment_LINE-WS-zigong-calendering-coating-E2	loadPressure	measured
obj_equipment_LINE-WS-zigong-calendering-winding-E1	equipmentFailure	measured
obj_equipment_LINE-WS-zigong-calendering-winding-E1	loadPressure	measured
obj_equipment_LINE-WS-zigong-calendering-winding-E2	equipmentFailure	measured
obj_equipment_LINE-WS-zigong-calendering-winding-E2	loadPressure	measured
obj_equipment_LINE-WS-zigong-coating-assembly-E1	equipmentFailure	measured
obj_equipment_LINE-WS-zigong-coating-assembly-E1	loadPressure	measured
obj_equipment_LINE-WS-zigong-coating-assembly-E2	equipmentFailure	measured
obj_equipment_LINE-WS-zigong-coating-assembly-E2	loadPressure	measured
obj_equipment_LINE-WS-zigong-coating-coating-E1	equipmentFailure	measured
obj_equipment_LINE-WS-zigong-coating-coating-E1	loadPressure	measured
obj_equipment_LINE-WS-zigong-coating-coating-E2	equipmentFailure	measured
obj_equipment_LINE-WS-zigong-coating-coating-E2	loadPressure	measured
obj_equipment_LINE-WS-zigong-coating-winding-E1	equipmentFailure	measured
obj_equipment_LINE-WS-zigong-coating-winding-E1	loadPressure	measured
obj_equipment_LINE-WS-zigong-coating-winding-E2	equipmentFailure	measured
obj_equipment_LINE-WS-zigong-coating-winding-E2	loadPressure	measured
obj_equipment_LINE-WS-zigong-filling-assembly-E1	equipmentFailure	measured
obj_equipment_LINE-WS-zigong-filling-assembly-E1	loadPressure	measured
obj_equipment_LINE-WS-zigong-filling-assembly-E2	equipmentFailure	measured
obj_equipment_LINE-WS-zigong-filling-assembly-E2	loadPressure	measured
obj_equipment_LINE-WS-zigong-filling-coating-E1	equipmentFailure	measured
obj_equipment_LINE-WS-zigong-filling-coating-E1	loadPressure	measured
obj_equipment_LINE-WS-zigong-filling-coating-E2	equipmentFailure	measured
obj_equipment_LINE-WS-zigong-filling-coating-E2	loadPressure	measured
obj_equipment_LINE-WS-zigong-filling-winding-E1	equipmentFailure	measured
obj_equipment_LINE-WS-zigong-filling-winding-E1	loadPressure	measured
obj_equipment_LINE-WS-zigong-filling-winding-E2	equipmentFailure	measured
obj_equipment_LINE-WS-zigong-filling-winding-E2	loadPressure	measured
obj_equipment_LINE-WS-zigong-formation-assembly-E1	equipmentFailure	measured
obj_equipment_LINE-WS-zigong-formation-assembly-E1	loadPressure	measured
obj_equipment_LINE-WS-zigong-formation-assembly-E2	equipmentFailure	measured
obj_equipment_LINE-WS-zigong-formation-assembly-E2	loadPressure	measured
obj_equipment_LINE-WS-zigong-formation-coating-E1	equipmentFailure	measured
obj_equipment_LINE-WS-zigong-formation-coating-E1	loadPressure	measured
obj_equipment_LINE-WS-zigong-formation-coating-E2	equipmentFailure	measured
obj_equipment_LINE-WS-zigong-formation-coating-E2	loadPressure	measured
obj_equipment_LINE-WS-zigong-formation-winding-E1	equipmentFailure	measured
obj_equipment_LINE-WS-zigong-formation-winding-E1	loadPressure	measured
obj_equipment_LINE-WS-zigong-formation-winding-E2	equipmentFailure	measured
obj_equipment_LINE-WS-zigong-formation-winding-E2	loadPressure	measured
obj_equipment_LINE-WS-zigong-grading-assembly-E1	equipmentFailure	measured
obj_equipment_LINE-WS-zigong-grading-assembly-E1	loadPressure	measured
obj_equipment_LINE-WS-zigong-grading-assembly-E2	equipmentFailure	measured
obj_equipment_LINE-WS-zigong-grading-assembly-E2	loadPressure	measured
obj_equipment_LINE-WS-zigong-grading-coating-E1	equipmentFailure	measured
obj_equipment_LINE-WS-zigong-grading-coating-E1	loadPressure	measured
obj_equipment_LINE-WS-zigong-grading-coating-E2	equipmentFailure	measured
obj_equipment_LINE-WS-zigong-grading-coating-E2	loadPressure	measured
obj_equipment_LINE-WS-zigong-grading-winding-E1	equipmentFailure	measured
obj_equipment_LINE-WS-zigong-grading-winding-E1	loadPressure	measured
obj_equipment_LINE-WS-zigong-grading-winding-E2	equipmentFailure	measured
obj_equipment_LINE-WS-zigong-grading-winding-E2	loadPressure	measured
obj_equipment_LINE-WS-zigong-pack-assembly-E1	equipmentFailure	measured
obj_equipment_LINE-WS-zigong-pack-assembly-E1	loadPressure	measured
obj_equipment_LINE-WS-zigong-pack-assembly-E2	equipmentFailure	measured
obj_equipment_LINE-WS-zigong-pack-assembly-E2	loadPressure	measured
obj_equipment_LINE-WS-zigong-pack-coating-E1	equipmentFailure	measured
obj_equipment_LINE-WS-zigong-pack-coating-E1	loadPressure	measured
obj_equipment_LINE-WS-zigong-pack-coating-E2	equipmentFailure	measured
obj_equipment_LINE-WS-zigong-pack-coating-E2	loadPressure	measured
obj_equipment_LINE-WS-zigong-pack-winding-E1	equipmentFailure	measured
obj_equipment_LINE-WS-zigong-pack-winding-E1	loadPressure	measured
obj_equipment_LINE-WS-zigong-pack-winding-E2	equipmentFailure	measured
obj_equipment_LINE-WS-zigong-pack-winding-E2	loadPressure	measured
obj_equipment_LINE-WS-zigong-slitting-assembly-E1	equipmentFailure	measured
obj_equipment_LINE-WS-zigong-slitting-assembly-E1	loadPressure	measured
obj_equipment_LINE-WS-zigong-slitting-assembly-E2	equipmentFailure	measured
obj_equipment_LINE-WS-zigong-slitting-assembly-E2	loadPressure	measured
obj_equipment_LINE-WS-zigong-slitting-coating-E1	equipmentFailure	measured
obj_equipment_LINE-WS-zigong-slitting-coating-E1	loadPressure	measured
obj_equipment_LINE-WS-zigong-slitting-coating-E2	equipmentFailure	measured
obj_equipment_LINE-WS-zigong-slitting-coating-E2	loadPressure	measured
obj_equipment_LINE-WS-zigong-slitting-winding-E1	equipmentFailure	measured
obj_equipment_LINE-WS-zigong-slitting-winding-E1	loadPressure	measured
obj_equipment_LINE-WS-zigong-slitting-winding-E2	equipmentFailure	measured
obj_equipment_LINE-WS-zigong-slitting-winding-E2	loadPressure	measured
obj_equipment_LINE-WS-zigong-slurry-assembly-E1	equipmentFailure	measured
obj_equipment_LINE-WS-zigong-slurry-assembly-E1	loadPressure	measured
obj_equipment_LINE-WS-zigong-slurry-assembly-E2	equipmentFailure	measured
obj_equipment_LINE-WS-zigong-slurry-assembly-E2	loadPressure	measured
obj_equipment_LINE-WS-zigong-slurry-coating-E1	equipmentFailure	measured
obj_equipment_LINE-WS-zigong-slurry-coating-E1	loadPressure	measured
obj_equipment_LINE-WS-zigong-slurry-coating-E2	equipmentFailure	measured
obj_equipment_LINE-WS-zigong-slurry-coating-E2	loadPressure	measured
obj_equipment_LINE-WS-zigong-slurry-winding-E1	equipmentFailure	measured
obj_equipment_LINE-WS-zigong-slurry-winding-E1	loadPressure	measured
obj_equipment_LINE-WS-zigong-slurry-winding-E2	equipmentFailure	measured
obj_equipment_LINE-WS-zigong-slurry-winding-E2	loadPressure	measured
obj_equipment_LINE-WS-zigong-winding-assembly-E1	equipmentFailure	measured
obj_equipment_LINE-WS-zigong-winding-assembly-E1	loadPressure	measured
obj_equipment_LINE-WS-zigong-winding-assembly-E2	equipmentFailure	measured
obj_equipment_LINE-WS-zigong-winding-assembly-E2	loadPressure	measured
obj_equipment_LINE-WS-zigong-winding-coating-E1	equipmentFailure	measured
obj_equipment_LINE-WS-zigong-winding-coating-E1	loadPressure	measured
obj_equipment_LINE-WS-zigong-winding-coating-E2	equipmentFailure	measured
obj_equipment_LINE-WS-zigong-winding-coating-E2	loadPressure	measured
obj_equipment_LINE-WS-zigong-winding-winding-E1	equipmentFailure	measured
obj_equipment_LINE-WS-zigong-winding-winding-E1	loadPressure	measured
obj_equipment_LINE-WS-zigong-winding-winding-E2	equipmentFailure	measured
obj_equipment_LINE-WS-zigong-winding-winding-E2	loadPressure	measured
obj_exceptionevent_EXC-AL-ALM-LINE-WS-changzhou-assembly-coating-E1	handlingBacklog	derived
obj_exceptionevent_EXC-AL-ALM-LINE-WS-changzhou-coating-coating-E1	handlingBacklog	derived
obj_exceptionevent_EXC-AL-ALM-LINE-WS-changzhou-coating-winding-E1	handlingBacklog	derived
obj_exceptionevent_EXC-AL-ALM-LINE-WS-changzhou-formation-coating-E1	handlingBacklog	derived
obj_exceptionevent_EXC-AL-ALM-LINE-WS-changzhou-grading-assembly-E2	handlingBacklog	derived
obj_exceptionevent_EXC-AL-ALM-LINE-WS-changzhou-slitting-assembly-E1	handlingBacklog	derived
obj_exceptionevent_EXC-AL-ALM-LINE-WS-changzhou-slurry-assembly-E1	handlingBacklog	derived
obj_exceptionevent_EXC-AL-ALM-LINE-WS-changzhou-slurry-coating-E2	handlingBacklog	derived
obj_exceptionevent_EXC-AL-ALM-LINE-WS-changzhou-winding-coating-E1	handlingBacklog	derived
obj_exceptionevent_EXC-AL-ALM-LINE-WS-chengdu-assembly-assembly-E2	handlingBacklog	derived
obj_exceptionevent_EXC-AL-ALM-LINE-WS-chengdu-assembly-winding-E1	handlingBacklog	derived
obj_exceptionevent_EXC-AL-ALM-LINE-WS-chengdu-calendering-coating-E1	handlingBacklog	derived
obj_exceptionevent_EXC-AL-ALM-LINE-WS-chengdu-calendering-coating-E2	handlingBacklog	derived
obj_exceptionevent_EXC-AL-ALM-LINE-WS-chengdu-coating-assembly-E1	handlingBacklog	derived
obj_exceptionevent_EXC-AL-ALM-LINE-WS-chengdu-filling-coating-E1	handlingBacklog	derived
obj_exceptionevent_EXC-AL-ALM-LINE-WS-chengdu-formation-assembly-E2	handlingBacklog	derived
obj_exceptionevent_EXC-AL-ALM-LINE-WS-chengdu-pack-assembly-E2	handlingBacklog	derived
obj_exceptionevent_EXC-AL-ALM-LINE-WS-chengdu-winding-coating-E2	handlingBacklog	derived
obj_exceptionevent_EXC-AL-ALM-LINE-WS-handan-calendering-coating-E1	handlingBacklog	derived
obj_exceptionevent_EXC-AL-ALM-LINE-WS-handan-coating-coating-E1	handlingBacklog	derived
obj_exceptionevent_EXC-AL-ALM-LINE-WS-handan-grading-coating-E1	handlingBacklog	derived
obj_exceptionevent_EXC-AL-ALM-LINE-WS-handan-pack-assembly-E2	handlingBacklog	derived
obj_exceptionevent_EXC-AL-ALM-LINE-WS-handan-pack-coating-E2	handlingBacklog	derived
obj_exceptionevent_EXC-AL-ALM-LINE-WS-hefei-calendering-winding-E2	handlingBacklog	derived
obj_exceptionevent_EXC-AL-ALM-LINE-WS-hefei-pack-coating-E1	handlingBacklog	derived
obj_exceptionevent_EXC-AL-ALM-LINE-WS-hefei-pack-winding-E1	handlingBacklog	derived
obj_exceptionevent_EXC-AL-ALM-LINE-WS-jiangmen-filling-coating-E1	handlingBacklog	derived
obj_exceptionevent_EXC-AL-ALM-LINE-WS-jiangmen-formation-coating-E1	handlingBacklog	derived
obj_exceptionevent_EXC-AL-ALM-LINE-WS-jiangmen-grading-coating-E2	handlingBacklog	derived
obj_exceptionevent_EXC-AL-ALM-LINE-WS-jiangmen-grading-winding-E2	handlingBacklog	derived
obj_exceptionevent_EXC-AL-ALM-LINE-WS-jiangmen-pack-winding-E2	handlingBacklog	derived
obj_exceptionevent_EXC-AL-ALM-LINE-WS-jiangmen-slitting-coating-E2	handlingBacklog	derived
obj_exceptionevent_EXC-AL-ALM-LINE-WS-jiangmen-slitting-winding-E2	handlingBacklog	derived
obj_exceptionevent_EXC-AL-ALM-LINE-WS-jiangmen-slurry-assembly-E2	handlingBacklog	derived
obj_exceptionevent_EXC-AL-ALM-LINE-WS-jiangmen-slurry-coating-E2	handlingBacklog	derived
obj_exceptionevent_EXC-AL-ALM-LINE-WS-jinhua-calendering-assembly-E2	handlingBacklog	derived
obj_exceptionevent_EXC-AL-ALM-LINE-WS-jinhua-formation-coating-E2	handlingBacklog	derived
obj_exceptionevent_EXC-AL-ALM-LINE-WS-jinhua-grading-assembly-E1	handlingBacklog	derived
obj_exceptionevent_EXC-AL-ALM-LINE-WS-jinhua-grading-coating-E2	handlingBacklog	derived
obj_exceptionevent_EXC-AL-ALM-LINE-WS-jinhua-grading-winding-E2	handlingBacklog	derived
obj_exceptionevent_EXC-AL-ALM-LINE-WS-jinhua-slitting-coating-E1	handlingBacklog	derived
obj_exceptionevent_EXC-AL-ALM-LINE-WS-jinhua-winding-assembly-E2	handlingBacklog	derived
obj_exceptionevent_EXC-AL-ALM-LINE-WS-meishan-assembly-assembly-E2	handlingBacklog	derived
obj_exceptionevent_EXC-AL-ALM-LINE-WS-meishan-filling-winding-E2	handlingBacklog	derived
obj_exceptionevent_EXC-AL-ALM-LINE-WS-meishan-formation-assembly-E1	handlingBacklog	derived
obj_exceptionevent_EXC-AL-ALM-LINE-WS-meishan-formation-assembly-E2	handlingBacklog	derived
obj_exceptionevent_EXC-AL-ALM-LINE-WS-meishan-formation-winding-E1	handlingBacklog	derived
obj_exceptionevent_EXC-AL-ALM-LINE-WS-meishan-slitting-winding-E1	handlingBacklog	derived
obj_exceptionevent_EXC-AL-ALM-LINE-WS-meishan-slurry-assembly-E2	handlingBacklog	derived
obj_exceptionevent_EXC-AL-ALM-LINE-WS-meishan-slurry-winding-E1	handlingBacklog	derived
obj_exceptionevent_EXC-AL-ALM-LINE-WS-wuhan-assembly-assembly-E1	handlingBacklog	derived
obj_exceptionevent_EXC-AL-ALM-LINE-WS-wuhan-assembly-coating-E2	handlingBacklog	derived
obj_exceptionevent_EXC-AL-ALM-LINE-WS-wuhan-calendering-assembly-E2	handlingBacklog	derived
obj_exceptionevent_EXC-AL-ALM-LINE-WS-wuhan-calendering-coating-E2	handlingBacklog	derived
obj_exceptionevent_EXC-AL-ALM-LINE-WS-wuhan-filling-assembly-E2	handlingBacklog	derived
obj_exceptionevent_EXC-AL-ALM-LINE-WS-wuhan-grading-winding-E2	handlingBacklog	derived
obj_exceptionevent_EXC-AL-ALM-LINE-WS-wuhan-slitting-coating-E2	handlingBacklog	derived
obj_exceptionevent_EXC-AL-ALM-LINE-WS-wuhan-slurry-coating-E1	handlingBacklog	derived
obj_exceptionevent_EXC-AL-ALM-LINE-WS-wuhan-slurry-winding-E2	handlingBacklog	derived
obj_exceptionevent_EXC-AL-ALM-LINE-WS-wuhan-winding-winding-E1	handlingBacklog	derived
obj_exceptionevent_EXC-AL-ALM-LINE-WS-xiamen-assembly-assembly-E1	handlingBacklog	derived
obj_exceptionevent_EXC-AL-ALM-LINE-WS-xiamen-assembly-assembly-E2	handlingBacklog	derived
obj_exceptionevent_EXC-AL-ALM-LINE-WS-xiamen-assembly-winding-E1	handlingBacklog	derived
obj_exceptionevent_EXC-AL-ALM-LINE-WS-xiamen-coating-assembly-E2	handlingBacklog	derived
obj_exceptionevent_EXC-AL-ALM-LINE-WS-xiamen-coating-winding-E1	handlingBacklog	derived
obj_exceptionevent_EXC-AL-ALM-LINE-WS-xiamen-grading-winding-E1	handlingBacklog	derived
obj_exceptionevent_EXC-AL-ALM-LINE-WS-xiamen-pack-assembly-E2	handlingBacklog	derived
obj_exceptionevent_EXC-AL-ALM-LINE-WS-xiamen-slurry-coating-E1	handlingBacklog	derived
obj_exceptionevent_EXC-AL-ALM-LINE-WS-xiamen-slurry-winding-E2	handlingBacklog	derived
obj_exceptionevent_EXC-AL-ALM-LINE-WS-xiamen-winding-assembly-E2	handlingBacklog	derived
obj_exceptionevent_EXC-AL-ALM-LINE-WS-xinyang-assembly-winding-E1	handlingBacklog	derived
obj_exceptionevent_EXC-AL-ALM-LINE-WS-xinyang-calendering-winding-E2	handlingBacklog	derived
obj_exceptionevent_EXC-AL-ALM-LINE-WS-xinyang-coating-coating-E1	handlingBacklog	derived
obj_exceptionevent_EXC-AL-ALM-LINE-WS-xinyang-coating-coating-E2	handlingBacklog	derived
obj_exceptionevent_EXC-AL-ALM-LINE-WS-xinyang-coating-winding-E1	handlingBacklog	derived
obj_exceptionevent_EXC-AL-ALM-LINE-WS-xinyang-pack-assembly-E2	handlingBacklog	derived
obj_exceptionevent_EXC-AL-ALM-LINE-WS-xinyang-slurry-coating-E2	handlingBacklog	derived
obj_exceptionevent_EXC-AL-ALM-LINE-WS-xinyang-slurry-winding-E2	handlingBacklog	derived
obj_exceptionevent_EXC-AL-ALM-LINE-WS-yangzhou-assembly-winding-E1	handlingBacklog	derived
obj_exceptionevent_EXC-AL-ALM-LINE-WS-yangzhou-calendering-assembly-E2	handlingBacklog	derived
obj_exceptionevent_EXC-AL-ALM-LINE-WS-yangzhou-coating-assembly-E1	handlingBacklog	derived
obj_exceptionevent_EXC-AL-ALM-LINE-WS-yangzhou-filling-coating-E2	handlingBacklog	derived
obj_exceptionevent_EXC-AL-ALM-LINE-WS-yangzhou-filling-winding-E2	handlingBacklog	derived
obj_exceptionevent_EXC-AL-ALM-LINE-WS-yangzhou-pack-coating-E1	handlingBacklog	derived
obj_exceptionevent_EXC-AL-ALM-LINE-WS-yangzhou-pack-winding-E2	handlingBacklog	derived
obj_exceptionevent_EXC-AL-ALM-LINE-WS-yangzhou-slurry-winding-E1	handlingBacklog	derived
obj_exceptionevent_EXC-AL-ALM-LINE-WS-yangzhou-winding-assembly-E1	handlingBacklog	derived
obj_exceptionevent_EXC-AL-ALM-LINE-WS-yangzhou-winding-winding-E1	handlingBacklog	derived
obj_exceptionevent_EXC-AL-ALM-LINE-WS-zaozhuang-assembly-coating-E1	handlingBacklog	derived
obj_exceptionevent_EXC-AL-ALM-LINE-WS-zaozhuang-assembly-winding-E1	handlingBacklog	derived
obj_exceptionevent_EXC-AL-ALM-LINE-WS-zaozhuang-calendering-coating-E1	handlingBacklog	derived
obj_exceptionevent_EXC-AL-ALM-LINE-WS-zaozhuang-coating-assembly-E2	handlingBacklog	derived
obj_exceptionevent_EXC-AL-ALM-LINE-WS-zaozhuang-coating-coating-E1	handlingBacklog	derived
obj_exceptionevent_EXC-AL-ALM-LINE-WS-zaozhuang-coating-winding-E1	handlingBacklog	derived
obj_exceptionevent_EXC-AL-ALM-LINE-WS-zaozhuang-filling-assembly-E1	handlingBacklog	derived
obj_exceptionevent_EXC-AL-ALM-LINE-WS-zaozhuang-filling-coating-E2	handlingBacklog	derived
obj_exceptionevent_EXC-AL-ALM-LINE-WS-zaozhuang-formation-winding-E2	handlingBacklog	derived
obj_exceptionevent_EXC-AL-ALM-LINE-WS-zaozhuang-grading-coating-E1	handlingBacklog	derived
obj_exceptionevent_EXC-AL-ALM-LINE-WS-zaozhuang-pack-assembly-E1	handlingBacklog	derived
obj_exceptionevent_EXC-AL-ALM-LINE-WS-zaozhuang-pack-assembly-E2	handlingBacklog	derived
obj_exceptionevent_EXC-AL-ALM-LINE-WS-zaozhuang-winding-assembly-E1	handlingBacklog	derived
obj_exceptionevent_EXC-AL-ALM-LINE-WS-zigong-assembly-coating-E1	handlingBacklog	derived
obj_exceptionevent_EXC-AL-ALM-LINE-WS-zigong-calendering-coating-E2	handlingBacklog	derived
obj_exceptionevent_EXC-AL-ALM-LINE-WS-zigong-coating-coating-E1	handlingBacklog	derived
obj_exceptionevent_EXC-AL-ALM-LINE-WS-zigong-coating-coating-E2	handlingBacklog	derived
obj_exceptionevent_EXC-AL-ALM-LINE-WS-zigong-filling-assembly-E2	handlingBacklog	derived
obj_exceptionevent_EXC-AL-ALM-LINE-WS-zigong-formation-winding-E2	handlingBacklog	derived
obj_exceptionevent_EXC-AL-ALM-LINE-WS-zigong-slitting-coating-E1	handlingBacklog	derived
obj_exceptionevent_EXC-AL-ALM-LINE-WS-zigong-slitting-winding-E1	handlingBacklog	derived
obj_exceptionevent_EXC-AL-ALM-LINE-WS-zigong-slurry-assembly-E2	handlingBacklog	derived
obj_exceptionevent_EXC-AL-ALM-LINE-WS-zigong-winding-winding-E2	handlingBacklog	derived
obj_exceptionevent_EXC-DF-DEF-WO-LINE-WS-changzhou-assembly-1	handlingBacklog	derived
obj_exceptionevent_EXC-DF-DEF-WO-LINE-WS-changzhou-calendering-1	handlingBacklog	derived
obj_exceptionevent_EXC-DF-DEF-WO-LINE-WS-changzhou-grading-0	handlingBacklog	derived
obj_exceptionevent_EXC-DF-DEF-WO-LINE-WS-changzhou-grading-1	handlingBacklog	derived
obj_exceptionevent_EXC-DF-DEF-WO-LINE-WS-changzhou-slitting-0	handlingBacklog	derived
obj_exceptionevent_EXC-DF-DEF-WO-LINE-WS-changzhou-slurry-0	handlingBacklog	derived
obj_exceptionevent_EXC-DF-DEF-WO-LINE-WS-chengdu-assembly-1	handlingBacklog	derived
obj_exceptionevent_EXC-DF-DEF-WO-LINE-WS-chengdu-filling-1	handlingBacklog	derived
obj_exceptionevent_EXC-DF-DEF-WO-LINE-WS-chengdu-grading-0	handlingBacklog	derived
obj_exceptionevent_EXC-DF-DEF-WO-LINE-WS-chengdu-pack-0	handlingBacklog	derived
obj_exceptionevent_EXC-DF-DEF-WO-LINE-WS-chengdu-slitting-0	handlingBacklog	derived
obj_exceptionevent_EXC-DF-DEF-WO-LINE-WS-chengdu-winding-0	handlingBacklog	derived
obj_exceptionevent_EXC-DF-DEF-WO-LINE-WS-chengdu-winding-1	handlingBacklog	derived
obj_exceptionevent_EXC-DF-DEF-WO-LINE-WS-handan-filling-0	handlingBacklog	derived
obj_exceptionevent_EXC-DF-DEF-WO-LINE-WS-handan-grading-0	handlingBacklog	derived
obj_exceptionevent_EXC-DF-DEF-WO-LINE-WS-handan-pack-0	handlingBacklog	derived
obj_exceptionevent_EXC-DF-DEF-WO-LINE-WS-handan-slitting-0	handlingBacklog	derived
obj_exceptionevent_EXC-DF-DEF-WO-LINE-WS-handan-slitting-1	handlingBacklog	derived
obj_exceptionevent_EXC-DF-DEF-WO-LINE-WS-handan-slurry-0	handlingBacklog	derived
obj_exceptionevent_EXC-DF-DEF-WO-LINE-WS-handan-slurry-1	handlingBacklog	derived
obj_exceptionevent_EXC-DF-DEF-WO-LINE-WS-hefei-assembly-1	handlingBacklog	derived
obj_exceptionevent_EXC-DF-DEF-WO-LINE-WS-hefei-calendering-1	handlingBacklog	derived
obj_exceptionevent_EXC-DF-DEF-WO-LINE-WS-hefei-coating-0	handlingBacklog	derived
obj_exceptionevent_EXC-DF-DEF-WO-LINE-WS-hefei-filling-0	handlingBacklog	derived
obj_exceptionevent_EXC-DF-DEF-WO-LINE-WS-hefei-filling-1	handlingBacklog	derived
obj_exceptionevent_EXC-DF-DEF-WO-LINE-WS-hefei-formation-0	handlingBacklog	derived
obj_exceptionevent_EXC-DF-DEF-WO-LINE-WS-jiangmen-assembly-0	handlingBacklog	derived
obj_exceptionevent_EXC-DF-DEF-WO-LINE-WS-jiangmen-calendering-0	handlingBacklog	derived
obj_exceptionevent_EXC-DF-DEF-WO-LINE-WS-jiangmen-filling-0	handlingBacklog	derived
obj_exceptionevent_EXC-DF-DEF-WO-LINE-WS-jiangmen-filling-1	handlingBacklog	derived
obj_exceptionevent_EXC-DF-DEF-WO-LINE-WS-jiangmen-formation-0	handlingBacklog	derived
obj_exceptionevent_EXC-DF-DEF-WO-LINE-WS-jiangmen-slurry-1	handlingBacklog	derived
obj_exceptionevent_EXC-DF-DEF-WO-LINE-WS-jinhua-assembly-1	handlingBacklog	derived
obj_exceptionevent_EXC-DF-DEF-WO-LINE-WS-jinhua-calendering-0	handlingBacklog	derived
obj_exceptionevent_EXC-DF-DEF-WO-LINE-WS-jinhua-filling-0	handlingBacklog	derived
obj_exceptionevent_EXC-DF-DEF-WO-LINE-WS-jinhua-filling-1	handlingBacklog	derived
obj_exceptionevent_EXC-DF-DEF-WO-LINE-WS-jinhua-formation-1	handlingBacklog	derived
obj_exceptionevent_EXC-DF-DEF-WO-LINE-WS-jinhua-pack-1	handlingBacklog	derived
obj_exceptionevent_EXC-DF-DEF-WO-LINE-WS-jinhua-slurry-0	handlingBacklog	derived
obj_exceptionevent_EXC-DF-DEF-WO-LINE-WS-jinhua-slurry-1	handlingBacklog	derived
obj_exceptionevent_EXC-DF-DEF-WO-LINE-WS-jinhua-winding-0	handlingBacklog	derived
obj_exceptionevent_EXC-DF-DEF-WO-LINE-WS-jinhua-winding-1	handlingBacklog	derived
obj_exceptionevent_EXC-DF-DEF-WO-LINE-WS-meishan-calendering-1	handlingBacklog	derived
obj_exceptionevent_EXC-DF-DEF-WO-LINE-WS-meishan-formation-0	handlingBacklog	derived
obj_exceptionevent_EXC-DF-DEF-WO-LINE-WS-meishan-slitting-1	handlingBacklog	derived
obj_exceptionevent_EXC-DF-DEF-WO-LINE-WS-meishan-slurry-0	handlingBacklog	derived
obj_exceptionevent_EXC-DF-DEF-WO-LINE-WS-meishan-winding-1	handlingBacklog	derived
obj_exceptionevent_EXC-DF-DEF-WO-LINE-WS-wuhan-calendering-0	handlingBacklog	derived
obj_exceptionevent_EXC-DF-DEF-WO-LINE-WS-wuhan-grading-0	handlingBacklog	derived
obj_exceptionevent_EXC-DF-DEF-WO-LINE-WS-wuhan-slitting-0	handlingBacklog	derived
obj_exceptionevent_EXC-DF-DEF-WO-LINE-WS-wuhan-slurry-0	handlingBacklog	derived
obj_exceptionevent_EXC-DF-DEF-WO-LINE-WS-wuhan-winding-0	handlingBacklog	derived
obj_exceptionevent_EXC-DF-DEF-WO-LINE-WS-xiamen-calendering-0	handlingBacklog	derived
obj_exceptionevent_EXC-DF-DEF-WO-LINE-WS-xiamen-coating-0	handlingBacklog	derived
obj_exceptionevent_EXC-DF-DEF-WO-LINE-WS-xiamen-grading-0	handlingBacklog	derived
obj_exceptionevent_EXC-DF-DEF-WO-LINE-WS-xiamen-grading-1	handlingBacklog	derived
obj_exceptionevent_EXC-DF-DEF-WO-LINE-WS-xiamen-slitting-0	handlingBacklog	derived
obj_exceptionevent_EXC-DF-DEF-WO-LINE-WS-xiamen-slitting-1	handlingBacklog	derived
obj_exceptionevent_EXC-DF-DEF-WO-LINE-WS-xiamen-winding-0	handlingBacklog	derived
obj_exceptionevent_EXC-DF-DEF-WO-LINE-WS-xinyang-assembly-0	handlingBacklog	derived
obj_exceptionevent_EXC-DF-DEF-WO-LINE-WS-xinyang-assembly-1	handlingBacklog	derived
obj_exceptionevent_EXC-DF-DEF-WO-LINE-WS-xinyang-formation-1	handlingBacklog	derived
obj_exceptionevent_EXC-DF-DEF-WO-LINE-WS-xinyang-slurry-1	handlingBacklog	derived
obj_exceptionevent_EXC-DF-DEF-WO-LINE-WS-xinyang-winding-1	handlingBacklog	derived
obj_exceptionevent_EXC-DF-DEF-WO-LINE-WS-yangzhou-calendering-0	handlingBacklog	derived
obj_exceptionevent_EXC-DF-DEF-WO-LINE-WS-yangzhou-coating-1	handlingBacklog	derived
obj_exceptionevent_EXC-DF-DEF-WO-LINE-WS-yangzhou-formation-0	handlingBacklog	derived
obj_exceptionevent_EXC-DF-DEF-WO-LINE-WS-yangzhou-slurry-0	handlingBacklog	derived
obj_exceptionevent_EXC-DF-DEF-WO-LINE-WS-yangzhou-winding-0	handlingBacklog	derived
obj_exceptionevent_EXC-DF-DEF-WO-LINE-WS-zaozhuang-calendering-1	handlingBacklog	derived
obj_exceptionevent_EXC-DF-DEF-WO-LINE-WS-zaozhuang-formation-0	handlingBacklog	derived
obj_exceptionevent_EXC-DF-DEF-WO-LINE-WS-zaozhuang-grading-1	handlingBacklog	derived
obj_exceptionevent_EXC-DF-DEF-WO-LINE-WS-zaozhuang-pack-0	handlingBacklog	derived
obj_exceptionevent_EXC-DF-DEF-WO-LINE-WS-zaozhuang-pack-1	handlingBacklog	derived
obj_exceptionevent_EXC-DF-DEF-WO-LINE-WS-zaozhuang-winding-1	handlingBacklog	derived
obj_exceptionevent_EXC-DF-DEF-WO-LINE-WS-zigong-calendering-0	handlingBacklog	derived
obj_exceptionevent_EXC-DF-DEF-WO-LINE-WS-zigong-coating-0	handlingBacklog	derived
obj_exceptionevent_EXC-DF-DEF-WO-LINE-WS-zigong-coating-1	handlingBacklog	derived
obj_exceptionevent_EXC-DF-DEF-WO-LINE-WS-zigong-filling-0	handlingBacklog	derived
obj_exceptionevent_EXC-DF-DEF-WO-LINE-WS-zigong-grading-0	handlingBacklog	derived
obj_exceptionevent_EXC-DF-DEF-WO-LINE-WS-zigong-pack-1	handlingBacklog	derived
obj_exceptionevent_EXC-DF-DEF-WO-LINE-WS-zigong-slitting-1	handlingBacklog	derived
obj_exceptionevent_EXC-DF-DEF-WO-LINE-WS-zigong-slurry-0	handlingBacklog	derived
obj_exceptionevent_EXC-DF-DEF-WO-LINE-WS-zigong-winding-0	handlingBacklog	derived
obj_exceptionevent_EXC-DF-DEF-WO-LINE-WS-zigong-winding-1	handlingBacklog	derived
obj_exceptionevent_EXC-DT-DT-LINE-WS-changzhou-calendering-winding-E1	handlingBacklog	derived
obj_exceptionevent_EXC-DT-DT-LINE-WS-changzhou-coating-winding-E1	handlingBacklog	derived
obj_exceptionevent_EXC-DT-DT-LINE-WS-changzhou-coating-winding-E2	handlingBacklog	derived
obj_exceptionevent_EXC-DT-DT-LINE-WS-changzhou-filling-assembly-E1	handlingBacklog	derived
obj_exceptionevent_EXC-DT-DT-LINE-WS-changzhou-filling-assembly-E2	handlingBacklog	derived
obj_exceptionevent_EXC-DT-DT-LINE-WS-changzhou-grading-assembly-E1	handlingBacklog	derived
obj_exceptionevent_EXC-DT-DT-LINE-WS-changzhou-grading-winding-E2	handlingBacklog	derived
obj_exceptionevent_EXC-DT-DT-LINE-WS-changzhou-pack-winding-E2	handlingBacklog	derived
obj_exceptionevent_EXC-DT-DT-LINE-WS-changzhou-slitting-coating-E2	handlingBacklog	derived
obj_exceptionevent_EXC-DT-DT-LINE-WS-changzhou-slurry-coating-E1	handlingBacklog	derived
obj_exceptionevent_EXC-DT-DT-LINE-WS-changzhou-winding-coating-E2	handlingBacklog	derived
obj_exceptionevent_EXC-DT-DT-LINE-WS-chengdu-assembly-assembly-E1	handlingBacklog	derived
obj_exceptionevent_EXC-DT-DT-LINE-WS-chengdu-calendering-winding-E1	handlingBacklog	derived
obj_exceptionevent_EXC-DT-DT-LINE-WS-chengdu-filling-winding-E1	handlingBacklog	derived
obj_exceptionevent_EXC-DT-DT-LINE-WS-chengdu-filling-winding-E2	handlingBacklog	derived
obj_exceptionevent_EXC-DT-DT-LINE-WS-chengdu-formation-assembly-E1	handlingBacklog	derived
obj_exceptionevent_EXC-DT-DT-LINE-WS-chengdu-formation-coating-E1	handlingBacklog	derived
obj_exceptionevent_EXC-DT-DT-LINE-WS-chengdu-formation-coating-E2	handlingBacklog	derived
obj_exceptionevent_EXC-DT-DT-LINE-WS-chengdu-formation-winding-E1	handlingBacklog	derived
obj_exceptionevent_EXC-DT-DT-LINE-WS-chengdu-grading-coating-E2	handlingBacklog	derived
obj_exceptionevent_EXC-DT-DT-LINE-WS-chengdu-pack-coating-E2	handlingBacklog	derived
obj_exceptionevent_EXC-DT-DT-LINE-WS-chengdu-slurry-assembly-E1	handlingBacklog	derived
obj_exceptionevent_EXC-DT-DT-LINE-WS-handan-assembly-winding-E2	handlingBacklog	derived
obj_exceptionevent_EXC-DT-DT-LINE-WS-handan-calendering-assembly-E2	handlingBacklog	derived
obj_exceptionevent_EXC-DT-DT-LINE-WS-handan-calendering-coating-E1	handlingBacklog	derived
obj_exceptionevent_EXC-DT-DT-LINE-WS-handan-coating-coating-E2	handlingBacklog	derived
obj_exceptionevent_EXC-DT-DT-LINE-WS-handan-filling-winding-E2	handlingBacklog	derived
obj_exceptionevent_EXC-DT-DT-LINE-WS-handan-formation-assembly-E1	handlingBacklog	derived
obj_exceptionevent_EXC-DT-DT-LINE-WS-handan-formation-assembly-E2	handlingBacklog	derived
obj_exceptionevent_EXC-DT-DT-LINE-WS-handan-grading-coating-E1	handlingBacklog	derived
obj_exceptionevent_EXC-DT-DT-LINE-WS-handan-pack-assembly-E1	handlingBacklog	derived
obj_exceptionevent_EXC-DT-DT-LINE-WS-handan-slurry-coating-E1	handlingBacklog	derived
obj_exceptionevent_EXC-DT-DT-LINE-WS-handan-winding-winding-E2	handlingBacklog	derived
obj_exceptionevent_EXC-DT-DT-LINE-WS-hefei-assembly-assembly-E2	handlingBacklog	derived
obj_exceptionevent_EXC-DT-DT-LINE-WS-hefei-assembly-coating-E2	handlingBacklog	derived
obj_exceptionevent_EXC-DT-DT-LINE-WS-hefei-calendering-coating-E1	handlingBacklog	derived
obj_exceptionevent_EXC-DT-DT-LINE-WS-hefei-coating-winding-E2	handlingBacklog	derived
obj_exceptionevent_EXC-DT-DT-LINE-WS-hefei-formation-winding-E1	handlingBacklog	derived
obj_exceptionevent_EXC-DT-DT-LINE-WS-hefei-pack-coating-E1	handlingBacklog	derived
obj_exceptionevent_EXC-DT-DT-LINE-WS-hefei-slitting-coating-E1	handlingBacklog	derived
obj_exceptionevent_EXC-DT-DT-LINE-WS-hefei-slurry-winding-E2	handlingBacklog	derived
obj_exceptionevent_EXC-DT-DT-LINE-WS-hefei-winding-coating-E2	handlingBacklog	derived
obj_exceptionevent_EXC-DT-DT-LINE-WS-hefei-winding-winding-E2	handlingBacklog	derived
obj_exceptionevent_EXC-DT-DT-LINE-WS-jiangmen-assembly-assembly-E1	handlingBacklog	derived
obj_exceptionevent_EXC-DT-DT-LINE-WS-jiangmen-assembly-assembly-E2	handlingBacklog	derived
obj_exceptionevent_EXC-DT-DT-LINE-WS-jiangmen-calendering-coating-E2	handlingBacklog	derived
obj_exceptionevent_EXC-DT-DT-LINE-WS-jiangmen-coating-assembly-E1	handlingBacklog	derived
obj_exceptionevent_EXC-DT-DT-LINE-WS-jiangmen-coating-coating-E1	handlingBacklog	derived
obj_exceptionevent_EXC-DT-DT-LINE-WS-jiangmen-coating-winding-E1	handlingBacklog	derived
obj_exceptionevent_EXC-DT-DT-LINE-WS-jiangmen-coating-winding-E2	handlingBacklog	derived
obj_exceptionevent_EXC-DT-DT-LINE-WS-jiangmen-filling-assembly-E1	handlingBacklog	derived
obj_exceptionevent_EXC-DT-DT-LINE-WS-jiangmen-formation-assembly-E2	handlingBacklog	derived
obj_exceptionevent_EXC-DT-DT-LINE-WS-jiangmen-formation-coating-E2	handlingBacklog	derived
obj_exceptionevent_EXC-DT-DT-LINE-WS-jiangmen-grading-assembly-E2	handlingBacklog	derived
obj_exceptionevent_EXC-DT-DT-LINE-WS-jiangmen-pack-assembly-E2	handlingBacklog	derived
obj_exceptionevent_EXC-DT-DT-LINE-WS-jiangmen-pack-coating-E1	handlingBacklog	derived
obj_exceptionevent_EXC-DT-DT-LINE-WS-jiangmen-pack-coating-E2	handlingBacklog	derived
obj_exceptionevent_EXC-DT-DT-LINE-WS-jiangmen-pack-winding-E1	handlingBacklog	derived
obj_exceptionevent_EXC-DT-DT-LINE-WS-jiangmen-slitting-assembly-E2	handlingBacklog	derived
obj_exceptionevent_EXC-DT-DT-LINE-WS-jiangmen-slitting-coating-E2	handlingBacklog	derived
obj_exceptionevent_EXC-DT-DT-LINE-WS-jiangmen-slitting-winding-E2	handlingBacklog	derived
obj_exceptionevent_EXC-DT-DT-LINE-WS-jiangmen-slurry-assembly-E1	handlingBacklog	derived
obj_exceptionevent_EXC-DT-DT-LINE-WS-jiangmen-winding-assembly-E2	handlingBacklog	derived
obj_exceptionevent_EXC-DT-DT-LINE-WS-jiangmen-winding-winding-E1	handlingBacklog	derived
obj_exceptionevent_EXC-DT-DT-LINE-WS-jinhua-assembly-winding-E1	handlingBacklog	derived
obj_exceptionevent_EXC-DT-DT-LINE-WS-jinhua-calendering-coating-E1	handlingBacklog	derived
obj_exceptionevent_EXC-DT-DT-LINE-WS-jinhua-calendering-winding-E2	handlingBacklog	derived
obj_exceptionevent_EXC-DT-DT-LINE-WS-jinhua-formation-coating-E1	handlingBacklog	derived
obj_exceptionevent_EXC-DT-DT-LINE-WS-jinhua-grading-winding-E1	handlingBacklog	derived
obj_exceptionevent_EXC-DT-DT-LINE-WS-meishan-assembly-winding-E2	handlingBacklog	derived
obj_exceptionevent_EXC-DT-DT-LINE-WS-meishan-calendering-coating-E2	handlingBacklog	derived
obj_exceptionevent_EXC-DT-DT-LINE-WS-meishan-coating-winding-E2	handlingBacklog	derived
obj_exceptionevent_EXC-DT-DT-LINE-WS-meishan-filling-assembly-E1	handlingBacklog	derived
obj_exceptionevent_EXC-DT-DT-LINE-WS-meishan-filling-winding-E2	handlingBacklog	derived
obj_exceptionevent_EXC-DT-DT-LINE-WS-meishan-formation-coating-E2	handlingBacklog	derived
obj_exceptionevent_EXC-DT-DT-LINE-WS-meishan-grading-winding-E1	handlingBacklog	derived
obj_exceptionevent_EXC-DT-DT-LINE-WS-meishan-slitting-assembly-E2	handlingBacklog	derived
obj_exceptionevent_EXC-DT-DT-LINE-WS-meishan-slitting-coating-E1	handlingBacklog	derived
obj_exceptionevent_EXC-DT-DT-LINE-WS-meishan-slurry-assembly-E2	handlingBacklog	derived
obj_exceptionevent_EXC-DT-DT-LINE-WS-meishan-winding-coating-E1	handlingBacklog	derived
obj_exceptionevent_EXC-DT-DT-LINE-WS-meishan-winding-coating-E2	handlingBacklog	derived
obj_exceptionevent_EXC-DT-DT-LINE-WS-wuhan-assembly-coating-E2	handlingBacklog	derived
obj_exceptionevent_EXC-DT-DT-LINE-WS-wuhan-calendering-winding-E1	handlingBacklog	derived
obj_exceptionevent_EXC-DT-DT-LINE-WS-wuhan-filling-assembly-E1	handlingBacklog	derived
obj_exceptionevent_EXC-DT-DT-LINE-WS-wuhan-filling-coating-E2	handlingBacklog	derived
obj_exceptionevent_EXC-DT-DT-LINE-WS-wuhan-formation-assembly-E1	handlingBacklog	derived
obj_exceptionevent_EXC-DT-DT-LINE-WS-wuhan-formation-coating-E2	handlingBacklog	derived
obj_exceptionevent_EXC-DT-DT-LINE-WS-wuhan-grading-coating-E1	handlingBacklog	derived
obj_exceptionevent_EXC-DT-DT-LINE-WS-wuhan-grading-winding-E2	handlingBacklog	derived
obj_exceptionevent_EXC-DT-DT-LINE-WS-wuhan-pack-coating-E2	handlingBacklog	derived
obj_exceptionevent_EXC-DT-DT-LINE-WS-wuhan-slitting-winding-E2	handlingBacklog	derived
obj_exceptionevent_EXC-DT-DT-LINE-WS-wuhan-slurry-winding-E1	handlingBacklog	derived
obj_exceptionevent_EXC-DT-DT-LINE-WS-wuhan-winding-coating-E2	handlingBacklog	derived
obj_exceptionevent_EXC-DT-DT-LINE-WS-xiamen-assembly-assembly-E2	handlingBacklog	derived
obj_exceptionevent_EXC-DT-DT-LINE-WS-xiamen-assembly-coating-E2	handlingBacklog	derived
obj_exceptionevent_EXC-DT-DT-LINE-WS-xiamen-assembly-winding-E1	handlingBacklog	derived
obj_exceptionevent_EXC-DT-DT-LINE-WS-xiamen-calendering-winding-E2	handlingBacklog	derived
obj_exceptionevent_EXC-DT-DT-LINE-WS-xiamen-filling-assembly-E1	handlingBacklog	derived
obj_exceptionevent_EXC-DT-DT-LINE-WS-xiamen-formation-coating-E2	handlingBacklog	derived
obj_exceptionevent_EXC-DT-DT-LINE-WS-xiamen-grading-coating-E1	handlingBacklog	derived
obj_exceptionevent_EXC-DT-DT-LINE-WS-xiamen-pack-assembly-E1	handlingBacklog	derived
obj_exceptionevent_EXC-DT-DT-LINE-WS-xiamen-pack-coating-E1	handlingBacklog	derived
obj_exceptionevent_EXC-DT-DT-LINE-WS-xiamen-pack-coating-E2	handlingBacklog	derived
obj_exceptionevent_EXC-DT-DT-LINE-WS-xiamen-pack-winding-E1	handlingBacklog	derived
obj_exceptionevent_EXC-DT-DT-LINE-WS-xiamen-slitting-assembly-E2	handlingBacklog	derived
obj_exceptionevent_EXC-DT-DT-LINE-WS-xiamen-slitting-coating-E1	handlingBacklog	derived
obj_exceptionevent_EXC-DT-DT-LINE-WS-xiamen-slurry-assembly-E2	handlingBacklog	derived
obj_exceptionevent_EXC-DT-DT-LINE-WS-xinyang-assembly-winding-E1	handlingBacklog	derived
obj_exceptionevent_EXC-DT-DT-LINE-WS-xinyang-assembly-winding-E2	handlingBacklog	derived
obj_exceptionevent_EXC-DT-DT-LINE-WS-xinyang-calendering-assembly-E1	handlingBacklog	derived
obj_exceptionevent_EXC-DT-DT-LINE-WS-xinyang-coating-assembly-E1	handlingBacklog	derived
obj_exceptionevent_EXC-DT-DT-LINE-WS-xinyang-coating-winding-E1	handlingBacklog	derived
obj_exceptionevent_EXC-DT-DT-LINE-WS-xinyang-filling-winding-E2	handlingBacklog	derived
obj_exceptionevent_EXC-DT-DT-LINE-WS-xinyang-formation-assembly-E1	handlingBacklog	derived
obj_exceptionevent_EXC-DT-DT-LINE-WS-xinyang-grading-assembly-E1	handlingBacklog	derived
obj_exceptionevent_EXC-DT-DT-LINE-WS-xinyang-pack-assembly-E2	handlingBacklog	derived
obj_exceptionevent_EXC-DT-DT-LINE-WS-xinyang-pack-winding-E2	handlingBacklog	derived
obj_exceptionevent_EXC-DT-DT-LINE-WS-xinyang-slitting-coating-E1	handlingBacklog	derived
obj_exceptionevent_EXC-DT-DT-LINE-WS-xinyang-slurry-assembly-E1	handlingBacklog	derived
obj_exceptionevent_EXC-DT-DT-LINE-WS-xinyang-winding-coating-E1	handlingBacklog	derived
obj_exceptionevent_EXC-DT-DT-LINE-WS-yangzhou-assembly-assembly-E2	handlingBacklog	derived
obj_exceptionevent_EXC-DT-DT-LINE-WS-yangzhou-calendering-coating-E1	handlingBacklog	derived
obj_exceptionevent_EXC-DT-DT-LINE-WS-yangzhou-calendering-coating-E2	handlingBacklog	derived
obj_exceptionevent_EXC-DT-DT-LINE-WS-yangzhou-coating-assembly-E1	handlingBacklog	derived
obj_exceptionevent_EXC-DT-DT-LINE-WS-yangzhou-filling-coating-E1	handlingBacklog	derived
obj_exceptionevent_EXC-DT-DT-LINE-WS-yangzhou-filling-coating-E2	handlingBacklog	derived
obj_exceptionevent_EXC-DT-DT-LINE-WS-yangzhou-formation-assembly-E1	handlingBacklog	derived
obj_exceptionevent_EXC-DT-DT-LINE-WS-yangzhou-grading-assembly-E2	handlingBacklog	derived
obj_exceptionevent_EXC-DT-DT-LINE-WS-yangzhou-grading-coating-E1	handlingBacklog	derived
obj_exceptionevent_EXC-DT-DT-LINE-WS-yangzhou-grading-coating-E2	handlingBacklog	derived
obj_exceptionevent_EXC-DT-DT-LINE-WS-yangzhou-grading-winding-E1	handlingBacklog	derived
obj_exceptionevent_EXC-DT-DT-LINE-WS-yangzhou-slitting-coating-E1	handlingBacklog	derived
obj_exceptionevent_EXC-DT-DT-LINE-WS-yangzhou-slitting-coating-E2	handlingBacklog	derived
obj_exceptionevent_EXC-DT-DT-LINE-WS-yangzhou-slitting-winding-E1	handlingBacklog	derived
obj_exceptionevent_EXC-DT-DT-LINE-WS-yangzhou-slitting-winding-E2	handlingBacklog	derived
obj_exceptionevent_EXC-DT-DT-LINE-WS-yangzhou-slurry-winding-E1	handlingBacklog	derived
obj_exceptionevent_EXC-DT-DT-LINE-WS-yangzhou-winding-assembly-E1	handlingBacklog	derived
obj_exceptionevent_EXC-DT-DT-LINE-WS-zaozhuang-assembly-assembly-E1	handlingBacklog	derived
obj_exceptionevent_EXC-DT-DT-LINE-WS-zaozhuang-assembly-coating-E2	handlingBacklog	derived
obj_exceptionevent_EXC-DT-DT-LINE-WS-zaozhuang-calendering-winding-E2	handlingBacklog	derived
obj_exceptionevent_EXC-DT-DT-LINE-WS-zaozhuang-coating-assembly-E1	handlingBacklog	derived
obj_exceptionevent_EXC-DT-DT-LINE-WS-zaozhuang-coating-winding-E2	handlingBacklog	derived
obj_exceptionevent_EXC-DT-DT-LINE-WS-zaozhuang-filling-assembly-E1	handlingBacklog	derived
obj_exceptionevent_EXC-DT-DT-LINE-WS-zaozhuang-filling-winding-E2	handlingBacklog	derived
obj_exceptionevent_EXC-DT-DT-LINE-WS-zaozhuang-formation-assembly-E2	handlingBacklog	derived
obj_exceptionevent_EXC-DT-DT-LINE-WS-zaozhuang-grading-assembly-E1	handlingBacklog	derived
obj_exceptionevent_EXC-DT-DT-LINE-WS-zaozhuang-grading-winding-E2	handlingBacklog	derived
obj_exceptionevent_EXC-DT-DT-LINE-WS-zaozhuang-slitting-assembly-E2	handlingBacklog	derived
obj_exceptionevent_EXC-DT-DT-LINE-WS-zaozhuang-slurry-coating-E2	handlingBacklog	derived
obj_exceptionevent_EXC-DT-DT-LINE-WS-zaozhuang-winding-assembly-E2	handlingBacklog	derived
obj_exceptionevent_EXC-DT-DT-LINE-WS-zigong-assembly-winding-E2	handlingBacklog	derived
obj_exceptionevent_EXC-DT-DT-LINE-WS-zigong-calendering-coating-E2	handlingBacklog	derived
obj_exceptionevent_EXC-DT-DT-LINE-WS-zigong-calendering-winding-E1	handlingBacklog	derived
obj_exceptionevent_EXC-DT-DT-LINE-WS-zigong-coating-assembly-E1	handlingBacklog	derived
obj_exceptionevent_EXC-DT-DT-LINE-WS-zigong-filling-assembly-E1	handlingBacklog	derived
obj_exceptionevent_EXC-DT-DT-LINE-WS-zigong-filling-coating-E1	handlingBacklog	derived
obj_exceptionevent_EXC-DT-DT-LINE-WS-zigong-filling-winding-E2	handlingBacklog	derived
obj_exceptionevent_EXC-DT-DT-LINE-WS-zigong-formation-coating-E1	handlingBacklog	derived
obj_exceptionevent_EXC-DT-DT-LINE-WS-zigong-grading-coating-E2	handlingBacklog	derived
obj_exceptionevent_EXC-DT-DT-LINE-WS-zigong-pack-winding-E1	handlingBacklog	derived
obj_exceptionevent_EXC-DT-DT-LINE-WS-zigong-slitting-coating-E1	handlingBacklog	derived
obj_exceptionevent_EXC-DT-DT-LINE-WS-zigong-slitting-winding-E2	handlingBacklog	derived
obj_exceptionevent_EXC-DT-DT-LINE-WS-zigong-slurry-coating-E2	handlingBacklog	derived
obj_exceptionevent_EXC-DT-DT-LINE-WS-zigong-slurry-winding-E2	handlingBacklog	derived
obj_exceptionevent_EXC-DT-DT-LINE-WS-zigong-winding-assembly-E1	handlingBacklog	derived
obj_exceptionevent_EXC-DT-DT-LINE-WS-zigong-winding-winding-E1	handlingBacklog	derived
obj_exceptionevent_EXC-MB-mbal-1	handlingBacklog	derived
obj_exceptionevent_EXC-MB-mbal-2	handlingBacklog	derived
obj_exceptionevent_EXC-MB-mbal-3	handlingBacklog	derived
obj_exceptionevent_EXC-MB-mbal-5	handlingBacklog	derived
obj_exceptionevent_EXC-MB-mbal-6	handlingBacklog	derived
obj_exceptionevent_EXC-MB-mbal-7	handlingBacklog	derived
obj_exceptionevent_EXC-MB-mbal-8	handlingBacklog	derived
obj_exceptionevent_EXC-TR-trig-backup-cert	handlingBacklog	derived
obj_exceptionevent_EXC-TR-trig-fx-hedge	handlingBacklog	derived
obj_exceptionevent_EXC-TR-trig-lta-reprice	handlingBacklog	derived
obj_finishedgoodsinventory_FG-2170-NCM-WH-wuhan-FINISHED	coverDays	measured
obj_finishedgoodsinventory_FG-2170-NCM-WH-wuhan-FINISHED	drawdownPressure	derived
obj_finishedgoodsinventory_FG-2170-NCM-WH-xiamen-FINISHED	coverDays	measured
obj_finishedgoodsinventory_FG-2170-NCM-WH-xiamen-FINISHED	drawdownPressure	derived
obj_finishedgoodsinventory_FG-2170-NCM-WH-zigong-FINISHED	coverDays	measured
obj_finishedgoodsinventory_FG-2170-NCM-WH-zigong-FINISHED	drawdownPressure	derived
obj_finishedgoodsinventory_FG-4680-LFP-WH-changzhou-FINISHED	coverDays	measured
obj_finishedgoodsinventory_FG-4680-LFP-WH-changzhou-FINISHED	drawdownPressure	derived
obj_finishedgoodsinventory_FG-4680-LFP-WH-zaozhuang-FINISHED	coverDays	measured
obj_finishedgoodsinventory_FG-4680-LFP-WH-zaozhuang-FINISHED	drawdownPressure	derived
obj_finishedgoodsinventory_FG-4680-NCM-WH-changzhou-FINISHED	coverDays	measured
obj_finishedgoodsinventory_FG-4680-NCM-WH-changzhou-FINISHED	drawdownPressure	derived
obj_finishedgoodsinventory_FG-4680-NCM-WH-chengdu-FINISHED	coverDays	measured
obj_finishedgoodsinventory_FG-4680-NCM-WH-chengdu-FINISHED	drawdownPressure	derived
obj_finishedgoodsinventory_FG-4680-NCM-WH-hefei-FINISHED	coverDays	measured
obj_finishedgoodsinventory_FG-4680-NCM-WH-hefei-FINISHED	drawdownPressure	derived
obj_finishedgoodsinventory_FG-4680-NCM-WH-jinhua-FINISHED	coverDays	measured
obj_finishedgoodsinventory_FG-4680-NCM-WH-jinhua-FINISHED	drawdownPressure	derived
obj_finishedgoodsinventory_FG-圆柱-LFP-WH-xinyang-FINISHED	coverDays	measured
obj_finishedgoodsinventory_FG-圆柱-LFP-WH-xinyang-FINISHED	drawdownPressure	derived
obj_finishedgoodsinventory_FG-圆柱-LFP-WH-yangzhou-FINISHED	coverDays	measured
obj_finishedgoodsinventory_FG-圆柱-LFP-WH-yangzhou-FINISHED	drawdownPressure	derived
obj_finishedgoodsinventory_FG-方形-LFP-WH-handan-FINISHED	coverDays	measured
obj_finishedgoodsinventory_FG-方形-LFP-WH-handan-FINISHED	drawdownPressure	derived
obj_finishedgoodsinventory_FG-方形-LFP-WH-jiangmen-FINISHED	coverDays	measured
obj_finishedgoodsinventory_FG-方形-LFP-WH-jiangmen-FINISHED	drawdownPressure	derived
obj_finishedgoodsinventory_FG-方形-LFP-WH-meishan-FINISHED	coverDays	measured
obj_finishedgoodsinventory_FG-方形-LFP-WH-meishan-FINISHED	drawdownPressure	derived
obj_finishedgoodsinventory_FG-方形-LFP-WH-zaozhuang-FINISHED	coverDays	measured
obj_finishedgoodsinventory_FG-方形-LFP-WH-zaozhuang-FINISHED	drawdownPressure	derived
obj_finishedgoodsinventory_FG-方形-NCM-WH-changzhou-FINISHED	coverDays	measured
obj_finishedgoodsinventory_FG-方形-NCM-WH-changzhou-FINISHED	drawdownPressure	derived
obj_finishedgoodsinventory_FG-方形-NCM-WH-chengdu-FINISHED	coverDays	measured
obj_finishedgoodsinventory_FG-方形-NCM-WH-chengdu-FINISHED	drawdownPressure	derived
obj_finishedgoodsinventory_FG-方形-NCM-WH-jinhua-FINISHED	coverDays	measured
obj_finishedgoodsinventory_FG-方形-NCM-WH-jinhua-FINISHED	drawdownPressure	derived
obj_incominginspection_iqc_po_0	queueDays	derived
obj_incominginspection_iqc_po_1	queueDays	derived
obj_incominginspection_iqc_po_10	queueDays	derived
obj_incominginspection_iqc_po_11	queueDays	derived
obj_incominginspection_iqc_po_12	queueDays	derived
obj_incominginspection_iqc_po_13	queueDays	derived
obj_incominginspection_iqc_po_14	queueDays	derived
obj_incominginspection_iqc_po_15	queueDays	derived
obj_incominginspection_iqc_po_16	queueDays	derived
obj_incominginspection_iqc_po_17	queueDays	derived
obj_incominginspection_iqc_po_18	queueDays	derived
obj_incominginspection_iqc_po_19	queueDays	derived
obj_incominginspection_iqc_po_2	queueDays	derived
obj_incominginspection_iqc_po_20	queueDays	derived
obj_incominginspection_iqc_po_21	queueDays	derived
obj_incominginspection_iqc_po_22	queueDays	derived
obj_incominginspection_iqc_po_23	queueDays	derived
obj_incominginspection_iqc_po_24	queueDays	derived
obj_incominginspection_iqc_po_25	queueDays	derived
obj_incominginspection_iqc_po_26	queueDays	derived
obj_incominginspection_iqc_po_27	queueDays	derived
obj_incominginspection_iqc_po_28	queueDays	derived
obj_incominginspection_iqc_po_29	queueDays	derived
obj_incominginspection_iqc_po_3	queueDays	derived
obj_incominginspection_iqc_po_4	queueDays	derived
obj_incominginspection_iqc_po_5	queueDays	derived
obj_incominginspection_iqc_po_6	queueDays	derived
obj_incominginspection_iqc_po_7	queueDays	derived
obj_incominginspection_iqc_po_8	queueDays	derived
obj_incominginspection_iqc_po_9	queueDays	derived
obj_interbasetransfer_XFER-CELL-changzhou-yangzhou-圆柱-LFP	transferPressure	derived
obj_interbasetransfer_XFER-CELL-chengdu-meishan-方形-LFP	transferPressure	derived
obj_interbasetransfer_XFER-CELL-wuhan-xinyang-圆柱-LFP	transferPressure	derived
obj_interbasetransfer_XFER-CELL-xiamen-jiangmen-方形-LFP	transferPressure	derived
obj_interbasetransfer_XFER-CELL-zaozhuang-handan-方形-LFP	transferPressure	derived
obj_interbasetransfer_XFER-changzhou-chengdu-4680-NCM	transferPressure	derived
obj_interbasetransfer_XFER-changzhou-chengdu-方形-NCM	transferPressure	derived
obj_interbasetransfer_XFER-changzhou-zaozhuang-4680-LFP	transferPressure	derived
obj_interbasetransfer_XFER-chengdu-hefei-4680-NCM	transferPressure	derived
obj_interbasetransfer_XFER-chengdu-jinhua-方形-NCM	transferPressure	derived
obj_interbasetransfer_XFER-handan-zaozhuang-方形-LFP	transferPressure	derived
obj_interbasetransfer_XFER-hefei-jinhua-4680-NCM	transferPressure	derived
obj_interbasetransfer_XFER-jiangmen-meishan-方形-LFP	transferPressure	derived
obj_interbasetransfer_XFER-meishan-handan-方形-LFP	transferPressure	derived
obj_interbasetransfer_XFER-wuhan-zigong-2170-NCM	transferPressure	derived
obj_interbasetransfer_XFER-xiamen-wuhan-2170-NCM	transferPressure	derived
obj_interbasetransfer_XFER-xinyang-yangzhou-圆柱-LFP	transferPressure	derived
obj_line_LINE-WS-changzhou-assembly	blockedPressure	measured
obj_line_LINE-WS-changzhou-assembly	utilPressure	measured
obj_line_LINE-WS-changzhou-calendering	blockedPressure	measured
obj_line_LINE-WS-changzhou-calendering	utilPressure	measured
obj_line_LINE-WS-changzhou-coating	blockedPressure	measured
obj_line_LINE-WS-changzhou-coating	utilPressure	measured
obj_line_LINE-WS-changzhou-filling	blockedPressure	measured
obj_line_LINE-WS-changzhou-filling	utilPressure	measured
obj_line_LINE-WS-changzhou-formation	blockedPressure	measured
obj_line_LINE-WS-changzhou-formation	utilPressure	measured
obj_line_LINE-WS-changzhou-grading	blockedPressure	measured
obj_line_LINE-WS-changzhou-grading	utilPressure	measured
obj_line_LINE-WS-changzhou-pack	blockedPressure	measured
obj_line_LINE-WS-changzhou-pack	utilPressure	measured
obj_line_LINE-WS-changzhou-slitting	blockedPressure	measured
obj_line_LINE-WS-changzhou-slitting	utilPressure	measured
obj_line_LINE-WS-changzhou-slurry	blockedPressure	measured
obj_line_LINE-WS-changzhou-slurry	utilPressure	measured
obj_line_LINE-WS-changzhou-winding	blockedPressure	measured
obj_line_LINE-WS-changzhou-winding	utilPressure	measured
obj_line_LINE-WS-chengdu-assembly	blockedPressure	measured
obj_line_LINE-WS-chengdu-assembly	utilPressure	measured
obj_line_LINE-WS-chengdu-calendering	blockedPressure	measured
obj_line_LINE-WS-chengdu-calendering	utilPressure	measured
obj_line_LINE-WS-chengdu-coating	blockedPressure	measured
obj_line_LINE-WS-chengdu-coating	utilPressure	measured
obj_line_LINE-WS-chengdu-filling	blockedPressure	measured
obj_line_LINE-WS-chengdu-filling	utilPressure	measured
obj_line_LINE-WS-chengdu-formation	blockedPressure	measured
obj_line_LINE-WS-chengdu-formation	utilPressure	measured
obj_line_LINE-WS-chengdu-grading	blockedPressure	measured
obj_line_LINE-WS-chengdu-grading	utilPressure	measured
obj_line_LINE-WS-chengdu-pack	blockedPressure	measured
obj_line_LINE-WS-chengdu-pack	utilPressure	measured
obj_line_LINE-WS-chengdu-slitting	blockedPressure	measured
obj_line_LINE-WS-chengdu-slitting	utilPressure	measured
obj_line_LINE-WS-chengdu-slurry	blockedPressure	measured
obj_line_LINE-WS-chengdu-slurry	utilPressure	measured
obj_line_LINE-WS-chengdu-winding	blockedPressure	measured
obj_line_LINE-WS-chengdu-winding	utilPressure	measured
obj_line_LINE-WS-handan-assembly	blockedPressure	measured
obj_line_LINE-WS-handan-assembly	utilPressure	measured
obj_line_LINE-WS-handan-calendering	blockedPressure	measured
obj_line_LINE-WS-handan-calendering	utilPressure	measured
obj_line_LINE-WS-handan-coating	blockedPressure	measured
obj_line_LINE-WS-handan-coating	utilPressure	measured
obj_line_LINE-WS-handan-filling	blockedPressure	measured
obj_line_LINE-WS-handan-filling	utilPressure	measured
obj_line_LINE-WS-handan-formation	blockedPressure	measured
obj_line_LINE-WS-handan-formation	utilPressure	measured
obj_line_LINE-WS-handan-grading	blockedPressure	measured
obj_line_LINE-WS-handan-grading	utilPressure	measured
obj_line_LINE-WS-handan-pack	blockedPressure	measured
obj_line_LINE-WS-handan-pack	utilPressure	measured
obj_line_LINE-WS-handan-slitting	blockedPressure	measured
obj_line_LINE-WS-handan-slitting	utilPressure	measured
obj_line_LINE-WS-handan-slurry	blockedPressure	measured
obj_line_LINE-WS-handan-slurry	utilPressure	measured
obj_line_LINE-WS-handan-winding	blockedPressure	measured
obj_line_LINE-WS-handan-winding	utilPressure	measured
obj_line_LINE-WS-hefei-assembly	blockedPressure	measured
obj_line_LINE-WS-hefei-assembly	utilPressure	measured
obj_line_LINE-WS-hefei-calendering	blockedPressure	measured
obj_line_LINE-WS-hefei-calendering	utilPressure	measured
obj_line_LINE-WS-hefei-coating	blockedPressure	measured
obj_line_LINE-WS-hefei-coating	utilPressure	measured
obj_line_LINE-WS-hefei-filling	blockedPressure	measured
obj_line_LINE-WS-hefei-filling	utilPressure	measured
obj_line_LINE-WS-hefei-formation	blockedPressure	measured
obj_line_LINE-WS-hefei-formation	utilPressure	measured
obj_line_LINE-WS-hefei-grading	blockedPressure	measured
obj_line_LINE-WS-hefei-grading	utilPressure	measured
obj_line_LINE-WS-hefei-pack	blockedPressure	measured
obj_line_LINE-WS-hefei-pack	utilPressure	measured
obj_line_LINE-WS-hefei-slitting	blockedPressure	measured
obj_line_LINE-WS-hefei-slitting	utilPressure	measured
obj_line_LINE-WS-hefei-slurry	blockedPressure	measured
obj_line_LINE-WS-hefei-slurry	utilPressure	measured
obj_line_LINE-WS-hefei-winding	blockedPressure	measured
obj_line_LINE-WS-hefei-winding	utilPressure	measured
obj_line_LINE-WS-jiangmen-assembly	blockedPressure	measured
obj_line_LINE-WS-jiangmen-assembly	utilPressure	measured
obj_line_LINE-WS-jiangmen-calendering	blockedPressure	measured
obj_line_LINE-WS-jiangmen-calendering	utilPressure	measured
obj_line_LINE-WS-jiangmen-coating	blockedPressure	measured
obj_line_LINE-WS-jiangmen-coating	utilPressure	measured
obj_line_LINE-WS-jiangmen-filling	blockedPressure	measured
obj_line_LINE-WS-jiangmen-filling	utilPressure	measured
obj_line_LINE-WS-jiangmen-formation	blockedPressure	measured
obj_line_LINE-WS-jiangmen-formation	utilPressure	measured
obj_line_LINE-WS-jiangmen-grading	blockedPressure	measured
obj_line_LINE-WS-jiangmen-grading	utilPressure	measured
obj_line_LINE-WS-jiangmen-pack	blockedPressure	measured
obj_line_LINE-WS-jiangmen-pack	utilPressure	measured
obj_line_LINE-WS-jiangmen-slitting	blockedPressure	measured
obj_line_LINE-WS-jiangmen-slitting	utilPressure	measured
obj_line_LINE-WS-jiangmen-slurry	blockedPressure	measured
obj_line_LINE-WS-jiangmen-slurry	utilPressure	measured
obj_line_LINE-WS-jiangmen-winding	blockedPressure	measured
obj_line_LINE-WS-jiangmen-winding	utilPressure	measured
obj_line_LINE-WS-jinhua-assembly	blockedPressure	measured
obj_line_LINE-WS-jinhua-assembly	utilPressure	measured
obj_line_LINE-WS-jinhua-calendering	blockedPressure	measured
obj_line_LINE-WS-jinhua-calendering	utilPressure	measured
obj_line_LINE-WS-jinhua-coating	blockedPressure	measured
obj_line_LINE-WS-jinhua-coating	utilPressure	measured
obj_line_LINE-WS-jinhua-filling	blockedPressure	measured
obj_line_LINE-WS-jinhua-filling	utilPressure	measured
obj_line_LINE-WS-jinhua-formation	blockedPressure	measured
obj_line_LINE-WS-jinhua-formation	utilPressure	measured
obj_line_LINE-WS-jinhua-grading	blockedPressure	measured
obj_line_LINE-WS-jinhua-grading	utilPressure	measured
obj_line_LINE-WS-jinhua-pack	blockedPressure	measured
obj_line_LINE-WS-jinhua-pack	utilPressure	measured
obj_line_LINE-WS-jinhua-slitting	blockedPressure	measured
obj_line_LINE-WS-jinhua-slitting	utilPressure	measured
obj_line_LINE-WS-jinhua-slurry	blockedPressure	measured
obj_line_LINE-WS-jinhua-slurry	utilPressure	measured
obj_line_LINE-WS-jinhua-winding	blockedPressure	measured
obj_line_LINE-WS-jinhua-winding	utilPressure	measured
obj_line_LINE-WS-meishan-assembly	blockedPressure	measured
obj_line_LINE-WS-meishan-assembly	utilPressure	measured
obj_line_LINE-WS-meishan-calendering	blockedPressure	measured
obj_line_LINE-WS-meishan-calendering	utilPressure	measured
obj_line_LINE-WS-meishan-coating	blockedPressure	measured
obj_line_LINE-WS-meishan-coating	utilPressure	measured
obj_line_LINE-WS-meishan-filling	blockedPressure	measured
obj_line_LINE-WS-meishan-filling	utilPressure	measured
obj_line_LINE-WS-meishan-formation	blockedPressure	measured
obj_line_LINE-WS-meishan-formation	utilPressure	measured
obj_line_LINE-WS-meishan-grading	blockedPressure	measured
obj_line_LINE-WS-meishan-grading	utilPressure	measured
obj_line_LINE-WS-meishan-pack	blockedPressure	measured
obj_line_LINE-WS-meishan-pack	utilPressure	measured
obj_line_LINE-WS-meishan-slitting	blockedPressure	measured
obj_line_LINE-WS-meishan-slitting	utilPressure	measured
obj_line_LINE-WS-meishan-slurry	blockedPressure	measured
obj_line_LINE-WS-meishan-slurry	utilPressure	measured
obj_line_LINE-WS-meishan-winding	blockedPressure	measured
obj_line_LINE-WS-meishan-winding	utilPressure	measured
obj_line_LINE-WS-wuhan-assembly	blockedPressure	measured
obj_line_LINE-WS-wuhan-assembly	utilPressure	measured
obj_line_LINE-WS-wuhan-calendering	blockedPressure	measured
obj_line_LINE-WS-wuhan-calendering	utilPressure	measured
obj_line_LINE-WS-wuhan-coating	blockedPressure	measured
obj_line_LINE-WS-wuhan-coating	utilPressure	measured
obj_line_LINE-WS-wuhan-filling	blockedPressure	measured
obj_line_LINE-WS-wuhan-filling	utilPressure	measured
obj_line_LINE-WS-wuhan-formation	blockedPressure	measured
obj_line_LINE-WS-wuhan-formation	utilPressure	measured
obj_line_LINE-WS-wuhan-grading	blockedPressure	measured
obj_line_LINE-WS-wuhan-grading	utilPressure	measured
obj_line_LINE-WS-wuhan-pack	blockedPressure	measured
obj_line_LINE-WS-wuhan-pack	utilPressure	measured
obj_line_LINE-WS-wuhan-slitting	blockedPressure	measured
obj_line_LINE-WS-wuhan-slitting	utilPressure	measured
obj_line_LINE-WS-wuhan-slurry	blockedPressure	measured
obj_line_LINE-WS-wuhan-slurry	utilPressure	measured
obj_line_LINE-WS-wuhan-winding	blockedPressure	measured
obj_line_LINE-WS-wuhan-winding	utilPressure	measured
obj_line_LINE-WS-xiamen-assembly	blockedPressure	measured
obj_line_LINE-WS-xiamen-assembly	utilPressure	measured
obj_line_LINE-WS-xiamen-calendering	blockedPressure	measured
obj_line_LINE-WS-xiamen-calendering	utilPressure	measured
obj_line_LINE-WS-xiamen-coating	blockedPressure	measured
obj_line_LINE-WS-xiamen-coating	utilPressure	measured
obj_line_LINE-WS-xiamen-filling	blockedPressure	measured
obj_line_LINE-WS-xiamen-filling	utilPressure	measured
obj_line_LINE-WS-xiamen-formation	blockedPressure	measured
obj_line_LINE-WS-xiamen-formation	utilPressure	measured
obj_line_LINE-WS-xiamen-grading	blockedPressure	measured
obj_line_LINE-WS-xiamen-grading	utilPressure	measured
obj_line_LINE-WS-xiamen-pack	blockedPressure	measured
obj_line_LINE-WS-xiamen-pack	utilPressure	measured
obj_line_LINE-WS-xiamen-slitting	blockedPressure	measured
obj_line_LINE-WS-xiamen-slitting	utilPressure	measured
obj_line_LINE-WS-xiamen-slurry	blockedPressure	measured
obj_line_LINE-WS-xiamen-slurry	utilPressure	measured
obj_line_LINE-WS-xiamen-winding	blockedPressure	measured
obj_line_LINE-WS-xiamen-winding	utilPressure	measured
obj_line_LINE-WS-xinyang-assembly	blockedPressure	measured
obj_line_LINE-WS-xinyang-assembly	utilPressure	measured
obj_line_LINE-WS-xinyang-calendering	blockedPressure	measured
obj_line_LINE-WS-xinyang-calendering	utilPressure	measured
obj_line_LINE-WS-xinyang-coating	blockedPressure	measured
obj_line_LINE-WS-xinyang-coating	utilPressure	measured
obj_line_LINE-WS-xinyang-filling	blockedPressure	measured
obj_line_LINE-WS-xinyang-filling	utilPressure	measured
obj_line_LINE-WS-xinyang-formation	blockedPressure	measured
obj_line_LINE-WS-xinyang-formation	utilPressure	measured
obj_line_LINE-WS-xinyang-grading	blockedPressure	measured
obj_line_LINE-WS-xinyang-grading	utilPressure	measured
obj_line_LINE-WS-xinyang-pack	blockedPressure	measured
obj_line_LINE-WS-xinyang-pack	utilPressure	measured
obj_line_LINE-WS-xinyang-slitting	blockedPressure	measured
obj_line_LINE-WS-xinyang-slitting	utilPressure	measured
obj_line_LINE-WS-xinyang-slurry	blockedPressure	measured
obj_line_LINE-WS-xinyang-slurry	utilPressure	measured
obj_line_LINE-WS-xinyang-winding	blockedPressure	measured
obj_line_LINE-WS-xinyang-winding	utilPressure	measured
obj_line_LINE-WS-yangzhou-assembly	blockedPressure	measured
obj_line_LINE-WS-yangzhou-assembly	utilPressure	measured
obj_line_LINE-WS-yangzhou-calendering	blockedPressure	measured
obj_line_LINE-WS-yangzhou-calendering	utilPressure	measured
obj_line_LINE-WS-yangzhou-coating	blockedPressure	measured
obj_line_LINE-WS-yangzhou-coating	utilPressure	measured
obj_line_LINE-WS-yangzhou-filling	blockedPressure	measured
obj_line_LINE-WS-yangzhou-filling	utilPressure	measured
obj_line_LINE-WS-yangzhou-formation	blockedPressure	measured
obj_line_LINE-WS-yangzhou-formation	utilPressure	measured
obj_line_LINE-WS-yangzhou-grading	blockedPressure	measured
obj_line_LINE-WS-yangzhou-grading	utilPressure	measured
obj_line_LINE-WS-yangzhou-pack	blockedPressure	measured
obj_line_LINE-WS-yangzhou-pack	utilPressure	measured
obj_line_LINE-WS-yangzhou-slitting	blockedPressure	measured
obj_line_LINE-WS-yangzhou-slitting	utilPressure	measured
obj_line_LINE-WS-yangzhou-slurry	blockedPressure	measured
obj_line_LINE-WS-yangzhou-slurry	utilPressure	measured
obj_line_LINE-WS-yangzhou-winding	blockedPressure	measured
obj_line_LINE-WS-yangzhou-winding	utilPressure	measured
obj_line_LINE-WS-zaozhuang-assembly	blockedPressure	measured
obj_line_LINE-WS-zaozhuang-assembly	utilPressure	measured
obj_line_LINE-WS-zaozhuang-calendering	blockedPressure	measured
obj_line_LINE-WS-zaozhuang-calendering	utilPressure	measured
obj_line_LINE-WS-zaozhuang-coating	blockedPressure	measured
obj_line_LINE-WS-zaozhuang-coating	utilPressure	measured
obj_line_LINE-WS-zaozhuang-filling	blockedPressure	measured
obj_line_LINE-WS-zaozhuang-filling	utilPressure	measured
obj_line_LINE-WS-zaozhuang-formation	blockedPressure	measured
obj_line_LINE-WS-zaozhuang-formation	utilPressure	measured
obj_line_LINE-WS-zaozhuang-grading	blockedPressure	measured
obj_line_LINE-WS-zaozhuang-grading	utilPressure	measured
obj_line_LINE-WS-zaozhuang-pack	blockedPressure	measured
obj_line_LINE-WS-zaozhuang-pack	utilPressure	measured
obj_line_LINE-WS-zaozhuang-slitting	blockedPressure	measured
obj_line_LINE-WS-zaozhuang-slitting	utilPressure	measured
obj_line_LINE-WS-zaozhuang-slurry	blockedPressure	measured
obj_line_LINE-WS-zaozhuang-slurry	utilPressure	measured
obj_line_LINE-WS-zaozhuang-winding	blockedPressure	measured
obj_line_LINE-WS-zaozhuang-winding	utilPressure	measured
obj_line_LINE-WS-zigong-assembly	blockedPressure	measured
obj_line_LINE-WS-zigong-assembly	utilPressure	measured
obj_line_LINE-WS-zigong-calendering	blockedPressure	measured
obj_line_LINE-WS-zigong-calendering	utilPressure	measured
obj_line_LINE-WS-zigong-coating	blockedPressure	measured
obj_line_LINE-WS-zigong-coating	utilPressure	measured
obj_line_LINE-WS-zigong-filling	blockedPressure	measured
obj_line_LINE-WS-zigong-filling	utilPressure	measured
obj_line_LINE-WS-zigong-formation	blockedPressure	measured
obj_line_LINE-WS-zigong-formation	utilPressure	measured
obj_line_LINE-WS-zigong-grading	blockedPressure	measured
obj_line_LINE-WS-zigong-grading	utilPressure	measured
obj_line_LINE-WS-zigong-pack	blockedPressure	measured
obj_line_LINE-WS-zigong-pack	utilPressure	measured
obj_line_LINE-WS-zigong-slitting	blockedPressure	measured
obj_line_LINE-WS-zigong-slitting	utilPressure	measured
obj_line_LINE-WS-zigong-slurry	blockedPressure	measured
obj_line_LINE-WS-zigong-slurry	utilPressure	measured
obj_line_LINE-WS-zigong-winding	blockedPressure	measured
obj_line_LINE-WS-zigong-winding	utilPressure	measured
obj_maintenanceorder_MO-LINE-WS-changzhou-assembly-coating-E2	repairBacklog	derived
obj_maintenanceorder_MO-LINE-WS-changzhou-assembly-winding-E1	repairBacklog	derived
obj_maintenanceorder_MO-LINE-WS-changzhou-calendering-coating-E2	repairBacklog	derived
obj_maintenanceorder_MO-LINE-WS-changzhou-calendering-winding-E1	repairBacklog	derived
obj_maintenanceorder_MO-LINE-WS-changzhou-coating-assembly-E2	repairBacklog	derived
obj_maintenanceorder_MO-LINE-WS-changzhou-coating-coating-E1	repairBacklog	derived
obj_maintenanceorder_MO-LINE-WS-changzhou-coating-winding-E2	repairBacklog	derived
obj_maintenanceorder_MO-LINE-WS-changzhou-grading-assembly-E1	repairBacklog	derived
obj_maintenanceorder_MO-LINE-WS-changzhou-slitting-assembly-E1	repairBacklog	derived
obj_maintenanceorder_MO-LINE-WS-changzhou-winding-coating-E2	repairBacklog	derived
obj_maintenanceorder_MO-LINE-WS-changzhou-winding-winding-E1	repairBacklog	derived
obj_maintenanceorder_MO-LINE-WS-chengdu-assembly-assembly-E2	repairBacklog	derived
obj_maintenanceorder_MO-LINE-WS-chengdu-assembly-coating-E1	repairBacklog	derived
obj_maintenanceorder_MO-LINE-WS-chengdu-assembly-winding-E2	repairBacklog	derived
obj_maintenanceorder_MO-LINE-WS-chengdu-coating-assembly-E1	repairBacklog	derived
obj_maintenanceorder_MO-LINE-WS-chengdu-filling-coating-E2	repairBacklog	derived
obj_maintenanceorder_MO-LINE-WS-chengdu-filling-winding-E1	repairBacklog	derived
obj_maintenanceorder_MO-LINE-WS-chengdu-formation-coating-E2	repairBacklog	derived
obj_maintenanceorder_MO-LINE-WS-chengdu-formation-winding-E1	repairBacklog	derived
obj_maintenanceorder_MO-LINE-WS-chengdu-grading-assembly-E2	repairBacklog	derived
obj_maintenanceorder_MO-LINE-WS-chengdu-grading-coating-E1	repairBacklog	derived
obj_maintenanceorder_MO-LINE-WS-chengdu-grading-winding-E2	repairBacklog	derived
obj_maintenanceorder_MO-LINE-WS-chengdu-pack-assembly-E1	repairBacklog	derived
obj_maintenanceorder_MO-LINE-WS-chengdu-slurry-assembly-E1	repairBacklog	derived
obj_maintenanceorder_MO-LINE-WS-handan-calendering-assembly-E2	repairBacklog	derived
obj_maintenanceorder_MO-LINE-WS-handan-calendering-coating-E1	repairBacklog	derived
obj_maintenanceorder_MO-LINE-WS-handan-calendering-winding-E2	repairBacklog	derived
obj_maintenanceorder_MO-LINE-WS-handan-coating-coating-E2	repairBacklog	derived
obj_maintenanceorder_MO-LINE-WS-handan-coating-winding-E1	repairBacklog	derived
obj_maintenanceorder_MO-LINE-WS-handan-filling-assembly-E1	repairBacklog	derived
obj_maintenanceorder_MO-LINE-WS-handan-formation-assembly-E1	repairBacklog	derived
obj_maintenanceorder_MO-LINE-WS-handan-pack-coating-E2	repairBacklog	derived
obj_maintenanceorder_MO-LINE-WS-handan-pack-winding-E1	repairBacklog	derived
obj_maintenanceorder_MO-LINE-WS-handan-slitting-assembly-E2	repairBacklog	derived
obj_maintenanceorder_MO-LINE-WS-handan-slitting-coating-E1	repairBacklog	derived
obj_maintenanceorder_MO-LINE-WS-handan-slitting-winding-E2	repairBacklog	derived
obj_maintenanceorder_MO-LINE-WS-handan-slurry-coating-E2	repairBacklog	derived
obj_maintenanceorder_MO-LINE-WS-handan-slurry-winding-E1	repairBacklog	derived
obj_maintenanceorder_MO-LINE-WS-handan-winding-assembly-E2	repairBacklog	derived
obj_maintenanceorder_MO-LINE-WS-handan-winding-coating-E1	repairBacklog	derived
obj_maintenanceorder_MO-LINE-WS-handan-winding-winding-E2	repairBacklog	derived
obj_maintenanceorder_MO-LINE-WS-hefei-assembly-assembly-E1	repairBacklog	derived
obj_maintenanceorder_MO-LINE-WS-hefei-calendering-assembly-E1	repairBacklog	derived
obj_maintenanceorder_MO-LINE-WS-hefei-filling-assembly-E2	repairBacklog	derived
obj_maintenanceorder_MO-LINE-WS-hefei-filling-coating-E1	repairBacklog	derived
obj_maintenanceorder_MO-LINE-WS-hefei-filling-winding-E2	repairBacklog	derived
obj_maintenanceorder_MO-LINE-WS-hefei-formation-assembly-E2	repairBacklog	derived
obj_maintenanceorder_MO-LINE-WS-hefei-formation-coating-E1	repairBacklog	derived
obj_maintenanceorder_MO-LINE-WS-hefei-formation-winding-E2	repairBacklog	derived
obj_maintenanceorder_MO-LINE-WS-hefei-grading-coating-E2	repairBacklog	derived
obj_maintenanceorder_MO-LINE-WS-hefei-grading-winding-E1	repairBacklog	derived
obj_maintenanceorder_MO-LINE-WS-hefei-pack-assembly-E2	repairBacklog	derived
obj_maintenanceorder_MO-LINE-WS-hefei-pack-coating-E1	repairBacklog	derived
obj_maintenanceorder_MO-LINE-WS-hefei-pack-winding-E2	repairBacklog	derived
obj_maintenanceorder_MO-LINE-WS-hefei-slitting-coating-E2	repairBacklog	derived
obj_maintenanceorder_MO-LINE-WS-hefei-slitting-winding-E1	repairBacklog	derived
obj_maintenanceorder_MO-LINE-WS-hefei-slurry-assembly-E2	repairBacklog	derived
obj_maintenanceorder_MO-LINE-WS-hefei-slurry-coating-E1	repairBacklog	derived
obj_maintenanceorder_MO-LINE-WS-hefei-slurry-winding-E2	repairBacklog	derived
obj_maintenanceorder_MO-LINE-WS-hefei-winding-assembly-E1	repairBacklog	derived
obj_maintenanceorder_MO-LINE-WS-jiangmen-assembly-coating-E2	repairBacklog	derived
obj_maintenanceorder_MO-LINE-WS-jiangmen-assembly-winding-E1	repairBacklog	derived
obj_maintenanceorder_MO-LINE-WS-jiangmen-calendering-coating-E2	repairBacklog	derived
obj_maintenanceorder_MO-LINE-WS-jiangmen-calendering-winding-E1	repairBacklog	derived
obj_maintenanceorder_MO-LINE-WS-jiangmen-coating-assembly-E2	repairBacklog	derived
obj_maintenanceorder_MO-LINE-WS-jiangmen-coating-coating-E1	repairBacklog	derived
obj_maintenanceorder_MO-LINE-WS-jiangmen-coating-winding-E2	repairBacklog	derived
obj_maintenanceorder_MO-LINE-WS-jiangmen-grading-assembly-E1	repairBacklog	derived
obj_maintenanceorder_MO-LINE-WS-jiangmen-slitting-assembly-E1	repairBacklog	derived
obj_maintenanceorder_MO-LINE-WS-jiangmen-winding-coating-E2	repairBacklog	derived
obj_maintenanceorder_MO-LINE-WS-jiangmen-winding-winding-E1	repairBacklog	derived
obj_maintenanceorder_MO-LINE-WS-jinhua-assembly-coating-E2	repairBacklog	derived
obj_maintenanceorder_MO-LINE-WS-jinhua-assembly-winding-E1	repairBacklog	derived
obj_maintenanceorder_MO-LINE-WS-jinhua-calendering-coating-E2	repairBacklog	derived
obj_maintenanceorder_MO-LINE-WS-jinhua-calendering-winding-E1	repairBacklog	derived
obj_maintenanceorder_MO-LINE-WS-jinhua-coating-assembly-E2	repairBacklog	derived
obj_maintenanceorder_MO-LINE-WS-jinhua-coating-coating-E1	repairBacklog	derived
obj_maintenanceorder_MO-LINE-WS-jinhua-coating-winding-E2	repairBacklog	derived
obj_maintenanceorder_MO-LINE-WS-jinhua-grading-assembly-E1	repairBacklog	derived
obj_maintenanceorder_MO-LINE-WS-jinhua-slitting-assembly-E1	repairBacklog	derived
obj_maintenanceorder_MO-LINE-WS-jinhua-winding-coating-E2	repairBacklog	derived
obj_maintenanceorder_MO-LINE-WS-jinhua-winding-winding-E1	repairBacklog	derived
obj_maintenanceorder_MO-LINE-WS-meishan-assembly-assembly-E1	repairBacklog	derived
obj_maintenanceorder_MO-LINE-WS-meishan-calendering-assembly-E1	repairBacklog	derived
obj_maintenanceorder_MO-LINE-WS-meishan-filling-assembly-E2	repairBacklog	derived
obj_maintenanceorder_MO-LINE-WS-meishan-filling-coating-E1	repairBacklog	derived
obj_maintenanceorder_MO-LINE-WS-meishan-filling-winding-E2	repairBacklog	derived
obj_maintenanceorder_MO-LINE-WS-meishan-formation-assembly-E2	repairBacklog	derived
obj_maintenanceorder_MO-LINE-WS-meishan-formation-coating-E1	repairBacklog	derived
obj_maintenanceorder_MO-LINE-WS-meishan-formation-winding-E2	repairBacklog	derived
obj_maintenanceorder_MO-LINE-WS-meishan-grading-coating-E2	repairBacklog	derived
obj_maintenanceorder_MO-LINE-WS-meishan-grading-winding-E1	repairBacklog	derived
obj_maintenanceorder_MO-LINE-WS-meishan-pack-assembly-E2	repairBacklog	derived
obj_maintenanceorder_MO-LINE-WS-meishan-pack-coating-E1	repairBacklog	derived
obj_maintenanceorder_MO-LINE-WS-meishan-pack-winding-E2	repairBacklog	derived
obj_maintenanceorder_MO-LINE-WS-meishan-slitting-coating-E2	repairBacklog	derived
obj_maintenanceorder_MO-LINE-WS-meishan-slitting-winding-E1	repairBacklog	derived
obj_maintenanceorder_MO-LINE-WS-meishan-slurry-assembly-E2	repairBacklog	derived
obj_maintenanceorder_MO-LINE-WS-meishan-slurry-coating-E1	repairBacklog	derived
obj_maintenanceorder_MO-LINE-WS-meishan-slurry-winding-E2	repairBacklog	derived
obj_maintenanceorder_MO-LINE-WS-meishan-winding-assembly-E1	repairBacklog	derived
obj_maintenanceorder_MO-LINE-WS-wuhan-assembly-coating-E2	repairBacklog	derived
obj_maintenanceorder_MO-LINE-WS-wuhan-assembly-winding-E1	repairBacklog	derived
obj_maintenanceorder_MO-LINE-WS-wuhan-calendering-coating-E2	repairBacklog	derived
obj_maintenanceorder_MO-LINE-WS-wuhan-calendering-winding-E1	repairBacklog	derived
obj_maintenanceorder_MO-LINE-WS-wuhan-coating-assembly-E2	repairBacklog	derived
obj_maintenanceorder_MO-LINE-WS-wuhan-coating-coating-E1	repairBacklog	derived
obj_maintenanceorder_MO-LINE-WS-wuhan-coating-winding-E2	repairBacklog	derived
obj_maintenanceorder_MO-LINE-WS-wuhan-grading-assembly-E1	repairBacklog	derived
obj_maintenanceorder_MO-LINE-WS-wuhan-slitting-assembly-E1	repairBacklog	derived
obj_maintenanceorder_MO-LINE-WS-wuhan-winding-coating-E2	repairBacklog	derived
obj_maintenanceorder_MO-LINE-WS-wuhan-winding-winding-E1	repairBacklog	derived
obj_maintenanceorder_MO-LINE-WS-xiamen-calendering-assembly-E2	repairBacklog	derived
obj_maintenanceorder_MO-LINE-WS-xiamen-calendering-coating-E1	repairBacklog	derived
obj_maintenanceorder_MO-LINE-WS-xiamen-calendering-winding-E2	repairBacklog	derived
obj_maintenanceorder_MO-LINE-WS-xiamen-coating-coating-E2	repairBacklog	derived
obj_maintenanceorder_MO-LINE-WS-xiamen-coating-winding-E1	repairBacklog	derived
obj_maintenanceorder_MO-LINE-WS-xiamen-filling-assembly-E1	repairBacklog	derived
obj_maintenanceorder_MO-LINE-WS-xiamen-formation-assembly-E1	repairBacklog	derived
obj_maintenanceorder_MO-LINE-WS-xiamen-pack-coating-E2	repairBacklog	derived
obj_maintenanceorder_MO-LINE-WS-xiamen-pack-winding-E1	repairBacklog	derived
obj_maintenanceorder_MO-LINE-WS-xiamen-slitting-assembly-E2	repairBacklog	derived
obj_maintenanceorder_MO-LINE-WS-xiamen-slitting-coating-E1	repairBacklog	derived
obj_maintenanceorder_MO-LINE-WS-xiamen-slitting-winding-E2	repairBacklog	derived
obj_maintenanceorder_MO-LINE-WS-xiamen-slurry-coating-E2	repairBacklog	derived
obj_maintenanceorder_MO-LINE-WS-xiamen-slurry-winding-E1	repairBacklog	derived
obj_maintenanceorder_MO-LINE-WS-xiamen-winding-assembly-E2	repairBacklog	derived
obj_maintenanceorder_MO-LINE-WS-xiamen-winding-coating-E1	repairBacklog	derived
obj_maintenanceorder_MO-LINE-WS-xiamen-winding-winding-E2	repairBacklog	derived
obj_maintenanceorder_MO-LINE-WS-xinyang-assembly-assembly-E2	repairBacklog	derived
obj_maintenanceorder_MO-LINE-WS-xinyang-assembly-coating-E1	repairBacklog	derived
obj_maintenanceorder_MO-LINE-WS-xinyang-assembly-winding-E2	repairBacklog	derived
obj_maintenanceorder_MO-LINE-WS-xinyang-coating-assembly-E1	repairBacklog	derived
obj_maintenanceorder_MO-LINE-WS-xinyang-filling-coating-E2	repairBacklog	derived
obj_maintenanceorder_MO-LINE-WS-xinyang-filling-winding-E1	repairBacklog	derived
obj_maintenanceorder_MO-LINE-WS-xinyang-formation-coating-E2	repairBacklog	derived
obj_maintenanceorder_MO-LINE-WS-xinyang-formation-winding-E1	repairBacklog	derived
obj_maintenanceorder_MO-LINE-WS-xinyang-grading-assembly-E2	repairBacklog	derived
obj_maintenanceorder_MO-LINE-WS-xinyang-grading-coating-E1	repairBacklog	derived
obj_maintenanceorder_MO-LINE-WS-xinyang-grading-winding-E2	repairBacklog	derived
obj_maintenanceorder_MO-LINE-WS-xinyang-pack-assembly-E1	repairBacklog	derived
obj_maintenanceorder_MO-LINE-WS-xinyang-slurry-assembly-E1	repairBacklog	derived
obj_maintenanceorder_MO-LINE-WS-yangzhou-assembly-assembly-E1	repairBacklog	derived
obj_maintenanceorder_MO-LINE-WS-yangzhou-calendering-assembly-E1	repairBacklog	derived
obj_maintenanceorder_MO-LINE-WS-yangzhou-filling-assembly-E2	repairBacklog	derived
obj_maintenanceorder_MO-LINE-WS-yangzhou-filling-coating-E1	repairBacklog	derived
obj_maintenanceorder_MO-LINE-WS-yangzhou-filling-winding-E2	repairBacklog	derived
obj_maintenanceorder_MO-LINE-WS-yangzhou-formation-assembly-E2	repairBacklog	derived
obj_maintenanceorder_MO-LINE-WS-yangzhou-formation-coating-E1	repairBacklog	derived
obj_maintenanceorder_MO-LINE-WS-yangzhou-formation-winding-E2	repairBacklog	derived
obj_maintenanceorder_MO-LINE-WS-yangzhou-grading-coating-E2	repairBacklog	derived
obj_maintenanceorder_MO-LINE-WS-yangzhou-grading-winding-E1	repairBacklog	derived
obj_maintenanceorder_MO-LINE-WS-yangzhou-pack-assembly-E2	repairBacklog	derived
obj_maintenanceorder_MO-LINE-WS-yangzhou-pack-coating-E1	repairBacklog	derived
obj_maintenanceorder_MO-LINE-WS-yangzhou-pack-winding-E2	repairBacklog	derived
obj_maintenanceorder_MO-LINE-WS-yangzhou-slitting-coating-E2	repairBacklog	derived
obj_maintenanceorder_MO-LINE-WS-yangzhou-slitting-winding-E1	repairBacklog	derived
obj_maintenanceorder_MO-LINE-WS-yangzhou-slurry-assembly-E2	repairBacklog	derived
obj_maintenanceorder_MO-LINE-WS-yangzhou-slurry-coating-E1	repairBacklog	derived
obj_maintenanceorder_MO-LINE-WS-yangzhou-slurry-winding-E2	repairBacklog	derived
obj_maintenanceorder_MO-LINE-WS-yangzhou-winding-assembly-E1	repairBacklog	derived
obj_maintenanceorder_MO-LINE-WS-zaozhuang-assembly-assembly-E1	repairBacklog	derived
obj_maintenanceorder_MO-LINE-WS-zaozhuang-calendering-assembly-E1	repairBacklog	derived
obj_maintenanceorder_MO-LINE-WS-zaozhuang-filling-assembly-E2	repairBacklog	derived
obj_maintenanceorder_MO-LINE-WS-zaozhuang-filling-coating-E1	repairBacklog	derived
obj_maintenanceorder_MO-LINE-WS-zaozhuang-filling-winding-E2	repairBacklog	derived
obj_maintenanceorder_MO-LINE-WS-zaozhuang-formation-assembly-E2	repairBacklog	derived
obj_maintenanceorder_MO-LINE-WS-zaozhuang-formation-coating-E1	repairBacklog	derived
obj_maintenanceorder_MO-LINE-WS-zaozhuang-formation-winding-E2	repairBacklog	derived
obj_maintenanceorder_MO-LINE-WS-zaozhuang-grading-coating-E2	repairBacklog	derived
obj_maintenanceorder_MO-LINE-WS-zaozhuang-grading-winding-E1	repairBacklog	derived
obj_maintenanceorder_MO-LINE-WS-zaozhuang-pack-assembly-E2	repairBacklog	derived
obj_maintenanceorder_MO-LINE-WS-zaozhuang-pack-coating-E1	repairBacklog	derived
obj_maintenanceorder_MO-LINE-WS-zaozhuang-pack-winding-E2	repairBacklog	derived
obj_maintenanceorder_MO-LINE-WS-zaozhuang-slitting-coating-E2	repairBacklog	derived
obj_maintenanceorder_MO-LINE-WS-zaozhuang-slitting-winding-E1	repairBacklog	derived
obj_maintenanceorder_MO-LINE-WS-zaozhuang-slurry-assembly-E2	repairBacklog	derived
obj_maintenanceorder_MO-LINE-WS-zaozhuang-slurry-coating-E1	repairBacklog	derived
obj_maintenanceorder_MO-LINE-WS-zaozhuang-slurry-winding-E2	repairBacklog	derived
obj_maintenanceorder_MO-LINE-WS-zaozhuang-winding-assembly-E1	repairBacklog	derived
obj_maintenanceorder_MO-LINE-WS-zigong-assembly-assembly-E2	repairBacklog	derived
obj_maintenanceorder_MO-LINE-WS-zigong-assembly-coating-E1	repairBacklog	derived
obj_maintenanceorder_MO-LINE-WS-zigong-assembly-winding-E2	repairBacklog	derived
obj_maintenanceorder_MO-LINE-WS-zigong-coating-assembly-E1	repairBacklog	derived
obj_maintenanceorder_MO-LINE-WS-zigong-filling-coating-E2	repairBacklog	derived
obj_maintenanceorder_MO-LINE-WS-zigong-filling-winding-E1	repairBacklog	derived
obj_maintenanceorder_MO-LINE-WS-zigong-formation-coating-E2	repairBacklog	derived
obj_maintenanceorder_MO-LINE-WS-zigong-formation-winding-E1	repairBacklog	derived
obj_maintenanceorder_MO-LINE-WS-zigong-grading-assembly-E2	repairBacklog	derived
obj_maintenanceorder_MO-LINE-WS-zigong-grading-coating-E1	repairBacklog	derived
obj_maintenanceorder_MO-LINE-WS-zigong-grading-winding-E2	repairBacklog	derived
obj_maintenanceorder_MO-LINE-WS-zigong-pack-assembly-E1	repairBacklog	derived
obj_maintenanceorder_MO-LINE-WS-zigong-slurry-assembly-E1	repairBacklog	derived
obj_maintplan_MP-changzhou	windowSqueeze	derived
obj_maintplan_MP-chengdu	windowSqueeze	derived
obj_maintplan_MP-handan	windowSqueeze	derived
obj_maintplan_MP-hefei	windowSqueeze	derived
obj_maintplan_MP-jiangmen	windowSqueeze	derived
obj_maintplan_MP-jinhua	windowSqueeze	derived
obj_maintplan_MP-meishan	windowSqueeze	derived
obj_maintplan_MP-wuhan	windowSqueeze	derived
obj_maintplan_MP-xiamen	windowSqueeze	derived
obj_maintplan_MP-xinyang	windowSqueeze	derived
obj_maintplan_MP-yangzhou	windowSqueeze	derived
obj_maintplan_MP-zaozhuang	windowSqueeze	derived
obj_maintplan_MP-zigong	windowSqueeze	derived
obj_material_al_foil	priceShock	measured
obj_material_al_foil	shortageRisk	measured
obj_material_cell_case	priceShock	measured
obj_material_cell_case	shortageRisk	measured
obj_material_cu_foil	priceShock	measured
obj_material_cu_foil	shortageRisk	measured
obj_material_elyte	priceShock	measured
obj_material_elyte	shortageRisk	measured
obj_material_neg_graphite	priceShock	measured
obj_material_neg_graphite	shortageRisk	measured
obj_material_pos_lfp	priceShock	measured
obj_material_pos_lfp	shortageRisk	measured
obj_material_pos_ncm	priceShock	measured
obj_material_pos_ncm	shortageRisk	measured
obj_material_sep_film	priceShock	measured
obj_material_sep_film	shortageRisk	measured
obj_materialalternative_ALT-001	switchPressure	derived
obj_materialalternative_ALT-002	switchPressure	derived
obj_materialalternative_ALT-003	switchPressure	derived
obj_materialalternative_ALT-004	switchPressure	derived
obj_materialalternative_ALT-005	switchPressure	derived
obj_materialbalance_mbal-1	gapPressure	measured
obj_materialbalance_mbal-2	gapPressure	measured
obj_materialbalance_mbal-3	gapPressure	measured
obj_materialbalance_mbal-4	gapPressure	measured
obj_materialbalance_mbal-5	gapPressure	measured
obj_materialbalance_mbal-6	gapPressure	measured
obj_materialbalance_mbal-7	gapPressure	measured
obj_materialbalance_mbal-8	gapPressure	measured
obj_materialbalance_mbal-9	gapPressure	measured
obj_materialbatch_al_foil_b0	procurementDelay	measured
obj_materialbatch_al_foil_b0	turnoverPressure	derived
obj_materialbatch_al_foil_b1	procurementDelay	measured
obj_materialbatch_al_foil_b1	turnoverPressure	derived
obj_materialbatch_al_foil_b2	procurementDelay	measured
obj_materialbatch_al_foil_b2	turnoverPressure	derived
obj_materialbatch_cell_case_b0	procurementDelay	measured
obj_materialbatch_cell_case_b0	turnoverPressure	derived
obj_materialbatch_cell_case_b1	procurementDelay	measured
obj_materialbatch_cell_case_b1	turnoverPressure	derived
obj_materialbatch_cell_case_b2	procurementDelay	measured
obj_materialbatch_cell_case_b2	turnoverPressure	derived
obj_materialbatch_cu_foil_b0	procurementDelay	measured
obj_materialbatch_cu_foil_b0	turnoverPressure	derived
obj_materialbatch_cu_foil_b1	procurementDelay	measured
obj_materialbatch_cu_foil_b1	turnoverPressure	derived
obj_materialbatch_cu_foil_b2	procurementDelay	measured
obj_materialbatch_cu_foil_b2	turnoverPressure	derived
obj_materialbatch_elyte_b0	procurementDelay	measured
obj_materialbatch_elyte_b0	turnoverPressure	derived
obj_materialbatch_elyte_b1	procurementDelay	measured
obj_materialbatch_elyte_b1	turnoverPressure	derived
obj_materialbatch_elyte_b2	procurementDelay	measured
obj_materialbatch_elyte_b2	turnoverPressure	derived
obj_materialbatch_neg_graphite_b0	procurementDelay	measured
obj_materialbatch_neg_graphite_b0	turnoverPressure	derived
obj_materialbatch_neg_graphite_b1	procurementDelay	measured
obj_materialbatch_neg_graphite_b1	turnoverPressure	derived
obj_materialbatch_neg_graphite_b2	procurementDelay	measured
obj_materialbatch_neg_graphite_b2	turnoverPressure	derived
obj_materialbatch_pos_lfp_b0	procurementDelay	measured
obj_materialbatch_pos_lfp_b0	turnoverPressure	derived
obj_materialbatch_pos_lfp_b1	procurementDelay	measured
obj_materialbatch_pos_lfp_b1	turnoverPressure	derived
obj_materialbatch_pos_lfp_b2	procurementDelay	measured
obj_materialbatch_pos_lfp_b2	turnoverPressure	derived
obj_materialbatch_pos_ncm_b0	procurementDelay	measured
obj_materialbatch_pos_ncm_b0	turnoverPressure	derived
obj_materialbatch_pos_ncm_b1	procurementDelay	measured
obj_materialbatch_pos_ncm_b1	turnoverPressure	derived
obj_materialbatch_pos_ncm_b2	procurementDelay	measured
obj_materialbatch_pos_ncm_b2	turnoverPressure	derived
obj_materialbatch_sep_film_b0	procurementDelay	measured
obj_materialbatch_sep_film_b0	turnoverPressure	derived
obj_materialbatch_sep_film_b1	procurementDelay	measured
obj_materialbatch_sep_film_b1	turnoverPressure	derived
obj_materialbatch_sep_film_b2	procurementDelay	measured
obj_materialbatch_sep_film_b2	turnoverPressure	derived
obj_model_2170-NCM	backlogPriceTop	derived
obj_model_2170-NCM	backlogQtyTop	derived
obj_model_2170-NCM	costPressure	measured
obj_model_2170-NCM	demandLoad	measured
obj_model_2170-NCM	forecastBias	derived
obj_model_2170-NCM	supplyRisk	measured
obj_model_4680-LFP	backlogPriceTop	derived
obj_model_4680-LFP	backlogQtyTop	derived
obj_model_4680-LFP	costPressure	measured
obj_model_4680-LFP	demandLoad	measured
obj_model_4680-LFP	forecastBias	derived
obj_model_4680-LFP	supplyRisk	measured
obj_model_4680-NCM	backlogPriceTop	derived
obj_model_4680-NCM	backlogQtyTop	derived
obj_model_4680-NCM	costPressure	measured
obj_model_4680-NCM	demandLoad	measured
obj_model_4680-NCM	forecastBias	derived
obj_model_4680-NCM	supplyRisk	measured
obj_model_圆柱-LFP	backlogPriceTop	derived
obj_model_圆柱-LFP	backlogQtyTop	derived
obj_model_圆柱-LFP	costPressure	measured
obj_model_圆柱-LFP	demandLoad	measured
obj_model_圆柱-LFP	forecastBias	derived
obj_model_圆柱-LFP	supplyRisk	measured
obj_model_方形-LFP	backlogPriceTop	derived
obj_model_方形-LFP	backlogQtyTop	derived
obj_model_方形-LFP	costPressure	measured
obj_model_方形-LFP	demandLoad	measured
obj_model_方形-LFP	forecastBias	derived
obj_model_方形-LFP	supplyRisk	measured
obj_model_方形-NCM	backlogPriceTop	derived
obj_model_方形-NCM	backlogQtyTop	derived
obj_model_方形-NCM	costPressure	measured
obj_model_方形-NCM	demandLoad	measured
obj_model_方形-NCM	forecastBias	derived
obj_model_方形-NCM	supplyRisk	measured
obj_order_SO-3391	costPressure	measured
obj_order_SO-3391	demandPressure	measured
obj_order_SO-3391	leadDays	measured
obj_order_SO-3391	orderChurn	derived
obj_order_SO-3391	qty	measured
obj_order_SO-3391	shortageRisk	measured
obj_order_SO-3391	unitPrice	measured
obj_order_SO-3402	costPressure	measured
obj_order_SO-3402	demandPressure	measured
obj_order_SO-3402	leadDays	measured
obj_order_SO-3402	orderChurn	derived
obj_order_SO-3402	qty	measured
obj_order_SO-3402	shortageRisk	measured
obj_order_SO-3402	unitPrice	measured
obj_order_SO-3415	costPressure	measured
obj_order_SO-3415	demandPressure	measured
obj_order_SO-3415	leadDays	measured
obj_order_SO-3415	orderChurn	derived
obj_order_SO-3415	qty	measured
obj_order_SO-3415	shortageRisk	measured
obj_order_SO-3415	unitPrice	measured
obj_order_SO-3420	costPressure	measured
obj_order_SO-3420	demandPressure	measured
obj_order_SO-3420	leadDays	measured
obj_order_SO-3420	orderChurn	derived
obj_order_SO-3420	qty	measured
obj_order_SO-3420	shortageRisk	measured
obj_order_SO-3420	unitPrice	measured
obj_order_SO-3431	costPressure	measured
obj_order_SO-3431	demandPressure	measured
obj_order_SO-3431	leadDays	measured
obj_order_SO-3431	orderChurn	derived
obj_order_SO-3431	qty	measured
obj_order_SO-3431	shortageRisk	measured
obj_order_SO-3431	unitPrice	measured
obj_order_SO-3437	costPressure	measured
obj_order_SO-3437	demandPressure	measured
obj_order_SO-3437	leadDays	measured
obj_order_SO-3437	orderChurn	derived
obj_order_SO-3437	qty	measured
obj_order_SO-3437	shortageRisk	measured
obj_order_SO-3437	unitPrice	measured
obj_order_SO-3445	costPressure	measured
obj_order_SO-3445	demandPressure	measured
obj_order_SO-3445	leadDays	measured
obj_order_SO-3445	orderChurn	derived
obj_order_SO-3445	qty	measured
obj_order_SO-3445	shortageRisk	measured
obj_order_SO-3445	unitPrice	measured
obj_order_SO-3452	costPressure	measured
obj_order_SO-3452	demandPressure	measured
obj_order_SO-3452	leadDays	measured
obj_order_SO-3452	orderChurn	derived
obj_order_SO-3452	qty	measured
obj_order_SO-3452	shortageRisk	measured
obj_order_SO-3452	unitPrice	measured
obj_order_SO-3458	costPressure	measured
obj_order_SO-3458	demandPressure	measured
obj_order_SO-3458	leadDays	measured
obj_order_SO-3458	orderChurn	derived
obj_order_SO-3458	qty	measured
obj_order_SO-3458	shortageRisk	measured
obj_order_SO-3458	unitPrice	measured
obj_order_SO-3464	costPressure	measured
obj_order_SO-3464	demandPressure	measured
obj_order_SO-3464	leadDays	measured
obj_order_SO-3464	orderChurn	derived
obj_order_SO-3464	qty	measured
obj_order_SO-3464	shortageRisk	measured
obj_order_SO-3464	unitPrice	measured
obj_order_SO-3470	costPressure	measured
obj_order_SO-3470	demandPressure	measured
obj_order_SO-3470	leadDays	measured
obj_order_SO-3470	orderChurn	derived
obj_order_SO-3470	qty	measured
obj_order_SO-3470	shortageRisk	measured
obj_order_SO-3470	unitPrice	measured
obj_order_SO-3476	costPressure	measured
obj_order_SO-3476	demandPressure	measured
obj_order_SO-3476	leadDays	measured
obj_order_SO-3476	orderChurn	derived
obj_order_SO-3476	qty	measured
obj_order_SO-3476	shortageRisk	measured
obj_order_SO-3476	unitPrice	measured
obj_order_SO-3481	costPressure	measured
obj_order_SO-3481	demandPressure	measured
obj_order_SO-3481	leadDays	measured
obj_order_SO-3481	orderChurn	derived
obj_order_SO-3481	qty	measured
obj_order_SO-3481	shortageRisk	measured
obj_order_SO-3481	unitPrice	measured
obj_order_SO-3486	costPressure	measured
obj_order_SO-3486	demandPressure	measured
obj_order_SO-3486	leadDays	measured
obj_order_SO-3486	orderChurn	derived
obj_order_SO-3486	qty	measured
obj_order_SO-3486	shortageRisk	measured
obj_order_SO-3486	unitPrice	measured
obj_order_SO-3490	costPressure	measured
obj_order_SO-3490	demandPressure	measured
obj_order_SO-3490	leadDays	measured
obj_order_SO-3490	orderChurn	derived
obj_order_SO-3490	qty	measured
obj_order_SO-3490	shortageRisk	measured
obj_order_SO-3490	unitPrice	measured
obj_order_SO-3495	costPressure	measured
obj_order_SO-3495	demandPressure	measured
obj_order_SO-3495	leadDays	measured
obj_order_SO-3495	orderChurn	derived
obj_order_SO-3495	qty	measured
obj_order_SO-3495	shortageRisk	measured
obj_order_SO-3495	unitPrice	measured
obj_order_SO-3501	costPressure	measured
obj_order_SO-3501	demandPressure	measured
obj_order_SO-3501	leadDays	measured
obj_order_SO-3501	orderChurn	derived
obj_order_SO-3501	qty	measured
obj_order_SO-3501	shortageRisk	measured
obj_order_SO-3501	unitPrice	measured
obj_order_SO-3506	costPressure	measured
obj_order_SO-3506	demandPressure	measured
obj_order_SO-3506	leadDays	measured
obj_order_SO-3506	orderChurn	derived
obj_order_SO-3506	qty	measured
obj_order_SO-3506	shortageRisk	measured
obj_order_SO-3506	unitPrice	measured
obj_order_SO-3512	costPressure	measured
obj_order_SO-3512	demandPressure	measured
obj_order_SO-3512	leadDays	measured
obj_order_SO-3512	orderChurn	derived
obj_order_SO-3512	qty	measured
obj_order_SO-3512	shortageRisk	measured
obj_order_SO-3512	unitPrice	measured
obj_order_SO-3518	costPressure	measured
obj_order_SO-3518	demandPressure	measured
obj_order_SO-3518	leadDays	measured
obj_order_SO-3518	orderChurn	derived
obj_order_SO-3518	qty	measured
obj_order_SO-3518	shortageRisk	measured
obj_order_SO-3518	unitPrice	measured
obj_order_SO-3523	costPressure	measured
obj_order_SO-3523	demandPressure	measured
obj_order_SO-3523	leadDays	measured
obj_order_SO-3523	orderChurn	derived
obj_order_SO-3523	qty	measured
obj_order_SO-3523	shortageRisk	measured
obj_order_SO-3523	unitPrice	measured
obj_order_SO-3529	costPressure	measured
obj_order_SO-3529	demandPressure	measured
obj_order_SO-3529	leadDays	measured
obj_order_SO-3529	orderChurn	derived
obj_order_SO-3529	qty	measured
obj_order_SO-3529	shortageRisk	measured
obj_order_SO-3529	unitPrice	measured
obj_order_SO-3534	costPressure	measured
obj_order_SO-3534	demandPressure	measured
obj_order_SO-3534	leadDays	measured
obj_order_SO-3534	orderChurn	derived
obj_order_SO-3534	qty	measured
obj_order_SO-3534	shortageRisk	measured
obj_order_SO-3534	unitPrice	measured
obj_order_SO-3540	costPressure	measured
obj_order_SO-3540	demandPressure	measured
obj_order_SO-3540	leadDays	measured
obj_order_SO-3540	orderChurn	derived
obj_order_SO-3540	qty	measured
obj_order_SO-3540	shortageRisk	measured
obj_order_SO-3540	unitPrice	measured
obj_order_SO-900025	costPressure	measured
obj_order_SO-900025	demandPressure	measured
obj_order_SO-900025	leadDays	measured
obj_order_SO-900025	orderChurn	derived
obj_order_SO-900025	qty	measured
obj_order_SO-900025	shortageRisk	measured
obj_order_SO-900025	unitPrice	measured
obj_order_SO-900029	costPressure	measured
obj_order_SO-900029	demandPressure	measured
obj_order_SO-900029	leadDays	measured
obj_order_SO-900029	orderChurn	derived
obj_order_SO-900029	qty	measured
obj_order_SO-900029	shortageRisk	measured
obj_order_SO-900029	unitPrice	measured
obj_order_SO-900030	costPressure	measured
obj_order_SO-900030	demandPressure	measured
obj_order_SO-900030	leadDays	measured
obj_order_SO-900030	orderChurn	derived
obj_order_SO-900030	qty	measured
obj_order_SO-900030	shortageRisk	measured
obj_order_SO-900030	unitPrice	measured
obj_order_SO-900038	costPressure	measured
obj_order_SO-900038	demandPressure	measured
obj_order_SO-900038	leadDays	measured
obj_order_SO-900038	orderChurn	derived
obj_order_SO-900038	qty	measured
obj_order_SO-900038	shortageRisk	measured
obj_order_SO-900038	unitPrice	measured
obj_order_SO-900043	costPressure	measured
obj_order_SO-900043	demandPressure	measured
obj_order_SO-900043	leadDays	measured
obj_order_SO-900043	orderChurn	derived
obj_order_SO-900043	qty	measured
obj_order_SO-900043	shortageRisk	measured
obj_order_SO-900043	unitPrice	measured
obj_order_SO-900048	costPressure	measured
obj_order_SO-900048	demandPressure	measured
obj_order_SO-900048	leadDays	measured
obj_order_SO-900048	orderChurn	derived
obj_order_SO-900048	qty	measured
obj_order_SO-900048	shortageRisk	measured
obj_order_SO-900048	unitPrice	measured
obj_order_SO-900052	costPressure	measured
obj_order_SO-900052	demandPressure	measured
obj_order_SO-900052	leadDays	measured
obj_order_SO-900052	orderChurn	derived
obj_order_SO-900052	qty	measured
obj_order_SO-900052	shortageRisk	measured
obj_order_SO-900052	unitPrice	measured
obj_order_SO-900056	costPressure	measured
obj_order_SO-900056	demandPressure	measured
obj_order_SO-900056	leadDays	measured
obj_order_SO-900056	orderChurn	derived
obj_order_SO-900056	qty	measured
obj_order_SO-900056	shortageRisk	measured
obj_order_SO-900056	unitPrice	measured
obj_order_SO-900060	costPressure	measured
obj_order_SO-900060	demandPressure	measured
obj_order_SO-900060	leadDays	measured
obj_order_SO-900060	orderChurn	derived
obj_order_SO-900060	qty	measured
obj_order_SO-900060	shortageRisk	measured
obj_order_SO-900060	unitPrice	measured
obj_order_SO-900070	costPressure	measured
obj_order_SO-900070	demandPressure	measured
obj_order_SO-900070	leadDays	measured
obj_order_SO-900070	orderChurn	derived
obj_order_SO-900070	qty	measured
obj_order_SO-900070	shortageRisk	measured
obj_order_SO-900070	unitPrice	measured
obj_order_SO-900072	costPressure	measured
obj_order_SO-900072	demandPressure	measured
obj_order_SO-900072	leadDays	measured
obj_order_SO-900072	orderChurn	derived
obj_order_SO-900072	qty	measured
obj_order_SO-900072	shortageRisk	measured
obj_order_SO-900072	unitPrice	measured
obj_order_SO-900074	costPressure	measured
obj_order_SO-900074	demandPressure	measured
obj_order_SO-900074	leadDays	measured
obj_order_SO-900074	orderChurn	derived
obj_order_SO-900074	qty	measured
obj_order_SO-900074	shortageRisk	measured
obj_order_SO-900074	unitPrice	measured
obj_order_SO-900077	costPressure	measured
obj_order_SO-900077	demandPressure	measured
obj_order_SO-900077	leadDays	measured
obj_order_SO-900077	orderChurn	derived
obj_order_SO-900077	qty	measured
obj_order_SO-900077	shortageRisk	measured
obj_order_SO-900077	unitPrice	measured
obj_order_SO-900079	costPressure	measured
obj_order_SO-900079	demandPressure	measured
obj_order_SO-900079	leadDays	measured
obj_order_SO-900079	orderChurn	derived
obj_order_SO-900079	qty	measured
obj_order_SO-900079	shortageRisk	measured
obj_order_SO-900079	unitPrice	measured
obj_order_SO-900088	costPressure	measured
obj_order_SO-900088	demandPressure	measured
obj_order_SO-900088	leadDays	measured
obj_order_SO-900088	orderChurn	derived
obj_order_SO-900088	qty	measured
obj_order_SO-900088	shortageRisk	measured
obj_order_SO-900088	unitPrice	measured
obj_order_SO-900090	costPressure	measured
obj_order_SO-900090	demandPressure	measured
obj_order_SO-900090	leadDays	measured
obj_order_SO-900090	orderChurn	derived
obj_order_SO-900090	qty	measured
obj_order_SO-900090	shortageRisk	measured
obj_order_SO-900090	unitPrice	measured
obj_order_SO-900091	costPressure	measured
obj_order_SO-900091	demandPressure	measured
obj_order_SO-900091	leadDays	measured
obj_order_SO-900091	orderChurn	derived
obj_order_SO-900091	qty	measured
obj_order_SO-900091	shortageRisk	measured
obj_order_SO-900091	unitPrice	measured
obj_order_SO-900094	costPressure	measured
obj_order_SO-900094	demandPressure	measured
obj_order_SO-900094	leadDays	measured
obj_order_SO-900094	orderChurn	derived
obj_order_SO-900094	qty	measured
obj_order_SO-900094	shortageRisk	measured
obj_order_SO-900094	unitPrice	measured
obj_order_SO-900105	costPressure	measured
obj_order_SO-900105	demandPressure	measured
obj_order_SO-900105	leadDays	measured
obj_order_SO-900105	orderChurn	derived
obj_order_SO-900105	qty	measured
obj_order_SO-900105	shortageRisk	measured
obj_order_SO-900105	unitPrice	measured
obj_order_SO-900112	costPressure	measured
obj_order_SO-900112	demandPressure	measured
obj_order_SO-900112	leadDays	measured
obj_order_SO-900112	orderChurn	derived
obj_order_SO-900112	qty	measured
obj_order_SO-900112	shortageRisk	measured
obj_order_SO-900112	unitPrice	measured
obj_order_SO-900114	costPressure	measured
obj_order_SO-900114	demandPressure	measured
obj_order_SO-900114	leadDays	measured
obj_order_SO-900114	orderChurn	derived
obj_order_SO-900114	qty	measured
obj_order_SO-900114	shortageRisk	measured
obj_order_SO-900114	unitPrice	measured
obj_order_SO-900121	costPressure	measured
obj_order_SO-900121	demandPressure	measured
obj_order_SO-900121	leadDays	measured
obj_order_SO-900121	orderChurn	derived
obj_order_SO-900121	qty	measured
obj_order_SO-900121	shortageRisk	measured
obj_order_SO-900121	unitPrice	measured
obj_order_SO-900122	costPressure	measured
obj_order_SO-900122	demandPressure	measured
obj_order_SO-900122	leadDays	measured
obj_order_SO-900122	orderChurn	derived
obj_order_SO-900122	qty	measured
obj_order_SO-900122	shortageRisk	measured
obj_order_SO-900122	unitPrice	measured
obj_order_SO-900123	costPressure	measured
obj_order_SO-900123	demandPressure	measured
obj_order_SO-900123	leadDays	measured
obj_order_SO-900123	orderChurn	derived
obj_order_SO-900123	qty	measured
obj_order_SO-900123	shortageRisk	measured
obj_order_SO-900123	unitPrice	measured
obj_order_SO-900128	costPressure	measured
obj_order_SO-900128	demandPressure	measured
obj_order_SO-900128	leadDays	measured
obj_order_SO-900128	orderChurn	derived
obj_order_SO-900128	qty	measured
obj_order_SO-900128	shortageRisk	measured
obj_order_SO-900128	unitPrice	measured
obj_order_SO-900134	costPressure	measured
obj_order_SO-900134	demandPressure	measured
obj_order_SO-900134	leadDays	measured
obj_order_SO-900134	orderChurn	derived
obj_order_SO-900134	qty	measured
obj_order_SO-900134	shortageRisk	measured
obj_order_SO-900134	unitPrice	measured
obj_order_SO-900137	costPressure	measured
obj_order_SO-900137	demandPressure	measured
obj_order_SO-900137	leadDays	measured
obj_order_SO-900137	orderChurn	derived
obj_order_SO-900137	qty	measured
obj_order_SO-900137	shortageRisk	measured
obj_order_SO-900137	unitPrice	measured
obj_order_SO-900138	costPressure	measured
obj_order_SO-900138	demandPressure	measured
obj_order_SO-900138	leadDays	measured
obj_order_SO-900138	orderChurn	derived
obj_order_SO-900138	qty	measured
obj_order_SO-900138	shortageRisk	measured
obj_order_SO-900138	unitPrice	measured
obj_order_SO-900141	costPressure	measured
obj_order_SO-900141	demandPressure	measured
obj_order_SO-900141	leadDays	measured
obj_order_SO-900141	orderChurn	derived
obj_order_SO-900141	qty	measured
obj_order_SO-900141	shortageRisk	measured
obj_order_SO-900141	unitPrice	measured
obj_order_SO-900151	costPressure	measured
obj_order_SO-900151	demandPressure	measured
obj_order_SO-900151	leadDays	measured
obj_order_SO-900151	orderChurn	derived
obj_order_SO-900151	qty	measured
obj_order_SO-900151	shortageRisk	measured
obj_order_SO-900151	unitPrice	measured
obj_order_SO-900152	costPressure	measured
obj_order_SO-900152	demandPressure	measured
obj_order_SO-900152	leadDays	measured
obj_order_SO-900152	orderChurn	derived
obj_order_SO-900152	qty	measured
obj_order_SO-900152	shortageRisk	measured
obj_order_SO-900152	unitPrice	measured
obj_order_SO-900157	costPressure	measured
obj_order_SO-900157	demandPressure	measured
obj_order_SO-900157	leadDays	measured
obj_order_SO-900157	orderChurn	derived
obj_order_SO-900157	qty	measured
obj_order_SO-900157	shortageRisk	measured
obj_order_SO-900157	unitPrice	measured
obj_order_SO-900158	costPressure	measured
obj_order_SO-900158	demandPressure	measured
obj_order_SO-900158	leadDays	measured
obj_order_SO-900158	orderChurn	derived
obj_order_SO-900158	qty	measured
obj_order_SO-900158	shortageRisk	measured
obj_order_SO-900158	unitPrice	measured
obj_order_SO-900174	costPressure	measured
obj_order_SO-900174	demandPressure	measured
obj_order_SO-900174	leadDays	measured
obj_order_SO-900174	orderChurn	derived
obj_order_SO-900174	qty	measured
obj_order_SO-900174	shortageRisk	measured
obj_order_SO-900174	unitPrice	measured
obj_order_SO-900181	costPressure	measured
obj_order_SO-900181	demandPressure	measured
obj_order_SO-900181	leadDays	measured
obj_order_SO-900181	orderChurn	derived
obj_order_SO-900181	qty	measured
obj_order_SO-900181	shortageRisk	measured
obj_order_SO-900181	unitPrice	measured
obj_order_SO-900183	costPressure	measured
obj_order_SO-900183	demandPressure	measured
obj_order_SO-900183	leadDays	measured
obj_order_SO-900183	orderChurn	derived
obj_order_SO-900183	qty	measured
obj_order_SO-900183	shortageRisk	measured
obj_order_SO-900183	unitPrice	measured
obj_order_SO-900185	costPressure	measured
obj_order_SO-900185	demandPressure	measured
obj_order_SO-900185	leadDays	measured
obj_order_SO-900185	orderChurn	derived
obj_order_SO-900185	qty	measured
obj_order_SO-900185	shortageRisk	measured
obj_order_SO-900185	unitPrice	measured
obj_order_SO-900187	costPressure	measured
obj_order_SO-900187	demandPressure	measured
obj_order_SO-900187	leadDays	measured
obj_order_SO-900187	orderChurn	derived
obj_order_SO-900187	qty	measured
obj_order_SO-900187	shortageRisk	measured
obj_order_SO-900187	unitPrice	measured
obj_order_SO-900191	costPressure	measured
obj_order_SO-900191	demandPressure	measured
obj_order_SO-900191	leadDays	measured
obj_order_SO-900191	orderChurn	derived
obj_order_SO-900191	qty	measured
obj_order_SO-900191	shortageRisk	measured
obj_order_SO-900191	unitPrice	measured
obj_order_SO-900194	costPressure	measured
obj_order_SO-900194	demandPressure	measured
obj_order_SO-900194	leadDays	measured
obj_order_SO-900194	orderChurn	derived
obj_order_SO-900194	qty	measured
obj_order_SO-900194	shortageRisk	measured
obj_order_SO-900194	unitPrice	measured
obj_order_SO-900197	costPressure	measured
obj_order_SO-900197	demandPressure	measured
obj_order_SO-900197	leadDays	measured
obj_order_SO-900197	orderChurn	derived
obj_order_SO-900197	qty	measured
obj_order_SO-900197	shortageRisk	measured
obj_order_SO-900197	unitPrice	measured
obj_order_SO-900199	costPressure	measured
obj_order_SO-900199	demandPressure	measured
obj_order_SO-900199	leadDays	measured
obj_order_SO-900199	orderChurn	derived
obj_order_SO-900199	qty	measured
obj_order_SO-900199	shortageRisk	measured
obj_order_SO-900199	unitPrice	measured
obj_order_SO-900209	costPressure	measured
obj_order_SO-900209	demandPressure	measured
obj_order_SO-900209	leadDays	measured
obj_order_SO-900209	orderChurn	derived
obj_order_SO-900209	qty	measured
obj_order_SO-900209	shortageRisk	measured
obj_order_SO-900209	unitPrice	measured
obj_order_SO-900210	costPressure	measured
obj_order_SO-900210	demandPressure	measured
obj_order_SO-900210	leadDays	measured
obj_order_SO-900210	orderChurn	derived
obj_order_SO-900210	qty	measured
obj_order_SO-900210	shortageRisk	measured
obj_order_SO-900210	unitPrice	measured
obj_order_SO-900216	costPressure	measured
obj_order_SO-900216	demandPressure	measured
obj_order_SO-900216	leadDays	measured
obj_order_SO-900216	orderChurn	derived
obj_order_SO-900216	qty	measured
obj_order_SO-900216	shortageRisk	measured
obj_order_SO-900216	unitPrice	measured
obj_order_SO-900220	costPressure	measured
obj_order_SO-900220	demandPressure	measured
obj_order_SO-900220	leadDays	measured
obj_order_SO-900220	orderChurn	derived
obj_order_SO-900220	qty	measured
obj_order_SO-900220	shortageRisk	measured
obj_order_SO-900220	unitPrice	measured
obj_order_SO-900221	costPressure	measured
obj_order_SO-900221	demandPressure	measured
obj_order_SO-900221	leadDays	measured
obj_order_SO-900221	orderChurn	derived
obj_order_SO-900221	qty	measured
obj_order_SO-900221	shortageRisk	measured
obj_order_SO-900221	unitPrice	measured
obj_order_SO-900223	costPressure	measured
obj_order_SO-900223	demandPressure	measured
obj_order_SO-900223	leadDays	measured
obj_order_SO-900223	orderChurn	derived
obj_order_SO-900223	qty	measured
obj_order_SO-900223	shortageRisk	measured
obj_order_SO-900223	unitPrice	measured
obj_order_SO-900233	costPressure	measured
obj_order_SO-900233	demandPressure	measured
obj_order_SO-900233	leadDays	measured
obj_order_SO-900233	orderChurn	derived
obj_order_SO-900233	qty	measured
obj_order_SO-900233	shortageRisk	measured
obj_order_SO-900233	unitPrice	measured
obj_order_SO-900235	costPressure	measured
obj_order_SO-900235	demandPressure	measured
obj_order_SO-900235	leadDays	measured
obj_order_SO-900235	orderChurn	derived
obj_order_SO-900235	qty	measured
obj_order_SO-900235	shortageRisk	measured
obj_order_SO-900235	unitPrice	measured
obj_order_SO-900239	costPressure	measured
obj_order_SO-900239	demandPressure	measured
obj_order_SO-900239	leadDays	measured
obj_order_SO-900239	orderChurn	derived
obj_order_SO-900239	qty	measured
obj_order_SO-900239	shortageRisk	measured
obj_order_SO-900239	unitPrice	measured
obj_order_SO-900244	costPressure	measured
obj_order_SO-900244	demandPressure	measured
obj_order_SO-900244	leadDays	measured
obj_order_SO-900244	orderChurn	derived
obj_order_SO-900244	qty	measured
obj_order_SO-900244	shortageRisk	measured
obj_order_SO-900244	unitPrice	measured
obj_order_SO-900245	costPressure	measured
obj_order_SO-900245	demandPressure	measured
obj_order_SO-900245	leadDays	measured
obj_order_SO-900245	orderChurn	derived
obj_order_SO-900245	qty	measured
obj_order_SO-900245	shortageRisk	measured
obj_order_SO-900245	unitPrice	measured
obj_order_SO-900248	costPressure	measured
obj_order_SO-900248	demandPressure	measured
obj_order_SO-900248	leadDays	measured
obj_order_SO-900248	orderChurn	derived
obj_order_SO-900248	qty	measured
obj_order_SO-900248	shortageRisk	measured
obj_order_SO-900248	unitPrice	measured
obj_order_SO-900257	costPressure	measured
obj_order_SO-900257	demandPressure	measured
obj_order_SO-900257	leadDays	measured
obj_order_SO-900257	orderChurn	derived
obj_order_SO-900257	qty	measured
obj_order_SO-900257	shortageRisk	measured
obj_order_SO-900257	unitPrice	measured
obj_order_SO-900260	costPressure	measured
obj_order_SO-900260	demandPressure	measured
obj_order_SO-900260	leadDays	measured
obj_order_SO-900260	orderChurn	derived
obj_order_SO-900260	qty	measured
obj_order_SO-900260	shortageRisk	measured
obj_order_SO-900260	unitPrice	measured
obj_order_SO-900263	costPressure	measured
obj_order_SO-900263	demandPressure	measured
obj_order_SO-900263	leadDays	measured
obj_order_SO-900263	orderChurn	derived
obj_order_SO-900263	qty	measured
obj_order_SO-900263	shortageRisk	measured
obj_order_SO-900263	unitPrice	measured
obj_order_SO-900269	costPressure	measured
obj_order_SO-900269	demandPressure	measured
obj_order_SO-900269	leadDays	measured
obj_order_SO-900269	orderChurn	derived
obj_order_SO-900269	qty	measured
obj_order_SO-900269	shortageRisk	measured
obj_order_SO-900269	unitPrice	measured
obj_order_SO-900270	costPressure	measured
obj_order_SO-900270	demandPressure	measured
obj_order_SO-900270	leadDays	measured
obj_order_SO-900270	orderChurn	derived
obj_order_SO-900270	qty	measured
obj_order_SO-900270	shortageRisk	measured
obj_order_SO-900270	unitPrice	measured
obj_order_SO-900272	costPressure	measured
obj_order_SO-900272	demandPressure	measured
obj_order_SO-900272	leadDays	measured
obj_order_SO-900272	orderChurn	derived
obj_order_SO-900272	qty	measured
obj_order_SO-900272	shortageRisk	measured
obj_order_SO-900272	unitPrice	measured
obj_order_SO-900273	costPressure	measured
obj_order_SO-900273	demandPressure	measured
obj_order_SO-900273	leadDays	measured
obj_order_SO-900273	orderChurn	derived
obj_order_SO-900273	qty	measured
obj_order_SO-900273	shortageRisk	measured
obj_order_SO-900273	unitPrice	measured
obj_order_SO-900276	costPressure	measured
obj_order_SO-900276	demandPressure	measured
obj_order_SO-900276	leadDays	measured
obj_order_SO-900276	orderChurn	derived
obj_order_SO-900276	qty	measured
obj_order_SO-900276	shortageRisk	measured
obj_order_SO-900276	unitPrice	measured
obj_order_SO-900280	costPressure	measured
obj_order_SO-900280	demandPressure	measured
obj_order_SO-900280	leadDays	measured
obj_order_SO-900280	orderChurn	derived
obj_order_SO-900280	qty	measured
obj_order_SO-900280	shortageRisk	measured
obj_order_SO-900280	unitPrice	measured
obj_order_SO-900283	costPressure	measured
obj_order_SO-900283	demandPressure	measured
obj_order_SO-900283	leadDays	measured
obj_order_SO-900283	orderChurn	derived
obj_order_SO-900283	qty	measured
obj_order_SO-900283	shortageRisk	measured
obj_order_SO-900283	unitPrice	measured
obj_order_SO-900284	costPressure	measured
obj_order_SO-900284	demandPressure	measured
obj_order_SO-900284	leadDays	measured
obj_order_SO-900284	orderChurn	derived
obj_order_SO-900284	qty	measured
obj_order_SO-900284	shortageRisk	measured
obj_order_SO-900284	unitPrice	measured
obj_order_SO-900286	costPressure	measured
obj_order_SO-900286	demandPressure	measured
obj_order_SO-900286	leadDays	measured
obj_order_SO-900286	orderChurn	derived
obj_order_SO-900286	qty	measured
obj_order_SO-900286	shortageRisk	measured
obj_order_SO-900286	unitPrice	measured
obj_order_SO-900290	costPressure	measured
obj_order_SO-900290	demandPressure	measured
obj_order_SO-900290	leadDays	measured
obj_order_SO-900290	orderChurn	derived
obj_order_SO-900290	qty	measured
obj_order_SO-900290	shortageRisk	measured
obj_order_SO-900290	unitPrice	measured
obj_order_SO-900308	costPressure	measured
obj_order_SO-900308	demandPressure	measured
obj_order_SO-900308	leadDays	measured
obj_order_SO-900308	orderChurn	derived
obj_order_SO-900308	qty	measured
obj_order_SO-900308	shortageRisk	measured
obj_order_SO-900308	unitPrice	measured
obj_order_SO-900309	costPressure	measured
obj_order_SO-900309	demandPressure	measured
obj_order_SO-900309	leadDays	measured
obj_order_SO-900309	orderChurn	derived
obj_order_SO-900309	qty	measured
obj_order_SO-900309	shortageRisk	measured
obj_order_SO-900309	unitPrice	measured
obj_order_SO-900312	costPressure	measured
obj_order_SO-900312	demandPressure	measured
obj_order_SO-900312	leadDays	measured
obj_order_SO-900312	orderChurn	derived
obj_order_SO-900312	qty	measured
obj_order_SO-900312	shortageRisk	measured
obj_order_SO-900312	unitPrice	measured
obj_order_SO-900313	costPressure	measured
obj_order_SO-900313	demandPressure	measured
obj_order_SO-900313	leadDays	measured
obj_order_SO-900313	orderChurn	derived
obj_order_SO-900313	qty	measured
obj_order_SO-900313	shortageRisk	measured
obj_order_SO-900313	unitPrice	measured
obj_order_SO-900315	costPressure	measured
obj_order_SO-900315	demandPressure	measured
obj_order_SO-900315	leadDays	measured
obj_order_SO-900315	orderChurn	derived
obj_order_SO-900315	qty	measured
obj_order_SO-900315	shortageRisk	measured
obj_order_SO-900315	unitPrice	measured
obj_order_SO-900317	costPressure	measured
obj_order_SO-900317	demandPressure	measured
obj_order_SO-900317	leadDays	measured
obj_order_SO-900317	orderChurn	derived
obj_order_SO-900317	qty	measured
obj_order_SO-900317	shortageRisk	measured
obj_order_SO-900317	unitPrice	measured
obj_order_SO-900319	costPressure	measured
obj_order_SO-900319	demandPressure	measured
obj_order_SO-900319	leadDays	measured
obj_order_SO-900319	orderChurn	derived
obj_order_SO-900319	qty	measured
obj_order_SO-900319	shortageRisk	measured
obj_order_SO-900319	unitPrice	measured
obj_order_SO-900321	costPressure	measured
obj_order_SO-900321	demandPressure	measured
obj_order_SO-900321	leadDays	measured
obj_order_SO-900321	orderChurn	derived
obj_order_SO-900321	qty	measured
obj_order_SO-900321	shortageRisk	measured
obj_order_SO-900321	unitPrice	measured
obj_order_SO-900324	costPressure	measured
obj_order_SO-900324	demandPressure	measured
obj_order_SO-900324	leadDays	measured
obj_order_SO-900324	orderChurn	derived
obj_order_SO-900324	qty	measured
obj_order_SO-900324	shortageRisk	measured
obj_order_SO-900324	unitPrice	measured
obj_order_SO-900325	costPressure	measured
obj_order_SO-900325	demandPressure	measured
obj_order_SO-900325	leadDays	measured
obj_order_SO-900325	orderChurn	derived
obj_order_SO-900325	qty	measured
obj_order_SO-900325	shortageRisk	measured
obj_order_SO-900325	unitPrice	measured
obj_order_SO-900327	costPressure	measured
obj_order_SO-900327	demandPressure	measured
obj_order_SO-900327	leadDays	measured
obj_order_SO-900327	orderChurn	derived
obj_order_SO-900327	qty	measured
obj_order_SO-900327	shortageRisk	measured
obj_order_SO-900327	unitPrice	measured
obj_order_SO-900331	costPressure	measured
obj_order_SO-900331	demandPressure	measured
obj_order_SO-900331	leadDays	measured
obj_order_SO-900331	orderChurn	derived
obj_order_SO-900331	qty	measured
obj_order_SO-900331	shortageRisk	measured
obj_order_SO-900331	unitPrice	measured
obj_order_SO-900336	costPressure	measured
obj_order_SO-900336	demandPressure	measured
obj_order_SO-900336	leadDays	measured
obj_order_SO-900336	orderChurn	derived
obj_order_SO-900336	qty	measured
obj_order_SO-900336	shortageRisk	measured
obj_order_SO-900336	unitPrice	measured
obj_order_SO-900339	costPressure	measured
obj_order_SO-900339	demandPressure	measured
obj_order_SO-900339	leadDays	measured
obj_order_SO-900339	orderChurn	derived
obj_order_SO-900339	qty	measured
obj_order_SO-900339	shortageRisk	measured
obj_order_SO-900339	unitPrice	measured
obj_order_SO-900341	costPressure	measured
obj_order_SO-900341	demandPressure	measured
obj_order_SO-900341	leadDays	measured
obj_order_SO-900341	orderChurn	derived
obj_order_SO-900341	qty	measured
obj_order_SO-900341	shortageRisk	measured
obj_order_SO-900341	unitPrice	measured
obj_order_SO-900350	costPressure	measured
obj_order_SO-900350	demandPressure	measured
obj_order_SO-900350	leadDays	measured
obj_order_SO-900350	orderChurn	derived
obj_order_SO-900350	qty	measured
obj_order_SO-900350	shortageRisk	measured
obj_order_SO-900350	unitPrice	measured
obj_order_SO-900352	costPressure	measured
obj_order_SO-900352	demandPressure	measured
obj_order_SO-900352	leadDays	measured
obj_order_SO-900352	orderChurn	derived
obj_order_SO-900352	qty	measured
obj_order_SO-900352	shortageRisk	measured
obj_order_SO-900352	unitPrice	measured
obj_order_SO-900353	costPressure	measured
obj_order_SO-900353	demandPressure	measured
obj_order_SO-900353	leadDays	measured
obj_order_SO-900353	orderChurn	derived
obj_order_SO-900353	qty	measured
obj_order_SO-900353	shortageRisk	measured
obj_order_SO-900353	unitPrice	measured
obj_order_SO-900359	costPressure	measured
obj_order_SO-900359	demandPressure	measured
obj_order_SO-900359	leadDays	measured
obj_order_SO-900359	orderChurn	derived
obj_order_SO-900359	qty	measured
obj_order_SO-900359	shortageRisk	measured
obj_order_SO-900359	unitPrice	measured
obj_order_SO-900362	costPressure	measured
obj_order_SO-900362	demandPressure	measured
obj_order_SO-900362	leadDays	measured
obj_order_SO-900362	orderChurn	derived
obj_order_SO-900362	qty	measured
obj_order_SO-900362	shortageRisk	measured
obj_order_SO-900362	unitPrice	measured
obj_order_SO-900363	costPressure	measured
obj_order_SO-900363	demandPressure	measured
obj_order_SO-900363	leadDays	measured
obj_order_SO-900363	orderChurn	derived
obj_order_SO-900363	qty	measured
obj_order_SO-900363	shortageRisk	measured
obj_order_SO-900363	unitPrice	measured
obj_order_SO-900367	costPressure	measured
obj_order_SO-900367	demandPressure	measured
obj_order_SO-900367	leadDays	measured
obj_order_SO-900367	orderChurn	derived
obj_order_SO-900367	qty	measured
obj_order_SO-900367	shortageRisk	measured
obj_order_SO-900367	unitPrice	measured
obj_order_SO-900374	costPressure	measured
obj_order_SO-900374	demandPressure	measured
obj_order_SO-900374	leadDays	measured
obj_order_SO-900374	orderChurn	derived
obj_order_SO-900374	qty	measured
obj_order_SO-900374	shortageRisk	measured
obj_order_SO-900374	unitPrice	measured
obj_order_SO-900376	costPressure	measured
obj_order_SO-900376	demandPressure	measured
obj_order_SO-900376	leadDays	measured
obj_order_SO-900376	orderChurn	derived
obj_order_SO-900376	qty	measured
obj_order_SO-900376	shortageRisk	measured
obj_order_SO-900376	unitPrice	measured
obj_order_SO-900379	costPressure	measured
obj_order_SO-900379	demandPressure	measured
obj_order_SO-900379	leadDays	measured
obj_order_SO-900379	orderChurn	derived
obj_order_SO-900379	qty	measured
obj_order_SO-900379	shortageRisk	measured
obj_order_SO-900379	unitPrice	measured
obj_order_SO-900381	costPressure	measured
obj_order_SO-900381	demandPressure	measured
obj_order_SO-900381	leadDays	measured
obj_order_SO-900381	orderChurn	derived
obj_order_SO-900381	qty	measured
obj_order_SO-900381	shortageRisk	measured
obj_order_SO-900381	unitPrice	measured
obj_order_SO-900384	costPressure	measured
obj_order_SO-900384	demandPressure	measured
obj_order_SO-900384	leadDays	measured
obj_order_SO-900384	orderChurn	derived
obj_order_SO-900384	qty	measured
obj_order_SO-900384	shortageRisk	measured
obj_order_SO-900384	unitPrice	measured
obj_order_SO-900390	costPressure	measured
obj_order_SO-900390	demandPressure	measured
obj_order_SO-900390	leadDays	measured
obj_order_SO-900390	orderChurn	derived
obj_order_SO-900390	qty	measured
obj_order_SO-900390	shortageRisk	measured
obj_order_SO-900390	unitPrice	measured
obj_order_SO-900397	costPressure	measured
obj_order_SO-900397	demandPressure	measured
obj_order_SO-900397	leadDays	measured
obj_order_SO-900397	orderChurn	derived
obj_order_SO-900397	qty	measured
obj_order_SO-900397	shortageRisk	measured
obj_order_SO-900397	unitPrice	measured
obj_order_SO-900400	costPressure	measured
obj_order_SO-900400	demandPressure	measured
obj_order_SO-900400	leadDays	measured
obj_order_SO-900400	orderChurn	derived
obj_order_SO-900400	qty	measured
obj_order_SO-900400	shortageRisk	measured
obj_order_SO-900400	unitPrice	measured
obj_order_SO-900401	costPressure	measured
obj_order_SO-900401	demandPressure	measured
obj_order_SO-900401	leadDays	measured
obj_order_SO-900401	orderChurn	derived
obj_order_SO-900401	qty	measured
obj_order_SO-900401	shortageRisk	measured
obj_order_SO-900401	unitPrice	measured
obj_order_SO-900402	costPressure	measured
obj_order_SO-900402	demandPressure	measured
obj_order_SO-900402	leadDays	measured
obj_order_SO-900402	orderChurn	derived
obj_order_SO-900402	qty	measured
obj_order_SO-900402	shortageRisk	measured
obj_order_SO-900402	unitPrice	measured
obj_order_SO-900404	costPressure	measured
obj_order_SO-900404	demandPressure	measured
obj_order_SO-900404	leadDays	measured
obj_order_SO-900404	orderChurn	derived
obj_order_SO-900404	qty	measured
obj_order_SO-900404	shortageRisk	measured
obj_order_SO-900404	unitPrice	measured
obj_order_SO-900406	costPressure	measured
obj_order_SO-900406	demandPressure	measured
obj_order_SO-900406	leadDays	measured
obj_order_SO-900406	orderChurn	derived
obj_order_SO-900406	qty	measured
obj_order_SO-900406	shortageRisk	measured
obj_order_SO-900406	unitPrice	measured
obj_order_SO-900415	costPressure	measured
obj_order_SO-900415	demandPressure	measured
obj_order_SO-900415	leadDays	measured
obj_order_SO-900415	orderChurn	derived
obj_order_SO-900415	qty	measured
obj_order_SO-900415	shortageRisk	measured
obj_order_SO-900415	unitPrice	measured
obj_order_SO-900427	costPressure	measured
obj_order_SO-900427	demandPressure	measured
obj_order_SO-900427	leadDays	measured
obj_order_SO-900427	orderChurn	derived
obj_order_SO-900427	qty	measured
obj_order_SO-900427	shortageRisk	measured
obj_order_SO-900427	unitPrice	measured
obj_order_SO-900428	costPressure	measured
obj_order_SO-900428	demandPressure	measured
obj_order_SO-900428	leadDays	measured
obj_order_SO-900428	orderChurn	derived
obj_order_SO-900428	qty	measured
obj_order_SO-900428	shortageRisk	measured
obj_order_SO-900428	unitPrice	measured
obj_order_SO-900433	costPressure	measured
obj_order_SO-900433	demandPressure	measured
obj_order_SO-900433	leadDays	measured
obj_order_SO-900433	orderChurn	derived
obj_order_SO-900433	qty	measured
obj_order_SO-900433	shortageRisk	measured
obj_order_SO-900433	unitPrice	measured
obj_order_SO-900436	costPressure	measured
obj_order_SO-900436	demandPressure	measured
obj_order_SO-900436	leadDays	measured
obj_order_SO-900436	orderChurn	derived
obj_order_SO-900436	qty	measured
obj_order_SO-900436	shortageRisk	measured
obj_order_SO-900436	unitPrice	measured
obj_order_SO-900442	costPressure	measured
obj_order_SO-900442	demandPressure	measured
obj_order_SO-900442	leadDays	measured
obj_order_SO-900442	orderChurn	derived
obj_order_SO-900442	qty	measured
obj_order_SO-900442	shortageRisk	measured
obj_order_SO-900442	unitPrice	measured
obj_order_SO-900444	costPressure	measured
obj_order_SO-900444	demandPressure	measured
obj_order_SO-900444	leadDays	measured
obj_order_SO-900444	orderChurn	derived
obj_order_SO-900444	qty	measured
obj_order_SO-900444	shortageRisk	measured
obj_order_SO-900444	unitPrice	measured
obj_order_SO-900448	costPressure	measured
obj_order_SO-900448	demandPressure	measured
obj_order_SO-900448	leadDays	measured
obj_order_SO-900448	orderChurn	derived
obj_order_SO-900448	qty	measured
obj_order_SO-900448	shortageRisk	measured
obj_order_SO-900448	unitPrice	measured
obj_order_SO-900453	costPressure	measured
obj_order_SO-900453	demandPressure	measured
obj_order_SO-900453	leadDays	measured
obj_order_SO-900453	orderChurn	derived
obj_order_SO-900453	qty	measured
obj_order_SO-900453	shortageRisk	measured
obj_order_SO-900453	unitPrice	measured
obj_order_SO-900462	costPressure	measured
obj_order_SO-900462	demandPressure	measured
obj_order_SO-900462	leadDays	measured
obj_order_SO-900462	orderChurn	derived
obj_order_SO-900462	qty	measured
obj_order_SO-900462	shortageRisk	measured
obj_order_SO-900462	unitPrice	measured
obj_order_SO-900463	costPressure	measured
obj_order_SO-900463	demandPressure	measured
obj_order_SO-900463	leadDays	measured
obj_order_SO-900463	orderChurn	derived
obj_order_SO-900463	qty	measured
obj_order_SO-900463	shortageRisk	measured
obj_order_SO-900463	unitPrice	measured
obj_order_SO-900465	costPressure	measured
obj_order_SO-900465	demandPressure	measured
obj_order_SO-900465	leadDays	measured
obj_order_SO-900465	orderChurn	derived
obj_order_SO-900465	qty	measured
obj_order_SO-900465	shortageRisk	measured
obj_order_SO-900465	unitPrice	measured
obj_order_SO-900467	costPressure	measured
obj_order_SO-900467	demandPressure	measured
obj_order_SO-900467	leadDays	measured
obj_order_SO-900467	orderChurn	derived
obj_order_SO-900467	qty	measured
obj_order_SO-900467	shortageRisk	measured
obj_order_SO-900467	unitPrice	measured
obj_order_SO-900468	costPressure	measured
obj_order_SO-900468	demandPressure	measured
obj_order_SO-900468	leadDays	measured
obj_order_SO-900468	orderChurn	derived
obj_order_SO-900468	qty	measured
obj_order_SO-900468	shortageRisk	measured
obj_order_SO-900468	unitPrice	measured
obj_order_SO-900470	costPressure	measured
obj_order_SO-900470	demandPressure	measured
obj_order_SO-900470	leadDays	measured
obj_order_SO-900470	orderChurn	derived
obj_order_SO-900470	qty	measured
obj_order_SO-900470	shortageRisk	measured
obj_order_SO-900470	unitPrice	measured
obj_order_SO-900472	costPressure	measured
obj_order_SO-900472	demandPressure	measured
obj_order_SO-900472	leadDays	measured
obj_order_SO-900472	orderChurn	derived
obj_order_SO-900472	qty	measured
obj_order_SO-900472	shortageRisk	measured
obj_order_SO-900472	unitPrice	measured
obj_order_SO-900474	costPressure	measured
obj_order_SO-900474	demandPressure	measured
obj_order_SO-900474	leadDays	measured
obj_order_SO-900474	orderChurn	derived
obj_order_SO-900474	qty	measured
obj_order_SO-900474	shortageRisk	measured
obj_order_SO-900474	unitPrice	measured
obj_order_SO-900478	costPressure	measured
obj_order_SO-900478	demandPressure	measured
obj_order_SO-900478	leadDays	measured
obj_order_SO-900478	orderChurn	derived
obj_order_SO-900478	qty	measured
obj_order_SO-900478	shortageRisk	measured
obj_order_SO-900478	unitPrice	measured
obj_order_SO-900479	costPressure	measured
obj_order_SO-900479	demandPressure	measured
obj_order_SO-900479	leadDays	measured
obj_order_SO-900479	orderChurn	derived
obj_order_SO-900479	qty	measured
obj_order_SO-900479	shortageRisk	measured
obj_order_SO-900479	unitPrice	measured
obj_order_SO-900481	costPressure	measured
obj_order_SO-900481	demandPressure	measured
obj_order_SO-900481	leadDays	measured
obj_order_SO-900481	orderChurn	derived
obj_order_SO-900481	qty	measured
obj_order_SO-900481	shortageRisk	measured
obj_order_SO-900481	unitPrice	measured
obj_order_SO-900485	costPressure	measured
obj_order_SO-900485	demandPressure	measured
obj_order_SO-900485	leadDays	measured
obj_order_SO-900485	orderChurn	derived
obj_order_SO-900485	qty	measured
obj_order_SO-900485	shortageRisk	measured
obj_order_SO-900485	unitPrice	measured
obj_order_SO-900487	costPressure	measured
obj_order_SO-900487	demandPressure	measured
obj_order_SO-900487	leadDays	measured
obj_order_SO-900487	orderChurn	derived
obj_order_SO-900487	qty	measured
obj_order_SO-900487	shortageRisk	measured
obj_order_SO-900487	unitPrice	measured
obj_order_SO-900493	costPressure	measured
obj_order_SO-900493	demandPressure	measured
obj_order_SO-900493	leadDays	measured
obj_order_SO-900493	orderChurn	derived
obj_order_SO-900493	qty	measured
obj_order_SO-900493	shortageRisk	measured
obj_order_SO-900493	unitPrice	measured
obj_order_SO-900496	costPressure	measured
obj_order_SO-900496	demandPressure	measured
obj_order_SO-900496	leadDays	measured
obj_order_SO-900496	orderChurn	derived
obj_order_SO-900496	qty	measured
obj_order_SO-900496	shortageRisk	measured
obj_order_SO-900496	unitPrice	measured
obj_order_SO-900499	costPressure	measured
obj_order_SO-900499	demandPressure	measured
obj_order_SO-900499	leadDays	measured
obj_order_SO-900499	orderChurn	derived
obj_order_SO-900499	qty	measured
obj_order_SO-900499	shortageRisk	measured
obj_order_SO-900499	unitPrice	measured
obj_orderline_SO-3391-L1	splitPressure	derived
obj_orderline_SO-3391-L2	splitPressure	derived
obj_orderline_SO-3391-L3	splitPressure	derived
obj_orderline_SO-3402-L1	splitPressure	derived
obj_orderline_SO-3415-L1	splitPressure	derived
obj_orderline_SO-3420-L1	splitPressure	derived
obj_orderline_SO-3431-L1	splitPressure	derived
obj_orderline_SO-3437-L1	splitPressure	derived
obj_orderline_SO-3445-L1	splitPressure	derived
obj_orderline_SO-3445-L2	splitPressure	derived
obj_orderline_SO-3452-L1	splitPressure	derived
obj_orderline_SO-3452-L2	splitPressure	derived
obj_orderline_SO-3452-L3	splitPressure	derived
obj_orderline_SO-3458-L1	splitPressure	derived
obj_orderline_SO-3458-L2	splitPressure	derived
obj_orderline_SO-3464-L1	splitPressure	derived
obj_orderline_SO-3470-L1	splitPressure	derived
obj_orderline_SO-3470-L2	splitPressure	derived
obj_orderline_SO-3476-L1	splitPressure	derived
obj_orderline_SO-3476-L2	splitPressure	derived
obj_orderline_SO-3481-L1	splitPressure	derived
obj_orderline_SO-3481-L2	splitPressure	derived
obj_orderline_SO-3486-L1	splitPressure	derived
obj_orderline_SO-3490-L1	splitPressure	derived
obj_orderline_SO-3490-L2	splitPressure	derived
obj_orderline_SO-3490-L3	splitPressure	derived
obj_orderline_SO-3495-L1	splitPressure	derived
obj_orderline_SO-3501-L1	splitPressure	derived
obj_orderline_SO-3506-L1	splitPressure	derived
obj_orderline_SO-3506-L2	splitPressure	derived
obj_orderline_SO-3512-L1	splitPressure	derived
obj_orderline_SO-3518-L1	splitPressure	derived
obj_orderline_SO-3523-L1	splitPressure	derived
obj_orderline_SO-3529-L1	splitPressure	derived
obj_orderline_SO-3534-L1	splitPressure	derived
obj_orderline_SO-3540-L1	splitPressure	derived
obj_orderline_SO-3540-L2	splitPressure	derived
obj_orderline_SO-3540-L3	splitPressure	derived
obj_orderline_SO-900024-L1	splitPressure	derived
obj_orderline_SO-900025-L1	splitPressure	derived
obj_orderline_SO-900025-L2	splitPressure	derived
obj_orderline_SO-900026-L1	splitPressure	derived
obj_orderline_SO-900027-L1	splitPressure	derived
obj_orderline_SO-900027-L2	splitPressure	derived
obj_orderline_SO-900027-L3	splitPressure	derived
obj_orderline_SO-900028-L1	splitPressure	derived
obj_orderline_SO-900029-L1	splitPressure	derived
obj_orderline_SO-900029-L2	splitPressure	derived
obj_orderline_SO-900029-L3	splitPressure	derived
obj_orderline_SO-900030-L1	splitPressure	derived
obj_orderline_SO-900030-L2	splitPressure	derived
obj_orderline_SO-900031-L1	splitPressure	derived
obj_orderline_SO-900032-L1	splitPressure	derived
obj_orderline_SO-900032-L2	splitPressure	derived
obj_orderline_SO-900032-L3	splitPressure	derived
obj_orderline_SO-900033-L1	splitPressure	derived
obj_orderline_SO-900034-L1	splitPressure	derived
obj_orderline_SO-900034-L2	splitPressure	derived
obj_orderline_SO-900034-L3	splitPressure	derived
obj_orderline_SO-900035-L1	splitPressure	derived
obj_orderline_SO-900036-L1	splitPressure	derived
obj_orderline_SO-900036-L2	splitPressure	derived
obj_orderline_SO-900037-L1	splitPressure	derived
obj_orderline_SO-900038-L1	splitPressure	derived
obj_orderline_SO-900038-L2	splitPressure	derived
obj_orderline_SO-900039-L1	splitPressure	derived
obj_orderline_SO-900040-L1	splitPressure	derived
obj_orderline_SO-900041-L1	splitPressure	derived
obj_orderline_SO-900041-L2	splitPressure	derived
obj_orderline_SO-900041-L3	splitPressure	derived
obj_orderline_SO-900042-L1	splitPressure	derived
obj_orderline_SO-900043-L1	splitPressure	derived
obj_orderline_SO-900043-L2	splitPressure	derived
obj_orderline_SO-900044-L1	splitPressure	derived
obj_orderline_SO-900045-L1	splitPressure	derived
obj_orderline_SO-900045-L2	splitPressure	derived
obj_orderline_SO-900046-L1	splitPressure	derived
obj_orderline_SO-900047-L1	splitPressure	derived
obj_orderline_SO-900047-L2	splitPressure	derived
obj_orderline_SO-900047-L3	splitPressure	derived
obj_orderline_SO-900048-L1	splitPressure	derived
obj_orderline_SO-900049-L1	splitPressure	derived
obj_orderline_SO-900049-L2	splitPressure	derived
obj_orderline_SO-900049-L3	splitPressure	derived
obj_orderline_SO-900050-L1	splitPressure	derived
obj_orderline_SO-900050-L2	splitPressure	derived
obj_orderline_SO-900050-L3	splitPressure	derived
obj_orderline_SO-900051-L1	splitPressure	derived
obj_orderline_SO-900052-L1	splitPressure	derived
obj_orderline_SO-900052-L2	splitPressure	derived
obj_orderline_SO-900053-L1	splitPressure	derived
obj_orderline_SO-900054-L1	splitPressure	derived
obj_orderline_SO-900054-L2	splitPressure	derived
obj_orderline_SO-900055-L1	splitPressure	derived
obj_orderline_SO-900056-L1	splitPressure	derived
obj_orderline_SO-900056-L2	splitPressure	derived
obj_orderline_SO-900056-L3	splitPressure	derived
obj_orderline_SO-900057-L1	splitPressure	derived
obj_orderline_SO-900058-L1	splitPressure	derived
obj_orderline_SO-900058-L2	splitPressure	derived
obj_orderline_SO-900058-L3	splitPressure	derived
obj_orderline_SO-900059-L1	splitPressure	derived
obj_orderline_SO-900060-L1	splitPressure	derived
obj_orderline_SO-900061-L1	splitPressure	derived
obj_orderline_SO-900061-L2	splitPressure	derived
obj_orderline_SO-900062-L1	splitPressure	derived
obj_orderline_SO-900063-L1	splitPressure	derived
obj_orderline_SO-900063-L2	splitPressure	derived
obj_orderline_SO-900063-L3	splitPressure	derived
obj_orderline_SO-900064-L1	splitPressure	derived
obj_orderline_SO-900065-L1	splitPressure	derived
obj_orderline_SO-900065-L2	splitPressure	derived
obj_orderline_SO-900065-L3	splitPressure	derived
obj_orderline_SO-900066-L1	splitPressure	derived
obj_orderline_SO-900067-L1	splitPressure	derived
obj_orderline_SO-900067-L2	splitPressure	derived
obj_orderline_SO-900068-L1	splitPressure	derived
obj_orderline_SO-900069-L1	splitPressure	derived
obj_orderline_SO-900069-L2	splitPressure	derived
obj_orderline_SO-900070-L1	splitPressure	derived
obj_orderline_SO-900070-L2	splitPressure	derived
obj_orderline_SO-900070-L3	splitPressure	derived
obj_orderline_SO-900071-L1	splitPressure	derived
obj_orderline_SO-900072-L1	splitPressure	derived
obj_orderline_SO-900072-L2	splitPressure	derived
obj_orderline_SO-900073-L1	splitPressure	derived
obj_orderline_SO-900074-L1	splitPressure	derived
obj_orderline_SO-900074-L2	splitPressure	derived
obj_orderline_SO-900075-L1	splitPressure	derived
obj_orderline_SO-900076-L1	splitPressure	derived
obj_orderline_SO-900076-L2	splitPressure	derived
obj_orderline_SO-900076-L3	splitPressure	derived
obj_orderline_SO-900077-L1	splitPressure	derived
obj_orderline_SO-900078-L1	splitPressure	derived
obj_orderline_SO-900078-L2	splitPressure	derived
obj_orderline_SO-900078-L3	splitPressure	derived
obj_orderline_SO-900079-L1	splitPressure	derived
obj_orderline_SO-900080-L1	splitPressure	derived
obj_orderline_SO-900081-L1	splitPressure	derived
obj_orderline_SO-900081-L2	splitPressure	derived
obj_orderline_SO-900082-L1	splitPressure	derived
obj_orderline_SO-900083-L1	splitPressure	derived
obj_orderline_SO-900083-L2	splitPressure	derived
obj_orderline_SO-900083-L3	splitPressure	derived
obj_orderline_SO-900084-L1	splitPressure	derived
obj_orderline_SO-900085-L1	splitPressure	derived
obj_orderline_SO-900085-L2	splitPressure	derived
obj_orderline_SO-900085-L3	splitPressure	derived
obj_orderline_SO-900086-L1	splitPressure	derived
obj_orderline_SO-900087-L1	splitPressure	derived
obj_orderline_SO-900087-L2	splitPressure	derived
obj_orderline_SO-900088-L1	splitPressure	derived
obj_orderline_SO-900089-L1	splitPressure	derived
obj_orderline_SO-900089-L2	splitPressure	derived
obj_orderline_SO-900090-L1	splitPressure	derived
obj_orderline_SO-900090-L2	splitPressure	derived
obj_orderline_SO-900091-L1	splitPressure	derived
obj_orderline_SO-900092-L1	splitPressure	derived
obj_orderline_SO-900092-L2	splitPressure	derived
obj_orderline_SO-900092-L3	splitPressure	derived
obj_orderline_SO-900093-L1	splitPressure	derived
obj_orderline_SO-900094-L1	splitPressure	derived
obj_orderline_SO-900094-L2	splitPressure	derived
obj_orderline_SO-900094-L3	splitPressure	derived
obj_orderline_SO-900095-L1	splitPressure	derived
obj_orderline_SO-900096-L1	splitPressure	derived
obj_orderline_SO-900096-L2	splitPressure	derived
obj_orderline_SO-900097-L1	splitPressure	derived
obj_orderline_SO-900098-L1	splitPressure	derived
obj_orderline_SO-900098-L2	splitPressure	derived
obj_orderline_SO-900099-L1	splitPressure	derived
obj_orderline_SO-900100-L1	splitPressure	derived
obj_orderline_SO-900100-L2	splitPressure	derived
obj_orderline_SO-900101-L1	splitPressure	derived
obj_orderline_SO-900102-L1	splitPressure	derived
obj_orderline_SO-900102-L2	splitPressure	derived
obj_orderline_SO-900102-L3	splitPressure	derived
obj_orderline_SO-900103-L1	splitPressure	derived
obj_orderline_SO-900104-L1	splitPressure	derived
obj_orderline_SO-900104-L2	splitPressure	derived
obj_orderline_SO-900104-L3	splitPressure	derived
obj_orderline_SO-900105-L1	splitPressure	derived
obj_orderline_SO-900106-L1	splitPressure	derived
obj_orderline_SO-900106-L2	splitPressure	derived
obj_orderline_SO-900107-L1	splitPressure	derived
obj_orderline_SO-900108-L1	splitPressure	derived
obj_orderline_SO-900108-L2	splitPressure	derived
obj_orderline_SO-900109-L1	splitPressure	derived
obj_orderline_SO-900110-L1	splitPressure	derived
obj_orderline_SO-900111-L1	splitPressure	derived
obj_orderline_SO-900111-L2	splitPressure	derived
obj_orderline_SO-900111-L3	splitPressure	derived
obj_orderline_SO-900112-L1	splitPressure	derived
obj_orderline_SO-900113-L1	splitPressure	derived
obj_orderline_SO-900113-L2	splitPressure	derived
obj_orderline_SO-900114-L1	splitPressure	derived
obj_orderline_SO-900115-L1	splitPressure	derived
obj_orderline_SO-900115-L2	splitPressure	derived
obj_orderline_SO-900116-L1	splitPressure	derived
obj_orderline_SO-900117-L1	splitPressure	derived
obj_orderline_SO-900117-L2	splitPressure	derived
obj_orderline_SO-900117-L3	splitPressure	derived
obj_orderline_SO-900118-L1	splitPressure	derived
obj_orderline_SO-900119-L1	splitPressure	derived
obj_orderline_SO-900119-L2	splitPressure	derived
obj_orderline_SO-900119-L3	splitPressure	derived
obj_orderline_SO-900120-L1	splitPressure	derived
obj_orderline_SO-900120-L2	splitPressure	derived
obj_orderline_SO-900121-L1	splitPressure	derived
obj_orderline_SO-900122-L1	splitPressure	derived
obj_orderline_SO-900122-L2	splitPressure	derived
obj_orderline_SO-900122-L3	splitPressure	derived
obj_orderline_SO-900123-L1	splitPressure	derived
obj_orderline_SO-900124-L1	splitPressure	derived
obj_orderline_SO-900124-L2	splitPressure	derived
obj_orderline_SO-900124-L3	splitPressure	derived
obj_orderline_SO-900125-L1	splitPressure	derived
obj_orderline_SO-900126-L1	splitPressure	derived
obj_orderline_SO-900126-L2	splitPressure	derived
obj_orderline_SO-900127-L1	splitPressure	derived
obj_orderline_SO-900128-L1	splitPressure	derived
obj_orderline_SO-900128-L2	splitPressure	derived
obj_orderline_SO-900129-L1	splitPressure	derived
obj_orderline_SO-900130-L1	splitPressure	derived
obj_orderline_SO-900131-L1	splitPressure	derived
obj_orderline_SO-900131-L2	splitPressure	derived
obj_orderline_SO-900132-L1	splitPressure	derived
obj_orderline_SO-900133-L1	splitPressure	derived
obj_orderline_SO-900133-L2	splitPressure	derived
obj_orderline_SO-900133-L3	splitPressure	derived
obj_orderline_SO-900134-L1	splitPressure	derived
obj_orderline_SO-900135-L1	splitPressure	derived
obj_orderline_SO-900135-L2	splitPressure	derived
obj_orderline_SO-900135-L3	splitPressure	derived
obj_orderline_SO-900136-L1	splitPressure	derived
obj_orderline_SO-900137-L1	splitPressure	derived
obj_orderline_SO-900137-L2	splitPressure	derived
obj_orderline_SO-900138-L1	splitPressure	derived
obj_orderline_SO-900139-L1	splitPressure	derived
obj_orderline_SO-900139-L2	splitPressure	derived
obj_orderline_SO-900140-L1	splitPressure	derived
obj_orderline_SO-900140-L2	splitPressure	derived
obj_orderline_SO-900140-L3	splitPressure	derived
obj_orderline_SO-900141-L1	splitPressure	derived
obj_orderline_SO-900142-L1	splitPressure	derived
obj_orderline_SO-900142-L2	splitPressure	derived
obj_orderline_SO-900143-L1	splitPressure	derived
obj_orderline_SO-900144-L1	splitPressure	derived
obj_orderline_SO-900144-L2	splitPressure	derived
obj_orderline_SO-900145-L1	splitPressure	derived
obj_orderline_SO-900146-L1	splitPressure	derived
obj_orderline_SO-900146-L2	splitPressure	derived
obj_orderline_SO-900146-L3	splitPressure	derived
obj_orderline_SO-900147-L1	splitPressure	derived
obj_orderline_SO-900148-L1	splitPressure	derived
obj_orderline_SO-900148-L2	splitPressure	derived
obj_orderline_SO-900148-L3	splitPressure	derived
obj_orderline_SO-900149-L1	splitPressure	derived
obj_orderline_SO-900150-L1	splitPressure	derived
obj_orderline_SO-900151-L1	splitPressure	derived
obj_orderline_SO-900151-L2	splitPressure	derived
obj_orderline_SO-900152-L1	splitPressure	derived
obj_orderline_SO-900153-L1	splitPressure	derived
obj_orderline_SO-900153-L2	splitPressure	derived
obj_orderline_SO-900153-L3	splitPressure	derived
obj_orderline_SO-900154-L1	splitPressure	derived
obj_orderline_SO-900155-L1	splitPressure	derived
obj_orderline_SO-900155-L2	splitPressure	derived
obj_orderline_SO-900155-L3	splitPressure	derived
obj_orderline_SO-900156-L1	splitPressure	derived
obj_orderline_SO-900157-L1	splitPressure	derived
obj_orderline_SO-900157-L2	splitPressure	derived
obj_orderline_SO-900158-L1	splitPressure	derived
obj_orderline_SO-900159-L1	splitPressure	derived
obj_orderline_SO-900159-L2	splitPressure	derived
obj_orderline_SO-900160-L1	splitPressure	derived
obj_orderline_SO-900160-L2	splitPressure	derived
obj_orderline_SO-900160-L3	splitPressure	derived
obj_orderline_SO-900161-L1	splitPressure	derived
obj_orderline_SO-900162-L1	splitPressure	derived
obj_orderline_SO-900162-L2	splitPressure	derived
obj_orderline_SO-900163-L1	splitPressure	derived
obj_orderline_SO-900164-L1	splitPressure	derived
obj_orderline_SO-900164-L2	splitPressure	derived
obj_orderline_SO-900165-L1	splitPressure	derived
obj_orderline_SO-900166-L1	splitPressure	derived
obj_orderline_SO-900166-L2	splitPressure	derived
obj_orderline_SO-900166-L3	splitPressure	derived
obj_orderline_SO-900167-L1	splitPressure	derived
obj_orderline_SO-900168-L1	splitPressure	derived
obj_orderline_SO-900168-L2	splitPressure	derived
obj_orderline_SO-900168-L3	splitPressure	derived
obj_orderline_SO-900169-L1	splitPressure	derived
obj_orderline_SO-900170-L1	splitPressure	derived
obj_orderline_SO-900171-L1	splitPressure	derived
obj_orderline_SO-900171-L2	splitPressure	derived
obj_orderline_SO-900171-L3	splitPressure	derived
obj_orderline_SO-900172-L1	splitPressure	derived
obj_orderline_SO-900173-L1	splitPressure	derived
obj_orderline_SO-900173-L2	splitPressure	derived
obj_orderline_SO-900174-L1	splitPressure	derived
obj_orderline_SO-900175-L1	splitPressure	derived
obj_orderline_SO-900175-L2	splitPressure	derived
obj_orderline_SO-900176-L1	splitPressure	derived
obj_orderline_SO-900177-L1	splitPressure	derived
obj_orderline_SO-900177-L2	splitPressure	derived
obj_orderline_SO-900177-L3	splitPressure	derived
obj_orderline_SO-900178-L1	splitPressure	derived
obj_orderline_SO-900179-L1	splitPressure	derived
obj_orderline_SO-900179-L2	splitPressure	derived
obj_orderline_SO-900179-L3	splitPressure	derived
obj_orderline_SO-900180-L1	splitPressure	derived
obj_orderline_SO-900180-L2	splitPressure	derived
obj_orderline_SO-900181-L1	splitPressure	derived
obj_orderline_SO-900182-L1	splitPressure	derived
obj_orderline_SO-900182-L2	splitPressure	derived
obj_orderline_SO-900182-L3	splitPressure	derived
obj_orderline_SO-900183-L1	splitPressure	derived
obj_orderline_SO-900184-L1	splitPressure	derived
obj_orderline_SO-900184-L2	splitPressure	derived
obj_orderline_SO-900184-L3	splitPressure	derived
obj_orderline_SO-900185-L1	splitPressure	derived
obj_orderline_SO-900186-L1	splitPressure	derived
obj_orderline_SO-900186-L2	splitPressure	derived
obj_orderline_SO-900187-L1	splitPressure	derived
obj_orderline_SO-900188-L1	splitPressure	derived
obj_orderline_SO-900188-L2	splitPressure	derived
obj_orderline_SO-900189-L1	splitPressure	derived
obj_orderline_SO-900190-L1	splitPressure	derived
obj_orderline_SO-900191-L1	splitPressure	derived
obj_orderline_SO-900191-L2	splitPressure	derived
obj_orderline_SO-900191-L3	splitPressure	derived
obj_orderline_SO-900192-L1	splitPressure	derived
obj_orderline_SO-900193-L1	splitPressure	derived
obj_orderline_SO-900193-L2	splitPressure	derived
obj_orderline_SO-900194-L1	splitPressure	derived
obj_orderline_SO-900195-L1	splitPressure	derived
obj_orderline_SO-900195-L2	splitPressure	derived
obj_orderline_SO-900196-L1	splitPressure	derived
obj_orderline_SO-900197-L1	splitPressure	derived
obj_orderline_SO-900197-L2	splitPressure	derived
obj_orderline_SO-900197-L3	splitPressure	derived
obj_orderline_SO-900198-L1	splitPressure	derived
obj_orderline_SO-900199-L1	splitPressure	derived
obj_orderline_SO-900199-L2	splitPressure	derived
obj_orderline_SO-900199-L3	splitPressure	derived
obj_orderline_SO-900200-L1	splitPressure	derived
obj_orderline_SO-900201-L1	splitPressure	derived
obj_orderline_SO-900201-L2	splitPressure	derived
obj_orderline_SO-900201-L3	splitPressure	derived
obj_orderline_SO-900202-L1	splitPressure	derived
obj_orderline_SO-900203-L1	splitPressure	derived
obj_orderline_SO-900203-L2	splitPressure	derived
obj_orderline_SO-900204-L1	splitPressure	derived
obj_orderline_SO-900205-L1	splitPressure	derived
obj_orderline_SO-900205-L2	splitPressure	derived
obj_orderline_SO-900206-L1	splitPressure	derived
obj_orderline_SO-900207-L1	splitPressure	derived
obj_orderline_SO-900207-L2	splitPressure	derived
obj_orderline_SO-900207-L3	splitPressure	derived
obj_orderline_SO-900208-L1	splitPressure	derived
obj_orderline_SO-900209-L1	splitPressure	derived
obj_orderline_SO-900209-L2	splitPressure	derived
obj_orderline_SO-900209-L3	splitPressure	derived
obj_orderline_SO-900210-L1	splitPressure	derived
obj_orderline_SO-900210-L2	splitPressure	derived
obj_orderline_SO-900211-L1	splitPressure	derived
obj_orderline_SO-900212-L1	splitPressure	derived
obj_orderline_SO-900212-L2	splitPressure	derived
obj_orderline_SO-900212-L3	splitPressure	derived
obj_orderline_SO-900213-L1	splitPressure	derived
obj_orderline_SO-900214-L1	splitPressure	derived
obj_orderline_SO-900214-L2	splitPressure	derived
obj_orderline_SO-900214-L3	splitPressure	derived
obj_orderline_SO-900215-L1	splitPressure	derived
obj_orderline_SO-900216-L1	splitPressure	derived
obj_orderline_SO-900216-L2	splitPressure	derived
obj_orderline_SO-900217-L1	splitPressure	derived
obj_orderline_SO-900218-L1	splitPressure	derived
obj_orderline_SO-900218-L2	splitPressure	derived
obj_orderline_SO-900219-L1	splitPressure	derived
obj_orderline_SO-900220-L1	splitPressure	derived
obj_orderline_SO-900221-L1	splitPressure	derived
obj_orderline_SO-900221-L2	splitPressure	derived
obj_orderline_SO-900222-L1	splitPressure	derived
obj_orderline_SO-900223-L1	splitPressure	derived
obj_orderline_SO-900223-L2	splitPressure	derived
obj_orderline_SO-900223-L3	splitPressure	derived
obj_orderline_SO-900224-L1	splitPressure	derived
obj_orderline_SO-900225-L1	splitPressure	derived
obj_orderline_SO-900225-L2	splitPressure	derived
obj_orderline_SO-900225-L3	splitPressure	derived
obj_orderline_SO-900226-L1	splitPressure	derived
obj_orderline_SO-900227-L1	splitPressure	derived
obj_orderline_SO-900227-L2	splitPressure	derived
obj_orderline_SO-900228-L1	splitPressure	derived
obj_orderline_SO-900229-L1	splitPressure	derived
obj_orderline_SO-900229-L2	splitPressure	derived
obj_orderline_SO-900230-L1	splitPressure	derived
obj_orderline_SO-900230-L2	splitPressure	derived
obj_orderline_SO-900231-L1	splitPressure	derived
obj_orderline_SO-900232-L1	splitPressure	derived
obj_orderline_SO-900232-L2	splitPressure	derived
obj_orderline_SO-900232-L3	splitPressure	derived
obj_orderline_SO-900233-L1	splitPressure	derived
obj_orderline_SO-900234-L1	splitPressure	derived
obj_orderline_SO-900234-L2	splitPressure	derived
obj_orderline_SO-900234-L3	splitPressure	derived
obj_orderline_SO-900235-L1	splitPressure	derived
obj_orderline_SO-900236-L1	splitPressure	derived
obj_orderline_SO-900236-L2	splitPressure	derived
obj_orderline_SO-900237-L1	splitPressure	derived
obj_orderline_SO-900238-L1	splitPressure	derived
obj_orderline_SO-900238-L2	splitPressure	derived
obj_orderline_SO-900239-L1	splitPressure	derived
obj_orderline_SO-900240-L1	splitPressure	derived
obj_orderline_SO-900241-L1	splitPressure	derived
obj_orderline_SO-900241-L2	splitPressure	derived
obj_orderline_SO-900242-L1	splitPressure	derived
obj_orderline_SO-900243-L1	splitPressure	derived
obj_orderline_SO-900243-L2	splitPressure	derived
obj_orderline_SO-900243-L3	splitPressure	derived
obj_orderline_SO-900244-L1	splitPressure	derived
obj_orderline_SO-900245-L1	splitPressure	derived
obj_orderline_SO-900245-L2	splitPressure	derived
obj_orderline_SO-900245-L3	splitPressure	derived
obj_orderline_SO-900246-L1	splitPressure	derived
obj_orderline_SO-900247-L1	splitPressure	derived
obj_orderline_SO-900247-L2	splitPressure	derived
obj_orderline_SO-900248-L1	splitPressure	derived
obj_orderline_SO-900249-L1	splitPressure	derived
obj_orderline_SO-900249-L2	splitPressure	derived
obj_orderline_SO-900250-L1	splitPressure	derived
obj_orderline_SO-900250-L2	splitPressure	derived
obj_orderline_SO-900250-L3	splitPressure	derived
obj_orderline_SO-900251-L1	splitPressure	derived
obj_orderline_SO-900252-L1	splitPressure	derived
obj_orderline_SO-900252-L2	splitPressure	derived
obj_orderline_SO-900253-L1	splitPressure	derived
obj_orderline_SO-900254-L1	splitPressure	derived
obj_orderline_SO-900254-L2	splitPressure	derived
obj_orderline_SO-900255-L1	splitPressure	derived
obj_orderline_SO-900256-L1	splitPressure	derived
obj_orderline_SO-900256-L2	splitPressure	derived
obj_orderline_SO-900256-L3	splitPressure	derived
obj_orderline_SO-900257-L1	splitPressure	derived
obj_orderline_SO-900258-L1	splitPressure	derived
obj_orderline_SO-900258-L2	splitPressure	derived
obj_orderline_SO-900258-L3	splitPressure	derived
obj_orderline_SO-900259-L1	splitPressure	derived
obj_orderline_SO-900260-L1	splitPressure	derived
obj_orderline_SO-900261-L1	splitPressure	derived
obj_orderline_SO-900261-L2	splitPressure	derived
obj_orderline_SO-900261-L3	splitPressure	derived
obj_orderline_SO-900262-L1	splitPressure	derived
obj_orderline_SO-900263-L1	splitPressure	derived
obj_orderline_SO-900263-L2	splitPressure	derived
obj_orderline_SO-900264-L1	splitPressure	derived
obj_orderline_SO-900265-L1	splitPressure	derived
obj_orderline_SO-900265-L2	splitPressure	derived
obj_orderline_SO-900266-L1	splitPressure	derived
obj_orderline_SO-900267-L1	splitPressure	derived
obj_orderline_SO-900267-L2	splitPressure	derived
obj_orderline_SO-900267-L3	splitPressure	derived
obj_orderline_SO-900268-L1	splitPressure	derived
obj_orderline_SO-900269-L1	splitPressure	derived
obj_orderline_SO-900269-L2	splitPressure	derived
obj_orderline_SO-900269-L3	splitPressure	derived
obj_orderline_SO-900270-L1	splitPressure	derived
obj_orderline_SO-900270-L2	splitPressure	derived
obj_orderline_SO-900270-L3	splitPressure	derived
obj_orderline_SO-900271-L1	splitPressure	derived
obj_orderline_SO-900272-L1	splitPressure	derived
obj_orderline_SO-900272-L2	splitPressure	derived
obj_orderline_SO-900273-L1	splitPressure	derived
obj_orderline_SO-900274-L1	splitPressure	derived
obj_orderline_SO-900274-L2	splitPressure	derived
obj_orderline_SO-900275-L1	splitPressure	derived
obj_orderline_SO-900276-L1	splitPressure	derived
obj_orderline_SO-900276-L2	splitPressure	derived
obj_orderline_SO-900276-L3	splitPressure	derived
obj_orderline_SO-900277-L1	splitPressure	derived
obj_orderline_SO-900278-L1	splitPressure	derived
obj_orderline_SO-900278-L2	splitPressure	derived
obj_orderline_SO-900278-L3	splitPressure	derived
obj_orderline_SO-900279-L1	splitPressure	derived
obj_orderline_SO-900280-L1	splitPressure	derived
obj_orderline_SO-900281-L1	splitPressure	derived
obj_orderline_SO-900281-L2	splitPressure	derived
obj_orderline_SO-900281-L3	splitPressure	derived
obj_orderline_SO-900282-L1	splitPressure	derived
obj_orderline_SO-900283-L1	splitPressure	derived
obj_orderline_SO-900283-L2	splitPressure	derived
obj_orderline_SO-900284-L1	splitPressure	derived
obj_orderline_SO-900285-L1	splitPressure	derived
obj_orderline_SO-900285-L2	splitPressure	derived
obj_orderline_SO-900286-L1	splitPressure	derived
obj_orderline_SO-900287-L1	splitPressure	derived
obj_orderline_SO-900287-L2	splitPressure	derived
obj_orderline_SO-900287-L3	splitPressure	derived
obj_orderline_SO-900288-L1	splitPressure	derived
obj_orderline_SO-900289-L1	splitPressure	derived
obj_orderline_SO-900289-L2	splitPressure	derived
obj_orderline_SO-900289-L3	splitPressure	derived
obj_orderline_SO-900290-L1	splitPressure	derived
obj_orderline_SO-900290-L2	splitPressure	derived
obj_orderline_SO-900291-L1	splitPressure	derived
obj_orderline_SO-900292-L1	splitPressure	derived
obj_orderline_SO-900292-L2	splitPressure	derived
obj_orderline_SO-900292-L3	splitPressure	derived
obj_orderline_SO-900293-L1	splitPressure	derived
obj_orderline_SO-900294-L1	splitPressure	derived
obj_orderline_SO-900294-L2	splitPressure	derived
obj_orderline_SO-900294-L3	splitPressure	derived
obj_orderline_SO-900295-L1	splitPressure	derived
obj_orderline_SO-900296-L1	splitPressure	derived
obj_orderline_SO-900296-L2	splitPressure	derived
obj_orderline_SO-900297-L1	splitPressure	derived
obj_orderline_SO-900298-L1	splitPressure	derived
obj_orderline_SO-900298-L2	splitPressure	derived
obj_orderline_SO-900299-L1	splitPressure	derived
obj_orderline_SO-900300-L1	splitPressure	derived
obj_orderline_SO-900300-L2	splitPressure	derived
obj_orderline_SO-900300-L3	splitPressure	derived
obj_orderline_SO-900301-L1	splitPressure	derived
obj_orderline_SO-900302-L1	splitPressure	derived
obj_orderline_SO-900302-L2	splitPressure	derived
obj_orderline_SO-900303-L1	splitPressure	derived
obj_orderline_SO-900304-L1	splitPressure	derived
obj_orderline_SO-900304-L2	splitPressure	derived
obj_orderline_SO-900305-L1	splitPressure	derived
obj_orderline_SO-900306-L1	splitPressure	derived
obj_orderline_SO-900306-L2	splitPressure	derived
obj_orderline_SO-900306-L3	splitPressure	derived
obj_orderline_SO-900307-L1	splitPressure	derived
obj_orderline_SO-900308-L1	splitPressure	derived
obj_orderline_SO-900308-L2	splitPressure	derived
obj_orderline_SO-900308-L3	splitPressure	derived
obj_orderline_SO-900309-L1	splitPressure	derived
obj_orderline_SO-900310-L1	splitPressure	derived
obj_orderline_SO-900311-L1	splitPressure	derived
obj_orderline_SO-900311-L2	splitPressure	derived
obj_orderline_SO-900311-L3	splitPressure	derived
obj_orderline_SO-900312-L1	splitPressure	derived
obj_orderline_SO-900313-L1	splitPressure	derived
obj_orderline_SO-900313-L2	splitPressure	derived
obj_orderline_SO-900314-L1	splitPressure	derived
obj_orderline_SO-900315-L1	splitPressure	derived
obj_orderline_SO-900315-L2	splitPressure	derived
obj_orderline_SO-900316-L1	splitPressure	derived
obj_orderline_SO-900317-L1	splitPressure	derived
obj_orderline_SO-900317-L2	splitPressure	derived
obj_orderline_SO-900317-L3	splitPressure	derived
obj_orderline_SO-900318-L1	splitPressure	derived
obj_orderline_SO-900319-L1	splitPressure	derived
obj_orderline_SO-900319-L2	splitPressure	derived
obj_orderline_SO-900319-L3	splitPressure	derived
obj_orderline_SO-900320-L1	splitPressure	derived
obj_orderline_SO-900320-L2	splitPressure	derived
obj_orderline_SO-900320-L3	splitPressure	derived
obj_orderline_SO-900321-L1	splitPressure	derived
obj_orderline_SO-900322-L1	splitPressure	derived
obj_orderline_SO-900322-L2	splitPressure	derived
obj_orderline_SO-900323-L1	splitPressure	derived
obj_orderline_SO-900324-L1	splitPressure	derived
obj_orderline_SO-900324-L2	splitPressure	derived
obj_orderline_SO-900325-L1	splitPressure	derived
obj_orderline_SO-900326-L1	splitPressure	derived
obj_orderline_SO-900326-L2	splitPressure	derived
obj_orderline_SO-900326-L3	splitPressure	derived
obj_orderline_SO-900327-L1	splitPressure	derived
obj_orderline_SO-900328-L1	splitPressure	derived
obj_orderline_SO-900328-L2	splitPressure	derived
obj_orderline_SO-900328-L3	splitPressure	derived
obj_orderline_SO-900329-L1	splitPressure	derived
obj_orderline_SO-900330-L1	splitPressure	derived
obj_orderline_SO-900331-L1	splitPressure	derived
obj_orderline_SO-900331-L2	splitPressure	derived
obj_orderline_SO-900332-L1	splitPressure	derived
obj_orderline_SO-900333-L1	splitPressure	derived
obj_orderline_SO-900333-L2	splitPressure	derived
obj_orderline_SO-900333-L3	splitPressure	derived
obj_orderline_SO-900334-L1	splitPressure	derived
obj_orderline_SO-900335-L1	splitPressure	derived
obj_orderline_SO-900335-L2	splitPressure	derived
obj_orderline_SO-900335-L3	splitPressure	derived
obj_orderline_SO-900336-L1	splitPressure	derived
obj_orderline_SO-900337-L1	splitPressure	derived
obj_orderline_SO-900337-L2	splitPressure	derived
obj_orderline_SO-900338-L1	splitPressure	derived
obj_orderline_SO-900339-L1	splitPressure	derived
obj_orderline_SO-900339-L2	splitPressure	derived
obj_orderline_SO-900340-L1	splitPressure	derived
obj_orderline_SO-900340-L2	splitPressure	derived
obj_orderline_SO-900341-L1	splitPressure	derived
obj_orderline_SO-900342-L1	splitPressure	derived
obj_orderline_SO-900342-L2	splitPressure	derived
obj_orderline_SO-900342-L3	splitPressure	derived
obj_orderline_SO-900343-L1	splitPressure	derived
obj_orderline_SO-900344-L1	splitPressure	derived
obj_orderline_SO-900344-L2	splitPressure	derived
obj_orderline_SO-900344-L3	splitPressure	derived
obj_orderline_SO-900345-L1	splitPressure	derived
obj_orderline_SO-900346-L1	splitPressure	derived
obj_orderline_SO-900346-L2	splitPressure	derived
obj_orderline_SO-900347-L1	splitPressure	derived
obj_orderline_SO-900348-L1	splitPressure	derived
obj_orderline_SO-900348-L2	splitPressure	derived
obj_orderline_SO-900349-L1	splitPressure	derived
obj_orderline_SO-900350-L1	splitPressure	derived
obj_orderline_SO-900351-L1	splitPressure	derived
obj_orderline_SO-900351-L2	splitPressure	derived
obj_orderline_SO-900352-L1	splitPressure	derived
obj_orderline_SO-900353-L1	splitPressure	derived
obj_orderline_SO-900353-L2	splitPressure	derived
obj_orderline_SO-900353-L3	splitPressure	derived
obj_orderline_SO-900354-L1	splitPressure	derived
obj_orderline_SO-900355-L1	splitPressure	derived
obj_orderline_SO-900355-L2	splitPressure	derived
obj_orderline_SO-900355-L3	splitPressure	derived
obj_orderline_SO-900356-L1	splitPressure	derived
obj_orderline_SO-900357-L1	splitPressure	derived
obj_orderline_SO-900357-L2	splitPressure	derived
obj_orderline_SO-900358-L1	splitPressure	derived
obj_orderline_SO-900359-L1	splitPressure	derived
obj_orderline_SO-900359-L2	splitPressure	derived
obj_orderline_SO-900360-L1	splitPressure	derived
obj_orderline_SO-900360-L2	splitPressure	derived
obj_orderline_SO-900361-L1	splitPressure	derived
obj_orderline_SO-900362-L1	splitPressure	derived
obj_orderline_SO-900362-L2	splitPressure	derived
obj_orderline_SO-900362-L3	splitPressure	derived
obj_orderline_SO-900363-L1	splitPressure	derived
obj_orderline_SO-900364-L1	splitPressure	derived
obj_orderline_SO-900364-L2	splitPressure	derived
obj_orderline_SO-900364-L3	splitPressure	derived
obj_orderline_SO-900365-L1	splitPressure	derived
obj_orderline_SO-900366-L1	splitPressure	derived
obj_orderline_SO-900366-L2	splitPressure	derived
obj_orderline_SO-900367-L1	splitPressure	derived
obj_orderline_SO-900368-L1	splitPressure	derived
obj_orderline_SO-900368-L2	splitPressure	derived
obj_orderline_SO-900369-L1	splitPressure	derived
obj_orderline_SO-900370-L1	splitPressure	derived
obj_orderline_SO-900371-L1	splitPressure	derived
obj_orderline_SO-900371-L2	splitPressure	derived
obj_orderline_SO-900371-L3	splitPressure	derived
obj_orderline_SO-900372-L1	splitPressure	derived
obj_orderline_SO-900373-L1	splitPressure	derived
obj_orderline_SO-900373-L2	splitPressure	derived
obj_orderline_SO-900374-L1	splitPressure	derived
obj_orderline_SO-900375-L1	splitPressure	derived
obj_orderline_SO-900375-L2	splitPressure	derived
obj_orderline_SO-900376-L1	splitPressure	derived
obj_orderline_SO-900377-L1	splitPressure	derived
obj_orderline_SO-900377-L2	splitPressure	derived
obj_orderline_SO-900377-L3	splitPressure	derived
obj_orderline_SO-900378-L1	splitPressure	derived
obj_orderline_SO-900379-L1	splitPressure	derived
obj_orderline_SO-900379-L2	splitPressure	derived
obj_orderline_SO-900379-L3	splitPressure	derived
obj_orderline_SO-900380-L1	splitPressure	derived
obj_orderline_SO-900380-L2	splitPressure	derived
obj_orderline_SO-900380-L3	splitPressure	derived
obj_orderline_SO-900381-L1	splitPressure	derived
obj_orderline_SO-900382-L1	splitPressure	derived
obj_orderline_SO-900382-L2	splitPressure	derived
obj_orderline_SO-900383-L1	splitPressure	derived
obj_orderline_SO-900384-L1	splitPressure	derived
obj_orderline_SO-900384-L2	splitPressure	derived
obj_orderline_SO-900385-L1	splitPressure	derived
obj_orderline_SO-900386-L1	splitPressure	derived
obj_orderline_SO-900386-L2	splitPressure	derived
obj_orderline_SO-900386-L3	splitPressure	derived
obj_orderline_SO-900387-L1	splitPressure	derived
obj_orderline_SO-900388-L1	splitPressure	derived
obj_orderline_SO-900388-L2	splitPressure	derived
obj_orderline_SO-900388-L3	splitPressure	derived
obj_orderline_SO-900389-L1	splitPressure	derived
obj_orderline_SO-900390-L1	splitPressure	derived
obj_orderline_SO-900391-L1	splitPressure	derived
obj_orderline_SO-900391-L2	splitPressure	derived
obj_orderline_SO-900391-L3	splitPressure	derived
obj_orderline_SO-900392-L1	splitPressure	derived
obj_orderline_SO-900393-L1	splitPressure	derived
obj_orderline_SO-900393-L2	splitPressure	derived
obj_orderline_SO-900394-L1	splitPressure	derived
obj_orderline_SO-900395-L1	splitPressure	derived
obj_orderline_SO-900395-L2	splitPressure	derived
obj_orderline_SO-900396-L1	splitPressure	derived
obj_orderline_SO-900397-L1	splitPressure	derived
obj_orderline_SO-900397-L2	splitPressure	derived
obj_orderline_SO-900397-L3	splitPressure	derived
obj_orderline_SO-900398-L1	splitPressure	derived
obj_orderline_SO-900399-L1	splitPressure	derived
obj_orderline_SO-900399-L2	splitPressure	derived
obj_orderline_SO-900399-L3	splitPressure	derived
obj_orderline_SO-900400-L1	splitPressure	derived
obj_orderline_SO-900401-L1	splitPressure	derived
obj_orderline_SO-900401-L2	splitPressure	derived
obj_orderline_SO-900401-L3	splitPressure	derived
obj_orderline_SO-900402-L1	splitPressure	derived
obj_orderline_SO-900403-L1	splitPressure	derived
obj_orderline_SO-900403-L2	splitPressure	derived
obj_orderline_SO-900404-L1	splitPressure	derived
obj_orderline_SO-900405-L1	splitPressure	derived
obj_orderline_SO-900405-L2	splitPressure	derived
obj_orderline_SO-900406-L1	splitPressure	derived
obj_orderline_SO-900407-L1	splitPressure	derived
obj_orderline_SO-900407-L2	splitPressure	derived
obj_orderline_SO-900407-L3	splitPressure	derived
obj_orderline_SO-900408-L1	splitPressure	derived
obj_orderline_SO-900409-L1	splitPressure	derived
obj_orderline_SO-900409-L2	splitPressure	derived
obj_orderline_SO-900409-L3	splitPressure	derived
obj_orderline_SO-900410-L1	splitPressure	derived
obj_orderline_SO-900410-L2	splitPressure	derived
obj_orderline_SO-900410-L3	splitPressure	derived
obj_orderline_SO-900411-L1	splitPressure	derived
obj_orderline_SO-900412-L1	splitPressure	derived
obj_orderline_SO-900412-L2	splitPressure	derived
obj_orderline_SO-900413-L1	splitPressure	derived
obj_orderline_SO-900414-L1	splitPressure	derived
obj_orderline_SO-900414-L2	splitPressure	derived
obj_orderline_SO-900415-L1	splitPressure	derived
obj_orderline_SO-900416-L1	splitPressure	derived
obj_orderline_SO-900416-L2	splitPressure	derived
obj_orderline_SO-900416-L3	splitPressure	derived
obj_orderline_SO-900417-L1	splitPressure	derived
obj_orderline_SO-900418-L1	splitPressure	derived
obj_orderline_SO-900418-L2	splitPressure	derived
obj_orderline_SO-900418-L3	splitPressure	derived
obj_orderline_SO-900419-L1	splitPressure	derived
obj_orderline_SO-900420-L1	splitPressure	derived
obj_orderline_SO-900421-L1	splitPressure	derived
obj_orderline_SO-900421-L2	splitPressure	derived
obj_orderline_SO-900422-L1	splitPressure	derived
obj_orderline_SO-900423-L1	splitPressure	derived
obj_orderline_SO-900423-L2	splitPressure	derived
obj_orderline_SO-900423-L3	splitPressure	derived
obj_orderline_SO-900424-L1	splitPressure	derived
obj_orderline_SO-900425-L1	splitPressure	derived
obj_orderline_SO-900425-L2	splitPressure	derived
obj_orderline_SO-900425-L3	splitPressure	derived
obj_orderline_SO-900426-L1	splitPressure	derived
obj_orderline_SO-900427-L1	splitPressure	derived
obj_orderline_SO-900427-L2	splitPressure	derived
obj_orderline_SO-900428-L1	splitPressure	derived
obj_orderline_SO-900429-L1	splitPressure	derived
obj_orderline_SO-900429-L2	splitPressure	derived
obj_orderline_SO-900430-L1	splitPressure	derived
obj_orderline_SO-900430-L2	splitPressure	derived
obj_orderline_SO-900430-L3	splitPressure	derived
obj_orderline_SO-900431-L1	splitPressure	derived
obj_orderline_SO-900432-L1	splitPressure	derived
obj_orderline_SO-900432-L2	splitPressure	derived
obj_orderline_SO-900433-L1	splitPressure	derived
obj_orderline_SO-900434-L1	splitPressure	derived
obj_orderline_SO-900434-L2	splitPressure	derived
obj_orderline_SO-900435-L1	splitPressure	derived
obj_orderline_SO-900436-L1	splitPressure	derived
obj_orderline_SO-900436-L2	splitPressure	derived
obj_orderline_SO-900436-L3	splitPressure	derived
obj_orderline_SO-900437-L1	splitPressure	derived
obj_orderline_SO-900438-L1	splitPressure	derived
obj_orderline_SO-900438-L2	splitPressure	derived
obj_orderline_SO-900438-L3	splitPressure	derived
obj_orderline_SO-900439-L1	splitPressure	derived
obj_orderline_SO-900440-L1	splitPressure	derived
obj_orderline_SO-900441-L1	splitPressure	derived
obj_orderline_SO-900441-L2	splitPressure	derived
obj_orderline_SO-900442-L1	splitPressure	derived
obj_orderline_SO-900443-L1	splitPressure	derived
obj_orderline_SO-900443-L2	splitPressure	derived
obj_orderline_SO-900443-L3	splitPressure	derived
obj_orderline_SO-900444-L1	splitPressure	derived
obj_orderline_SO-900445-L1	splitPressure	derived
obj_orderline_SO-900445-L2	splitPressure	derived
obj_orderline_SO-900445-L3	splitPressure	derived
obj_orderline_SO-900446-L1	splitPressure	derived
obj_orderline_SO-900447-L1	splitPressure	derived
obj_orderline_SO-900447-L2	splitPressure	derived
obj_orderline_SO-900448-L1	splitPressure	derived
obj_orderline_SO-900449-L1	splitPressure	derived
obj_orderline_SO-900449-L2	splitPressure	derived
obj_orderline_SO-900450-L1	splitPressure	derived
obj_orderline_SO-900450-L2	splitPressure	derived
obj_orderline_SO-900451-L1	splitPressure	derived
obj_orderline_SO-900452-L1	splitPressure	derived
obj_orderline_SO-900452-L2	splitPressure	derived
obj_orderline_SO-900452-L3	splitPressure	derived
obj_orderline_SO-900453-L1	splitPressure	derived
obj_orderline_SO-900454-L1	splitPressure	derived
obj_orderline_SO-900454-L2	splitPressure	derived
obj_orderline_SO-900454-L3	splitPressure	derived
obj_orderline_SO-900455-L1	splitPressure	derived
obj_orderline_SO-900456-L1	splitPressure	derived
obj_orderline_SO-900456-L2	splitPressure	derived
obj_orderline_SO-900457-L1	splitPressure	derived
obj_orderline_SO-900458-L1	splitPressure	derived
obj_orderline_SO-900458-L2	splitPressure	derived
obj_orderline_SO-900459-L1	splitPressure	derived
obj_orderline_SO-900460-L1	splitPressure	derived
obj_orderline_SO-900461-L1	splitPressure	derived
obj_orderline_SO-900461-L2	splitPressure	derived
obj_orderline_SO-900461-L3	splitPressure	derived
obj_orderline_SO-900462-L1	splitPressure	derived
obj_orderline_SO-900463-L1	splitPressure	derived
obj_orderline_SO-900463-L2	splitPressure	derived
obj_orderline_SO-900464-L1	splitPressure	derived
obj_orderline_SO-900465-L1	splitPressure	derived
obj_orderline_SO-900465-L2	splitPressure	derived
obj_orderline_SO-900466-L1	splitPressure	derived
obj_orderline_SO-900467-L1	splitPressure	derived
obj_orderline_SO-900467-L2	splitPressure	derived
obj_orderline_SO-900467-L3	splitPressure	derived
obj_orderline_SO-900468-L1	splitPressure	derived
obj_orderline_SO-900469-L1	splitPressure	derived
obj_orderline_SO-900469-L2	splitPressure	derived
obj_orderline_SO-900469-L3	splitPressure	derived
obj_orderline_SO-900470-L1	splitPressure	derived
obj_orderline_SO-900470-L2	splitPressure	derived
obj_orderline_SO-900471-L1	splitPressure	derived
obj_orderline_SO-900472-L1	splitPressure	derived
obj_orderline_SO-900472-L2	splitPressure	derived
obj_orderline_SO-900472-L3	splitPressure	derived
obj_orderline_SO-900473-L1	splitPressure	derived
obj_orderline_SO-900474-L1	splitPressure	derived
obj_orderline_SO-900474-L2	splitPressure	derived
obj_orderline_SO-900474-L3	splitPressure	derived
obj_orderline_SO-900475-L1	splitPressure	derived
obj_orderline_SO-900476-L1	splitPressure	derived
obj_orderline_SO-900476-L2	splitPressure	derived
obj_orderline_SO-900477-L1	splitPressure	derived
obj_orderline_SO-900478-L1	splitPressure	derived
obj_orderline_SO-900478-L2	splitPressure	derived
obj_orderline_SO-900479-L1	splitPressure	derived
obj_orderline_SO-900480-L1	splitPressure	derived
obj_orderline_SO-900481-L1	splitPressure	derived
obj_orderline_SO-900481-L2	splitPressure	derived
obj_orderline_SO-900481-L3	splitPressure	derived
obj_orderline_SO-900482-L1	splitPressure	derived
obj_orderline_SO-900483-L1	splitPressure	derived
obj_orderline_SO-900483-L2	splitPressure	derived
obj_orderline_SO-900484-L1	splitPressure	derived
obj_orderline_SO-900485-L1	splitPressure	derived
obj_orderline_SO-900485-L2	splitPressure	derived
obj_orderline_SO-900486-L1	splitPressure	derived
obj_orderline_SO-900487-L1	splitPressure	derived
obj_orderline_SO-900487-L2	splitPressure	derived
obj_orderline_SO-900487-L3	splitPressure	derived
obj_orderline_SO-900488-L1	splitPressure	derived
obj_orderline_SO-900489-L1	splitPressure	derived
obj_orderline_SO-900489-L2	splitPressure	derived
obj_orderline_SO-900489-L3	splitPressure	derived
obj_orderline_SO-900490-L1	splitPressure	derived
obj_orderline_SO-900490-L2	splitPressure	derived
obj_orderline_SO-900490-L3	splitPressure	derived
obj_orderline_SO-900491-L1	splitPressure	derived
obj_orderline_SO-900492-L1	splitPressure	derived
obj_orderline_SO-900492-L2	splitPressure	derived
obj_orderline_SO-900493-L1	splitPressure	derived
obj_orderline_SO-900494-L1	splitPressure	derived
obj_orderline_SO-900494-L2	splitPressure	derived
obj_orderline_SO-900495-L1	splitPressure	derived
obj_orderline_SO-900496-L1	splitPressure	derived
obj_orderline_SO-900496-L2	splitPressure	derived
obj_orderline_SO-900496-L3	splitPressure	derived
obj_orderline_SO-900497-L1	splitPressure	derived
obj_orderline_SO-900498-L1	splitPressure	derived
obj_orderline_SO-900498-L2	splitPressure	derived
obj_orderline_SO-900498-L3	splitPressure	derived
obj_orderline_SO-900499-L1	splitPressure	derived
obj_orderpromise_AP-SO-3391	promiseRisk	derived
obj_orderpromise_AP-SO-3402	promiseRisk	derived
obj_orderpromise_AP-SO-3415	promiseRisk	derived
obj_orderpromise_AP-SO-3420	promiseRisk	derived
obj_orderpromise_AP-SO-3431	promiseRisk	derived
obj_orderpromise_AP-SO-3437	promiseRisk	derived
obj_orderpromise_AP-SO-3445	promiseRisk	derived
obj_orderpromise_AP-SO-3452	promiseRisk	derived
obj_orderpromise_AP-SO-3458	promiseRisk	derived
obj_orderpromise_AP-SO-3464	promiseRisk	derived
obj_orderpromise_AP-SO-3470	promiseRisk	derived
obj_orderpromise_AP-SO-3476	promiseRisk	derived
obj_orderpromise_AP-SO-3481	promiseRisk	derived
obj_orderpromise_AP-SO-3486	promiseRisk	derived
obj_orderpromise_AP-SO-3490	promiseRisk	derived
obj_orderpromise_AP-SO-3495	promiseRisk	derived
obj_orderpromise_AP-SO-3501	promiseRisk	derived
obj_orderpromise_AP-SO-3506	promiseRisk	derived
obj_orderpromise_AP-SO-3512	promiseRisk	derived
obj_orderpromise_AP-SO-3518	promiseRisk	derived
obj_orderpromise_AP-SO-3523	promiseRisk	derived
obj_orderpromise_AP-SO-3529	promiseRisk	derived
obj_orderpromise_AP-SO-3534	promiseRisk	derived
obj_orderpromise_AP-SO-3540	promiseRisk	derived
obj_orderpromise_AP-SO-900025	promiseRisk	derived
obj_orderpromise_AP-SO-900090	promiseRisk	derived
obj_orderpromise_AP-SO-900112	promiseRisk	derived
obj_orderpromise_AP-SO-900123	promiseRisk	derived
obj_orderpromise_AP-SO-900138	promiseRisk	derived
obj_orderpromise_AP-SO-900183	promiseRisk	derived
obj_orderpromise_AP-SO-900185	promiseRisk	derived
obj_orderpromise_AP-SO-900191	promiseRisk	derived
obj_orderpromise_AP-SO-900194	promiseRisk	derived
obj_orderpromise_AP-SO-900197	promiseRisk	derived
obj_orderpromise_AP-SO-900210	promiseRisk	derived
obj_orderpromise_AP-SO-900221	promiseRisk	derived
obj_orderpromise_AP-SO-900235	promiseRisk	derived
obj_orderpromise_AP-SO-900244	promiseRisk	derived
obj_orderpromise_AP-SO-900260	promiseRisk	derived
obj_orderpromise_AP-SO-900284	promiseRisk	derived
obj_orderpromise_AP-SO-900312	promiseRisk	derived
obj_orderpromise_AP-SO-900317	promiseRisk	derived
obj_orderpromise_AP-SO-900350	promiseRisk	derived
obj_orderpromise_AP-SO-900376	promiseRisk	derived
obj_orderpromise_AP-SO-900381	promiseRisk	derived
obj_orderpromise_AP-SO-900384	promiseRisk	derived
obj_orderpromise_AP-SO-900467	promiseRisk	derived
obj_orderpromise_AP-SO-900472	promiseRisk	derived
obj_orderpromise_AP-SO-900481	promiseRisk	derived
obj_orderpromise_AP-SO-900493	promiseRisk	derived
obj_overduerecord_od-cg	collectionPressure	derived
obj_overduerecord_od-sd	collectionPressure	derived
obj_process_LINE-WS-changzhou-assembly-aging	queuePressure	measured
obj_process_LINE-WS-changzhou-assembly-assembly	queuePressure	measured
obj_process_LINE-WS-changzhou-assembly-coating	queuePressure	measured
obj_process_LINE-WS-changzhou-assembly-formation	queuePressure	measured
obj_process_LINE-WS-changzhou-assembly-winding	queuePressure	measured
obj_process_LINE-WS-changzhou-calendering-aging	queuePressure	measured
obj_process_LINE-WS-changzhou-calendering-assembly	queuePressure	measured
obj_process_LINE-WS-changzhou-calendering-coating	queuePressure	measured
obj_process_LINE-WS-changzhou-calendering-formation	queuePressure	measured
obj_process_LINE-WS-changzhou-calendering-winding	queuePressure	measured
obj_process_LINE-WS-changzhou-coating-aging	queuePressure	measured
obj_process_LINE-WS-changzhou-coating-assembly	queuePressure	measured
obj_process_LINE-WS-changzhou-coating-coating	queuePressure	measured
obj_process_LINE-WS-changzhou-coating-formation	queuePressure	measured
obj_process_LINE-WS-changzhou-coating-winding	queuePressure	measured
obj_process_LINE-WS-changzhou-filling-aging	queuePressure	measured
obj_process_LINE-WS-changzhou-filling-assembly	queuePressure	measured
obj_process_LINE-WS-changzhou-filling-coating	queuePressure	measured
obj_process_LINE-WS-changzhou-filling-formation	queuePressure	measured
obj_process_LINE-WS-changzhou-filling-winding	queuePressure	measured
obj_process_LINE-WS-changzhou-formation-aging	queuePressure	measured
obj_process_LINE-WS-changzhou-formation-assembly	queuePressure	measured
obj_process_LINE-WS-changzhou-formation-coating	queuePressure	measured
obj_process_LINE-WS-changzhou-formation-formation	queuePressure	measured
obj_process_LINE-WS-changzhou-formation-winding	queuePressure	measured
obj_process_LINE-WS-changzhou-grading-aging	queuePressure	measured
obj_process_LINE-WS-changzhou-grading-assembly	queuePressure	measured
obj_process_LINE-WS-changzhou-grading-coating	queuePressure	measured
obj_process_LINE-WS-changzhou-grading-formation	queuePressure	measured
obj_process_LINE-WS-changzhou-grading-winding	queuePressure	measured
obj_process_LINE-WS-changzhou-pack-aging	queuePressure	measured
obj_process_LINE-WS-changzhou-pack-assembly	queuePressure	measured
obj_process_LINE-WS-changzhou-pack-coating	queuePressure	measured
obj_process_LINE-WS-changzhou-pack-formation	queuePressure	measured
obj_process_LINE-WS-changzhou-pack-winding	queuePressure	measured
obj_process_LINE-WS-changzhou-slitting-aging	queuePressure	measured
obj_process_LINE-WS-changzhou-slitting-assembly	queuePressure	measured
obj_process_LINE-WS-changzhou-slitting-coating	queuePressure	measured
obj_process_LINE-WS-changzhou-slitting-formation	queuePressure	measured
obj_process_LINE-WS-changzhou-slitting-winding	queuePressure	measured
obj_process_LINE-WS-changzhou-slurry-aging	queuePressure	measured
obj_process_LINE-WS-changzhou-slurry-assembly	queuePressure	measured
obj_process_LINE-WS-changzhou-slurry-coating	queuePressure	measured
obj_process_LINE-WS-changzhou-slurry-formation	queuePressure	measured
obj_process_LINE-WS-changzhou-slurry-winding	queuePressure	measured
obj_process_LINE-WS-changzhou-winding-aging	queuePressure	measured
obj_process_LINE-WS-changzhou-winding-assembly	queuePressure	measured
obj_process_LINE-WS-changzhou-winding-coating	queuePressure	measured
obj_process_LINE-WS-changzhou-winding-formation	queuePressure	measured
obj_process_LINE-WS-changzhou-winding-winding	queuePressure	measured
obj_process_LINE-WS-chengdu-assembly-aging	queuePressure	measured
obj_process_LINE-WS-chengdu-assembly-assembly	queuePressure	measured
obj_process_LINE-WS-chengdu-assembly-coating	queuePressure	measured
obj_process_LINE-WS-chengdu-assembly-formation	queuePressure	measured
obj_process_LINE-WS-chengdu-assembly-winding	queuePressure	measured
obj_process_LINE-WS-chengdu-calendering-aging	queuePressure	measured
obj_process_LINE-WS-chengdu-calendering-assembly	queuePressure	measured
obj_process_LINE-WS-chengdu-calendering-coating	queuePressure	measured
obj_process_LINE-WS-chengdu-calendering-formation	queuePressure	measured
obj_process_LINE-WS-chengdu-calendering-winding	queuePressure	measured
obj_process_LINE-WS-chengdu-coating-aging	queuePressure	measured
obj_process_LINE-WS-chengdu-coating-assembly	queuePressure	measured
obj_process_LINE-WS-chengdu-coating-coating	queuePressure	measured
obj_process_LINE-WS-chengdu-coating-formation	queuePressure	measured
obj_process_LINE-WS-chengdu-coating-winding	queuePressure	measured
obj_process_LINE-WS-chengdu-filling-aging	queuePressure	measured
obj_process_LINE-WS-chengdu-filling-assembly	queuePressure	measured
obj_process_LINE-WS-chengdu-filling-coating	queuePressure	measured
obj_process_LINE-WS-chengdu-filling-formation	queuePressure	measured
obj_process_LINE-WS-chengdu-filling-winding	queuePressure	measured
obj_process_LINE-WS-chengdu-formation-aging	queuePressure	measured
obj_process_LINE-WS-chengdu-formation-assembly	queuePressure	measured
obj_process_LINE-WS-chengdu-formation-coating	queuePressure	measured
obj_process_LINE-WS-chengdu-formation-formation	queuePressure	measured
obj_process_LINE-WS-chengdu-formation-winding	queuePressure	measured
obj_process_LINE-WS-chengdu-grading-aging	queuePressure	measured
obj_process_LINE-WS-chengdu-grading-assembly	queuePressure	measured
obj_process_LINE-WS-chengdu-grading-coating	queuePressure	measured
obj_process_LINE-WS-chengdu-grading-formation	queuePressure	measured
obj_process_LINE-WS-chengdu-grading-winding	queuePressure	measured
obj_process_LINE-WS-chengdu-pack-aging	queuePressure	measured
obj_process_LINE-WS-chengdu-pack-assembly	queuePressure	measured
obj_process_LINE-WS-chengdu-pack-coating	queuePressure	measured
obj_process_LINE-WS-chengdu-pack-formation	queuePressure	measured
obj_process_LINE-WS-chengdu-pack-winding	queuePressure	measured
obj_process_LINE-WS-chengdu-slitting-aging	queuePressure	measured
obj_process_LINE-WS-chengdu-slitting-assembly	queuePressure	measured
obj_process_LINE-WS-chengdu-slitting-coating	queuePressure	measured
obj_process_LINE-WS-chengdu-slitting-formation	queuePressure	measured
obj_process_LINE-WS-chengdu-slitting-winding	queuePressure	measured
obj_process_LINE-WS-chengdu-slurry-aging	queuePressure	measured
obj_process_LINE-WS-chengdu-slurry-assembly	queuePressure	measured
obj_process_LINE-WS-chengdu-slurry-coating	queuePressure	measured
obj_process_LINE-WS-chengdu-slurry-formation	queuePressure	measured
obj_process_LINE-WS-chengdu-slurry-winding	queuePressure	measured
obj_process_LINE-WS-chengdu-winding-aging	queuePressure	measured
obj_process_LINE-WS-chengdu-winding-assembly	queuePressure	measured
obj_process_LINE-WS-chengdu-winding-coating	queuePressure	measured
obj_process_LINE-WS-chengdu-winding-formation	queuePressure	measured
obj_process_LINE-WS-chengdu-winding-winding	queuePressure	measured
obj_process_LINE-WS-handan-assembly-aging	queuePressure	measured
obj_process_LINE-WS-handan-assembly-assembly	queuePressure	measured
obj_process_LINE-WS-handan-assembly-coating	queuePressure	measured
obj_process_LINE-WS-handan-assembly-formation	queuePressure	measured
obj_process_LINE-WS-handan-assembly-winding	queuePressure	measured
obj_process_LINE-WS-handan-calendering-aging	queuePressure	measured
obj_process_LINE-WS-handan-calendering-assembly	queuePressure	measured
obj_process_LINE-WS-handan-calendering-coating	queuePressure	measured
obj_process_LINE-WS-handan-calendering-formation	queuePressure	measured
obj_process_LINE-WS-handan-calendering-winding	queuePressure	measured
obj_process_LINE-WS-handan-coating-aging	queuePressure	measured
obj_process_LINE-WS-handan-coating-assembly	queuePressure	measured
obj_process_LINE-WS-handan-coating-coating	queuePressure	measured
obj_process_LINE-WS-handan-coating-formation	queuePressure	measured
obj_process_LINE-WS-handan-coating-winding	queuePressure	measured
obj_process_LINE-WS-handan-filling-aging	queuePressure	measured
obj_process_LINE-WS-handan-filling-assembly	queuePressure	measured
obj_process_LINE-WS-handan-filling-coating	queuePressure	measured
obj_process_LINE-WS-handan-filling-formation	queuePressure	measured
obj_process_LINE-WS-handan-filling-winding	queuePressure	measured
obj_process_LINE-WS-handan-formation-aging	queuePressure	measured
obj_process_LINE-WS-handan-formation-assembly	queuePressure	measured
obj_process_LINE-WS-handan-formation-coating	queuePressure	measured
obj_process_LINE-WS-handan-formation-formation	queuePressure	measured
obj_process_LINE-WS-handan-formation-winding	queuePressure	measured
obj_process_LINE-WS-handan-grading-aging	queuePressure	measured
obj_process_LINE-WS-handan-grading-assembly	queuePressure	measured
obj_process_LINE-WS-handan-grading-coating	queuePressure	measured
obj_process_LINE-WS-handan-grading-formation	queuePressure	measured
obj_process_LINE-WS-handan-grading-winding	queuePressure	measured
obj_process_LINE-WS-handan-pack-aging	queuePressure	measured
obj_process_LINE-WS-handan-pack-assembly	queuePressure	measured
obj_process_LINE-WS-handan-pack-coating	queuePressure	measured
obj_process_LINE-WS-handan-pack-formation	queuePressure	measured
obj_process_LINE-WS-handan-pack-winding	queuePressure	measured
obj_process_LINE-WS-handan-slitting-aging	queuePressure	measured
obj_process_LINE-WS-handan-slitting-assembly	queuePressure	measured
obj_process_LINE-WS-handan-slitting-coating	queuePressure	measured
obj_process_LINE-WS-handan-slitting-formation	queuePressure	measured
obj_process_LINE-WS-handan-slitting-winding	queuePressure	measured
obj_process_LINE-WS-handan-slurry-aging	queuePressure	measured
obj_process_LINE-WS-handan-slurry-assembly	queuePressure	measured
obj_process_LINE-WS-handan-slurry-coating	queuePressure	measured
obj_process_LINE-WS-handan-slurry-formation	queuePressure	measured
obj_process_LINE-WS-handan-slurry-winding	queuePressure	measured
obj_process_LINE-WS-handan-winding-aging	queuePressure	measured
obj_process_LINE-WS-handan-winding-assembly	queuePressure	measured
obj_process_LINE-WS-handan-winding-coating	queuePressure	measured
obj_process_LINE-WS-handan-winding-formation	queuePressure	measured
obj_process_LINE-WS-handan-winding-winding	queuePressure	measured
obj_process_LINE-WS-hefei-assembly-aging	queuePressure	measured
obj_process_LINE-WS-hefei-assembly-assembly	queuePressure	measured
obj_process_LINE-WS-hefei-assembly-coating	queuePressure	measured
obj_process_LINE-WS-hefei-assembly-formation	queuePressure	measured
obj_process_LINE-WS-hefei-assembly-winding	queuePressure	measured
obj_process_LINE-WS-hefei-calendering-aging	queuePressure	measured
obj_process_LINE-WS-hefei-calendering-assembly	queuePressure	measured
obj_process_LINE-WS-hefei-calendering-coating	queuePressure	measured
obj_process_LINE-WS-hefei-calendering-formation	queuePressure	measured
obj_process_LINE-WS-hefei-calendering-winding	queuePressure	measured
obj_process_LINE-WS-hefei-coating-aging	queuePressure	measured
obj_process_LINE-WS-hefei-coating-assembly	queuePressure	measured
obj_process_LINE-WS-hefei-coating-coating	queuePressure	measured
obj_process_LINE-WS-hefei-coating-formation	queuePressure	measured
obj_process_LINE-WS-hefei-coating-winding	queuePressure	measured
obj_process_LINE-WS-hefei-filling-aging	queuePressure	measured
obj_process_LINE-WS-hefei-filling-assembly	queuePressure	measured
obj_process_LINE-WS-hefei-filling-coating	queuePressure	measured
obj_process_LINE-WS-hefei-filling-formation	queuePressure	measured
obj_process_LINE-WS-hefei-filling-winding	queuePressure	measured
obj_process_LINE-WS-hefei-formation-aging	queuePressure	measured
obj_process_LINE-WS-hefei-formation-assembly	queuePressure	measured
obj_process_LINE-WS-hefei-formation-coating	queuePressure	measured
obj_process_LINE-WS-hefei-formation-formation	queuePressure	measured
obj_process_LINE-WS-hefei-formation-winding	queuePressure	measured
obj_process_LINE-WS-hefei-grading-aging	queuePressure	measured
obj_process_LINE-WS-hefei-grading-assembly	queuePressure	measured
obj_process_LINE-WS-hefei-grading-coating	queuePressure	measured
obj_process_LINE-WS-hefei-grading-formation	queuePressure	measured
obj_process_LINE-WS-hefei-grading-winding	queuePressure	measured
obj_process_LINE-WS-hefei-pack-aging	queuePressure	measured
obj_process_LINE-WS-hefei-pack-assembly	queuePressure	measured
obj_process_LINE-WS-hefei-pack-coating	queuePressure	measured
obj_process_LINE-WS-hefei-pack-formation	queuePressure	measured
obj_process_LINE-WS-hefei-pack-winding	queuePressure	measured
obj_process_LINE-WS-hefei-slitting-aging	queuePressure	measured
obj_process_LINE-WS-hefei-slitting-assembly	queuePressure	measured
obj_process_LINE-WS-hefei-slitting-coating	queuePressure	measured
obj_process_LINE-WS-hefei-slitting-formation	queuePressure	measured
obj_process_LINE-WS-hefei-slitting-winding	queuePressure	measured
obj_process_LINE-WS-hefei-slurry-aging	queuePressure	measured
obj_process_LINE-WS-hefei-slurry-assembly	queuePressure	measured
obj_process_LINE-WS-hefei-slurry-coating	queuePressure	measured
obj_process_LINE-WS-hefei-slurry-formation	queuePressure	measured
obj_process_LINE-WS-hefei-slurry-winding	queuePressure	measured
obj_process_LINE-WS-hefei-winding-aging	queuePressure	measured
obj_process_LINE-WS-hefei-winding-assembly	queuePressure	measured
obj_process_LINE-WS-hefei-winding-coating	queuePressure	measured
obj_process_LINE-WS-hefei-winding-formation	queuePressure	measured
obj_process_LINE-WS-hefei-winding-winding	queuePressure	measured
obj_process_LINE-WS-jiangmen-assembly-aging	queuePressure	measured
obj_process_LINE-WS-jiangmen-assembly-assembly	queuePressure	measured
obj_process_LINE-WS-jiangmen-assembly-coating	queuePressure	measured
obj_process_LINE-WS-jiangmen-assembly-formation	queuePressure	measured
obj_process_LINE-WS-jiangmen-assembly-winding	queuePressure	measured
obj_process_LINE-WS-jiangmen-calendering-aging	queuePressure	measured
obj_process_LINE-WS-jiangmen-calendering-assembly	queuePressure	measured
obj_process_LINE-WS-jiangmen-calendering-coating	queuePressure	measured
obj_process_LINE-WS-jiangmen-calendering-formation	queuePressure	measured
obj_process_LINE-WS-jiangmen-calendering-winding	queuePressure	measured
obj_process_LINE-WS-jiangmen-coating-aging	queuePressure	measured
obj_process_LINE-WS-jiangmen-coating-assembly	queuePressure	measured
obj_process_LINE-WS-jiangmen-coating-coating	queuePressure	measured
obj_process_LINE-WS-jiangmen-coating-formation	queuePressure	measured
obj_process_LINE-WS-jiangmen-coating-winding	queuePressure	measured
obj_process_LINE-WS-jiangmen-filling-aging	queuePressure	measured
obj_process_LINE-WS-jiangmen-filling-assembly	queuePressure	measured
obj_process_LINE-WS-jiangmen-filling-coating	queuePressure	measured
obj_process_LINE-WS-jiangmen-filling-formation	queuePressure	measured
obj_process_LINE-WS-jiangmen-filling-winding	queuePressure	measured
obj_process_LINE-WS-jiangmen-formation-aging	queuePressure	measured
obj_process_LINE-WS-jiangmen-formation-assembly	queuePressure	measured
obj_process_LINE-WS-jiangmen-formation-coating	queuePressure	measured
obj_process_LINE-WS-jiangmen-formation-formation	queuePressure	measured
obj_process_LINE-WS-jiangmen-formation-winding	queuePressure	measured
obj_process_LINE-WS-jiangmen-grading-aging	queuePressure	measured
obj_process_LINE-WS-jiangmen-grading-assembly	queuePressure	measured
obj_process_LINE-WS-jiangmen-grading-coating	queuePressure	measured
obj_process_LINE-WS-jiangmen-grading-formation	queuePressure	measured
obj_process_LINE-WS-jiangmen-grading-winding	queuePressure	measured
obj_process_LINE-WS-jiangmen-pack-aging	queuePressure	measured
obj_process_LINE-WS-jiangmen-pack-assembly	queuePressure	measured
obj_process_LINE-WS-jiangmen-pack-coating	queuePressure	measured
obj_process_LINE-WS-jiangmen-pack-formation	queuePressure	measured
obj_process_LINE-WS-jiangmen-pack-winding	queuePressure	measured
obj_process_LINE-WS-jiangmen-slitting-aging	queuePressure	measured
obj_process_LINE-WS-jiangmen-slitting-assembly	queuePressure	measured
obj_process_LINE-WS-jiangmen-slitting-coating	queuePressure	measured
obj_process_LINE-WS-jiangmen-slitting-formation	queuePressure	measured
obj_process_LINE-WS-jiangmen-slitting-winding	queuePressure	measured
obj_process_LINE-WS-jiangmen-slurry-aging	queuePressure	measured
obj_process_LINE-WS-jiangmen-slurry-assembly	queuePressure	measured
obj_process_LINE-WS-jiangmen-slurry-coating	queuePressure	measured
obj_process_LINE-WS-jiangmen-slurry-formation	queuePressure	measured
obj_process_LINE-WS-jiangmen-slurry-winding	queuePressure	measured
obj_process_LINE-WS-jiangmen-winding-aging	queuePressure	measured
obj_process_LINE-WS-jiangmen-winding-assembly	queuePressure	measured
obj_process_LINE-WS-jiangmen-winding-coating	queuePressure	measured
obj_process_LINE-WS-jiangmen-winding-formation	queuePressure	measured
obj_process_LINE-WS-jiangmen-winding-winding	queuePressure	measured
obj_process_LINE-WS-jinhua-assembly-aging	queuePressure	measured
obj_process_LINE-WS-jinhua-assembly-assembly	queuePressure	measured
obj_process_LINE-WS-jinhua-assembly-coating	queuePressure	measured
obj_process_LINE-WS-jinhua-assembly-formation	queuePressure	measured
obj_process_LINE-WS-jinhua-assembly-winding	queuePressure	measured
obj_process_LINE-WS-jinhua-calendering-aging	queuePressure	measured
obj_process_LINE-WS-jinhua-calendering-assembly	queuePressure	measured
obj_process_LINE-WS-jinhua-calendering-coating	queuePressure	measured
obj_process_LINE-WS-jinhua-calendering-formation	queuePressure	measured
obj_process_LINE-WS-jinhua-calendering-winding	queuePressure	measured
obj_process_LINE-WS-jinhua-coating-aging	queuePressure	measured
obj_process_LINE-WS-jinhua-coating-assembly	queuePressure	measured
obj_process_LINE-WS-jinhua-coating-coating	queuePressure	measured
obj_process_LINE-WS-jinhua-coating-formation	queuePressure	measured
obj_process_LINE-WS-jinhua-coating-winding	queuePressure	measured
obj_process_LINE-WS-jinhua-filling-aging	queuePressure	measured
obj_process_LINE-WS-jinhua-filling-assembly	queuePressure	measured
obj_process_LINE-WS-jinhua-filling-coating	queuePressure	measured
obj_process_LINE-WS-jinhua-filling-formation	queuePressure	measured
obj_process_LINE-WS-jinhua-filling-winding	queuePressure	measured
obj_process_LINE-WS-jinhua-formation-aging	queuePressure	measured
obj_process_LINE-WS-jinhua-formation-assembly	queuePressure	measured
obj_process_LINE-WS-jinhua-formation-coating	queuePressure	measured
obj_process_LINE-WS-jinhua-formation-formation	queuePressure	measured
obj_process_LINE-WS-jinhua-formation-winding	queuePressure	measured
obj_process_LINE-WS-jinhua-grading-aging	queuePressure	measured
obj_process_LINE-WS-jinhua-grading-assembly	queuePressure	measured
obj_process_LINE-WS-jinhua-grading-coating	queuePressure	measured
obj_process_LINE-WS-jinhua-grading-formation	queuePressure	measured
obj_process_LINE-WS-jinhua-grading-winding	queuePressure	measured
obj_process_LINE-WS-jinhua-pack-aging	queuePressure	measured
obj_process_LINE-WS-jinhua-pack-assembly	queuePressure	measured
obj_process_LINE-WS-jinhua-pack-coating	queuePressure	measured
obj_process_LINE-WS-jinhua-pack-formation	queuePressure	measured
obj_process_LINE-WS-jinhua-pack-winding	queuePressure	measured
obj_process_LINE-WS-jinhua-slitting-aging	queuePressure	measured
obj_process_LINE-WS-jinhua-slitting-assembly	queuePressure	measured
obj_process_LINE-WS-jinhua-slitting-coating	queuePressure	measured
obj_process_LINE-WS-jinhua-slitting-formation	queuePressure	measured
obj_process_LINE-WS-jinhua-slitting-winding	queuePressure	measured
obj_process_LINE-WS-jinhua-slurry-aging	queuePressure	measured
obj_process_LINE-WS-jinhua-slurry-assembly	queuePressure	measured
obj_process_LINE-WS-jinhua-slurry-coating	queuePressure	measured
obj_process_LINE-WS-jinhua-slurry-formation	queuePressure	measured
obj_process_LINE-WS-jinhua-slurry-winding	queuePressure	measured
obj_process_LINE-WS-jinhua-winding-aging	queuePressure	measured
obj_process_LINE-WS-jinhua-winding-assembly	queuePressure	measured
obj_process_LINE-WS-jinhua-winding-coating	queuePressure	measured
obj_process_LINE-WS-jinhua-winding-formation	queuePressure	measured
obj_process_LINE-WS-jinhua-winding-winding	queuePressure	measured
obj_process_LINE-WS-meishan-assembly-aging	queuePressure	measured
obj_process_LINE-WS-meishan-assembly-assembly	queuePressure	measured
obj_process_LINE-WS-meishan-assembly-coating	queuePressure	measured
obj_process_LINE-WS-meishan-assembly-formation	queuePressure	measured
obj_process_LINE-WS-meishan-assembly-winding	queuePressure	measured
obj_process_LINE-WS-meishan-calendering-aging	queuePressure	measured
obj_process_LINE-WS-meishan-calendering-assembly	queuePressure	measured
obj_process_LINE-WS-meishan-calendering-coating	queuePressure	measured
obj_process_LINE-WS-meishan-calendering-formation	queuePressure	measured
obj_process_LINE-WS-meishan-calendering-winding	queuePressure	measured
obj_process_LINE-WS-meishan-coating-aging	queuePressure	measured
obj_process_LINE-WS-meishan-coating-assembly	queuePressure	measured
obj_process_LINE-WS-meishan-coating-coating	queuePressure	measured
obj_process_LINE-WS-meishan-coating-formation	queuePressure	measured
obj_process_LINE-WS-meishan-coating-winding	queuePressure	measured
obj_process_LINE-WS-meishan-filling-aging	queuePressure	measured
obj_process_LINE-WS-meishan-filling-assembly	queuePressure	measured
obj_process_LINE-WS-meishan-filling-coating	queuePressure	measured
obj_process_LINE-WS-meishan-filling-formation	queuePressure	measured
obj_process_LINE-WS-meishan-filling-winding	queuePressure	measured
obj_process_LINE-WS-meishan-formation-aging	queuePressure	measured
obj_process_LINE-WS-meishan-formation-assembly	queuePressure	measured
obj_process_LINE-WS-meishan-formation-coating	queuePressure	measured
obj_process_LINE-WS-meishan-formation-formation	queuePressure	measured
obj_process_LINE-WS-meishan-formation-winding	queuePressure	measured
obj_process_LINE-WS-meishan-grading-aging	queuePressure	measured
obj_process_LINE-WS-meishan-grading-assembly	queuePressure	measured
obj_process_LINE-WS-meishan-grading-coating	queuePressure	measured
obj_process_LINE-WS-meishan-grading-formation	queuePressure	measured
obj_process_LINE-WS-meishan-grading-winding	queuePressure	measured
obj_process_LINE-WS-meishan-pack-aging	queuePressure	measured
obj_process_LINE-WS-meishan-pack-assembly	queuePressure	measured
obj_process_LINE-WS-meishan-pack-coating	queuePressure	measured
obj_process_LINE-WS-meishan-pack-formation	queuePressure	measured
obj_process_LINE-WS-meishan-pack-winding	queuePressure	measured
obj_process_LINE-WS-meishan-slitting-aging	queuePressure	measured
obj_process_LINE-WS-meishan-slitting-assembly	queuePressure	measured
obj_process_LINE-WS-meishan-slitting-coating	queuePressure	measured
obj_process_LINE-WS-meishan-slitting-formation	queuePressure	measured
obj_process_LINE-WS-meishan-slitting-winding	queuePressure	measured
obj_process_LINE-WS-meishan-slurry-aging	queuePressure	measured
obj_process_LINE-WS-meishan-slurry-assembly	queuePressure	measured
obj_process_LINE-WS-meishan-slurry-coating	queuePressure	measured
obj_process_LINE-WS-meishan-slurry-formation	queuePressure	measured
obj_process_LINE-WS-meishan-slurry-winding	queuePressure	measured
obj_process_LINE-WS-meishan-winding-aging	queuePressure	measured
obj_process_LINE-WS-meishan-winding-assembly	queuePressure	measured
obj_process_LINE-WS-meishan-winding-coating	queuePressure	measured
obj_process_LINE-WS-meishan-winding-formation	queuePressure	measured
obj_process_LINE-WS-meishan-winding-winding	queuePressure	measured
obj_process_LINE-WS-wuhan-assembly-aging	queuePressure	measured
obj_process_LINE-WS-wuhan-assembly-assembly	queuePressure	measured
obj_process_LINE-WS-wuhan-assembly-coating	queuePressure	measured
obj_process_LINE-WS-wuhan-assembly-formation	queuePressure	measured
obj_process_LINE-WS-wuhan-assembly-winding	queuePressure	measured
obj_process_LINE-WS-wuhan-calendering-aging	queuePressure	measured
obj_process_LINE-WS-wuhan-calendering-assembly	queuePressure	measured
obj_process_LINE-WS-wuhan-calendering-coating	queuePressure	measured
obj_process_LINE-WS-wuhan-calendering-formation	queuePressure	measured
obj_process_LINE-WS-wuhan-calendering-winding	queuePressure	measured
obj_process_LINE-WS-wuhan-coating-aging	queuePressure	measured
obj_process_LINE-WS-wuhan-coating-assembly	queuePressure	measured
obj_process_LINE-WS-wuhan-coating-coating	queuePressure	measured
obj_process_LINE-WS-wuhan-coating-formation	queuePressure	measured
obj_process_LINE-WS-wuhan-coating-winding	queuePressure	measured
obj_process_LINE-WS-wuhan-filling-aging	queuePressure	measured
obj_process_LINE-WS-wuhan-filling-assembly	queuePressure	measured
obj_process_LINE-WS-wuhan-filling-coating	queuePressure	measured
obj_process_LINE-WS-wuhan-filling-formation	queuePressure	measured
obj_process_LINE-WS-wuhan-filling-winding	queuePressure	measured
obj_process_LINE-WS-wuhan-formation-aging	queuePressure	measured
obj_process_LINE-WS-wuhan-formation-assembly	queuePressure	measured
obj_process_LINE-WS-wuhan-formation-coating	queuePressure	measured
obj_process_LINE-WS-wuhan-formation-formation	queuePressure	measured
obj_process_LINE-WS-wuhan-formation-winding	queuePressure	measured
obj_process_LINE-WS-wuhan-grading-aging	queuePressure	measured
obj_process_LINE-WS-wuhan-grading-assembly	queuePressure	measured
obj_process_LINE-WS-wuhan-grading-coating	queuePressure	measured
obj_process_LINE-WS-wuhan-grading-formation	queuePressure	measured
obj_process_LINE-WS-wuhan-grading-winding	queuePressure	measured
obj_process_LINE-WS-wuhan-pack-aging	queuePressure	measured
obj_process_LINE-WS-wuhan-pack-assembly	queuePressure	measured
obj_process_LINE-WS-wuhan-pack-coating	queuePressure	measured
obj_process_LINE-WS-wuhan-pack-formation	queuePressure	measured
obj_process_LINE-WS-wuhan-pack-winding	queuePressure	measured
obj_process_LINE-WS-wuhan-slitting-aging	queuePressure	measured
obj_process_LINE-WS-wuhan-slitting-assembly	queuePressure	measured
obj_process_LINE-WS-wuhan-slitting-coating	queuePressure	measured
obj_process_LINE-WS-wuhan-slitting-formation	queuePressure	measured
obj_process_LINE-WS-wuhan-slitting-winding	queuePressure	measured
obj_process_LINE-WS-wuhan-slurry-aging	queuePressure	measured
obj_process_LINE-WS-wuhan-slurry-assembly	queuePressure	measured
obj_process_LINE-WS-wuhan-slurry-coating	queuePressure	measured
obj_process_LINE-WS-wuhan-slurry-formation	queuePressure	measured
obj_process_LINE-WS-wuhan-slurry-winding	queuePressure	measured
obj_process_LINE-WS-wuhan-winding-aging	queuePressure	measured
obj_process_LINE-WS-wuhan-winding-assembly	queuePressure	measured
obj_process_LINE-WS-wuhan-winding-coating	queuePressure	measured
obj_process_LINE-WS-wuhan-winding-formation	queuePressure	measured
obj_process_LINE-WS-wuhan-winding-winding	queuePressure	measured
obj_process_LINE-WS-xiamen-assembly-aging	queuePressure	measured
obj_process_LINE-WS-xiamen-assembly-assembly	queuePressure	measured
obj_process_LINE-WS-xiamen-assembly-coating	queuePressure	measured
obj_process_LINE-WS-xiamen-assembly-formation	queuePressure	measured
obj_process_LINE-WS-xiamen-assembly-winding	queuePressure	measured
obj_process_LINE-WS-xiamen-calendering-aging	queuePressure	measured
obj_process_LINE-WS-xiamen-calendering-assembly	queuePressure	measured
obj_process_LINE-WS-xiamen-calendering-coating	queuePressure	measured
obj_process_LINE-WS-xiamen-calendering-formation	queuePressure	measured
obj_process_LINE-WS-xiamen-calendering-winding	queuePressure	measured
obj_process_LINE-WS-xiamen-coating-aging	queuePressure	measured
obj_process_LINE-WS-xiamen-coating-assembly	queuePressure	measured
obj_process_LINE-WS-xiamen-coating-coating	queuePressure	measured
obj_process_LINE-WS-xiamen-coating-formation	queuePressure	measured
obj_process_LINE-WS-xiamen-coating-winding	queuePressure	measured
obj_process_LINE-WS-xiamen-filling-aging	queuePressure	measured
obj_process_LINE-WS-xiamen-filling-assembly	queuePressure	measured
obj_process_LINE-WS-xiamen-filling-coating	queuePressure	measured
obj_process_LINE-WS-xiamen-filling-formation	queuePressure	measured
obj_process_LINE-WS-xiamen-filling-winding	queuePressure	measured
obj_process_LINE-WS-xiamen-formation-aging	queuePressure	measured
obj_process_LINE-WS-xiamen-formation-assembly	queuePressure	measured
obj_process_LINE-WS-xiamen-formation-coating	queuePressure	measured
obj_process_LINE-WS-xiamen-formation-formation	queuePressure	measured
obj_process_LINE-WS-xiamen-formation-winding	queuePressure	measured
obj_process_LINE-WS-xiamen-grading-aging	queuePressure	measured
obj_process_LINE-WS-xiamen-grading-assembly	queuePressure	measured
obj_process_LINE-WS-xiamen-grading-coating	queuePressure	measured
obj_process_LINE-WS-xiamen-grading-formation	queuePressure	measured
obj_process_LINE-WS-xiamen-grading-winding	queuePressure	measured
obj_process_LINE-WS-xiamen-pack-aging	queuePressure	measured
obj_process_LINE-WS-xiamen-pack-assembly	queuePressure	measured
obj_process_LINE-WS-xiamen-pack-coating	queuePressure	measured
obj_process_LINE-WS-xiamen-pack-formation	queuePressure	measured
obj_process_LINE-WS-xiamen-pack-winding	queuePressure	measured
obj_process_LINE-WS-xiamen-slitting-aging	queuePressure	measured
obj_process_LINE-WS-xiamen-slitting-assembly	queuePressure	measured
obj_process_LINE-WS-xiamen-slitting-coating	queuePressure	measured
obj_process_LINE-WS-xiamen-slitting-formation	queuePressure	measured
obj_process_LINE-WS-xiamen-slitting-winding	queuePressure	measured
obj_process_LINE-WS-xiamen-slurry-aging	queuePressure	measured
obj_process_LINE-WS-xiamen-slurry-assembly	queuePressure	measured
obj_process_LINE-WS-xiamen-slurry-coating	queuePressure	measured
obj_process_LINE-WS-xiamen-slurry-formation	queuePressure	measured
obj_process_LINE-WS-xiamen-slurry-winding	queuePressure	measured
obj_process_LINE-WS-xiamen-winding-aging	queuePressure	measured
obj_process_LINE-WS-xiamen-winding-assembly	queuePressure	measured
obj_process_LINE-WS-xiamen-winding-coating	queuePressure	measured
obj_process_LINE-WS-xiamen-winding-formation	queuePressure	measured
obj_process_LINE-WS-xiamen-winding-winding	queuePressure	measured
obj_process_LINE-WS-xinyang-assembly-aging	queuePressure	measured
obj_process_LINE-WS-xinyang-assembly-assembly	queuePressure	measured
obj_process_LINE-WS-xinyang-assembly-coating	queuePressure	measured
obj_process_LINE-WS-xinyang-assembly-formation	queuePressure	measured
obj_process_LINE-WS-xinyang-assembly-winding	queuePressure	measured
obj_process_LINE-WS-xinyang-calendering-aging	queuePressure	measured
obj_process_LINE-WS-xinyang-calendering-assembly	queuePressure	measured
obj_process_LINE-WS-xinyang-calendering-coating	queuePressure	measured
obj_process_LINE-WS-xinyang-calendering-formation	queuePressure	measured
obj_process_LINE-WS-xinyang-calendering-winding	queuePressure	measured
obj_process_LINE-WS-xinyang-coating-aging	queuePressure	measured
obj_process_LINE-WS-xinyang-coating-assembly	queuePressure	measured
obj_process_LINE-WS-xinyang-coating-coating	queuePressure	measured
obj_process_LINE-WS-xinyang-coating-formation	queuePressure	measured
obj_process_LINE-WS-xinyang-coating-winding	queuePressure	measured
obj_process_LINE-WS-xinyang-filling-aging	queuePressure	measured
obj_process_LINE-WS-xinyang-filling-assembly	queuePressure	measured
obj_process_LINE-WS-xinyang-filling-coating	queuePressure	measured
obj_process_LINE-WS-xinyang-filling-formation	queuePressure	measured
obj_process_LINE-WS-xinyang-filling-winding	queuePressure	measured
obj_process_LINE-WS-xinyang-formation-aging	queuePressure	measured
obj_process_LINE-WS-xinyang-formation-assembly	queuePressure	measured
obj_process_LINE-WS-xinyang-formation-coating	queuePressure	measured
obj_process_LINE-WS-xinyang-formation-formation	queuePressure	measured
obj_process_LINE-WS-xinyang-formation-winding	queuePressure	measured
obj_process_LINE-WS-xinyang-grading-aging	queuePressure	measured
obj_process_LINE-WS-xinyang-grading-assembly	queuePressure	measured
obj_process_LINE-WS-xinyang-grading-coating	queuePressure	measured
obj_process_LINE-WS-xinyang-grading-formation	queuePressure	measured
obj_process_LINE-WS-xinyang-grading-winding	queuePressure	measured
obj_process_LINE-WS-xinyang-pack-aging	queuePressure	measured
obj_process_LINE-WS-xinyang-pack-assembly	queuePressure	measured
obj_process_LINE-WS-xinyang-pack-coating	queuePressure	measured
obj_process_LINE-WS-xinyang-pack-formation	queuePressure	measured
obj_process_LINE-WS-xinyang-pack-winding	queuePressure	measured
obj_process_LINE-WS-xinyang-slitting-aging	queuePressure	measured
obj_process_LINE-WS-xinyang-slitting-assembly	queuePressure	measured
obj_process_LINE-WS-xinyang-slitting-coating	queuePressure	measured
obj_process_LINE-WS-xinyang-slitting-formation	queuePressure	measured
obj_process_LINE-WS-xinyang-slitting-winding	queuePressure	measured
obj_process_LINE-WS-xinyang-slurry-aging	queuePressure	measured
obj_process_LINE-WS-xinyang-slurry-assembly	queuePressure	measured
obj_process_LINE-WS-xinyang-slurry-coating	queuePressure	measured
obj_process_LINE-WS-xinyang-slurry-formation	queuePressure	measured
obj_process_LINE-WS-xinyang-slurry-winding	queuePressure	measured
obj_process_LINE-WS-xinyang-winding-aging	queuePressure	measured
obj_process_LINE-WS-xinyang-winding-assembly	queuePressure	measured
obj_process_LINE-WS-xinyang-winding-coating	queuePressure	measured
obj_process_LINE-WS-xinyang-winding-formation	queuePressure	measured
obj_process_LINE-WS-xinyang-winding-winding	queuePressure	measured
obj_process_LINE-WS-yangzhou-assembly-aging	queuePressure	measured
obj_process_LINE-WS-yangzhou-assembly-assembly	queuePressure	measured
obj_process_LINE-WS-yangzhou-assembly-coating	queuePressure	measured
obj_process_LINE-WS-yangzhou-assembly-formation	queuePressure	measured
obj_process_LINE-WS-yangzhou-assembly-winding	queuePressure	measured
obj_process_LINE-WS-yangzhou-calendering-aging	queuePressure	measured
obj_process_LINE-WS-yangzhou-calendering-assembly	queuePressure	measured
obj_process_LINE-WS-yangzhou-calendering-coating	queuePressure	measured
obj_process_LINE-WS-yangzhou-calendering-formation	queuePressure	measured
obj_process_LINE-WS-yangzhou-calendering-winding	queuePressure	measured
obj_process_LINE-WS-yangzhou-coating-aging	queuePressure	measured
obj_process_LINE-WS-yangzhou-coating-assembly	queuePressure	measured
obj_process_LINE-WS-yangzhou-coating-coating	queuePressure	measured
obj_process_LINE-WS-yangzhou-coating-formation	queuePressure	measured
obj_process_LINE-WS-yangzhou-coating-winding	queuePressure	measured
obj_process_LINE-WS-yangzhou-filling-aging	queuePressure	measured
obj_process_LINE-WS-yangzhou-filling-assembly	queuePressure	measured
obj_process_LINE-WS-yangzhou-filling-coating	queuePressure	measured
obj_process_LINE-WS-yangzhou-filling-formation	queuePressure	measured
obj_process_LINE-WS-yangzhou-filling-winding	queuePressure	measured
obj_process_LINE-WS-yangzhou-formation-aging	queuePressure	measured
obj_process_LINE-WS-yangzhou-formation-assembly	queuePressure	measured
obj_process_LINE-WS-yangzhou-formation-coating	queuePressure	measured
obj_process_LINE-WS-yangzhou-formation-formation	queuePressure	measured
obj_process_LINE-WS-yangzhou-formation-winding	queuePressure	measured
obj_process_LINE-WS-yangzhou-grading-aging	queuePressure	measured
obj_process_LINE-WS-yangzhou-grading-assembly	queuePressure	measured
obj_process_LINE-WS-yangzhou-grading-coating	queuePressure	measured
obj_process_LINE-WS-yangzhou-grading-formation	queuePressure	measured
obj_process_LINE-WS-yangzhou-grading-winding	queuePressure	measured
obj_process_LINE-WS-yangzhou-pack-aging	queuePressure	measured
obj_process_LINE-WS-yangzhou-pack-assembly	queuePressure	measured
obj_process_LINE-WS-yangzhou-pack-coating	queuePressure	measured
obj_process_LINE-WS-yangzhou-pack-formation	queuePressure	measured
obj_process_LINE-WS-yangzhou-pack-winding	queuePressure	measured
obj_process_LINE-WS-yangzhou-slitting-aging	queuePressure	measured
obj_process_LINE-WS-yangzhou-slitting-assembly	queuePressure	measured
obj_process_LINE-WS-yangzhou-slitting-coating	queuePressure	measured
obj_process_LINE-WS-yangzhou-slitting-formation	queuePressure	measured
obj_process_LINE-WS-yangzhou-slitting-winding	queuePressure	measured
obj_process_LINE-WS-yangzhou-slurry-aging	queuePressure	measured
obj_process_LINE-WS-yangzhou-slurry-assembly	queuePressure	measured
obj_process_LINE-WS-yangzhou-slurry-coating	queuePressure	measured
obj_process_LINE-WS-yangzhou-slurry-formation	queuePressure	measured
obj_process_LINE-WS-yangzhou-slurry-winding	queuePressure	measured
obj_process_LINE-WS-yangzhou-winding-aging	queuePressure	measured
obj_process_LINE-WS-yangzhou-winding-assembly	queuePressure	measured
obj_process_LINE-WS-yangzhou-winding-coating	queuePressure	measured
obj_process_LINE-WS-yangzhou-winding-formation	queuePressure	measured
obj_process_LINE-WS-yangzhou-winding-winding	queuePressure	measured
obj_process_LINE-WS-zaozhuang-assembly-aging	queuePressure	measured
obj_process_LINE-WS-zaozhuang-assembly-assembly	queuePressure	measured
obj_process_LINE-WS-zaozhuang-assembly-coating	queuePressure	measured
obj_process_LINE-WS-zaozhuang-assembly-formation	queuePressure	measured
obj_process_LINE-WS-zaozhuang-assembly-winding	queuePressure	measured
obj_process_LINE-WS-zaozhuang-calendering-aging	queuePressure	measured
obj_process_LINE-WS-zaozhuang-calendering-assembly	queuePressure	measured
obj_process_LINE-WS-zaozhuang-calendering-coating	queuePressure	measured
obj_process_LINE-WS-zaozhuang-calendering-formation	queuePressure	measured
obj_process_LINE-WS-zaozhuang-calendering-winding	queuePressure	measured
obj_process_LINE-WS-zaozhuang-coating-aging	queuePressure	measured
obj_process_LINE-WS-zaozhuang-coating-assembly	queuePressure	measured
obj_process_LINE-WS-zaozhuang-coating-coating	queuePressure	measured
obj_process_LINE-WS-zaozhuang-coating-formation	queuePressure	measured
obj_process_LINE-WS-zaozhuang-coating-winding	queuePressure	measured
obj_process_LINE-WS-zaozhuang-filling-aging	queuePressure	measured
obj_process_LINE-WS-zaozhuang-filling-assembly	queuePressure	measured
obj_process_LINE-WS-zaozhuang-filling-coating	queuePressure	measured
obj_process_LINE-WS-zaozhuang-filling-formation	queuePressure	measured
obj_process_LINE-WS-zaozhuang-filling-winding	queuePressure	measured
obj_process_LINE-WS-zaozhuang-formation-aging	queuePressure	measured
obj_process_LINE-WS-zaozhuang-formation-assembly	queuePressure	measured
obj_process_LINE-WS-zaozhuang-formation-coating	queuePressure	measured
obj_process_LINE-WS-zaozhuang-formation-formation	queuePressure	measured
obj_process_LINE-WS-zaozhuang-formation-winding	queuePressure	measured
obj_process_LINE-WS-zaozhuang-grading-aging	queuePressure	measured
obj_process_LINE-WS-zaozhuang-grading-assembly	queuePressure	measured
obj_process_LINE-WS-zaozhuang-grading-coating	queuePressure	measured
obj_process_LINE-WS-zaozhuang-grading-formation	queuePressure	measured
obj_process_LINE-WS-zaozhuang-grading-winding	queuePressure	measured
obj_process_LINE-WS-zaozhuang-pack-aging	queuePressure	measured
obj_process_LINE-WS-zaozhuang-pack-assembly	queuePressure	measured
obj_process_LINE-WS-zaozhuang-pack-coating	queuePressure	measured
obj_process_LINE-WS-zaozhuang-pack-formation	queuePressure	measured
obj_process_LINE-WS-zaozhuang-pack-winding	queuePressure	measured
obj_process_LINE-WS-zaozhuang-slitting-aging	queuePressure	measured
obj_process_LINE-WS-zaozhuang-slitting-assembly	queuePressure	measured
obj_process_LINE-WS-zaozhuang-slitting-coating	queuePressure	measured
obj_process_LINE-WS-zaozhuang-slitting-formation	queuePressure	measured
obj_process_LINE-WS-zaozhuang-slitting-winding	queuePressure	measured
obj_process_LINE-WS-zaozhuang-slurry-aging	queuePressure	measured
obj_process_LINE-WS-zaozhuang-slurry-assembly	queuePressure	measured
obj_process_LINE-WS-zaozhuang-slurry-coating	queuePressure	measured
obj_process_LINE-WS-zaozhuang-slurry-formation	queuePressure	measured
obj_process_LINE-WS-zaozhuang-slurry-winding	queuePressure	measured
obj_process_LINE-WS-zaozhuang-winding-aging	queuePressure	measured
obj_process_LINE-WS-zaozhuang-winding-assembly	queuePressure	measured
obj_process_LINE-WS-zaozhuang-winding-coating	queuePressure	measured
obj_process_LINE-WS-zaozhuang-winding-formation	queuePressure	measured
obj_process_LINE-WS-zaozhuang-winding-winding	queuePressure	measured
obj_process_LINE-WS-zigong-assembly-aging	queuePressure	measured
obj_process_LINE-WS-zigong-assembly-assembly	queuePressure	measured
obj_process_LINE-WS-zigong-assembly-coating	queuePressure	measured
obj_process_LINE-WS-zigong-assembly-formation	queuePressure	measured
obj_process_LINE-WS-zigong-assembly-winding	queuePressure	measured
obj_process_LINE-WS-zigong-calendering-aging	queuePressure	measured
obj_process_LINE-WS-zigong-calendering-assembly	queuePressure	measured
obj_process_LINE-WS-zigong-calendering-coating	queuePressure	measured
obj_process_LINE-WS-zigong-calendering-formation	queuePressure	measured
obj_process_LINE-WS-zigong-calendering-winding	queuePressure	measured
obj_process_LINE-WS-zigong-coating-aging	queuePressure	measured
obj_process_LINE-WS-zigong-coating-assembly	queuePressure	measured
obj_process_LINE-WS-zigong-coating-coating	queuePressure	measured
obj_process_LINE-WS-zigong-coating-formation	queuePressure	measured
obj_process_LINE-WS-zigong-coating-winding	queuePressure	measured
obj_process_LINE-WS-zigong-filling-aging	queuePressure	measured
obj_process_LINE-WS-zigong-filling-assembly	queuePressure	measured
obj_process_LINE-WS-zigong-filling-coating	queuePressure	measured
obj_process_LINE-WS-zigong-filling-formation	queuePressure	measured
obj_process_LINE-WS-zigong-filling-winding	queuePressure	measured
obj_process_LINE-WS-zigong-formation-aging	queuePressure	measured
obj_process_LINE-WS-zigong-formation-assembly	queuePressure	measured
obj_process_LINE-WS-zigong-formation-coating	queuePressure	measured
obj_process_LINE-WS-zigong-formation-formation	queuePressure	measured
obj_process_LINE-WS-zigong-formation-winding	queuePressure	measured
obj_process_LINE-WS-zigong-grading-aging	queuePressure	measured
obj_process_LINE-WS-zigong-grading-assembly	queuePressure	measured
obj_process_LINE-WS-zigong-grading-coating	queuePressure	measured
obj_process_LINE-WS-zigong-grading-formation	queuePressure	measured
obj_process_LINE-WS-zigong-grading-winding	queuePressure	measured
obj_process_LINE-WS-zigong-pack-aging	queuePressure	measured
obj_process_LINE-WS-zigong-pack-assembly	queuePressure	measured
obj_process_LINE-WS-zigong-pack-coating	queuePressure	measured
obj_process_LINE-WS-zigong-pack-formation	queuePressure	measured
obj_process_LINE-WS-zigong-pack-winding	queuePressure	measured
obj_process_LINE-WS-zigong-slitting-aging	queuePressure	measured
obj_process_LINE-WS-zigong-slitting-assembly	queuePressure	measured
obj_process_LINE-WS-zigong-slitting-coating	queuePressure	measured
obj_process_LINE-WS-zigong-slitting-formation	queuePressure	measured
obj_process_LINE-WS-zigong-slitting-winding	queuePressure	measured
obj_process_LINE-WS-zigong-slurry-aging	queuePressure	measured
obj_process_LINE-WS-zigong-slurry-assembly	queuePressure	measured
obj_process_LINE-WS-zigong-slurry-coating	queuePressure	measured
obj_process_LINE-WS-zigong-slurry-formation	queuePressure	measured
obj_process_LINE-WS-zigong-slurry-winding	queuePressure	measured
obj_process_LINE-WS-zigong-winding-aging	queuePressure	measured
obj_process_LINE-WS-zigong-winding-assembly	queuePressure	measured
obj_process_LINE-WS-zigong-winding-coating	queuePressure	measured
obj_process_LINE-WS-zigong-winding-formation	queuePressure	measured
obj_process_LINE-WS-zigong-winding-winding	queuePressure	measured
obj_purchaseorder_po_0	expeditePressure	measured
obj_purchaseorder_po_0	procurementDelay	measured
obj_purchaseorder_po_1	expeditePressure	measured
obj_purchaseorder_po_1	procurementDelay	measured
obj_purchaseorder_po_10	expeditePressure	measured
obj_purchaseorder_po_10	procurementDelay	measured
obj_purchaseorder_po_11	expeditePressure	measured
obj_purchaseorder_po_11	procurementDelay	measured
obj_purchaseorder_po_12	expeditePressure	measured
obj_purchaseorder_po_12	procurementDelay	measured
obj_purchaseorder_po_13	expeditePressure	measured
obj_purchaseorder_po_13	procurementDelay	measured
obj_purchaseorder_po_14	expeditePressure	measured
obj_purchaseorder_po_14	procurementDelay	measured
obj_purchaseorder_po_15	expeditePressure	measured
obj_purchaseorder_po_15	procurementDelay	measured
obj_purchaseorder_po_16	expeditePressure	measured
obj_purchaseorder_po_16	procurementDelay	measured
obj_purchaseorder_po_17	expeditePressure	measured
obj_purchaseorder_po_17	procurementDelay	measured
obj_purchaseorder_po_18	expeditePressure	measured
obj_purchaseorder_po_18	procurementDelay	measured
obj_purchaseorder_po_19	expeditePressure	measured
obj_purchaseorder_po_19	procurementDelay	measured
obj_purchaseorder_po_2	expeditePressure	measured
obj_purchaseorder_po_2	procurementDelay	measured
obj_purchaseorder_po_20	expeditePressure	measured
obj_purchaseorder_po_20	procurementDelay	measured
obj_purchaseorder_po_21	expeditePressure	measured
obj_purchaseorder_po_21	procurementDelay	measured
obj_purchaseorder_po_22	expeditePressure	measured
obj_purchaseorder_po_22	procurementDelay	measured
obj_purchaseorder_po_23	expeditePressure	measured
obj_purchaseorder_po_23	procurementDelay	measured
obj_purchaseorder_po_24	expeditePressure	measured
obj_purchaseorder_po_24	procurementDelay	measured
obj_purchaseorder_po_25	expeditePressure	measured
obj_purchaseorder_po_25	procurementDelay	measured
obj_purchaseorder_po_26	expeditePressure	measured
obj_purchaseorder_po_26	procurementDelay	measured
obj_purchaseorder_po_27	expeditePressure	measured
obj_purchaseorder_po_27	procurementDelay	measured
obj_purchaseorder_po_28	expeditePressure	measured
obj_purchaseorder_po_28	procurementDelay	measured
obj_purchaseorder_po_29	expeditePressure	measured
obj_purchaseorder_po_29	procurementDelay	measured
obj_purchaseorder_po_3	expeditePressure	measured
obj_purchaseorder_po_3	procurementDelay	measured
obj_purchaseorder_po_4	expeditePressure	measured
obj_purchaseorder_po_4	procurementDelay	measured
obj_purchaseorder_po_5	expeditePressure	measured
obj_purchaseorder_po_5	procurementDelay	measured
obj_purchaseorder_po_6	expeditePressure	measured
obj_purchaseorder_po_6	procurementDelay	measured
obj_purchaseorder_po_7	expeditePressure	measured
obj_purchaseorder_po_7	procurementDelay	measured
obj_purchaseorder_po_8	expeditePressure	measured
obj_purchaseorder_po_8	procurementDelay	measured
obj_purchaseorder_po_9	expeditePressure	measured
obj_purchaseorder_po_9	procurementDelay	measured
obj_qualitylot_QLOT-WO-LINE-WS-changzhou-assembly-0	inspectBacklog	derived
obj_qualitylot_QLOT-WO-LINE-WS-changzhou-assembly-1	inspectBacklog	derived
obj_qualitylot_QLOT-WO-LINE-WS-changzhou-calendering-0	inspectBacklog	derived
obj_qualitylot_QLOT-WO-LINE-WS-changzhou-calendering-1	inspectBacklog	derived
obj_qualitylot_QLOT-WO-LINE-WS-changzhou-coating-0	inspectBacklog	derived
obj_qualitylot_QLOT-WO-LINE-WS-changzhou-coating-1	inspectBacklog	derived
obj_qualitylot_QLOT-WO-LINE-WS-changzhou-filling-0	inspectBacklog	derived
obj_qualitylot_QLOT-WO-LINE-WS-changzhou-filling-1	inspectBacklog	derived
obj_qualitylot_QLOT-WO-LINE-WS-changzhou-formation-0	inspectBacklog	derived
obj_qualitylot_QLOT-WO-LINE-WS-changzhou-formation-1	inspectBacklog	derived
obj_qualitylot_QLOT-WO-LINE-WS-changzhou-grading-0	inspectBacklog	derived
obj_qualitylot_QLOT-WO-LINE-WS-changzhou-grading-1	inspectBacklog	derived
obj_qualitylot_QLOT-WO-LINE-WS-changzhou-pack-0	inspectBacklog	derived
obj_qualitylot_QLOT-WO-LINE-WS-changzhou-pack-1	inspectBacklog	derived
obj_qualitylot_QLOT-WO-LINE-WS-changzhou-slitting-0	inspectBacklog	derived
obj_qualitylot_QLOT-WO-LINE-WS-changzhou-slitting-1	inspectBacklog	derived
obj_qualitylot_QLOT-WO-LINE-WS-changzhou-slurry-0	inspectBacklog	derived
obj_qualitylot_QLOT-WO-LINE-WS-changzhou-slurry-1	inspectBacklog	derived
obj_qualitylot_QLOT-WO-LINE-WS-changzhou-winding-0	inspectBacklog	derived
obj_qualitylot_QLOT-WO-LINE-WS-changzhou-winding-1	inspectBacklog	derived
obj_qualitylot_QLOT-WO-LINE-WS-chengdu-assembly-0	inspectBacklog	derived
obj_qualitylot_QLOT-WO-LINE-WS-chengdu-assembly-1	inspectBacklog	derived
obj_qualitylot_QLOT-WO-LINE-WS-chengdu-calendering-0	inspectBacklog	derived
obj_qualitylot_QLOT-WO-LINE-WS-chengdu-calendering-1	inspectBacklog	derived
obj_qualitylot_QLOT-WO-LINE-WS-chengdu-coating-0	inspectBacklog	derived
obj_qualitylot_QLOT-WO-LINE-WS-chengdu-coating-1	inspectBacklog	derived
obj_qualitylot_QLOT-WO-LINE-WS-chengdu-filling-0	inspectBacklog	derived
obj_qualitylot_QLOT-WO-LINE-WS-chengdu-filling-1	inspectBacklog	derived
obj_qualitylot_QLOT-WO-LINE-WS-chengdu-formation-0	inspectBacklog	derived
obj_qualitylot_QLOT-WO-LINE-WS-chengdu-formation-1	inspectBacklog	derived
obj_qualitylot_QLOT-WO-LINE-WS-chengdu-grading-0	inspectBacklog	derived
obj_qualitylot_QLOT-WO-LINE-WS-chengdu-grading-1	inspectBacklog	derived
obj_qualitylot_QLOT-WO-LINE-WS-chengdu-pack-0	inspectBacklog	derived
obj_qualitylot_QLOT-WO-LINE-WS-chengdu-pack-1	inspectBacklog	derived
obj_qualitylot_QLOT-WO-LINE-WS-chengdu-slitting-0	inspectBacklog	derived
obj_qualitylot_QLOT-WO-LINE-WS-chengdu-slitting-1	inspectBacklog	derived
obj_qualitylot_QLOT-WO-LINE-WS-chengdu-slurry-0	inspectBacklog	derived
obj_qualitylot_QLOT-WO-LINE-WS-chengdu-slurry-1	inspectBacklog	derived
obj_qualitylot_QLOT-WO-LINE-WS-chengdu-winding-0	inspectBacklog	derived
obj_qualitylot_QLOT-WO-LINE-WS-chengdu-winding-1	inspectBacklog	derived
obj_qualitylot_QLOT-WO-LINE-WS-handan-assembly-0	inspectBacklog	derived
obj_qualitylot_QLOT-WO-LINE-WS-handan-assembly-1	inspectBacklog	derived
obj_qualitylot_QLOT-WO-LINE-WS-handan-calendering-0	inspectBacklog	derived
obj_qualitylot_QLOT-WO-LINE-WS-handan-calendering-1	inspectBacklog	derived
obj_qualitylot_QLOT-WO-LINE-WS-handan-coating-0	inspectBacklog	derived
obj_qualitylot_QLOT-WO-LINE-WS-handan-coating-1	inspectBacklog	derived
obj_qualitylot_QLOT-WO-LINE-WS-handan-filling-0	inspectBacklog	derived
obj_qualitylot_QLOT-WO-LINE-WS-handan-filling-1	inspectBacklog	derived
obj_qualitylot_QLOT-WO-LINE-WS-handan-formation-0	inspectBacklog	derived
obj_qualitylot_QLOT-WO-LINE-WS-handan-formation-1	inspectBacklog	derived
obj_qualitylot_QLOT-WO-LINE-WS-handan-grading-0	inspectBacklog	derived
obj_qualitylot_QLOT-WO-LINE-WS-handan-grading-1	inspectBacklog	derived
obj_qualitylot_QLOT-WO-LINE-WS-handan-pack-0	inspectBacklog	derived
obj_qualitylot_QLOT-WO-LINE-WS-handan-pack-1	inspectBacklog	derived
obj_qualitylot_QLOT-WO-LINE-WS-handan-slitting-0	inspectBacklog	derived
obj_qualitylot_QLOT-WO-LINE-WS-handan-slitting-1	inspectBacklog	derived
obj_qualitylot_QLOT-WO-LINE-WS-handan-slurry-0	inspectBacklog	derived
obj_qualitylot_QLOT-WO-LINE-WS-handan-slurry-1	inspectBacklog	derived
obj_qualitylot_QLOT-WO-LINE-WS-handan-winding-0	inspectBacklog	derived
obj_qualitylot_QLOT-WO-LINE-WS-handan-winding-1	inspectBacklog	derived
obj_qualitylot_QLOT-WO-LINE-WS-hefei-assembly-0	inspectBacklog	derived
obj_qualitylot_QLOT-WO-LINE-WS-hefei-assembly-1	inspectBacklog	derived
obj_qualitylot_QLOT-WO-LINE-WS-hefei-calendering-0	inspectBacklog	derived
obj_qualitylot_QLOT-WO-LINE-WS-hefei-calendering-1	inspectBacklog	derived
obj_qualitylot_QLOT-WO-LINE-WS-hefei-coating-0	inspectBacklog	derived
obj_qualitylot_QLOT-WO-LINE-WS-hefei-coating-1	inspectBacklog	derived
obj_qualitylot_QLOT-WO-LINE-WS-hefei-filling-0	inspectBacklog	derived
obj_qualitylot_QLOT-WO-LINE-WS-hefei-filling-1	inspectBacklog	derived
obj_qualitylot_QLOT-WO-LINE-WS-hefei-formation-0	inspectBacklog	derived
obj_qualitylot_QLOT-WO-LINE-WS-hefei-formation-1	inspectBacklog	derived
obj_qualitylot_QLOT-WO-LINE-WS-hefei-grading-0	inspectBacklog	derived
obj_qualitylot_QLOT-WO-LINE-WS-hefei-grading-1	inspectBacklog	derived
obj_qualitylot_QLOT-WO-LINE-WS-hefei-pack-0	inspectBacklog	derived
obj_qualitylot_QLOT-WO-LINE-WS-hefei-pack-1	inspectBacklog	derived
obj_qualitylot_QLOT-WO-LINE-WS-hefei-slitting-0	inspectBacklog	derived
obj_qualitylot_QLOT-WO-LINE-WS-hefei-slitting-1	inspectBacklog	derived
obj_qualitylot_QLOT-WO-LINE-WS-hefei-slurry-0	inspectBacklog	derived
obj_qualitylot_QLOT-WO-LINE-WS-hefei-slurry-1	inspectBacklog	derived
obj_qualitylot_QLOT-WO-LINE-WS-hefei-winding-0	inspectBacklog	derived
obj_qualitylot_QLOT-WO-LINE-WS-hefei-winding-1	inspectBacklog	derived
obj_qualitylot_QLOT-WO-LINE-WS-jiangmen-assembly-0	inspectBacklog	derived
obj_qualitylot_QLOT-WO-LINE-WS-jiangmen-assembly-1	inspectBacklog	derived
obj_qualitylot_QLOT-WO-LINE-WS-jiangmen-calendering-0	inspectBacklog	derived
obj_qualitylot_QLOT-WO-LINE-WS-jiangmen-calendering-1	inspectBacklog	derived
obj_qualitylot_QLOT-WO-LINE-WS-jiangmen-coating-0	inspectBacklog	derived
obj_qualitylot_QLOT-WO-LINE-WS-jiangmen-coating-1	inspectBacklog	derived
obj_qualitylot_QLOT-WO-LINE-WS-jiangmen-filling-0	inspectBacklog	derived
obj_qualitylot_QLOT-WO-LINE-WS-jiangmen-filling-1	inspectBacklog	derived
obj_qualitylot_QLOT-WO-LINE-WS-jiangmen-formation-0	inspectBacklog	derived
obj_qualitylot_QLOT-WO-LINE-WS-jiangmen-formation-1	inspectBacklog	derived
obj_qualitylot_QLOT-WO-LINE-WS-jiangmen-grading-0	inspectBacklog	derived
obj_qualitylot_QLOT-WO-LINE-WS-jiangmen-grading-1	inspectBacklog	derived
obj_qualitylot_QLOT-WO-LINE-WS-jiangmen-pack-0	inspectBacklog	derived
obj_qualitylot_QLOT-WO-LINE-WS-jiangmen-pack-1	inspectBacklog	derived
obj_qualitylot_QLOT-WO-LINE-WS-jiangmen-slitting-0	inspectBacklog	derived
obj_qualitylot_QLOT-WO-LINE-WS-jiangmen-slitting-1	inspectBacklog	derived
obj_qualitylot_QLOT-WO-LINE-WS-jiangmen-slurry-0	inspectBacklog	derived
obj_qualitylot_QLOT-WO-LINE-WS-jiangmen-slurry-1	inspectBacklog	derived
obj_qualitylot_QLOT-WO-LINE-WS-jiangmen-winding-0	inspectBacklog	derived
obj_qualitylot_QLOT-WO-LINE-WS-jiangmen-winding-1	inspectBacklog	derived
obj_qualitylot_QLOT-WO-LINE-WS-jinhua-assembly-0	inspectBacklog	derived
obj_qualitylot_QLOT-WO-LINE-WS-jinhua-assembly-1	inspectBacklog	derived
obj_qualitylot_QLOT-WO-LINE-WS-jinhua-calendering-0	inspectBacklog	derived
obj_qualitylot_QLOT-WO-LINE-WS-jinhua-calendering-1	inspectBacklog	derived
obj_qualitylot_QLOT-WO-LINE-WS-jinhua-coating-0	inspectBacklog	derived
obj_qualitylot_QLOT-WO-LINE-WS-jinhua-coating-1	inspectBacklog	derived
obj_qualitylot_QLOT-WO-LINE-WS-jinhua-filling-0	inspectBacklog	derived
obj_qualitylot_QLOT-WO-LINE-WS-jinhua-filling-1	inspectBacklog	derived
obj_qualitylot_QLOT-WO-LINE-WS-jinhua-formation-0	inspectBacklog	derived
obj_qualitylot_QLOT-WO-LINE-WS-jinhua-formation-1	inspectBacklog	derived
obj_qualitylot_QLOT-WO-LINE-WS-jinhua-grading-0	inspectBacklog	derived
obj_qualitylot_QLOT-WO-LINE-WS-jinhua-grading-1	inspectBacklog	derived
obj_qualitylot_QLOT-WO-LINE-WS-jinhua-pack-0	inspectBacklog	derived
obj_qualitylot_QLOT-WO-LINE-WS-jinhua-pack-1	inspectBacklog	derived
obj_qualitylot_QLOT-WO-LINE-WS-jinhua-slitting-0	inspectBacklog	derived
obj_qualitylot_QLOT-WO-LINE-WS-jinhua-slitting-1	inspectBacklog	derived
obj_qualitylot_QLOT-WO-LINE-WS-jinhua-slurry-0	inspectBacklog	derived
obj_qualitylot_QLOT-WO-LINE-WS-jinhua-slurry-1	inspectBacklog	derived
obj_qualitylot_QLOT-WO-LINE-WS-jinhua-winding-0	inspectBacklog	derived
obj_qualitylot_QLOT-WO-LINE-WS-jinhua-winding-1	inspectBacklog	derived
obj_qualitylot_QLOT-WO-LINE-WS-meishan-assembly-0	inspectBacklog	derived
obj_qualitylot_QLOT-WO-LINE-WS-meishan-assembly-1	inspectBacklog	derived
obj_qualitylot_QLOT-WO-LINE-WS-meishan-calendering-0	inspectBacklog	derived
obj_qualitylot_QLOT-WO-LINE-WS-meishan-calendering-1	inspectBacklog	derived
obj_qualitylot_QLOT-WO-LINE-WS-meishan-coating-0	inspectBacklog	derived
obj_qualitylot_QLOT-WO-LINE-WS-meishan-coating-1	inspectBacklog	derived
obj_qualitylot_QLOT-WO-LINE-WS-meishan-filling-0	inspectBacklog	derived
obj_qualitylot_QLOT-WO-LINE-WS-meishan-filling-1	inspectBacklog	derived
obj_qualitylot_QLOT-WO-LINE-WS-meishan-formation-0	inspectBacklog	derived
obj_qualitylot_QLOT-WO-LINE-WS-meishan-formation-1	inspectBacklog	derived
obj_qualitylot_QLOT-WO-LINE-WS-meishan-grading-0	inspectBacklog	derived
obj_qualitylot_QLOT-WO-LINE-WS-meishan-grading-1	inspectBacklog	derived
obj_qualitylot_QLOT-WO-LINE-WS-meishan-pack-0	inspectBacklog	derived
obj_qualitylot_QLOT-WO-LINE-WS-meishan-pack-1	inspectBacklog	derived
obj_qualitylot_QLOT-WO-LINE-WS-meishan-slitting-0	inspectBacklog	derived
obj_qualitylot_QLOT-WO-LINE-WS-meishan-slitting-1	inspectBacklog	derived
obj_qualitylot_QLOT-WO-LINE-WS-meishan-slurry-0	inspectBacklog	derived
obj_qualitylot_QLOT-WO-LINE-WS-meishan-slurry-1	inspectBacklog	derived
obj_qualitylot_QLOT-WO-LINE-WS-meishan-winding-0	inspectBacklog	derived
obj_qualitylot_QLOT-WO-LINE-WS-meishan-winding-1	inspectBacklog	derived
obj_qualitylot_QLOT-WO-LINE-WS-wuhan-assembly-0	inspectBacklog	derived
obj_qualitylot_QLOT-WO-LINE-WS-wuhan-assembly-1	inspectBacklog	derived
obj_qualitylot_QLOT-WO-LINE-WS-wuhan-calendering-0	inspectBacklog	derived
obj_qualitylot_QLOT-WO-LINE-WS-wuhan-calendering-1	inspectBacklog	derived
obj_qualitylot_QLOT-WO-LINE-WS-wuhan-coating-0	inspectBacklog	derived
obj_qualitylot_QLOT-WO-LINE-WS-wuhan-coating-1	inspectBacklog	derived
obj_qualitylot_QLOT-WO-LINE-WS-wuhan-filling-0	inspectBacklog	derived
obj_qualitylot_QLOT-WO-LINE-WS-wuhan-filling-1	inspectBacklog	derived
obj_qualitylot_QLOT-WO-LINE-WS-wuhan-formation-0	inspectBacklog	derived
obj_qualitylot_QLOT-WO-LINE-WS-wuhan-formation-1	inspectBacklog	derived
obj_qualitylot_QLOT-WO-LINE-WS-wuhan-grading-0	inspectBacklog	derived
obj_qualitylot_QLOT-WO-LINE-WS-wuhan-grading-1	inspectBacklog	derived
obj_qualitylot_QLOT-WO-LINE-WS-wuhan-pack-0	inspectBacklog	derived
obj_qualitylot_QLOT-WO-LINE-WS-wuhan-pack-1	inspectBacklog	derived
obj_qualitylot_QLOT-WO-LINE-WS-wuhan-slitting-0	inspectBacklog	derived
obj_qualitylot_QLOT-WO-LINE-WS-wuhan-slitting-1	inspectBacklog	derived
obj_qualitylot_QLOT-WO-LINE-WS-wuhan-slurry-0	inspectBacklog	derived
obj_qualitylot_QLOT-WO-LINE-WS-wuhan-slurry-1	inspectBacklog	derived
obj_qualitylot_QLOT-WO-LINE-WS-wuhan-winding-0	inspectBacklog	derived
obj_qualitylot_QLOT-WO-LINE-WS-wuhan-winding-1	inspectBacklog	derived
obj_qualitylot_QLOT-WO-LINE-WS-xiamen-assembly-0	inspectBacklog	derived
obj_qualitylot_QLOT-WO-LINE-WS-xiamen-assembly-1	inspectBacklog	derived
obj_qualitylot_QLOT-WO-LINE-WS-xiamen-calendering-0	inspectBacklog	derived
obj_qualitylot_QLOT-WO-LINE-WS-xiamen-calendering-1	inspectBacklog	derived
obj_qualitylot_QLOT-WO-LINE-WS-xiamen-coating-0	inspectBacklog	derived
obj_qualitylot_QLOT-WO-LINE-WS-xiamen-coating-1	inspectBacklog	derived
obj_qualitylot_QLOT-WO-LINE-WS-xiamen-filling-0	inspectBacklog	derived
obj_qualitylot_QLOT-WO-LINE-WS-xiamen-filling-1	inspectBacklog	derived
obj_qualitylot_QLOT-WO-LINE-WS-xiamen-formation-0	inspectBacklog	derived
obj_qualitylot_QLOT-WO-LINE-WS-xiamen-formation-1	inspectBacklog	derived
obj_qualitylot_QLOT-WO-LINE-WS-xiamen-grading-0	inspectBacklog	derived
obj_qualitylot_QLOT-WO-LINE-WS-xiamen-grading-1	inspectBacklog	derived
obj_qualitylot_QLOT-WO-LINE-WS-xiamen-pack-0	inspectBacklog	derived
obj_qualitylot_QLOT-WO-LINE-WS-xiamen-pack-1	inspectBacklog	derived
obj_qualitylot_QLOT-WO-LINE-WS-xiamen-slitting-0	inspectBacklog	derived
obj_qualitylot_QLOT-WO-LINE-WS-xiamen-slitting-1	inspectBacklog	derived
obj_qualitylot_QLOT-WO-LINE-WS-xiamen-slurry-0	inspectBacklog	derived
obj_qualitylot_QLOT-WO-LINE-WS-xiamen-slurry-1	inspectBacklog	derived
obj_qualitylot_QLOT-WO-LINE-WS-xiamen-winding-0	inspectBacklog	derived
obj_qualitylot_QLOT-WO-LINE-WS-xiamen-winding-1	inspectBacklog	derived
obj_qualitylot_QLOT-WO-LINE-WS-xinyang-assembly-0	inspectBacklog	derived
obj_qualitylot_QLOT-WO-LINE-WS-xinyang-assembly-1	inspectBacklog	derived
obj_qualitylot_QLOT-WO-LINE-WS-xinyang-calendering-0	inspectBacklog	derived
obj_qualitylot_QLOT-WO-LINE-WS-xinyang-calendering-1	inspectBacklog	derived
obj_qualitylot_QLOT-WO-LINE-WS-xinyang-coating-0	inspectBacklog	derived
obj_qualitylot_QLOT-WO-LINE-WS-xinyang-coating-1	inspectBacklog	derived
obj_qualitylot_QLOT-WO-LINE-WS-xinyang-filling-0	inspectBacklog	derived
obj_qualitylot_QLOT-WO-LINE-WS-xinyang-filling-1	inspectBacklog	derived
obj_qualitylot_QLOT-WO-LINE-WS-xinyang-formation-0	inspectBacklog	derived
obj_qualitylot_QLOT-WO-LINE-WS-xinyang-formation-1	inspectBacklog	derived
obj_qualitylot_QLOT-WO-LINE-WS-xinyang-grading-0	inspectBacklog	derived
obj_qualitylot_QLOT-WO-LINE-WS-xinyang-grading-1	inspectBacklog	derived
obj_qualitylot_QLOT-WO-LINE-WS-xinyang-pack-0	inspectBacklog	derived
obj_qualitylot_QLOT-WO-LINE-WS-xinyang-pack-1	inspectBacklog	derived
obj_qualitylot_QLOT-WO-LINE-WS-xinyang-slitting-0	inspectBacklog	derived
obj_qualitylot_QLOT-WO-LINE-WS-xinyang-slitting-1	inspectBacklog	derived
obj_qualitylot_QLOT-WO-LINE-WS-xinyang-slurry-0	inspectBacklog	derived
obj_qualitylot_QLOT-WO-LINE-WS-xinyang-slurry-1	inspectBacklog	derived
obj_qualitylot_QLOT-WO-LINE-WS-xinyang-winding-0	inspectBacklog	derived
obj_qualitylot_QLOT-WO-LINE-WS-xinyang-winding-1	inspectBacklog	derived
obj_qualitylot_QLOT-WO-LINE-WS-yangzhou-assembly-0	inspectBacklog	derived
obj_qualitylot_QLOT-WO-LINE-WS-yangzhou-assembly-1	inspectBacklog	derived
obj_qualitylot_QLOT-WO-LINE-WS-yangzhou-calendering-0	inspectBacklog	derived
obj_qualitylot_QLOT-WO-LINE-WS-yangzhou-calendering-1	inspectBacklog	derived
obj_qualitylot_QLOT-WO-LINE-WS-yangzhou-coating-0	inspectBacklog	derived
obj_qualitylot_QLOT-WO-LINE-WS-yangzhou-coating-1	inspectBacklog	derived
obj_qualitylot_QLOT-WO-LINE-WS-yangzhou-filling-0	inspectBacklog	derived
obj_qualitylot_QLOT-WO-LINE-WS-yangzhou-filling-1	inspectBacklog	derived
obj_qualitylot_QLOT-WO-LINE-WS-yangzhou-formation-0	inspectBacklog	derived
obj_qualitylot_QLOT-WO-LINE-WS-yangzhou-formation-1	inspectBacklog	derived
obj_qualitylot_QLOT-WO-LINE-WS-yangzhou-grading-0	inspectBacklog	derived
obj_qualitylot_QLOT-WO-LINE-WS-yangzhou-grading-1	inspectBacklog	derived
obj_qualitylot_QLOT-WO-LINE-WS-yangzhou-pack-0	inspectBacklog	derived
obj_qualitylot_QLOT-WO-LINE-WS-yangzhou-pack-1	inspectBacklog	derived
obj_qualitylot_QLOT-WO-LINE-WS-yangzhou-slitting-0	inspectBacklog	derived
obj_qualitylot_QLOT-WO-LINE-WS-yangzhou-slitting-1	inspectBacklog	derived
obj_qualitylot_QLOT-WO-LINE-WS-yangzhou-slurry-0	inspectBacklog	derived
obj_qualitylot_QLOT-WO-LINE-WS-yangzhou-slurry-1	inspectBacklog	derived
obj_qualitylot_QLOT-WO-LINE-WS-yangzhou-winding-0	inspectBacklog	derived
obj_qualitylot_QLOT-WO-LINE-WS-yangzhou-winding-1	inspectBacklog	derived
obj_qualitylot_QLOT-WO-LINE-WS-zaozhuang-assembly-0	inspectBacklog	derived
obj_qualitylot_QLOT-WO-LINE-WS-zaozhuang-assembly-1	inspectBacklog	derived
obj_qualitylot_QLOT-WO-LINE-WS-zaozhuang-calendering-0	inspectBacklog	derived
obj_qualitylot_QLOT-WO-LINE-WS-zaozhuang-calendering-1	inspectBacklog	derived
obj_qualitylot_QLOT-WO-LINE-WS-zaozhuang-coating-0	inspectBacklog	derived
obj_qualitylot_QLOT-WO-LINE-WS-zaozhuang-coating-1	inspectBacklog	derived
obj_qualitylot_QLOT-WO-LINE-WS-zaozhuang-filling-0	inspectBacklog	derived
obj_qualitylot_QLOT-WO-LINE-WS-zaozhuang-filling-1	inspectBacklog	derived
obj_qualitylot_QLOT-WO-LINE-WS-zaozhuang-formation-0	inspectBacklog	derived
obj_qualitylot_QLOT-WO-LINE-WS-zaozhuang-formation-1	inspectBacklog	derived
obj_qualitylot_QLOT-WO-LINE-WS-zaozhuang-grading-0	inspectBacklog	derived
obj_qualitylot_QLOT-WO-LINE-WS-zaozhuang-grading-1	inspectBacklog	derived
obj_qualitylot_QLOT-WO-LINE-WS-zaozhuang-pack-0	inspectBacklog	derived
obj_qualitylot_QLOT-WO-LINE-WS-zaozhuang-pack-1	inspectBacklog	derived
obj_qualitylot_QLOT-WO-LINE-WS-zaozhuang-slitting-0	inspectBacklog	derived
obj_qualitylot_QLOT-WO-LINE-WS-zaozhuang-slitting-1	inspectBacklog	derived
obj_qualitylot_QLOT-WO-LINE-WS-zaozhuang-slurry-0	inspectBacklog	derived
obj_qualitylot_QLOT-WO-LINE-WS-zaozhuang-slurry-1	inspectBacklog	derived
obj_qualitylot_QLOT-WO-LINE-WS-zaozhuang-winding-0	inspectBacklog	derived
obj_qualitylot_QLOT-WO-LINE-WS-zaozhuang-winding-1	inspectBacklog	derived
obj_qualitylot_QLOT-WO-LINE-WS-zigong-assembly-0	inspectBacklog	derived
obj_qualitylot_QLOT-WO-LINE-WS-zigong-assembly-1	inspectBacklog	derived
obj_qualitylot_QLOT-WO-LINE-WS-zigong-calendering-0	inspectBacklog	derived
obj_qualitylot_QLOT-WO-LINE-WS-zigong-calendering-1	inspectBacklog	derived
obj_qualitylot_QLOT-WO-LINE-WS-zigong-coating-0	inspectBacklog	derived
obj_qualitylot_QLOT-WO-LINE-WS-zigong-coating-1	inspectBacklog	derived
obj_qualitylot_QLOT-WO-LINE-WS-zigong-filling-0	inspectBacklog	derived
obj_qualitylot_QLOT-WO-LINE-WS-zigong-filling-1	inspectBacklog	derived
obj_qualitylot_QLOT-WO-LINE-WS-zigong-formation-0	inspectBacklog	derived
obj_qualitylot_QLOT-WO-LINE-WS-zigong-formation-1	inspectBacklog	derived
obj_qualitylot_QLOT-WO-LINE-WS-zigong-grading-0	inspectBacklog	derived
obj_qualitylot_QLOT-WO-LINE-WS-zigong-grading-1	inspectBacklog	derived
obj_qualitylot_QLOT-WO-LINE-WS-zigong-pack-0	inspectBacklog	derived
obj_qualitylot_QLOT-WO-LINE-WS-zigong-pack-1	inspectBacklog	derived
obj_qualitylot_QLOT-WO-LINE-WS-zigong-slitting-0	inspectBacklog	derived
obj_qualitylot_QLOT-WO-LINE-WS-zigong-slitting-1	inspectBacklog	derived
obj_qualitylot_QLOT-WO-LINE-WS-zigong-slurry-0	inspectBacklog	derived
obj_qualitylot_QLOT-WO-LINE-WS-zigong-slurry-1	inspectBacklog	derived
obj_qualitylot_QLOT-WO-LINE-WS-zigong-winding-0	inspectBacklog	derived
obj_qualitylot_QLOT-WO-LINE-WS-zigong-winding-1	inspectBacklog	derived
obj_shipment_SHIP-changzhou	inboundExpeditePressure	derived
obj_shipment_SHIP-chengdu	inboundExpeditePressure	derived
obj_shipment_SHIP-handan	inboundExpeditePressure	derived
obj_shipment_SHIP-hefei	inboundExpeditePressure	derived
obj_shipment_SHIP-jiangmen	inboundExpeditePressure	derived
obj_shipment_SHIP-jinhua	inboundExpeditePressure	derived
obj_shipment_SHIP-meishan	inboundExpeditePressure	derived
obj_shipment_SHIP-wuhan	inboundExpeditePressure	derived
obj_shipment_SHIP-xiamen	inboundExpeditePressure	derived
obj_shipment_SHIP-xinyang	inboundExpeditePressure	derived
obj_shipment_SHIP-yangzhou	inboundExpeditePressure	derived
obj_shipment_SHIP-zaozhuang	inboundExpeditePressure	derived
obj_shipment_SHIP-zigong	inboundExpeditePressure	derived
obj_supplier_SUP-001	deliveryDelay	measured
obj_supplier_SUP-001	procurementDelay	measured
obj_supplier_SUP-001	reviewPressure	derived
obj_supplier_SUP-002	deliveryDelay	measured
obj_supplier_SUP-002	procurementDelay	measured
obj_supplier_SUP-002	reviewPressure	derived
obj_supplier_SUP-003	deliveryDelay	measured
obj_supplier_SUP-003	procurementDelay	measured
obj_supplier_SUP-003	reviewPressure	derived
obj_supplier_SUP-004	deliveryDelay	measured
obj_supplier_SUP-004	procurementDelay	measured
obj_supplier_SUP-004	reviewPressure	derived
obj_supplier_SUP-005	deliveryDelay	measured
obj_supplier_SUP-005	procurementDelay	measured
obj_supplier_SUP-005	reviewPressure	derived
obj_supplier_SUP-006	deliveryDelay	measured
obj_supplier_SUP-006	procurementDelay	measured
obj_supplier_SUP-006	reviewPressure	derived
obj_supplier_SUP-007	deliveryDelay	measured
obj_supplier_SUP-007	procurementDelay	measured
obj_supplier_SUP-007	reviewPressure	derived
obj_supplier_SUP-008	deliveryDelay	measured
obj_supplier_SUP-008	procurementDelay	measured
obj_supplier_SUP-008	reviewPressure	derived
obj_supplier_SUP-009	deliveryDelay	measured
obj_supplier_SUP-009	procurementDelay	measured
obj_supplier_SUP-009	reviewPressure	derived
obj_supplier_SUP-010	deliveryDelay	measured
obj_supplier_SUP-010	procurementDelay	measured
obj_supplier_SUP-010	reviewPressure	derived
obj_supplier_SUP-011	deliveryDelay	measured
obj_supplier_SUP-011	procurementDelay	measured
obj_supplier_SUP-011	reviewPressure	derived
obj_supplier_SUP-012	deliveryDelay	measured
obj_supplier_SUP-012	procurementDelay	measured
obj_supplier_SUP-012	reviewPressure	derived
obj_supplier_SUP-013	deliveryDelay	measured
obj_supplier_SUP-013	procurementDelay	measured
obj_supplier_SUP-013	reviewPressure	derived
obj_supplier_SUP-014	deliveryDelay	measured
obj_supplier_SUP-014	procurementDelay	measured
obj_supplier_SUP-014	reviewPressure	derived
obj_supplier_SUP-015	deliveryDelay	measured
obj_supplier_SUP-015	procurementDelay	measured
obj_supplier_SUP-015	reviewPressure	derived
obj_wiplot_LOT-WO-LINE-WS-changzhou-assembly-0	feedPressure	measured
obj_wiplot_LOT-WO-LINE-WS-changzhou-assembly-1	feedPressure	measured
obj_wiplot_LOT-WO-LINE-WS-changzhou-calendering-0	feedPressure	measured
obj_wiplot_LOT-WO-LINE-WS-changzhou-calendering-1	feedPressure	measured
obj_wiplot_LOT-WO-LINE-WS-changzhou-coating-0	feedPressure	measured
obj_wiplot_LOT-WO-LINE-WS-changzhou-coating-1	feedPressure	measured
obj_wiplot_LOT-WO-LINE-WS-changzhou-filling-0	feedPressure	measured
obj_wiplot_LOT-WO-LINE-WS-changzhou-filling-1	feedPressure	measured
obj_wiplot_LOT-WO-LINE-WS-changzhou-formation-0	feedPressure	measured
obj_wiplot_LOT-WO-LINE-WS-changzhou-formation-1	feedPressure	measured
obj_wiplot_LOT-WO-LINE-WS-changzhou-grading-0	feedPressure	measured
obj_wiplot_LOT-WO-LINE-WS-changzhou-grading-1	feedPressure	measured
obj_wiplot_LOT-WO-LINE-WS-changzhou-pack-0	feedPressure	measured
obj_wiplot_LOT-WO-LINE-WS-changzhou-pack-1	feedPressure	measured
obj_wiplot_LOT-WO-LINE-WS-changzhou-slitting-0	feedPressure	measured
obj_wiplot_LOT-WO-LINE-WS-changzhou-slitting-1	feedPressure	measured
obj_wiplot_LOT-WO-LINE-WS-changzhou-slurry-0	feedPressure	measured
obj_wiplot_LOT-WO-LINE-WS-changzhou-slurry-1	feedPressure	measured
obj_wiplot_LOT-WO-LINE-WS-changzhou-winding-0	feedPressure	measured
obj_wiplot_LOT-WO-LINE-WS-changzhou-winding-1	feedPressure	measured
obj_wiplot_LOT-WO-LINE-WS-chengdu-assembly-0	feedPressure	measured
obj_wiplot_LOT-WO-LINE-WS-chengdu-assembly-1	feedPressure	measured
obj_wiplot_LOT-WO-LINE-WS-chengdu-calendering-0	feedPressure	measured
obj_wiplot_LOT-WO-LINE-WS-chengdu-calendering-1	feedPressure	measured
obj_wiplot_LOT-WO-LINE-WS-chengdu-coating-0	feedPressure	measured
obj_wiplot_LOT-WO-LINE-WS-chengdu-coating-1	feedPressure	measured
obj_wiplot_LOT-WO-LINE-WS-chengdu-filling-0	feedPressure	measured
obj_wiplot_LOT-WO-LINE-WS-chengdu-filling-1	feedPressure	measured
obj_wiplot_LOT-WO-LINE-WS-chengdu-formation-0	feedPressure	measured
obj_wiplot_LOT-WO-LINE-WS-chengdu-formation-1	feedPressure	measured
obj_wiplot_LOT-WO-LINE-WS-chengdu-grading-0	feedPressure	measured
obj_wiplot_LOT-WO-LINE-WS-chengdu-grading-1	feedPressure	measured
obj_wiplot_LOT-WO-LINE-WS-chengdu-pack-0	feedPressure	measured
obj_wiplot_LOT-WO-LINE-WS-chengdu-pack-1	feedPressure	measured
obj_wiplot_LOT-WO-LINE-WS-chengdu-slitting-0	feedPressure	measured
obj_wiplot_LOT-WO-LINE-WS-chengdu-slitting-1	feedPressure	measured
obj_wiplot_LOT-WO-LINE-WS-chengdu-slurry-0	feedPressure	measured
obj_wiplot_LOT-WO-LINE-WS-chengdu-slurry-1	feedPressure	measured
obj_wiplot_LOT-WO-LINE-WS-chengdu-winding-0	feedPressure	measured
obj_wiplot_LOT-WO-LINE-WS-chengdu-winding-1	feedPressure	measured
obj_wiplot_LOT-WO-LINE-WS-handan-assembly-0	feedPressure	measured
obj_wiplot_LOT-WO-LINE-WS-handan-assembly-1	feedPressure	measured
obj_wiplot_LOT-WO-LINE-WS-handan-calendering-0	feedPressure	measured
obj_wiplot_LOT-WO-LINE-WS-handan-calendering-1	feedPressure	measured
obj_wiplot_LOT-WO-LINE-WS-handan-coating-0	feedPressure	measured
obj_wiplot_LOT-WO-LINE-WS-handan-coating-1	feedPressure	measured
obj_wiplot_LOT-WO-LINE-WS-handan-filling-0	feedPressure	measured
obj_wiplot_LOT-WO-LINE-WS-handan-filling-1	feedPressure	measured
obj_wiplot_LOT-WO-LINE-WS-handan-formation-0	feedPressure	measured
obj_wiplot_LOT-WO-LINE-WS-handan-formation-1	feedPressure	measured
obj_wiplot_LOT-WO-LINE-WS-handan-grading-0	feedPressure	measured
obj_wiplot_LOT-WO-LINE-WS-handan-grading-1	feedPressure	measured
obj_wiplot_LOT-WO-LINE-WS-handan-pack-0	feedPressure	measured
obj_wiplot_LOT-WO-LINE-WS-handan-pack-1	feedPressure	measured
obj_wiplot_LOT-WO-LINE-WS-handan-slitting-0	feedPressure	measured
obj_wiplot_LOT-WO-LINE-WS-handan-slitting-1	feedPressure	measured
obj_wiplot_LOT-WO-LINE-WS-handan-slurry-0	feedPressure	measured
obj_wiplot_LOT-WO-LINE-WS-handan-slurry-1	feedPressure	measured
obj_wiplot_LOT-WO-LINE-WS-handan-winding-0	feedPressure	measured
obj_wiplot_LOT-WO-LINE-WS-handan-winding-1	feedPressure	measured
obj_wiplot_LOT-WO-LINE-WS-hefei-assembly-0	feedPressure	measured
obj_wiplot_LOT-WO-LINE-WS-hefei-assembly-1	feedPressure	measured
obj_wiplot_LOT-WO-LINE-WS-hefei-calendering-0	feedPressure	measured
obj_wiplot_LOT-WO-LINE-WS-hefei-calendering-1	feedPressure	measured
obj_wiplot_LOT-WO-LINE-WS-hefei-coating-0	feedPressure	measured
obj_wiplot_LOT-WO-LINE-WS-hefei-coating-1	feedPressure	measured
obj_wiplot_LOT-WO-LINE-WS-hefei-filling-0	feedPressure	measured
obj_wiplot_LOT-WO-LINE-WS-hefei-filling-1	feedPressure	measured
obj_wiplot_LOT-WO-LINE-WS-hefei-formation-0	feedPressure	measured
obj_wiplot_LOT-WO-LINE-WS-hefei-formation-1	feedPressure	measured
obj_wiplot_LOT-WO-LINE-WS-hefei-grading-0	feedPressure	measured
obj_wiplot_LOT-WO-LINE-WS-hefei-grading-1	feedPressure	measured
obj_wiplot_LOT-WO-LINE-WS-hefei-pack-0	feedPressure	measured
obj_wiplot_LOT-WO-LINE-WS-hefei-pack-1	feedPressure	measured
obj_wiplot_LOT-WO-LINE-WS-hefei-slitting-0	feedPressure	measured
obj_wiplot_LOT-WO-LINE-WS-hefei-slitting-1	feedPressure	measured
obj_wiplot_LOT-WO-LINE-WS-hefei-slurry-0	feedPressure	measured
obj_wiplot_LOT-WO-LINE-WS-hefei-slurry-1	feedPressure	measured
obj_wiplot_LOT-WO-LINE-WS-hefei-winding-0	feedPressure	measured
obj_wiplot_LOT-WO-LINE-WS-hefei-winding-1	feedPressure	measured
obj_wiplot_LOT-WO-LINE-WS-jiangmen-assembly-0	feedPressure	measured
obj_wiplot_LOT-WO-LINE-WS-jiangmen-assembly-1	feedPressure	measured
obj_wiplot_LOT-WO-LINE-WS-jiangmen-calendering-0	feedPressure	measured
obj_wiplot_LOT-WO-LINE-WS-jiangmen-calendering-1	feedPressure	measured
obj_wiplot_LOT-WO-LINE-WS-jiangmen-coating-0	feedPressure	measured
obj_wiplot_LOT-WO-LINE-WS-jiangmen-coating-1	feedPressure	measured
obj_wiplot_LOT-WO-LINE-WS-jiangmen-filling-0	feedPressure	measured
obj_wiplot_LOT-WO-LINE-WS-jiangmen-filling-1	feedPressure	measured
obj_wiplot_LOT-WO-LINE-WS-jiangmen-formation-0	feedPressure	measured
obj_wiplot_LOT-WO-LINE-WS-jiangmen-formation-1	feedPressure	measured
obj_wiplot_LOT-WO-LINE-WS-jiangmen-grading-0	feedPressure	measured
obj_wiplot_LOT-WO-LINE-WS-jiangmen-grading-1	feedPressure	measured
obj_wiplot_LOT-WO-LINE-WS-jiangmen-pack-0	feedPressure	measured
obj_wiplot_LOT-WO-LINE-WS-jiangmen-pack-1	feedPressure	measured
obj_wiplot_LOT-WO-LINE-WS-jiangmen-slitting-0	feedPressure	measured
obj_wiplot_LOT-WO-LINE-WS-jiangmen-slitting-1	feedPressure	measured
obj_wiplot_LOT-WO-LINE-WS-jiangmen-slurry-0	feedPressure	measured
obj_wiplot_LOT-WO-LINE-WS-jiangmen-slurry-1	feedPressure	measured
obj_wiplot_LOT-WO-LINE-WS-jiangmen-winding-0	feedPressure	measured
obj_wiplot_LOT-WO-LINE-WS-jiangmen-winding-1	feedPressure	measured
obj_wiplot_LOT-WO-LINE-WS-jinhua-assembly-0	feedPressure	measured
obj_wiplot_LOT-WO-LINE-WS-jinhua-assembly-1	feedPressure	measured
obj_wiplot_LOT-WO-LINE-WS-jinhua-calendering-0	feedPressure	measured
obj_wiplot_LOT-WO-LINE-WS-jinhua-calendering-1	feedPressure	measured
obj_wiplot_LOT-WO-LINE-WS-jinhua-coating-0	feedPressure	measured
obj_wiplot_LOT-WO-LINE-WS-jinhua-coating-1	feedPressure	measured
obj_wiplot_LOT-WO-LINE-WS-jinhua-filling-0	feedPressure	measured
obj_wiplot_LOT-WO-LINE-WS-jinhua-filling-1	feedPressure	measured
obj_wiplot_LOT-WO-LINE-WS-jinhua-formation-0	feedPressure	measured
obj_wiplot_LOT-WO-LINE-WS-jinhua-formation-1	feedPressure	measured
obj_wiplot_LOT-WO-LINE-WS-jinhua-grading-0	feedPressure	measured
obj_wiplot_LOT-WO-LINE-WS-jinhua-grading-1	feedPressure	measured
obj_wiplot_LOT-WO-LINE-WS-jinhua-pack-0	feedPressure	measured
obj_wiplot_LOT-WO-LINE-WS-jinhua-pack-1	feedPressure	measured
obj_wiplot_LOT-WO-LINE-WS-jinhua-slitting-0	feedPressure	measured
obj_wiplot_LOT-WO-LINE-WS-jinhua-slitting-1	feedPressure	measured
obj_wiplot_LOT-WO-LINE-WS-jinhua-slurry-0	feedPressure	measured
obj_wiplot_LOT-WO-LINE-WS-jinhua-slurry-1	feedPressure	measured
obj_wiplot_LOT-WO-LINE-WS-jinhua-winding-0	feedPressure	measured
obj_wiplot_LOT-WO-LINE-WS-jinhua-winding-1	feedPressure	measured
obj_wiplot_LOT-WO-LINE-WS-meishan-assembly-0	feedPressure	measured
obj_wiplot_LOT-WO-LINE-WS-meishan-assembly-1	feedPressure	measured
obj_wiplot_LOT-WO-LINE-WS-meishan-calendering-0	feedPressure	measured
obj_wiplot_LOT-WO-LINE-WS-meishan-calendering-1	feedPressure	measured
obj_wiplot_LOT-WO-LINE-WS-meishan-coating-0	feedPressure	measured
obj_wiplot_LOT-WO-LINE-WS-meishan-coating-1	feedPressure	measured
obj_wiplot_LOT-WO-LINE-WS-meishan-filling-0	feedPressure	measured
obj_wiplot_LOT-WO-LINE-WS-meishan-filling-1	feedPressure	measured
obj_wiplot_LOT-WO-LINE-WS-meishan-formation-0	feedPressure	measured
obj_wiplot_LOT-WO-LINE-WS-meishan-formation-1	feedPressure	measured
obj_wiplot_LOT-WO-LINE-WS-meishan-grading-0	feedPressure	measured
obj_wiplot_LOT-WO-LINE-WS-meishan-grading-1	feedPressure	measured
obj_wiplot_LOT-WO-LINE-WS-meishan-pack-0	feedPressure	measured
obj_wiplot_LOT-WO-LINE-WS-meishan-pack-1	feedPressure	measured
obj_wiplot_LOT-WO-LINE-WS-meishan-slitting-0	feedPressure	measured
obj_wiplot_LOT-WO-LINE-WS-meishan-slitting-1	feedPressure	measured
obj_wiplot_LOT-WO-LINE-WS-meishan-slurry-0	feedPressure	measured
obj_wiplot_LOT-WO-LINE-WS-meishan-slurry-1	feedPressure	measured
obj_wiplot_LOT-WO-LINE-WS-meishan-winding-0	feedPressure	measured
obj_wiplot_LOT-WO-LINE-WS-meishan-winding-1	feedPressure	measured
obj_wiplot_LOT-WO-LINE-WS-wuhan-assembly-0	feedPressure	measured
obj_wiplot_LOT-WO-LINE-WS-wuhan-assembly-1	feedPressure	measured
obj_wiplot_LOT-WO-LINE-WS-wuhan-calendering-0	feedPressure	measured
obj_wiplot_LOT-WO-LINE-WS-wuhan-calendering-1	feedPressure	measured
obj_wiplot_LOT-WO-LINE-WS-wuhan-coating-0	feedPressure	measured
obj_wiplot_LOT-WO-LINE-WS-wuhan-coating-1	feedPressure	measured
obj_wiplot_LOT-WO-LINE-WS-wuhan-filling-0	feedPressure	measured
obj_wiplot_LOT-WO-LINE-WS-wuhan-filling-1	feedPressure	measured
obj_wiplot_LOT-WO-LINE-WS-wuhan-formation-0	feedPressure	measured
obj_wiplot_LOT-WO-LINE-WS-wuhan-formation-1	feedPressure	measured
obj_wiplot_LOT-WO-LINE-WS-wuhan-grading-0	feedPressure	measured
obj_wiplot_LOT-WO-LINE-WS-wuhan-grading-1	feedPressure	measured
obj_wiplot_LOT-WO-LINE-WS-wuhan-pack-0	feedPressure	measured
obj_wiplot_LOT-WO-LINE-WS-wuhan-pack-1	feedPressure	measured
obj_wiplot_LOT-WO-LINE-WS-wuhan-slitting-0	feedPressure	measured
obj_wiplot_LOT-WO-LINE-WS-wuhan-slitting-1	feedPressure	measured
obj_wiplot_LOT-WO-LINE-WS-wuhan-slurry-0	feedPressure	measured
obj_wiplot_LOT-WO-LINE-WS-wuhan-slurry-1	feedPressure	measured
obj_wiplot_LOT-WO-LINE-WS-wuhan-winding-0	feedPressure	measured
obj_wiplot_LOT-WO-LINE-WS-wuhan-winding-1	feedPressure	measured
obj_wiplot_LOT-WO-LINE-WS-xiamen-assembly-0	feedPressure	measured
obj_wiplot_LOT-WO-LINE-WS-xiamen-assembly-1	feedPressure	measured
obj_wiplot_LOT-WO-LINE-WS-xiamen-calendering-0	feedPressure	measured
obj_wiplot_LOT-WO-LINE-WS-xiamen-calendering-1	feedPressure	measured
obj_wiplot_LOT-WO-LINE-WS-xiamen-coating-0	feedPressure	measured
obj_wiplot_LOT-WO-LINE-WS-xiamen-coating-1	feedPressure	measured
obj_wiplot_LOT-WO-LINE-WS-xiamen-filling-0	feedPressure	measured
obj_wiplot_LOT-WO-LINE-WS-xiamen-filling-1	feedPressure	measured
obj_wiplot_LOT-WO-LINE-WS-xiamen-formation-0	feedPressure	measured
obj_wiplot_LOT-WO-LINE-WS-xiamen-formation-1	feedPressure	measured
obj_wiplot_LOT-WO-LINE-WS-xiamen-grading-0	feedPressure	measured
obj_wiplot_LOT-WO-LINE-WS-xiamen-grading-1	feedPressure	measured
obj_wiplot_LOT-WO-LINE-WS-xiamen-pack-0	feedPressure	measured
obj_wiplot_LOT-WO-LINE-WS-xiamen-pack-1	feedPressure	measured
obj_wiplot_LOT-WO-LINE-WS-xiamen-slitting-0	feedPressure	measured
obj_wiplot_LOT-WO-LINE-WS-xiamen-slitting-1	feedPressure	measured
obj_wiplot_LOT-WO-LINE-WS-xiamen-slurry-0	feedPressure	measured
obj_wiplot_LOT-WO-LINE-WS-xiamen-slurry-1	feedPressure	measured
obj_wiplot_LOT-WO-LINE-WS-xiamen-winding-0	feedPressure	measured
obj_wiplot_LOT-WO-LINE-WS-xiamen-winding-1	feedPressure	measured
obj_wiplot_LOT-WO-LINE-WS-xinyang-assembly-0	feedPressure	measured
obj_wiplot_LOT-WO-LINE-WS-xinyang-assembly-1	feedPressure	measured
obj_wiplot_LOT-WO-LINE-WS-xinyang-calendering-0	feedPressure	measured
obj_wiplot_LOT-WO-LINE-WS-xinyang-calendering-1	feedPressure	measured
obj_wiplot_LOT-WO-LINE-WS-xinyang-coating-0	feedPressure	measured
obj_wiplot_LOT-WO-LINE-WS-xinyang-coating-1	feedPressure	measured
obj_wiplot_LOT-WO-LINE-WS-xinyang-filling-0	feedPressure	measured
obj_wiplot_LOT-WO-LINE-WS-xinyang-filling-1	feedPressure	measured
obj_wiplot_LOT-WO-LINE-WS-xinyang-formation-0	feedPressure	measured
obj_wiplot_LOT-WO-LINE-WS-xinyang-formation-1	feedPressure	measured
obj_wiplot_LOT-WO-LINE-WS-xinyang-grading-0	feedPressure	measured
obj_wiplot_LOT-WO-LINE-WS-xinyang-grading-1	feedPressure	measured
obj_wiplot_LOT-WO-LINE-WS-xinyang-pack-0	feedPressure	measured
obj_wiplot_LOT-WO-LINE-WS-xinyang-pack-1	feedPressure	measured
obj_wiplot_LOT-WO-LINE-WS-xinyang-slitting-0	feedPressure	measured
obj_wiplot_LOT-WO-LINE-WS-xinyang-slitting-1	feedPressure	measured
obj_wiplot_LOT-WO-LINE-WS-xinyang-slurry-0	feedPressure	measured
obj_wiplot_LOT-WO-LINE-WS-xinyang-slurry-1	feedPressure	measured
obj_wiplot_LOT-WO-LINE-WS-xinyang-winding-0	feedPressure	measured
obj_wiplot_LOT-WO-LINE-WS-xinyang-winding-1	feedPressure	measured
obj_wiplot_LOT-WO-LINE-WS-yangzhou-assembly-0	feedPressure	measured
obj_wiplot_LOT-WO-LINE-WS-yangzhou-assembly-1	feedPressure	measured
obj_wiplot_LOT-WO-LINE-WS-yangzhou-calendering-0	feedPressure	measured
obj_wiplot_LOT-WO-LINE-WS-yangzhou-calendering-1	feedPressure	measured
obj_wiplot_LOT-WO-LINE-WS-yangzhou-coating-0	feedPressure	measured
obj_wiplot_LOT-WO-LINE-WS-yangzhou-coating-1	feedPressure	measured
obj_wiplot_LOT-WO-LINE-WS-yangzhou-filling-0	feedPressure	measured
obj_wiplot_LOT-WO-LINE-WS-yangzhou-filling-1	feedPressure	measured
obj_wiplot_LOT-WO-LINE-WS-yangzhou-formation-0	feedPressure	measured
obj_wiplot_LOT-WO-LINE-WS-yangzhou-formation-1	feedPressure	measured
obj_wiplot_LOT-WO-LINE-WS-yangzhou-grading-0	feedPressure	measured
obj_wiplot_LOT-WO-LINE-WS-yangzhou-grading-1	feedPressure	measured
obj_wiplot_LOT-WO-LINE-WS-yangzhou-pack-0	feedPressure	measured
obj_wiplot_LOT-WO-LINE-WS-yangzhou-pack-1	feedPressure	measured
obj_wiplot_LOT-WO-LINE-WS-yangzhou-slitting-0	feedPressure	measured
obj_wiplot_LOT-WO-LINE-WS-yangzhou-slitting-1	feedPressure	measured
obj_wiplot_LOT-WO-LINE-WS-yangzhou-slurry-0	feedPressure	measured
obj_wiplot_LOT-WO-LINE-WS-yangzhou-slurry-1	feedPressure	measured
obj_wiplot_LOT-WO-LINE-WS-yangzhou-winding-0	feedPressure	measured
obj_wiplot_LOT-WO-LINE-WS-yangzhou-winding-1	feedPressure	measured
obj_wiplot_LOT-WO-LINE-WS-zaozhuang-assembly-0	feedPressure	measured
obj_wiplot_LOT-WO-LINE-WS-zaozhuang-assembly-1	feedPressure	measured
obj_wiplot_LOT-WO-LINE-WS-zaozhuang-calendering-0	feedPressure	measured
obj_wiplot_LOT-WO-LINE-WS-zaozhuang-calendering-1	feedPressure	measured
obj_wiplot_LOT-WO-LINE-WS-zaozhuang-coating-0	feedPressure	measured
obj_wiplot_LOT-WO-LINE-WS-zaozhuang-coating-1	feedPressure	measured
obj_wiplot_LOT-WO-LINE-WS-zaozhuang-filling-0	feedPressure	measured
obj_wiplot_LOT-WO-LINE-WS-zaozhuang-filling-1	feedPressure	measured
obj_wiplot_LOT-WO-LINE-WS-zaozhuang-formation-0	feedPressure	measured
obj_wiplot_LOT-WO-LINE-WS-zaozhuang-formation-1	feedPressure	measured
obj_wiplot_LOT-WO-LINE-WS-zaozhuang-grading-0	feedPressure	measured
obj_wiplot_LOT-WO-LINE-WS-zaozhuang-grading-1	feedPressure	measured
obj_wiplot_LOT-WO-LINE-WS-zaozhuang-pack-0	feedPressure	measured
obj_wiplot_LOT-WO-LINE-WS-zaozhuang-pack-1	feedPressure	measured
obj_wiplot_LOT-WO-LINE-WS-zaozhuang-slitting-0	feedPressure	measured
obj_wiplot_LOT-WO-LINE-WS-zaozhuang-slitting-1	feedPressure	measured
obj_wiplot_LOT-WO-LINE-WS-zaozhuang-slurry-0	feedPressure	measured
obj_wiplot_LOT-WO-LINE-WS-zaozhuang-slurry-1	feedPressure	measured
obj_wiplot_LOT-WO-LINE-WS-zaozhuang-winding-0	feedPressure	measured
obj_wiplot_LOT-WO-LINE-WS-zaozhuang-winding-1	feedPressure	measured
obj_wiplot_LOT-WO-LINE-WS-zigong-assembly-0	feedPressure	measured
obj_wiplot_LOT-WO-LINE-WS-zigong-assembly-1	feedPressure	measured
obj_wiplot_LOT-WO-LINE-WS-zigong-calendering-0	feedPressure	measured
obj_wiplot_LOT-WO-LINE-WS-zigong-calendering-1	feedPressure	measured
obj_wiplot_LOT-WO-LINE-WS-zigong-coating-0	feedPressure	measured
obj_wiplot_LOT-WO-LINE-WS-zigong-coating-1	feedPressure	measured
obj_wiplot_LOT-WO-LINE-WS-zigong-filling-0	feedPressure	measured
obj_wiplot_LOT-WO-LINE-WS-zigong-filling-1	feedPressure	measured
obj_wiplot_LOT-WO-LINE-WS-zigong-formation-0	feedPressure	measured
obj_wiplot_LOT-WO-LINE-WS-zigong-formation-1	feedPressure	measured
obj_wiplot_LOT-WO-LINE-WS-zigong-grading-0	feedPressure	measured
obj_wiplot_LOT-WO-LINE-WS-zigong-grading-1	feedPressure	measured
obj_wiplot_LOT-WO-LINE-WS-zigong-pack-0	feedPressure	measured
obj_wiplot_LOT-WO-LINE-WS-zigong-pack-1	feedPressure	measured
obj_wiplot_LOT-WO-LINE-WS-zigong-slitting-0	feedPressure	measured
obj_wiplot_LOT-WO-LINE-WS-zigong-slitting-1	feedPressure	measured
obj_wiplot_LOT-WO-LINE-WS-zigong-slurry-0	feedPressure	measured
obj_wiplot_LOT-WO-LINE-WS-zigong-slurry-1	feedPressure	measured
obj_wiplot_LOT-WO-LINE-WS-zigong-winding-0	feedPressure	measured
obj_wiplot_LOT-WO-LINE-WS-zigong-winding-1	feedPressure	measured
obj_workorder_WO-LINE-WS-changzhou-assembly-0	releasePressure	measured
obj_workorder_WO-LINE-WS-changzhou-assembly-1	releasePressure	measured
obj_workorder_WO-LINE-WS-changzhou-calendering-0	releasePressure	measured
obj_workorder_WO-LINE-WS-changzhou-calendering-1	releasePressure	measured
obj_workorder_WO-LINE-WS-changzhou-coating-0	releasePressure	measured
obj_workorder_WO-LINE-WS-changzhou-coating-1	releasePressure	measured
obj_workorder_WO-LINE-WS-changzhou-filling-0	releasePressure	measured
obj_workorder_WO-LINE-WS-changzhou-filling-1	releasePressure	measured
obj_workorder_WO-LINE-WS-changzhou-formation-0	releasePressure	measured
obj_workorder_WO-LINE-WS-changzhou-formation-1	releasePressure	measured
obj_workorder_WO-LINE-WS-changzhou-grading-0	releasePressure	measured
obj_workorder_WO-LINE-WS-changzhou-grading-1	releasePressure	measured
obj_workorder_WO-LINE-WS-changzhou-pack-0	releasePressure	measured
obj_workorder_WO-LINE-WS-changzhou-pack-1	releasePressure	measured
obj_workorder_WO-LINE-WS-changzhou-slitting-0	releasePressure	measured
obj_workorder_WO-LINE-WS-changzhou-slitting-1	releasePressure	measured
obj_workorder_WO-LINE-WS-changzhou-slurry-0	releasePressure	measured
obj_workorder_WO-LINE-WS-changzhou-slurry-1	releasePressure	measured
obj_workorder_WO-LINE-WS-changzhou-winding-0	releasePressure	measured
obj_workorder_WO-LINE-WS-changzhou-winding-1	releasePressure	measured
obj_workorder_WO-LINE-WS-chengdu-assembly-0	releasePressure	measured
obj_workorder_WO-LINE-WS-chengdu-assembly-1	releasePressure	measured
obj_workorder_WO-LINE-WS-chengdu-calendering-0	releasePressure	measured
obj_workorder_WO-LINE-WS-chengdu-calendering-1	releasePressure	measured
obj_workorder_WO-LINE-WS-chengdu-coating-0	releasePressure	measured
obj_workorder_WO-LINE-WS-chengdu-coating-1	releasePressure	measured
obj_workorder_WO-LINE-WS-chengdu-filling-0	releasePressure	measured
obj_workorder_WO-LINE-WS-chengdu-filling-1	releasePressure	measured
obj_workorder_WO-LINE-WS-chengdu-formation-0	releasePressure	measured
obj_workorder_WO-LINE-WS-chengdu-formation-1	releasePressure	measured
obj_workorder_WO-LINE-WS-chengdu-grading-0	releasePressure	measured
obj_workorder_WO-LINE-WS-chengdu-grading-1	releasePressure	measured
obj_workorder_WO-LINE-WS-chengdu-pack-0	releasePressure	measured
obj_workorder_WO-LINE-WS-chengdu-pack-1	releasePressure	measured
obj_workorder_WO-LINE-WS-chengdu-slitting-0	releasePressure	measured
obj_workorder_WO-LINE-WS-chengdu-slitting-1	releasePressure	measured
obj_workorder_WO-LINE-WS-chengdu-slurry-0	releasePressure	measured
obj_workorder_WO-LINE-WS-chengdu-slurry-1	releasePressure	measured
obj_workorder_WO-LINE-WS-chengdu-winding-0	releasePressure	measured
obj_workorder_WO-LINE-WS-chengdu-winding-1	releasePressure	measured
obj_workorder_WO-LINE-WS-handan-assembly-0	releasePressure	measured
obj_workorder_WO-LINE-WS-handan-assembly-1	releasePressure	measured
obj_workorder_WO-LINE-WS-handan-calendering-0	releasePressure	measured
obj_workorder_WO-LINE-WS-handan-calendering-1	releasePressure	measured
obj_workorder_WO-LINE-WS-handan-coating-0	releasePressure	measured
obj_workorder_WO-LINE-WS-handan-coating-1	releasePressure	measured
obj_workorder_WO-LINE-WS-handan-filling-0	releasePressure	measured
obj_workorder_WO-LINE-WS-handan-filling-1	releasePressure	measured
obj_workorder_WO-LINE-WS-handan-formation-0	releasePressure	measured
obj_workorder_WO-LINE-WS-handan-formation-1	releasePressure	measured
obj_workorder_WO-LINE-WS-handan-grading-0	releasePressure	measured
obj_workorder_WO-LINE-WS-handan-grading-1	releasePressure	measured
obj_workorder_WO-LINE-WS-handan-pack-0	releasePressure	measured
obj_workorder_WO-LINE-WS-handan-pack-1	releasePressure	measured
obj_workorder_WO-LINE-WS-handan-slitting-0	releasePressure	measured
obj_workorder_WO-LINE-WS-handan-slitting-1	releasePressure	measured
obj_workorder_WO-LINE-WS-handan-slurry-0	releasePressure	measured
obj_workorder_WO-LINE-WS-handan-slurry-1	releasePressure	measured
obj_workorder_WO-LINE-WS-handan-winding-0	releasePressure	measured
obj_workorder_WO-LINE-WS-handan-winding-1	releasePressure	measured
obj_workorder_WO-LINE-WS-hefei-assembly-0	releasePressure	measured
obj_workorder_WO-LINE-WS-hefei-assembly-1	releasePressure	measured
obj_workorder_WO-LINE-WS-hefei-calendering-0	releasePressure	measured
obj_workorder_WO-LINE-WS-hefei-calendering-1	releasePressure	measured
obj_workorder_WO-LINE-WS-hefei-coating-0	releasePressure	measured
obj_workorder_WO-LINE-WS-hefei-coating-1	releasePressure	measured
obj_workorder_WO-LINE-WS-hefei-filling-0	releasePressure	measured
obj_workorder_WO-LINE-WS-hefei-filling-1	releasePressure	measured
obj_workorder_WO-LINE-WS-hefei-formation-0	releasePressure	measured
obj_workorder_WO-LINE-WS-hefei-formation-1	releasePressure	measured
obj_workorder_WO-LINE-WS-hefei-grading-0	releasePressure	measured
obj_workorder_WO-LINE-WS-hefei-grading-1	releasePressure	measured
obj_workorder_WO-LINE-WS-hefei-pack-0	releasePressure	measured
obj_workorder_WO-LINE-WS-hefei-pack-1	releasePressure	measured
obj_workorder_WO-LINE-WS-hefei-slitting-0	releasePressure	measured
obj_workorder_WO-LINE-WS-hefei-slitting-1	releasePressure	measured
obj_workorder_WO-LINE-WS-hefei-slurry-0	releasePressure	measured
obj_workorder_WO-LINE-WS-hefei-slurry-1	releasePressure	measured
obj_workorder_WO-LINE-WS-hefei-winding-0	releasePressure	measured
obj_workorder_WO-LINE-WS-hefei-winding-1	releasePressure	measured
obj_workorder_WO-LINE-WS-jiangmen-assembly-0	releasePressure	measured
obj_workorder_WO-LINE-WS-jiangmen-assembly-1	releasePressure	measured
obj_workorder_WO-LINE-WS-jiangmen-calendering-0	releasePressure	measured
obj_workorder_WO-LINE-WS-jiangmen-calendering-1	releasePressure	measured
obj_workorder_WO-LINE-WS-jiangmen-coating-0	releasePressure	measured
obj_workorder_WO-LINE-WS-jiangmen-coating-1	releasePressure	measured
obj_workorder_WO-LINE-WS-jiangmen-filling-0	releasePressure	measured
obj_workorder_WO-LINE-WS-jiangmen-filling-1	releasePressure	measured
obj_workorder_WO-LINE-WS-jiangmen-formation-0	releasePressure	measured
obj_workorder_WO-LINE-WS-jiangmen-formation-1	releasePressure	measured
obj_workorder_WO-LINE-WS-jiangmen-grading-0	releasePressure	measured
obj_workorder_WO-LINE-WS-jiangmen-grading-1	releasePressure	measured
obj_workorder_WO-LINE-WS-jiangmen-pack-0	releasePressure	measured
obj_workorder_WO-LINE-WS-jiangmen-pack-1	releasePressure	measured
obj_workorder_WO-LINE-WS-jiangmen-slitting-0	releasePressure	measured
obj_workorder_WO-LINE-WS-jiangmen-slitting-1	releasePressure	measured
obj_workorder_WO-LINE-WS-jiangmen-slurry-0	releasePressure	measured
obj_workorder_WO-LINE-WS-jiangmen-slurry-1	releasePressure	measured
obj_workorder_WO-LINE-WS-jiangmen-winding-0	releasePressure	measured
obj_workorder_WO-LINE-WS-jiangmen-winding-1	releasePressure	measured
obj_workorder_WO-LINE-WS-jinhua-assembly-0	releasePressure	measured
obj_workorder_WO-LINE-WS-jinhua-assembly-1	releasePressure	measured
obj_workorder_WO-LINE-WS-jinhua-calendering-0	releasePressure	measured
obj_workorder_WO-LINE-WS-jinhua-calendering-1	releasePressure	measured
obj_workorder_WO-LINE-WS-jinhua-coating-0	releasePressure	measured
obj_workorder_WO-LINE-WS-jinhua-coating-1	releasePressure	measured
obj_workorder_WO-LINE-WS-jinhua-filling-0	releasePressure	measured
obj_workorder_WO-LINE-WS-jinhua-filling-1	releasePressure	measured
obj_workorder_WO-LINE-WS-jinhua-formation-0	releasePressure	measured
obj_workorder_WO-LINE-WS-jinhua-formation-1	releasePressure	measured
obj_workorder_WO-LINE-WS-jinhua-grading-0	releasePressure	measured
obj_workorder_WO-LINE-WS-jinhua-grading-1	releasePressure	measured
obj_workorder_WO-LINE-WS-jinhua-pack-0	releasePressure	measured
obj_workorder_WO-LINE-WS-jinhua-pack-1	releasePressure	measured
obj_workorder_WO-LINE-WS-jinhua-slitting-0	releasePressure	measured
obj_workorder_WO-LINE-WS-jinhua-slitting-1	releasePressure	measured
obj_workorder_WO-LINE-WS-jinhua-slurry-0	releasePressure	measured
obj_workorder_WO-LINE-WS-jinhua-slurry-1	releasePressure	measured
obj_workorder_WO-LINE-WS-jinhua-winding-0	releasePressure	measured
obj_workorder_WO-LINE-WS-jinhua-winding-1	releasePressure	measured
obj_workorder_WO-LINE-WS-meishan-assembly-0	releasePressure	measured
obj_workorder_WO-LINE-WS-meishan-assembly-1	releasePressure	measured
obj_workorder_WO-LINE-WS-meishan-calendering-0	releasePressure	measured
obj_workorder_WO-LINE-WS-meishan-calendering-1	releasePressure	measured
obj_workorder_WO-LINE-WS-meishan-coating-0	releasePressure	measured
obj_workorder_WO-LINE-WS-meishan-coating-1	releasePressure	measured
obj_workorder_WO-LINE-WS-meishan-filling-0	releasePressure	measured
obj_workorder_WO-LINE-WS-meishan-filling-1	releasePressure	measured
obj_workorder_WO-LINE-WS-meishan-formation-0	releasePressure	measured
obj_workorder_WO-LINE-WS-meishan-formation-1	releasePressure	measured
obj_workorder_WO-LINE-WS-meishan-grading-0	releasePressure	measured
obj_workorder_WO-LINE-WS-meishan-grading-1	releasePressure	measured
obj_workorder_WO-LINE-WS-meishan-pack-0	releasePressure	measured
obj_workorder_WO-LINE-WS-meishan-pack-1	releasePressure	measured
obj_workorder_WO-LINE-WS-meishan-slitting-0	releasePressure	measured
obj_workorder_WO-LINE-WS-meishan-slitting-1	releasePressure	measured
obj_workorder_WO-LINE-WS-meishan-slurry-0	releasePressure	measured
obj_workorder_WO-LINE-WS-meishan-slurry-1	releasePressure	measured
obj_workorder_WO-LINE-WS-meishan-winding-0	releasePressure	measured
obj_workorder_WO-LINE-WS-meishan-winding-1	releasePressure	measured
obj_workorder_WO-LINE-WS-wuhan-assembly-0	releasePressure	measured
obj_workorder_WO-LINE-WS-wuhan-assembly-1	releasePressure	measured
obj_workorder_WO-LINE-WS-wuhan-calendering-0	releasePressure	measured
obj_workorder_WO-LINE-WS-wuhan-calendering-1	releasePressure	measured
obj_workorder_WO-LINE-WS-wuhan-coating-0	releasePressure	measured
obj_workorder_WO-LINE-WS-wuhan-coating-1	releasePressure	measured
obj_workorder_WO-LINE-WS-wuhan-filling-0	releasePressure	measured
obj_workorder_WO-LINE-WS-wuhan-filling-1	releasePressure	measured
obj_workorder_WO-LINE-WS-wuhan-formation-0	releasePressure	measured
obj_workorder_WO-LINE-WS-wuhan-formation-1	releasePressure	measured
obj_workorder_WO-LINE-WS-wuhan-grading-0	releasePressure	measured
obj_workorder_WO-LINE-WS-wuhan-grading-1	releasePressure	measured
obj_workorder_WO-LINE-WS-wuhan-pack-0	releasePressure	measured
obj_workorder_WO-LINE-WS-wuhan-pack-1	releasePressure	measured
obj_workorder_WO-LINE-WS-wuhan-slitting-0	releasePressure	measured
obj_workorder_WO-LINE-WS-wuhan-slitting-1	releasePressure	measured
obj_workorder_WO-LINE-WS-wuhan-slurry-0	releasePressure	measured
obj_workorder_WO-LINE-WS-wuhan-slurry-1	releasePressure	measured
obj_workorder_WO-LINE-WS-wuhan-winding-0	releasePressure	measured
obj_workorder_WO-LINE-WS-wuhan-winding-1	releasePressure	measured
obj_workorder_WO-LINE-WS-xiamen-assembly-0	releasePressure	measured
obj_workorder_WO-LINE-WS-xiamen-assembly-1	releasePressure	measured
obj_workorder_WO-LINE-WS-xiamen-calendering-0	releasePressure	measured
obj_workorder_WO-LINE-WS-xiamen-calendering-1	releasePressure	measured
obj_workorder_WO-LINE-WS-xiamen-coating-0	releasePressure	measured
obj_workorder_WO-LINE-WS-xiamen-coating-1	releasePressure	measured
obj_workorder_WO-LINE-WS-xiamen-filling-0	releasePressure	measured
obj_workorder_WO-LINE-WS-xiamen-filling-1	releasePressure	measured
obj_workorder_WO-LINE-WS-xiamen-formation-0	releasePressure	measured
obj_workorder_WO-LINE-WS-xiamen-formation-1	releasePressure	measured
obj_workorder_WO-LINE-WS-xiamen-grading-0	releasePressure	measured
obj_workorder_WO-LINE-WS-xiamen-grading-1	releasePressure	measured
obj_workorder_WO-LINE-WS-xiamen-pack-0	releasePressure	measured
obj_workorder_WO-LINE-WS-xiamen-pack-1	releasePressure	measured
obj_workorder_WO-LINE-WS-xiamen-slitting-0	releasePressure	measured
obj_workorder_WO-LINE-WS-xiamen-slitting-1	releasePressure	measured
obj_workorder_WO-LINE-WS-xiamen-slurry-0	releasePressure	measured
obj_workorder_WO-LINE-WS-xiamen-slurry-1	releasePressure	measured
obj_workorder_WO-LINE-WS-xiamen-winding-0	releasePressure	measured
obj_workorder_WO-LINE-WS-xiamen-winding-1	releasePressure	measured
obj_workorder_WO-LINE-WS-xinyang-assembly-0	releasePressure	measured
obj_workorder_WO-LINE-WS-xinyang-assembly-1	releasePressure	measured
obj_workorder_WO-LINE-WS-xinyang-calendering-0	releasePressure	measured
obj_workorder_WO-LINE-WS-xinyang-calendering-1	releasePressure	measured
obj_workorder_WO-LINE-WS-xinyang-coating-0	releasePressure	measured
obj_workorder_WO-LINE-WS-xinyang-coating-1	releasePressure	measured
obj_workorder_WO-LINE-WS-xinyang-filling-0	releasePressure	measured
obj_workorder_WO-LINE-WS-xinyang-filling-1	releasePressure	measured
obj_workorder_WO-LINE-WS-xinyang-formation-0	releasePressure	measured
obj_workorder_WO-LINE-WS-xinyang-formation-1	releasePressure	measured
obj_workorder_WO-LINE-WS-xinyang-grading-0	releasePressure	measured
obj_workorder_WO-LINE-WS-xinyang-grading-1	releasePressure	measured
obj_workorder_WO-LINE-WS-xinyang-pack-0	releasePressure	measured
obj_workorder_WO-LINE-WS-xinyang-pack-1	releasePressure	measured
obj_workorder_WO-LINE-WS-xinyang-slitting-0	releasePressure	measured
obj_workorder_WO-LINE-WS-xinyang-slitting-1	releasePressure	measured
obj_workorder_WO-LINE-WS-xinyang-slurry-0	releasePressure	measured
obj_workorder_WO-LINE-WS-xinyang-slurry-1	releasePressure	measured
obj_workorder_WO-LINE-WS-xinyang-winding-0	releasePressure	measured
obj_workorder_WO-LINE-WS-xinyang-winding-1	releasePressure	measured
obj_workorder_WO-LINE-WS-yangzhou-assembly-0	releasePressure	measured
obj_workorder_WO-LINE-WS-yangzhou-assembly-1	releasePressure	measured
obj_workorder_WO-LINE-WS-yangzhou-calendering-0	releasePressure	measured
obj_workorder_WO-LINE-WS-yangzhou-calendering-1	releasePressure	measured
obj_workorder_WO-LINE-WS-yangzhou-coating-0	releasePressure	measured
obj_workorder_WO-LINE-WS-yangzhou-coating-1	releasePressure	measured
obj_workorder_WO-LINE-WS-yangzhou-filling-0	releasePressure	measured
obj_workorder_WO-LINE-WS-yangzhou-filling-1	releasePressure	measured
obj_workorder_WO-LINE-WS-yangzhou-formation-0	releasePressure	measured
obj_workorder_WO-LINE-WS-yangzhou-formation-1	releasePressure	measured
obj_workorder_WO-LINE-WS-yangzhou-grading-0	releasePressure	measured
obj_workorder_WO-LINE-WS-yangzhou-grading-1	releasePressure	measured
obj_workorder_WO-LINE-WS-yangzhou-pack-0	releasePressure	measured
obj_workorder_WO-LINE-WS-yangzhou-pack-1	releasePressure	measured
obj_workorder_WO-LINE-WS-yangzhou-slitting-0	releasePressure	measured
obj_workorder_WO-LINE-WS-yangzhou-slitting-1	releasePressure	measured
obj_workorder_WO-LINE-WS-yangzhou-slurry-0	releasePressure	measured
obj_workorder_WO-LINE-WS-yangzhou-slurry-1	releasePressure	measured
obj_workorder_WO-LINE-WS-yangzhou-winding-0	releasePressure	measured
obj_workorder_WO-LINE-WS-yangzhou-winding-1	releasePressure	measured
obj_workorder_WO-LINE-WS-zaozhuang-assembly-0	releasePressure	measured
obj_workorder_WO-LINE-WS-zaozhuang-assembly-1	releasePressure	measured
obj_workorder_WO-LINE-WS-zaozhuang-calendering-0	releasePressure	measured
obj_workorder_WO-LINE-WS-zaozhuang-calendering-1	releasePressure	measured
obj_workorder_WO-LINE-WS-zaozhuang-coating-0	releasePressure	measured
obj_workorder_WO-LINE-WS-zaozhuang-coating-1	releasePressure	measured
obj_workorder_WO-LINE-WS-zaozhuang-filling-0	releasePressure	measured
obj_workorder_WO-LINE-WS-zaozhuang-filling-1	releasePressure	measured
obj_workorder_WO-LINE-WS-zaozhuang-formation-0	releasePressure	measured
obj_workorder_WO-LINE-WS-zaozhuang-formation-1	releasePressure	measured
obj_workorder_WO-LINE-WS-zaozhuang-grading-0	releasePressure	measured
obj_workorder_WO-LINE-WS-zaozhuang-grading-1	releasePressure	measured
obj_workorder_WO-LINE-WS-zaozhuang-pack-0	releasePressure	measured
obj_workorder_WO-LINE-WS-zaozhuang-pack-1	releasePressure	measured
obj_workorder_WO-LINE-WS-zaozhuang-slitting-0	releasePressure	measured
obj_workorder_WO-LINE-WS-zaozhuang-slitting-1	releasePressure	measured
obj_workorder_WO-LINE-WS-zaozhuang-slurry-0	releasePressure	measured
obj_workorder_WO-LINE-WS-zaozhuang-slurry-1	releasePressure	measured
obj_workorder_WO-LINE-WS-zaozhuang-winding-0	releasePressure	measured
obj_workorder_WO-LINE-WS-zaozhuang-winding-1	releasePressure	measured
obj_workorder_WO-LINE-WS-zigong-assembly-0	releasePressure	measured
obj_workorder_WO-LINE-WS-zigong-assembly-1	releasePressure	measured
obj_workorder_WO-LINE-WS-zigong-calendering-0	releasePressure	measured
obj_workorder_WO-LINE-WS-zigong-calendering-1	releasePressure	measured
obj_workorder_WO-LINE-WS-zigong-coating-0	releasePressure	measured
obj_workorder_WO-LINE-WS-zigong-coating-1	releasePressure	measured
obj_workorder_WO-LINE-WS-zigong-filling-0	releasePressure	measured
obj_workorder_WO-LINE-WS-zigong-filling-1	releasePressure	measured
obj_workorder_WO-LINE-WS-zigong-formation-0	releasePressure	measured
obj_workorder_WO-LINE-WS-zigong-formation-1	releasePressure	measured
obj_workorder_WO-LINE-WS-zigong-grading-0	releasePressure	measured
obj_workorder_WO-LINE-WS-zigong-grading-1	releasePressure	measured
obj_workorder_WO-LINE-WS-zigong-pack-0	releasePressure	measured
obj_workorder_WO-LINE-WS-zigong-pack-1	releasePressure	measured
obj_workorder_WO-LINE-WS-zigong-slitting-0	releasePressure	measured
obj_workorder_WO-LINE-WS-zigong-slitting-1	releasePressure	measured
obj_workorder_WO-LINE-WS-zigong-slurry-0	releasePressure	measured
obj_workorder_WO-LINE-WS-zigong-slurry-1	releasePressure	measured
obj_workorder_WO-LINE-WS-zigong-winding-0	releasePressure	measured
obj_workorder_WO-LINE-WS-zigong-winding-1	releasePressure	measured

════════════════════════════════════════════════════════
══ ⑥b 承载集分解（承载订单自己的读数 vs 全域加权读数）══
承载集（state 里真有 costPressure 的 Order）规模 = 150（求解器报 carriers=150 / universe=500）
⚠ 金丝雀：承载集必须非空，且至少一臂在承载集上真有非零 Δ —— 否则先怀疑承载集取法，⛔ 不许报「确实没变」。

臂	承载集规模	Δ≠0 的承载数	max|Δ|	Σ|Δ|	承载集均值Δ(价值加权,诊断)	求解器 costPressure.value	Δ(value)	MARGIN.projected	Δ(MARGIN)
zero	150	0	0.000000	0.000000	0.000000	22.862673	0.000000	119.9111	0.0000
A	150	24	8.093078	42.411890	-0.491972	22.693183	-0.169490	120.8960	0.9849
B	150	70	7.835154	150.699726	-0.480245	22.697223	-0.165450	120.8725	0.9614
AB	150	70	7.835154	151.035705	-0.476514	22.698509	-0.164164	120.8650	0.9540

[A − zero] 承载集逐格 Δ 前 8（共 24 格有 Δ）：
   obj_order_SO-3391  90.384615 → 82.291537  Δ=-8.093078
   obj_order_SO-3490  90.384615 → 82.291537  Δ=-8.093078
   obj_order_SO-900260  90.384615 → 82.291537  Δ=-8.093078
   obj_order_SO-900312  90.384615 → 82.291537  Δ=-8.093078
   obj_order_SO-900390  90.384615 → 82.291537  Δ=-8.093078
   obj_order_SO-3402  80.000000 → 78.490459  Δ=-1.509541
   obj_order_SO-900187  76.000000 → 75.925209  Δ=-0.074791
   obj_order_SO-3415  46.000000 → 46.021307  Δ=0.021307

[B − zero] 承载集逐格 Δ 前 8（共 70 格有 Δ）：
   obj_order_SO-3391  90.384615 → 82.549461  Δ=-7.835154
   obj_order_SO-3490  90.384615 → 82.549461  Δ=-7.835154
   obj_order_SO-900052  90.384615 → 82.549461  Δ=-7.835154
   obj_order_SO-900260  90.384615 → 82.549461  Δ=-7.835154
   obj_order_SO-900273  90.384615 → 82.549461  Δ=-7.835154
   obj_order_SO-900312  90.384615 → 82.549461  Δ=-7.835154
   obj_order_SO-900390  90.384615 → 82.549461  Δ=-7.835154
   obj_order_SO-900442  90.384615 → 82.549461  Δ=-7.835154

[AB − zero] 承载集逐格 Δ 前 8（共 70 格有 Δ）：
   obj_order_SO-900052  90.384615 → 82.549461  Δ=-7.835154
   obj_order_SO-900273  90.384615 → 82.549461  Δ=-7.835154
   obj_order_SO-900442  90.384615 → 82.549461  Δ=-7.835154
   obj_order_SO-900481  90.384615 → 82.549461  Δ=-7.835154
   obj_order_SO-3391  90.384615 → 82.555001  Δ=-7.829614
   obj_order_SO-3490  90.384615 → 82.555001  Δ=-7.829614
   obj_order_SO-900260  90.384615 → 82.555001  Δ=-7.829614
   obj_order_SO-900312  90.384615 → 82.555001  Δ=-7.829614

══ ⑦ 全量网络观测（每一次请求；⚠ 只记失败会被读成『没有』）══
总请求数 = 763
按状态码 = {"200":751,"201":12}
非 GET 请求 = 498
── 非 GET 与一切非 2xx（GET 成功已计入总数，未逐条展开）──
  #2 POST /a/v1/sim/sessions → 201 353ms  
  #4 POST /a/v1/sim/sessions → 201 189ms  
  #8 POST /a/v1/solvers/finance_world_projection/invoke → 200 69ms  
  #9 POST /a/v1/sim/sessions/sims_apghjck81gdgqb4d/tick → 200 308ms  
  #11 POST /a/v1/solvers/finance_world_projection/invoke → 200 77ms  
  #12 POST /a/v1/sim/sessions/sims_apghjck81gdgqb4d/tick → 200 119ms  
  #14 POST /a/v1/solvers/finance_world_projection/invoke → 200 80ms  
  #15 POST /a/v1/sim/sessions/sims_apghjck81gdgqb4d/tick → 200 113ms  
  #17 POST /a/v1/solvers/finance_world_projection/invoke → 200 105ms  
  #18 POST /a/v1/sim/sessions/sims_apghjck81gdgqb4d/tick → 200 159ms  
  #20 POST /a/v1/solvers/finance_world_projection/invoke → 200 95ms  
  #21 POST /a/v1/sim/sessions/sims_apghjck81gdgqb4d/tick → 200 170ms  
  #23 POST /a/v1/solvers/finance_world_projection/invoke → 200 106ms  
  #24 POST /a/v1/sim/sessions/sims_apghjck81gdgqb4d/tick → 200 135ms  
  #26 POST /a/v1/solvers/finance_world_projection/invoke → 200 118ms  
  #27 POST /a/v1/sim/sessions/sims_apghjck81gdgqb4d/tick → 200 136ms  
  #29 POST /a/v1/solvers/finance_world_projection/invoke → 200 123ms  
  #30 POST /a/v1/sim/sessions/sims_apghjck81gdgqb4d/tick → 200 117ms  
  #32 POST /a/v1/solvers/finance_world_projection/invoke → 200 152ms  
  #33 POST /a/v1/sim/sessions/sims_apghjck81gdgqb4d/tick → 200 119ms  
  #35 POST /a/v1/solvers/finance_world_projection/invoke → 200 133ms  
  #36 POST /a/v1/sim/sessions/sims_apghjck81gdgqb4d/tick → 200 417ms  
  #38 POST /a/v1/solvers/finance_world_projection/invoke → 200 165ms  
  #39 POST /a/v1/sim/sessions/sims_apghjck81gdgqb4d/tick → 200 160ms  
  #41 POST /a/v1/solvers/finance_world_projection/invoke → 200 178ms  
  #42 POST /a/v1/sim/sessions/sims_apghjck81gdgqb4d/tick → 200 129ms  
  #44 POST /a/v1/solvers/finance_world_projection/invoke → 200 157ms  
  #45 POST /a/v1/sim/sessions/sims_apghjck81gdgqb4d/tick → 200 151ms  
  #47 POST /a/v1/solvers/finance_world_projection/invoke → 200 174ms  
  #48 POST /a/v1/sim/sessions/sims_apghjck81gdgqb4d/tick → 200 135ms  
  #50 POST /a/v1/solvers/finance_world_projection/invoke → 200 181ms  
  #51 POST /a/v1/sim/sessions/sims_apghjck81gdgqb4d/tick → 200 132ms  
  #53 POST /a/v1/solvers/finance_world_projection/invoke → 200 216ms  
  #54 POST /a/v1/sim/sessions/sims_apghjck81gdgqb4d/tick → 200 188ms  
  #56 POST /a/v1/solvers/finance_world_projection/invoke → 200 607ms  
  #57 POST /a/v1/sim/sessions/sims_apghjck81gdgqb4d/tick → 200 119ms  
  #59 POST /a/v1/solvers/finance_world_projection/invoke → 200 246ms  
  #60 POST /a/v1/sim/sessions/sims_apghjck81gdgqb4d/tick → 200 150ms  
  #62 POST /a/v1/solvers/finance_world_projection/invoke → 200 204ms  
  #63 POST /a/v1/sim/sessions/sims_apghjck81gdgqb4d/tick → 200 120ms  
  #65 POST /a/v1/solvers/finance_world_projection/invoke → 200 258ms  
  #66 POST /a/v1/sim/sessions/sims_apghjck81gdgqb4d/tick → 200 122ms  
  #68 POST /a/v1/solvers/finance_world_projection/invoke → 200 265ms  
  #69 POST /a/v1/sim/sessions/sims_apghjck81gdgqb4d/tick → 200 112ms  
  #71 POST /a/v1/solvers/finance_world_projection/invoke → 200 262ms  
  #72 POST /a/v1/sim/sessions/sims_apghjck81gdgqb4d/tick → 200 126ms  
  #74 POST /a/v1/solvers/finance_world_projection/invoke → 200 543ms  
  #75 POST /a/v1/sim/sessions/sims_apghjck81gdgqb4d/tick → 200 161ms  
  #77 POST /a/v1/solvers/finance_world_projection/invoke → 200 327ms  
  #78 POST /a/v1/sim/sessions/sims_apghjck81gdgqb4d/tick → 200 167ms  
  #80 POST /a/v1/solvers/finance_world_projection/invoke → 200 265ms  
  #81 POST /a/v1/sim/sessions/sims_apghjck81gdgqb4d/tick → 200 127ms  
  #83 POST /a/v1/solvers/finance_world_projection/invoke → 200 326ms  
  #84 POST /a/v1/sim/sessions/sims_apghjck81gdgqb4d/tick → 200 113ms  
  #86 POST /a/v1/solvers/finance_world_projection/invoke → 200 301ms  
  #87 POST /a/v1/sim/sessions/sims_apghjck81gdgqb4d/tick → 200 122ms  
  #89 POST /a/v1/solvers/finance_world_projection/invoke → 200 311ms  
  #90 POST /a/v1/sim/sessions/sims_apghjck81gdgqb4d/tick → 200 134ms  
  #92 POST /a/v1/solvers/finance_world_projection/invoke → 200 295ms  
  #93 POST /a/v1/sim/sessions/sims_apghjck81gdgqb4d/tick → 200 146ms  
  #95 POST /a/v1/solvers/finance_world_projection/invoke → 200 510ms  
  #96 POST /a/v1/sim/sessions/sims_apghjck81gdgqb4d/tick → 200 158ms  
  #98 POST /a/v1/solvers/finance_world_projection/invoke → 200 331ms  
  #99 POST /a/v1/sim/sessions/sims_apghjck81gdgqb4d/tick → 200 130ms  
  #101 POST /a/v1/solvers/finance_world_projection/invoke → 200 391ms  
  #102 POST /a/v1/sim/sessions/sims_apghjck81gdgqb4d/tick → 200 112ms  
  #104 POST /a/v1/solvers/finance_world_projection/invoke → 200 349ms  
  #105 POST /a/v1/sim/sessions/sims_apghjck81gdgqb4d/tick → 200 143ms  
  #107 POST /a/v1/solvers/finance_world_projection/invoke → 200 339ms  
  #108 POST /a/v1/sim/sessions/sims_apghjck81gdgqb4d/tick → 200 153ms  
  #110 POST /a/v1/solvers/finance_world_projection/invoke → 200 409ms  
  #111 POST /a/v1/sim/sessions/sims_apghjck81gdgqb4d/tick → 200 116ms  
  #113 POST /a/v1/solvers/finance_world_projection/invoke → 200 380ms  
  #114 POST /a/v1/sim/sessions/sims_apghjck81gdgqb4d/tick → 200 114ms  
  #116 POST /a/v1/solvers/finance_world_projection/invoke → 200 393ms  
  #117 POST /a/v1/sim/sessions/sims_apghjck81gdgqb4d/tick → 200 122ms  
  #119 POST /a/v1/solvers/finance_world_projection/invoke → 200 401ms  
  #120 POST /a/v1/sim/sessions/sims_apghjck81gdgqb4d/tick → 200 127ms  
  #122 POST /a/v1/solvers/finance_world_projection/invoke → 200 679ms  
  #123 POST /a/v1/sim/sessions/sims_apghjck81gdgqb4d/tick → 200 118ms  
  #125 POST /a/v1/solvers/finance_world_projection/invoke → 200 599ms  
  #126 POST /a/v1/sim/sessions/sims_apghjck81gdgqb4d/tick → 200 128ms  
  #128 POST /a/v1/solvers/finance_world_projection/invoke → 200 449ms  
  #129 POST /a/v1/sim/sessions → 201 165ms  
  #130 POST /a/v1/sim/sessions/sims_61jdf34ecce26ff0/perturbations → 201 56ms  
  #134 POST /a/v1/solvers/finance_world_projection/invoke → 200 73ms  
  #135 POST /a/v1/sim/sessions/sims_61jdf34ecce26ff0/tick → 200 202ms  
  #137 POST /a/v1/solvers/finance_world_projection/invoke → 200 75ms  
  #138 POST /a/v1/sim/sessions/sims_61jdf34ecce26ff0/tick → 200 257ms  
  #140 POST /a/v1/solvers/finance_world_projection/invoke → 200 92ms  
  #141 POST /a/v1/sim/sessions/sims_61jdf34ecce26ff0/tick → 200 262ms  
  #143 POST /a/v1/solvers/finance_world_projection/invoke → 200 84ms  
  #144 POST /a/v1/sim/sessions/sims_61jdf34ecce26ff0/tick → 200 222ms  
  #146 POST /a/v1/solvers/finance_world_projection/invoke → 200 102ms  
  #147 POST /a/v1/sim/sessions/sims_61jdf34ecce26ff0/tick → 200 221ms  
  #149 POST /a/v1/solvers/finance_world_projection/invoke → 200 143ms  
  #150 POST /a/v1/sim/sessions/sims_61jdf34ecce26ff0/tick → 200 243ms  
  #152 POST /a/v1/solvers/finance_world_projection/invoke → 200 327ms  
  #153 POST /a/v1/sim/sessions/sims_61jdf34ecce26ff0/tick → 200 275ms  
  #155 POST /a/v1/solvers/finance_world_projection/invoke → 200 141ms  
  #156 POST /a/v1/sim/sessions/sims_61jdf34ecce26ff0/tick → 200 276ms  
  #158 POST /a/v1/solvers/finance_world_projection/invoke → 200 128ms  
  #159 POST /a/v1/sim/sessions/sims_61jdf34ecce26ff0/tick → 200 215ms  
  #161 POST /a/v1/solvers/finance_world_projection/invoke → 200 144ms  
  #162 POST /a/v1/sim/sessions/sims_61jdf34ecce26ff0/tick → 200 215ms  
  #164 POST /a/v1/solvers/finance_world_projection/invoke → 200 154ms  
  #165 POST /a/v1/sim/sessions/sims_61jdf34ecce26ff0/tick → 200 223ms  
  #167 POST /a/v1/solvers/finance_world_projection/invoke → 200 156ms  
  #168 POST /a/v1/sim/sessions/sims_61jdf34ecce26ff0/tick → 200 291ms  
  #170 POST /a/v1/solvers/finance_world_projection/invoke → 200 232ms  
  #171 POST /a/v1/sim/sessions/sims_61jdf34ecce26ff0/tick → 200 222ms  
  #173 POST /a/v1/solvers/finance_world_projection/invoke → 200 195ms  
  #174 POST /a/v1/sim/sessions/sims_61jdf34ecce26ff0/tick → 200 191ms  
  #176 POST /a/v1/solvers/finance_world_projection/invoke → 200 201ms  
  #177 POST /a/v1/sim/sessions/sims_61jdf34ecce26ff0/tick → 200 231ms  
  #179 POST /a/v1/solvers/finance_world_projection/invoke → 200 200ms  
  #180 POST /a/v1/sim/sessions/sims_61jdf34ecce26ff0/tick → 200 237ms  
  #182 POST /a/v1/solvers/finance_world_projection/invoke → 200 493ms  
  #183 POST /a/v1/sim/sessions/sims_61jdf34ecce26ff0/tick → 200 216ms  
  #185 POST /a/v1/solvers/finance_world_projection/invoke → 200 216ms  
  #186 POST /a/v1/sim/sessions/sims_61jdf34ecce26ff0/tick → 200 214ms  
  #188 POST /a/v1/solvers/finance_world_projection/invoke → 200 216ms  
  #189 POST /a/v1/sim/sessions/sims_61jdf34ecce26ff0/tick → 200 290ms  
  #191 POST /a/v1/solvers/finance_world_projection/invoke → 200 267ms  
  #192 POST /a/v1/sim/sessions/sims_61jdf34ecce26ff0/tick → 200 205ms  
  #194 POST /a/v1/solvers/finance_world_projection/invoke → 200 226ms  
  #195 POST /a/v1/sim/sessions/sims_61jdf34ecce26ff0/tick → 200 220ms  
  #197 POST /a/v1/solvers/finance_world_projection/invoke → 200 294ms  
  #198 POST /a/v1/sim/sessions/sims_61jdf34ecce26ff0/tick → 200 212ms  
  #200 POST /a/v1/solvers/finance_world_projection/invoke → 200 256ms  
  #201 POST /a/v1/sim/sessions/sims_61jdf34ecce26ff0/tick → 200 209ms  
  #203 POST /a/v1/solvers/finance_world_projection/invoke → 200 303ms  
  #204 POST /a/v1/sim/sessions/sims_61jdf34ecce26ff0/tick → 200 195ms  
  #206 POST /a/v1/solvers/finance_world_projection/invoke → 200 588ms  
  #207 POST /a/v1/sim/sessions/sims_61jdf34ecce26ff0/tick → 200 209ms  
  #209 POST /a/v1/solvers/finance_world_projection/invoke → 200 286ms  
  #210 POST /a/v1/sim/sessions/sims_61jdf34ecce26ff0/tick → 200 312ms  
  #212 POST /a/v1/solvers/finance_world_projection/invoke → 200 314ms  
  #213 POST /a/v1/sim/sessions/sims_61jdf34ecce26ff0/tick → 200 240ms  
  #215 POST /a/v1/solvers/finance_world_projection/invoke → 200 362ms  
  #216 POST /a/v1/sim/sessions/sims_61jdf34ecce26ff0/tick → 200 234ms  
  #218 POST /a/v1/solvers/finance_world_projection/invoke → 200 323ms  
  #219 POST /a/v1/sim/sessions/sims_61jdf34ecce26ff0/tick → 200 233ms  
  #221 POST /a/v1/solvers/finance_world_projection/invoke → 200 320ms  
  #222 POST /a/v1/sim/sessions/sims_61jdf34ecce26ff0/tick → 200 199ms  
  #224 POST /a/v1/solvers/finance_world_projection/invoke → 200 329ms  
  #225 POST /a/v1/sim/sessions/sims_61jdf34ecce26ff0/tick → 200 199ms  
  #227 POST /a/v1/solvers/finance_world_projection/invoke → 200 529ms  
  #228 POST /a/v1/sim/sessions/sims_61jdf34ecce26ff0/tick → 200 211ms  
  #230 POST /a/v1/solvers/finance_world_projection/invoke → 200 375ms  
  #231 POST /a/v1/sim/sessions/sims_61jdf34ecce26ff0/tick → 200 185ms  
  #233 POST /a/v1/solvers/finance_world_projection/invoke → 200 344ms  
  #234 POST /a/v1/sim/sessions/sims_61jdf34ecce26ff0/tick → 200 198ms  
  #236 POST /a/v1/solvers/finance_world_projection/invoke → 200 377ms  
  #237 POST /a/v1/sim/sessions/sims_61jdf34ecce26ff0/tick → 200 205ms  
  #239 POST /a/v1/solvers/finance_world_projection/invoke → 200 436ms  
  #240 POST /a/v1/sim/sessions/sims_61jdf34ecce26ff0/tick → 200 238ms  
  #242 POST /a/v1/solvers/finance_world_projection/invoke → 200 369ms  
  #243 POST /a/v1/sim/sessions/sims_61jdf34ecce26ff0/tick → 200 184ms  
  #245 POST /a/v1/solvers/finance_world_projection/invoke → 200 382ms  
  #246 POST /a/v1/sim/sessions/sims_61jdf34ecce26ff0/tick → 200 482ms  
  #248 POST /a/v1/solvers/finance_world_projection/invoke → 200 408ms  
  #249 POST /a/v1/sim/sessions/sims_61jdf34ecce26ff0/tick → 200 239ms  
  #251 POST /a/v1/solvers/finance_world_projection/invoke → 200 490ms  
  #252 POST /a/v1/sim/sessions/sims_61jdf34ecce26ff0/tick → 200 232ms  
  #254 POST /a/v1/solvers/finance_world_projection/invoke → 200 455ms  
  #255 POST /a/v1/sim/sessions → 201 223ms  
  #256 POST /a/v1/sim/sessions/sims_b0vdkmdhzsf3md0s/perturbations → 201 63ms  
  #260 POST /a/v1/solvers/finance_world_projection/invoke → 200 74ms  
  #261 POST /a/v1/sim/sessions/sims_b0vdkmdhzsf3md0s/tick → 200 242ms  
  #263 POST /a/v1/solvers/finance_world_projection/invoke → 200 76ms  
  #264 POST /a/v1/sim/sessions/sims_b0vdkmdhzsf3md0s/tick → 200 230ms  
  #266 POST /a/v1/solvers/finance_world_projection/invoke → 200 93ms  
  #267 POST /a/v1/sim/sessions/sims_b0vdkmdhzsf3md0s/tick → 200 213ms  
  #269 POST /a/v1/solvers/finance_world_projection/invoke → 200 137ms  
  #270 POST /a/v1/sim/sessions/sims_b0vdkmdhzsf3md0s/tick → 200 237ms  
  #272 POST /a/v1/solvers/finance_world_projection/invoke → 200 121ms  
  #273 POST /a/v1/sim/sessions/sims_b0vdkmdhzsf3md0s/tick → 200 233ms  
  #275 POST /a/v1/solvers/finance_world_projection/invoke → 200 118ms  
  #276 POST /a/v1/sim/sessions/sims_b0vdkmdhzsf3md0s/tick → 200 255ms  
  #278 POST /a/v1/solvers/finance_world_projection/invoke → 200 106ms  
  #279 POST /a/v1/sim/sessions/sims_b0vdkmdhzsf3md0s/tick → 200 506ms  
  #281 POST /a/v1/solvers/finance_world_projection/invoke → 200 185ms  
  #282 POST /a/v1/sim/sessions/sims_b0vdkmdhzsf3md0s/tick → 200 226ms  
  #284 POST /a/v1/solvers/finance_world_projection/invoke → 200 158ms  
  #285 POST /a/v1/sim/sessions/sims_b0vdkmdhzsf3md0s/tick → 200 216ms  
  #287 POST /a/v1/solvers/finance_world_projection/invoke → 200 184ms  
  #288 POST /a/v1/sim/sessions/sims_b0vdkmdhzsf3md0s/tick → 200 253ms  
  #290 POST /a/v1/solvers/finance_world_projection/invoke → 200 163ms  
  #291 POST /a/v1/sim/sessions/sims_b0vdkmdhzsf3md0s/tick → 200 261ms  
  #293 POST /a/v1/solvers/finance_world_projection/invoke → 200 409ms  
  #294 POST /a/v1/sim/sessions/sims_b0vdkmdhzsf3md0s/tick → 200 214ms  
  #296 POST /a/v1/solvers/finance_world_projection/invoke → 200 256ms  
  #297 POST /a/v1/sim/sessions/sims_b0vdkmdhzsf3md0s/tick → 200 256ms  
  #299 POST /a/v1/solvers/finance_world_projection/invoke → 200 185ms  
  #300 POST /a/v1/sim/sessions/sims_b0vdkmdhzsf3md0s/tick → 200 210ms  
  #302 POST /a/v1/solvers/finance_world_projection/invoke → 200 274ms  
  #303 POST /a/v1/sim/sessions/sims_b0vdkmdhzsf3md0s/tick → 200 720ms  
  #305 POST /a/v1/solvers/finance_world_projection/invoke → 200 201ms  
  #306 POST /a/v1/sim/sessions/sims_b0vdkmdhzsf3md0s/tick → 200 245ms  
  #308 POST /a/v1/solvers/finance_world_projection/invoke → 200 199ms  
  #309 POST /a/v1/sim/sessions/sims_b0vdkmdhzsf3md0s/tick → 200 219ms  
  #311 POST /a/v1/solvers/finance_world_projection/invoke → 200 295ms  
  #312 POST /a/v1/sim/sessions/sims_b0vdkmdhzsf3md0s/tick → 200 289ms  
  #314 POST /a/v1/solvers/finance_world_projection/invoke → 200 394ms  
  #315 POST /a/v1/sim/sessions/sims_b0vdkmdhzsf3md0s/tick → 200 308ms  
  #317 POST /a/v1/solvers/finance_world_projection/invoke → 200 472ms  
  #318 POST /a/v1/sim/sessions/sims_b0vdkmdhzsf3md0s/tick → 200 259ms  
  #320 POST /a/v1/solvers/finance_world_projection/invoke → 200 348ms  
  #321 POST /a/v1/sim/sessions/sims_b0vdkmdhzsf3md0s/tick → 200 297ms  
  #323 POST /a/v1/solvers/finance_world_projection/invoke → 200 256ms  
  #324 POST /a/v1/sim/sessions/sims_b0vdkmdhzsf3md0s/tick → 200 522ms  
  #326 POST /a/v1/solvers/finance_world_projection/invoke → 200 332ms  
  #327 POST /a/v1/sim/sessions/sims_b0vdkmdhzsf3md0s/tick → 200 229ms  
  #329 POST /a/v1/solvers/finance_world_projection/invoke → 200 272ms  
  #330 POST /a/v1/sim/sessions/sims_b0vdkmdhzsf3md0s/tick → 200 219ms  
  #332 POST /a/v1/solvers/finance_world_projection/invoke → 200 302ms  
  #333 POST /a/v1/sim/sessions/sims_b0vdkmdhzsf3md0s/tick → 200 235ms  
  #335 POST /a/v1/solvers/finance_world_projection/invoke → 200 306ms  
  #336 POST /a/v1/sim/sessions/sims_b0vdkmdhzsf3md0s/tick → 200 248ms  
  #338 POST /a/v1/solvers/finance_world_projection/invoke → 200 338ms  
  #339 POST /a/v1/sim/sessions/sims_b0vdkmdhzsf3md0s/tick → 200 225ms  
  #341 POST /a/v1/solvers/finance_world_projection/invoke → 200 317ms  
  #342 POST /a/v1/sim/sessions/sims_b0vdkmdhzsf3md0s/tick → 200 242ms  
  #344 POST /a/v1/solvers/finance_world_projection/invoke → 200 316ms  
  #345 POST /a/v1/sim/sessions/sims_b0vdkmdhzsf3md0s/tick → 200 200ms  
  #347 POST /a/v1/solvers/finance_world_projection/invoke → 200 603ms  
  #348 POST /a/v1/sim/sessions/sims_b0vdkmdhzsf3md0s/tick → 200 265ms  
  #350 POST /a/v1/solvers/finance_world_projection/invoke → 200 394ms  
  #351 POST /a/v1/sim/sessions/sims_b0vdkmdhzsf3md0s/tick → 200 254ms  
  #353 POST /a/v1/solvers/finance_world_projection/invoke → 200 377ms  
  #354 POST /a/v1/sim/sessions/sims_b0vdkmdhzsf3md0s/tick → 200 233ms  
  #356 POST /a/v1/solvers/finance_world_projection/invoke → 200 439ms  
  #357 POST /a/v1/sim/sessions/sims_b0vdkmdhzsf3md0s/tick → 200 215ms  
  #359 POST /a/v1/solvers/finance_world_projection/invoke → 200 415ms  
  #360 POST /a/v1/sim/sessions/sims_b0vdkmdhzsf3md0s/tick → 200 248ms  
  #362 POST /a/v1/solvers/finance_world_projection/invoke → 200 571ms  
  #363 POST /a/v1/sim/sessions/sims_b0vdkmdhzsf3md0s/tick → 200 561ms  
  #365 POST /a/v1/solvers/finance_world_projection/invoke → 200 1916ms  
  #366 POST /a/v1/sim/sessions/sims_b0vdkmdhzsf3md0s/tick → 200 824ms  
  #368 POST /a/v1/solvers/finance_world_projection/invoke → 200 1484ms  
  #369 POST /a/v1/sim/sessions/sims_b0vdkmdhzsf3md0s/tick → 200 679ms  
  #371 POST /a/v1/solvers/finance_world_projection/invoke → 200 1354ms  
  #372 POST /a/v1/sim/sessions/sims_b0vdkmdhzsf3md0s/tick → 200 949ms  
  #374 POST /a/v1/solvers/finance_world_projection/invoke → 200 1405ms  
  #375 POST /a/v1/sim/sessions/sims_b0vdkmdhzsf3md0s/tick → 200 678ms  
  #377 POST /a/v1/solvers/finance_world_projection/invoke → 200 1229ms  
  #378 POST /a/v1/sim/sessions/sims_b0vdkmdhzsf3md0s/tick → 200 591ms  
  #380 POST /a/v1/solvers/finance_world_projection/invoke → 200 1015ms  
  #381 POST /a/v1/sim/sessions → 201 343ms  
  #382 POST /a/v1/sim/sessions/sims_vtz9fkg32x07t4j4/perturbations → 201 76ms  
  #383 POST /a/v1/sim/sessions/sims_vtz9fkg32x07t4j4/perturbations → 201 73ms  
  #387 POST /a/v1/solvers/finance_world_projection/invoke → 200 81ms  
  #388 POST /a/v1/sim/sessions/sims_vtz9fkg32x07t4j4/tick → 200 318ms  
  #390 POST /a/v1/solvers/finance_world_projection/invoke → 200 118ms  
  #391 POST /a/v1/sim/sessions/sims_vtz9fkg32x07t4j4/tick → 200 351ms  
  #393 POST /a/v1/solvers/finance_world_projection/invoke → 200 121ms  
  #394 POST /a/v1/sim/sessions/sims_vtz9fkg32x07t4j4/tick → 200 443ms  
  #396 POST /a/v1/solvers/finance_world_projection/invoke → 200 213ms  
  #397 POST /a/v1/sim/sessions/sims_vtz9fkg32x07t4j4/tick → 200 486ms  
  #399 POST /a/v1/solvers/finance_world_projection/invoke → 200 163ms  
  #400 POST /a/v1/sim/sessions/sims_vtz9fkg32x07t4j4/tick → 200 412ms  
  #402 POST /a/v1/solvers/finance_world_projection/invoke → 200 188ms  
  #403 POST /a/v1/sim/sessions/sims_vtz9fkg32x07t4j4/tick → 200 349ms  
  #405 POST /a/v1/solvers/finance_world_projection/invoke → 200 221ms  
  #406 POST /a/v1/sim/sessions/sims_vtz9fkg32x07t4j4/tick → 200 384ms  
  #408 POST /a/v1/solvers/finance_world_projection/invoke → 200 403ms  
  #409 POST /a/v1/sim/sessions/sims_vtz9fkg32x07t4j4/tick → 200 768ms  
  #411 POST /a/v1/solvers/finance_world_projection/invoke → 200 563ms  
  #412 POST /a/v1/sim/sessions/sims_vtz9fkg32x07t4j4/tick → 200 1009ms  
  #414 POST /a/v1/solvers/finance_world_projection/invoke → 200 676ms  
  #415 POST /a/v1/sim/sessions/sims_vtz9fkg32x07t4j4/tick → 200 1218ms  
  #417 POST /a/v1/solvers/finance_world_projection/invoke → 200 852ms  
  #418 POST /a/v1/sim/sessions/sims_vtz9fkg32x07t4j4/tick → 200 920ms  
  #420 POST /a/v1/solvers/finance_world_projection/invoke → 200 698ms  
  #421 POST /a/v1/sim/sessions/sims_vtz9fkg32x07t4j4/tick → 200 1091ms  
  #423 POST /a/v1/solvers/finance_world_projection/invoke → 200 897ms  
  #424 POST /a/v1/sim/sessions/sims_vtz9fkg32x07t4j4/tick → 200 1010ms  
  #426 POST /a/v1/solvers/finance_world_projection/invoke → 200 822ms  
  #427 POST /a/v1/sim/sessions/sims_vtz9fkg32x07t4j4/tick → 200 1044ms  
  #429 POST /a/v1/solvers/finance_world_projection/invoke → 200 969ms  
  #430 POST /a/v1/sim/sessions/sims_vtz9fkg32x07t4j4/tick → 200 875ms  
  #432 POST /a/v1/solvers/finance_world_projection/invoke → 200 996ms  
  #433 POST /a/v1/sim/sessions/sims_vtz9fkg32x07t4j4/tick → 200 934ms  
  #435 POST /a/v1/solvers/finance_world_projection/invoke → 200 881ms  
  #436 POST /a/v1/sim/sessions/sims_vtz9fkg32x07t4j4/tick → 200 856ms  
  #438 POST /a/v1/solvers/finance_world_projection/invoke → 200 1077ms  
  #439 POST /a/v1/sim/sessions/sims_vtz9fkg32x07t4j4/tick → 200 813ms  
  #441 POST /a/v1/solvers/finance_world_projection/invoke → 200 1177ms  
  #442 POST /a/v1/sim/sessions/sims_vtz9fkg32x07t4j4/tick → 200 906ms  
  #444 POST /a/v1/solvers/finance_world_projection/invoke → 200 978ms  
  #445 POST /a/v1/sim/sessions/sims_vtz9fkg32x07t4j4/tick → 200 977ms  
  #447 POST /a/v1/solvers/finance_world_projection/invoke → 200 1318ms  
  #448 POST /a/v1/sim/sessions/sims_vtz9fkg32x07t4j4/tick → 200 826ms  
  #450 POST /a/v1/solvers/finance_world_projection/invoke → 200 977ms  
  #451 POST /a/v1/sim/sessions/sims_vtz9fkg32x07t4j4/tick → 200 703ms  
  #453 POST /a/v1/solvers/finance_world_projection/invoke → 200 1425ms  
  #454 POST /a/v1/sim/sessions/sims_vtz9fkg32x07t4j4/tick → 200 1213ms  
  #456 POST /a/v1/solvers/finance_world_projection/invoke → 200 1021ms  
  #457 POST /a/v1/sim/sessions/sims_vtz9fkg32x07t4j4/tick → 200 848ms  
  #459 POST /a/v1/solvers/finance_world_projection/invoke → 200 1524ms  
  #460 POST /a/v1/sim/sessions/sims_vtz9fkg32x07t4j4/tick → 200 864ms  
  #462 POST /a/v1/solvers/finance_world_projection/invoke → 200 1212ms  
  #463 POST /a/v1/sim/sessions/sims_vtz9fkg32x07t4j4/tick → 200 975ms  
  #465 POST /a/v1/solvers/finance_world_projection/invoke → 200 1134ms  
  #466 POST /a/v1/sim/sessions/sims_vtz9fkg32x07t4j4/tick → 200 493ms  
  #468 POST /a/v1/solvers/finance_world_projection/invoke → 200 986ms  
  #469 POST /a/v1/sim/sessions/sims_vtz9fkg32x07t4j4/tick → 200 535ms  
  #471 POST /a/v1/solvers/finance_world_projection/invoke → 200 1030ms  
  #472 POST /a/v1/sim/sessions/sims_vtz9fkg32x07t4j4/tick → 200 627ms  
  #474 POST /a/v1/solvers/finance_world_projection/invoke → 200 813ms  
  #475 POST /a/v1/sim/sessions/sims_vtz9fkg32x07t4j4/tick → 200 551ms  
  #477 POST /a/v1/solvers/finance_world_projection/invoke → 200 907ms  
  #478 POST /a/v1/sim/sessions/sims_vtz9fkg32x07t4j4/tick → 200 574ms  
  #480 POST /a/v1/solvers/finance_world_projection/invoke → 200 1048ms  
  #481 POST /a/v1/sim/sessions/sims_vtz9fkg32x07t4j4/tick → 200 628ms  
  #483 POST /a/v1/solvers/finance_world_projection/invoke → 200 1053ms  
  #484 POST /a/v1/sim/sessions/sims_vtz9fkg32x07t4j4/tick → 200 508ms  
  #486 POST /a/v1/solvers/finance_world_projection/invoke → 200 982ms  
  #487 POST /a/v1/sim/sessions/sims_vtz9fkg32x07t4j4/tick → 200 663ms  
  #489 POST /a/v1/solvers/finance_world_projection/invoke → 200 897ms  
  #490 POST /a/v1/sim/sessions/sims_vtz9fkg32x07t4j4/tick → 200 611ms  
  #492 POST /a/v1/solvers/finance_world_projection/invoke → 200 914ms  
  #493 POST /a/v1/sim/sessions/sims_vtz9fkg32x07t4j4/tick → 200 456ms  
  #495 POST /a/v1/solvers/finance_world_projection/invoke → 200 826ms  
  #496 POST /a/v1/sim/sessions/sims_vtz9fkg32x07t4j4/tick → 200 695ms  
  #498 POST /a/v1/solvers/finance_world_projection/invoke → 200 947ms  
  #499 POST /a/v1/sim/sessions/sims_vtz9fkg32x07t4j4/tick → 200 474ms  
  #501 POST /a/v1/solvers/finance_world_projection/invoke → 200 1175ms  
  #502 POST /a/v1/sim/sessions/sims_vtz9fkg32x07t4j4/tick → 200 486ms  
  #504 POST /a/v1/solvers/finance_world_projection/invoke → 200 1277ms  
  #505 POST /a/v1/sim/sessions/sims_vtz9fkg32x07t4j4/tick → 200 516ms  
  #507 POST /a/v1/solvers/finance_world_projection/invoke → 200 1101ms  
  #508 POST /a/v1/sim/sessions → 201 476ms  
  #512 POST /a/v1/solvers/finance_world_projection/invoke → 200 169ms  
  #513 POST /a/v1/sim/sessions/sims_cfp1hs388bgnxs8z/tick → 200 256ms  
  #515 POST /a/v1/solvers/finance_world_projection/invoke → 200 153ms  
  #516 POST /a/v1/sim/sessions/sims_cfp1hs388bgnxs8z/tick → 200 298ms  
  #518 POST /a/v1/solvers/finance_world_projection/invoke → 200 280ms  
  #519 POST /a/v1/sim/sessions/sims_cfp1hs388bgnxs8z/tick → 200 328ms  
  #521 POST /a/v1/solvers/finance_world_projection/invoke → 200 169ms  
  #522 POST /a/v1/sim/sessions/sims_cfp1hs388bgnxs8z/tick → 200 258ms  
  #524 POST /a/v1/solvers/finance_world_projection/invoke → 200 240ms  
  #525 POST /a/v1/sim/sessions/sims_cfp1hs388bgnxs8z/tick → 200 281ms  
  #527 POST /a/v1/solvers/finance_world_projection/invoke → 200 211ms  
  #528 POST /a/v1/sim/sessions/sims_cfp1hs388bgnxs8z/tick → 200 313ms  
  #530 POST /a/v1/solvers/finance_world_projection/invoke → 200 188ms  
  #531 POST /a/v1/sim/sessions/sims_cfp1hs388bgnxs8z/tick → 200 168ms  
  #533 POST /a/v1/solvers/finance_world_projection/invoke → 200 151ms  
  #534 POST /a/v1/sim/sessions/sims_cfp1hs388bgnxs8z/tick → 200 219ms  
  #536 POST /a/v1/solvers/finance_world_projection/invoke → 200 160ms  
  #537 POST /a/v1/sim/sessions/sims_cfp1hs388bgnxs8z/tick → 200 178ms  
  #539 POST /a/v1/solvers/finance_world_projection/invoke → 200 201ms  
  #540 POST /a/v1/sim/sessions/sims_cfp1hs388bgnxs8z/tick → 200 181ms  
  #542 POST /a/v1/solvers/finance_world_projection/invoke → 200 277ms  
  #543 POST /a/v1/sim/sessions/sims_cfp1hs388bgnxs8z/tick → 200 197ms  
  #545 POST /a/v1/solvers/finance_world_projection/invoke → 200 303ms  
  #546 POST /a/v1/sim/sessions/sims_cfp1hs388bgnxs8z/tick → 200 178ms  
  #548 POST /a/v1/solvers/finance_world_projection/invoke → 200 220ms  
  #549 POST /a/v1/sim/sessions/sims_cfp1hs388bgnxs8z/tick → 200 161ms  
  #551 POST /a/v1/solvers/finance_world_projection/invoke → 200 535ms  
  #552 POST /a/v1/sim/sessions/sims_cfp1hs388bgnxs8z/tick → 200 156ms  
  #554 POST /a/v1/solvers/finance_world_projection/invoke → 200 324ms  
  #555 POST /a/v1/sim/sessions/sims_cfp1hs388bgnxs8z/tick → 200 224ms  
  #557 POST /a/v1/solvers/finance_world_projection/invoke → 200 533ms  
  #558 POST /a/v1/sim/sessions/sims_cfp1hs388bgnxs8z/tick → 200 260ms  
  #560 POST /a/v1/solvers/finance_world_projection/invoke → 200 284ms  
  #561 POST /a/v1/sim/sessions/sims_cfp1hs388bgnxs8z/tick → 200 186ms  
  #563 POST /a/v1/solvers/finance_world_projection/invoke → 200 339ms  
  #564 POST /a/v1/sim/sessions/sims_cfp1hs388bgnxs8z/tick → 200 204ms  
  #566 POST /a/v1/solvers/finance_world_projection/invoke → 200 610ms  
  #567 POST /a/v1/sim/sessions/sims_cfp1hs388bgnxs8z/tick → 200 187ms  
  #569 POST /a/v1/solvers/finance_world_projection/invoke → 200 410ms  
  #570 POST /a/v1/sim/sessions/sims_cfp1hs388bgnxs8z/tick → 200 211ms  
  #572 POST /a/v1/solvers/finance_world_projection/invoke → 200 370ms  
  #573 POST /a/v1/sim/sessions/sims_cfp1hs388bgnxs8z/tick → 200 194ms  
  #575 POST /a/v1/solvers/finance_world_projection/invoke → 200 422ms  
  #576 POST /a/v1/sim/sessions/sims_cfp1hs388bgnxs8z/tick → 200 213ms  
  #578 POST /a/v1/solvers/finance_world_projection/invoke → 200 429ms  
  #579 POST /a/v1/sim/sessions/sims_cfp1hs388bgnxs8z/tick → 200 233ms  
  #581 POST /a/v1/solvers/finance_world_projection/invoke → 200 449ms  
  #582 POST /a/v1/sim/sessions/sims_cfp1hs388bgnxs8z/tick → 200 154ms  
  #584 POST /a/v1/solvers/finance_world_projection/invoke → 200 475ms  
  #585 POST /a/v1/sim/sessions/sims_cfp1hs388bgnxs8z/tick → 200 182ms  
  #587 POST /a/v1/solvers/finance_world_projection/invoke → 200 652ms  
  #588 POST /a/v1/sim/sessions/sims_cfp1hs388bgnxs8z/tick → 200 221ms  
  #590 POST /a/v1/solvers/finance_world_projection/invoke → 200 400ms  
  #591 POST /a/v1/sim/sessions/sims_cfp1hs388bgnxs8z/tick → 200 189ms  
  #593 POST /a/v1/solvers/finance_world_projection/invoke → 200 450ms  
  #594 POST /a/v1/sim/sessions/sims_cfp1hs388bgnxs8z/tick → 200 169ms  
  #596 POST /a/v1/solvers/finance_world_projection/invoke → 200 453ms  
  #597 POST /a/v1/sim/sessions/sims_cfp1hs388bgnxs8z/tick → 200 187ms  
  #599 POST /a/v1/solvers/finance_world_projection/invoke → 200 550ms  
  #600 POST /a/v1/sim/sessions/sims_cfp1hs388bgnxs8z/tick → 200 181ms  
  #602 POST /a/v1/solvers/finance_world_projection/invoke → 200 472ms  
  #603 POST /a/v1/sim/sessions/sims_cfp1hs388bgnxs8z/tick → 200 164ms  
  #605 POST /a/v1/solvers/finance_world_projection/invoke → 200 504ms  
  #606 POST /a/v1/sim/sessions/sims_cfp1hs388bgnxs8z/tick → 200 162ms  
  #608 POST /a/v1/solvers/finance_world_projection/invoke → 200 749ms  
  #609 POST /a/v1/sim/sessions/sims_cfp1hs388bgnxs8z/tick → 200 179ms  
  #611 POST /a/v1/solvers/finance_world_projection/invoke → 200 558ms  
  #612 POST /a/v1/sim/sessions/sims_cfp1hs388bgnxs8z/tick → 200 196ms  
  #614 POST /a/v1/solvers/finance_world_projection/invoke → 200 495ms  
  #615 POST /a/v1/sim/sessions/sims_cfp1hs388bgnxs8z/tick → 200 164ms  
  #617 POST /a/v1/solvers/finance_world_projection/invoke → 200 518ms  
  #618 POST /a/v1/sim/sessions/sims_cfp1hs388bgnxs8z/tick → 200 201ms  
  #620 POST /a/v1/solvers/finance_world_projection/invoke → 200 569ms  
  #621 POST /a/v1/sim/sessions/sims_cfp1hs388bgnxs8z/tick → 200 213ms  
  #623 POST /a/v1/solvers/finance_world_projection/invoke → 200 659ms  
  #624 POST /a/v1/sim/sessions/sims_cfp1hs388bgnxs8z/tick → 200 218ms  
  #626 POST /a/v1/solvers/finance_world_projection/invoke → 200 833ms  
  #627 POST /a/v1/sim/sessions/sims_cfp1hs388bgnxs8z/tick → 200 144ms  
  #629 POST /a/v1/solvers/finance_world_projection/invoke → 200 633ms  
  #630 POST /a/v1/sim/sessions/sims_cfp1hs388bgnxs8z/tick → 200 233ms  
  #632 POST /a/v1/solvers/finance_world_projection/invoke → 200 632ms  
  #633 POST /a/v1/sim/sessions → 201 455ms  
  #634 POST /a/v1/sim/sessions/sims_67v640hc9pgkns95/perturbations → 201 70ms  
  #638 POST /a/v1/solvers/finance_world_projection/invoke → 200 76ms  
  #639 POST /a/v1/sim/sessions/sims_67v640hc9pgkns95/tick → 200 298ms  
  #641 POST /a/v1/solvers/finance_world_projection/invoke → 200 106ms  
  #642 POST /a/v1/sim/sessions/sims_67v640hc9pgkns95/tick → 200 319ms  
  #644 POST /a/v1/solvers/finance_world_projection/invoke → 200 95ms  
  #645 POST /a/v1/sim/sessions/sims_67v640hc9pgkns95/tick → 200 306ms  
  #647 POST /a/v1/solvers/finance_world_projection/invoke → 200 95ms  
  #648 POST /a/v1/sim/sessions/sims_67v640hc9pgkns95/tick → 200 354ms  
  #650 POST /a/v1/solvers/finance_world_projection/invoke → 200 147ms  
  #651 POST /a/v1/sim/sessions/sims_67v640hc9pgkns95/tick → 200 656ms  
  #653 POST /a/v1/solvers/finance_world_projection/invoke → 200 179ms  
  #654 POST /a/v1/sim/sessions/sims_67v640hc9pgkns95/tick → 200 278ms  
  #656 POST /a/v1/solvers/finance_world_projection/invoke → 200 165ms  
  #657 POST /a/v1/sim/sessions/sims_67v640hc9pgkns95/tick → 200 271ms  
  #659 POST /a/v1/solvers/finance_world_projection/invoke → 200 210ms  
  #660 POST /a/v1/sim/sessions/sims_67v640hc9pgkns95/tick → 200 351ms  
  #662 POST /a/v1/solvers/finance_world_projection/invoke → 200 161ms  
  #663 POST /a/v1/sim/sessions/sims_67v640hc9pgkns95/tick → 200 287ms  
  #665 POST /a/v1/solvers/finance_world_projection/invoke → 200 201ms  
  #666 POST /a/v1/sim/sessions/sims_67v640hc9pgkns95/tick → 200 296ms  
  #668 POST /a/v1/solvers/finance_world_projection/invoke → 200 204ms  
  #669 POST /a/v1/sim/sessions/sims_67v640hc9pgkns95/tick → 200 289ms  
  #671 POST /a/v1/solvers/finance_world_projection/invoke → 200 234ms  
  #672 POST /a/v1/sim/sessions/sims_67v640hc9pgkns95/tick → 200 243ms  
  #674 POST /a/v1/solvers/finance_world_projection/invoke → 200 230ms  
  #675 POST /a/v1/sim/sessions/sims_67v640hc9pgkns95/tick → 200 475ms  
  #677 POST /a/v1/solvers/finance_world_projection/invoke → 200 271ms  
  #678 POST /a/v1/sim/sessions/sims_67v640hc9pgkns95/tick → 200 293ms  
  #680 POST /a/v1/solvers/finance_world_projection/invoke → 200 279ms  
  #681 POST /a/v1/sim/sessions/sims_67v640hc9pgkns95/tick → 200 274ms  
  #683 POST /a/v1/solvers/finance_world_projection/invoke → 200 268ms  
  #684 POST /a/v1/sim/sessions/sims_67v640hc9pgkns95/tick → 200 285ms  
  #686 POST /a/v1/solvers/finance_world_projection/invoke → 200 288ms  
  #687 POST /a/v1/sim/sessions/sims_67v640hc9pgkns95/tick → 200 292ms  
  #689 POST /a/v1/solvers/finance_world_projection/invoke → 200 320ms  
  #690 POST /a/v1/sim/sessions/sims_67v640hc9pgkns95/tick → 200 256ms  
  #692 POST /a/v1/solvers/finance_world_projection/invoke → 200 293ms  
  #693 POST /a/v1/sim/sessions/sims_67v640hc9pgkns95/tick → 200 290ms  
  #695 POST /a/v1/solvers/finance_world_projection/invoke → 200 325ms  
  #696 POST /a/v1/sim/sessions/sims_67v640hc9pgkns95/tick → 200 327ms  
  #698 POST /a/v1/solvers/finance_world_projection/invoke → 200 384ms  
  #699 POST /a/v1/sim/sessions/sims_67v640hc9pgkns95/tick → 200 725ms  
  #701 POST /a/v1/solvers/finance_world_projection/invoke → 200 571ms  
  #702 POST /a/v1/sim/sessions/sims_67v640hc9pgkns95/tick → 200 317ms  
  #704 POST /a/v1/solvers/finance_world_projection/invoke → 200 402ms  
  #705 POST /a/v1/sim/sessions/sims_67v640hc9pgkns95/tick → 200 284ms  
  #707 POST /a/v1/solvers/finance_world_projection/invoke → 200 388ms  
  #708 POST /a/v1/sim/sessions/sims_67v640hc9pgkns95/tick → 200 321ms  
  #710 POST /a/v1/solvers/finance_world_projection/invoke → 200 430ms  
  #711 POST /a/v1/sim/sessions/sims_67v640hc9pgkns95/tick → 200 290ms  
  #713 POST /a/v1/solvers/finance_world_projection/invoke → 200 390ms  
  #714 POST /a/v1/sim/sessions/sims_67v640hc9pgkns95/tick → 200 365ms  
  #716 POST /a/v1/solvers/finance_world_projection/invoke → 200 712ms  
  #717 POST /a/v1/sim/sessions/sims_67v640hc9pgkns95/tick → 200 245ms  
  #719 POST /a/v1/solvers/finance_world_projection/invoke → 200 429ms  
  #720 POST /a/v1/sim/sessions/sims_67v640hc9pgkns95/tick → 200 295ms  
  #722 POST /a/v1/solvers/finance_world_projection/invoke → 200 485ms  
  #723 POST /a/v1/sim/sessions/sims_67v640hc9pgkns95/tick → 200 252ms  
  #725 POST /a/v1/solvers/finance_world_projection/invoke → 200 447ms  
  #726 POST /a/v1/sim/sessions/sims_67v640hc9pgkns95/tick → 200 321ms  
  #728 POST /a/v1/solvers/finance_world_projection/invoke → 200 579ms  
  #729 POST /a/v1/sim/sessions/sims_67v640hc9pgkns95/tick → 200 316ms  
  #731 POST /a/v1/solvers/finance_world_projection/invoke → 200 485ms  
  #732 POST /a/v1/sim/sessions/sims_67v640hc9pgkns95/tick → 200 988ms  
  #734 POST /a/v1/solvers/finance_world_projection/invoke → 200 860ms  
  #735 POST /a/v1/sim/sessions/sims_67v640hc9pgkns95/tick → 200 690ms  
  #737 POST /a/v1/solvers/finance_world_projection/invoke → 200 509ms  
  #738 POST /a/v1/sim/sessions/sims_67v640hc9pgkns95/tick → 200 350ms  
  #740 POST /a/v1/solvers/finance_world_projection/invoke → 200 521ms  
  #741 POST /a/v1/sim/sessions/sims_67v640hc9pgkns95/tick → 200 351ms  
  #743 POST /a/v1/solvers/finance_world_projection/invoke → 200 692ms  
  #744 POST /a/v1/sim/sessions/sims_67v640hc9pgkns95/tick → 200 388ms  
  #746 POST /a/v1/solvers/finance_world_projection/invoke → 200 863ms  
  #747 POST /a/v1/sim/sessions/sims_67v640hc9pgkns95/tick → 200 412ms  
  #749 POST /a/v1/solvers/finance_world_projection/invoke → 200 596ms  
  #750 POST /a/v1/sim/sessions/sims_67v640hc9pgkns95/tick → 200 344ms  
  #752 POST /a/v1/solvers/finance_world_projection/invoke → 200 637ms  
  #753 POST /a/v1/sim/sessions/sims_67v640hc9pgkns95/tick → 200 229ms  
  #755 POST /a/v1/solvers/finance_world_projection/invoke → 200 554ms  
  #756 POST /a/v1/sim/sessions/sims_67v640hc9pgkns95/tick → 200 309ms  
  #758 POST /a/v1/solvers/finance_world_projection/invoke → 200 883ms  
最慢 5 条：POST /a/v1/solvers/finance_world_projection/invoke=1916ms · POST /a/v1/solvers/finance_world_projection/invoke=1524ms · POST /a/v1/solvers/finance_world_projection/invoke=1484ms · POST /a/v1/solvers/finance_world_projection/invoke=1425ms · POST /a/v1/solvers/finance_world_projection/invoke=1405ms

══ ⑧ 复现命令 ══
PORT=4051 TICKS=40 node docs/evidence/WO-MULTIPERT-baseline.mjs > docs/evidence/WO-MULTIPERT-baseline.txt 2>&1
echo "CAPTURED_RC=$?" > docs/evidence/WO-MULTIPERT-baseline.rc

NOT-MEASURED 说明：凡本报告未给出数字的项，一律按 NOT-MEASURED 读，⛔ 不许拿别的臂的数推它。

DONE 2026-10-05T05:41:38.329Z
