obj_arinvoice_arinvoice_0_0	overduePressure	derived
obj_arinvoice_arinvoice_0_1	overduePressure	derived
obj_arinvoice_arinvoice_0_2	overduePressure	derived
obj_arinvoice_arinvoice_10_0	overduePressure	derived
obj_arinvoice_arinvoice_10_1	overduePressure	derived
obj_arinvoice_arinvoice_10_2	overduePressure	derived
obj_arinvoice_arinvoice_11_0	overduePressure	derived
obj_arinvoice_arinvoice_11_1	overduePressure	derived
obj_arinvoice_arinvoice_11_2	overduePressure	derived
obj_arinvoice_arinvoice_12_0	overduePressure	derived
obj_arinvoice_arinvoice_12_1	overduePressure	derived
obj_arinvoice_arinvoice_12_2	overduePressure	derived
obj_arinvoice_arinvoice_13_0	overduePressure	derived
obj_arinvoice_arinvoice_13_1	overduePressure	derived
obj_arinvoice_arinvoice_13_2	overduePressure	derived
obj_arinvoice_arinvoice_14_0	overduePressure	derived
obj_arinvoice_arinvoice_14_1	overduePressure	derived
obj_arinvoice_arinvoice_14_2	overduePressure	derived
obj_arinvoice_arinvoice_15_0	overduePressure	derived
obj_arinvoice_arinvoice_15_1	overduePressure	derived
obj_arinvoice_arinvoice_15_2	overduePressure	derived
obj_arinvoice_arinvoice_16_0	overduePressure	derived
obj_arinvoice_arinvoice_16_1	overduePressure	derived
obj_arinvoice_arinvoice_16_2	overduePressure	derived
obj_arinvoice_arinvoice_17_0	overduePressure	derived
obj_arinvoice_arinvoice_17_1	overduePressure	derived
obj_arinvoice_arinvoice_17_2	overduePressure	derived
obj_arinvoice_arinvoice_18_0	overduePressure	derived
obj_arinvoice_arinvoice_18_1	overduePressure	derived
obj_arinvoice_arinvoice_18_2	overduePressure	derived
obj_arinvoice_arinvoice_19_0	overduePressure	derived
obj_arinvoice_arinvoice_19_1	overduePressure	derived
obj_arinvoice_arinvoice_19_2	overduePressure	derived
obj_arinvoice_arinvoice_1_0	overduePressure	derived
obj_arinvoice_arinvoice_1_1	overduePressure	derived
obj_arinvoice_arinvoice_1_2	overduePressure	derived
obj_arinvoice_arinvoice_2_0	overduePressure	derived
obj_arinvoice_arinvoice_2_1	overduePressure	derived
obj_arinvoice_arinvoice_2_2	overduePressure	derived
obj_arinvoice_arinvoice_3_0	overduePressure	derived
obj_arinvoice_arinvoice_3_1	overduePressure	derived
obj_arinvoice_arinvoice_3_2	overduePressure	derived
obj_arinvoice_arinvoice_4_0	overduePressure	derived
obj_arinvoice_arinvoice_4_1	overduePressure	derived
obj_arinvoice_arinvoice_4_2	overduePressure	derived
obj_arinvoice_arinvoice_5_0	overduePressure	derived
obj_arinvoice_arinvoice_5_1	overduePressure	derived
obj_arinvoice_arinvoice_5_2	overduePressure	derived
obj_arinvoice_arinvoice_6_0	overduePressure	derived
obj_arinvoice_arinvoice_6_1	overduePressure	derived
obj_arinvoice_arinvoice_6_2	overduePressure	derived
obj_arinvoice_arinvoice_7_0	overduePressure	derived
obj_arinvoice_arinvoice_7_1	overduePressure	derived
obj_arinvoice_arinvoice_7_2	overduePressure	derived
obj_arinvoice_arinvoice_8_0	overduePressure	derived
obj_arinvoice_arinvoice_8_1	overduePressure	derived
obj_arinvoice_arinvoice_8_2	overduePressure	derived
obj_arinvoice_arinvoice_9_0	overduePressure	derived
obj_arinvoice_arinvoice_9_1	overduePressure	derived
obj_arinvoice_arinvoice_9_2	overduePressure	derived
obj_base_changzhou	loadIndex	measured
obj_base_chengdu	loadIndex	measured
obj_base_handan	loadIndex	measured
obj_base_hefei	loadIndex	measured
obj_base_jiangmen	loadIndex	measured
obj_base_jinhua	loadIndex	measured
obj_base_meishan	loadIndex	measured
obj_base_wuhan	loadIndex	measured
obj_base_xiamen	loadIndex	measured
obj_base_xinyang	loadIndex	measured
obj_base_yangzhou	loadIndex	measured
obj_base_zaozhuang	loadIndex	measured
obj_base_zigong	loadIndex	measured
obj_certification_cert_4680-NCM_LINE-WS-changzhou-assembly	qualificationQueue	derived
obj_certification_cert_4680-NCM_LINE-WS-changzhou-calendering	qualificationQueue	derived
obj_certification_cert_4680-NCM_LINE-WS-changzhou-coating	qualificationQueue	derived
obj_certification_cert_4680-NCM_LINE-WS-changzhou-filling	qualificationQueue	derived
obj_certification_cert_4680-NCM_LINE-WS-changzhou-formation	qualificationQueue	derived
obj_certification_cert_4680-NCM_LINE-WS-changzhou-grading	qualificationQueue	derived
obj_certification_cert_4680-NCM_LINE-WS-changzhou-pack	qualificationQueue	derived
obj_certification_cert_4680-NCM_LINE-WS-changzhou-slitting	qualificationQueue	derived
obj_certification_cert_4680-NCM_LINE-WS-changzhou-slurry	qualificationQueue	derived
obj_certification_cert_4680-NCM_LINE-WS-changzhou-winding	qualificationQueue	derived
obj_certification_cert_4680-NCM_LINE-WS-xiamen-assembly	qualificationQueue	derived
obj_certification_cert_4680-NCM_LINE-WS-xiamen-calendering	qualificationQueue	derived
obj_certification_cert_4680-NCM_LINE-WS-xiamen-coating	qualificationQueue	derived
obj_certification_cert_4680-NCM_LINE-WS-xiamen-filling	qualificationQueue	derived
obj_certification_cert_4680-NCM_LINE-WS-xiamen-formation	qualificationQueue	derived
obj_certification_cert_4680-NCM_LINE-WS-xiamen-slitting	qualificationQueue	derived
obj_certification_cert_4680-NCM_LINE-WS-xiamen-slurry	qualificationQueue	derived
obj_certification_cert_4680-NCM_LINE-WS-xiamen-winding	qualificationQueue	derived
obj_changeovermatrix_2170-NCM__4680-LFP	changeoverPressure	derived
obj_changeovermatrix_2170-NCM__4680-NCM	changeoverPressure	derived
obj_changeovermatrix_2170-NCM__圆柱-LFP	changeoverPressure	derived
obj_changeovermatrix_2170-NCM__方形-LFP	changeoverPressure	derived
obj_changeovermatrix_2170-NCM__方形-NCM	changeoverPressure	derived
obj_changeovermatrix_4680-LFP__2170-NCM	changeoverPressure	derived
obj_changeovermatrix_4680-LFP__4680-NCM	changeoverPressure	derived
obj_changeovermatrix_4680-LFP__圆柱-LFP	changeoverPressure	derived
obj_changeovermatrix_4680-LFP__方形-LFP	changeoverPressure	derived
obj_changeovermatrix_4680-LFP__方形-NCM	changeoverPressure	derived
obj_changeovermatrix_4680-NCM__2170-NCM	changeoverPressure	derived
obj_changeovermatrix_4680-NCM__4680-LFP	changeoverPressure	derived
obj_changeovermatrix_4680-NCM__圆柱-LFP	changeoverPressure	derived
obj_changeovermatrix_4680-NCM__方形-LFP	changeoverPressure	derived
obj_changeovermatrix_4680-NCM__方形-NCM	changeoverPressure	derived
obj_changeovermatrix_圆柱-LFP__2170-NCM	changeoverPressure	derived
obj_changeovermatrix_圆柱-LFP__4680-LFP	changeoverPressure	derived
obj_changeovermatrix_圆柱-LFP__4680-NCM	changeoverPressure	derived
obj_changeovermatrix_圆柱-LFP__方形-LFP	changeoverPressure	derived
obj_changeovermatrix_圆柱-LFP__方形-NCM	changeoverPressure	derived
obj_changeovermatrix_方形-LFP__2170-NCM	changeoverPressure	derived
obj_changeovermatrix_方形-LFP__4680-LFP	changeoverPressure	derived
obj_changeovermatrix_方形-LFP__4680-NCM	changeoverPressure	derived
obj_changeovermatrix_方形-LFP__圆柱-LFP	changeoverPressure	derived
obj_changeovermatrix_方形-LFP__方形-NCM	changeoverPressure	derived
obj_changeovermatrix_方形-NCM__2170-NCM	changeoverPressure	derived
obj_changeovermatrix_方形-NCM__4680-LFP	changeoverPressure	derived
obj_changeovermatrix_方形-NCM__4680-NCM	changeoverPressure	derived
obj_changeovermatrix_方形-NCM__圆柱-LFP	changeoverPressure	derived
obj_changeovermatrix_方形-NCM__方形-LFP	changeoverPressure	derived
obj_customer_cust_0	receivablePressure	measured
obj_customer_cust_1	receivablePressure	measured
obj_customer_cust_10	receivablePressure	measured
obj_customer_cust_11	receivablePressure	measured
obj_customer_cust_12	receivablePressure	measured
obj_customer_cust_13	receivablePressure	measured
obj_customer_cust_14	receivablePressure	measured
obj_customer_cust_15	receivablePressure	measured
obj_customer_cust_16	receivablePressure	measured
obj_customer_cust_17	receivablePressure	measured
obj_customer_cust_18	receivablePressure	measured
obj_customer_cust_19	receivablePressure	measured
obj_customer_cust_2	receivablePressure	measured
obj_customer_cust_3	receivablePressure	measured
obj_customer_cust_4	receivablePressure	measured
obj_customer_cust_5	receivablePressure	measured
obj_customer_cust_6	receivablePressure	measured
obj_customer_cust_7	receivablePressure	measured
obj_customer_cust_8	receivablePressure	measured
obj_customer_cust_9	receivablePressure	measured
obj_customerlocation_LOC-cust_0-0	deliveryHoldRisk	derived
obj_customerlocation_LOC-cust_1-0	deliveryHoldRisk	derived
obj_customerlocation_LOC-cust_1-1	deliveryHoldRisk	derived
obj_customerlocation_LOC-cust_10-0	deliveryHoldRisk	derived
obj_customerlocation_LOC-cust_10-1	deliveryHoldRisk	derived
obj_customerlocation_LOC-cust_11-0	deliveryHoldRisk	derived
obj_customerlocation_LOC-cust_12-0	deliveryHoldRisk	derived
obj_customerlocation_LOC-cust_12-1	deliveryHoldRisk	derived
obj_customerlocation_LOC-cust_13-0	deliveryHoldRisk	derived
obj_customerlocation_LOC-cust_14-0	deliveryHoldRisk	derived
obj_customerlocation_LOC-cust_14-1	deliveryHoldRisk	derived
obj_customerlocation_LOC-cust_15-0	deliveryHoldRisk	derived
obj_customerlocation_LOC-cust_16-0	deliveryHoldRisk	derived
obj_customerlocation_LOC-cust_16-1	deliveryHoldRisk	derived
obj_customerlocation_LOC-cust_17-0	deliveryHoldRisk	derived
obj_customerlocation_LOC-cust_18-0	deliveryHoldRisk	derived
obj_customerlocation_LOC-cust_18-1	deliveryHoldRisk	derived
obj_customerlocation_LOC-cust_19-0	deliveryHoldRisk	derived
obj_customerlocation_LOC-cust_2-0	deliveryHoldRisk	derived
obj_customerlocation_LOC-cust_3-0	deliveryHoldRisk	derived
obj_customerlocation_LOC-cust_3-1	deliveryHoldRisk	derived
obj_customerlocation_LOC-cust_4-0	deliveryHoldRisk	derived
obj_customerlocation_LOC-cust_5-0	deliveryHoldRisk	derived
obj_customerlocation_LOC-cust_5-1	deliveryHoldRisk	derived
obj_customerlocation_LOC-cust_6-0	deliveryHoldRisk	derived
obj_customerlocation_LOC-cust_7-0	deliveryHoldRisk	derived
obj_customerlocation_LOC-cust_7-1	deliveryHoldRisk	derived
obj_customerlocation_LOC-cust_8-0	deliveryHoldRisk	derived
obj_customerlocation_LOC-cust_9-0	deliveryHoldRisk	derived
obj_customerlocation_LOC-cust_9-1	deliveryHoldRisk	derived
obj_customsclearance_cc_po_12	clearanceQueueDays	derived
obj_defectrecord_DEF-WO-LINE-WS-changzhou-assembly-1	defectPressure	measured
obj_defectrecord_DEF-WO-LINE-WS-changzhou-calendering-1	defectPressure	measured
obj_defectrecord_DEF-WO-LINE-WS-changzhou-grading-0	defectPressure	measured
obj_defectrecord_DEF-WO-LINE-WS-changzhou-grading-1	defectPressure	measured
obj_defectrecord_DEF-WO-LINE-WS-changzhou-slitting-0	defectPressure	measured
obj_defectrecord_DEF-WO-LINE-WS-changzhou-slurry-0	defectPressure	measured
obj_defectrecord_DEF-WO-LINE-WS-chengdu-assembly-1	defectPressure	measured
obj_defectrecord_DEF-WO-LINE-WS-chengdu-filling-1	defectPressure	measured
obj_defectrecord_DEF-WO-LINE-WS-chengdu-grading-0	defectPressure	measured
obj_defectrecord_DEF-WO-LINE-WS-chengdu-pack-0	defectPressure	measured
obj_defectrecord_DEF-WO-LINE-WS-chengdu-slitting-0	defectPressure	measured
obj_defectrecord_DEF-WO-LINE-WS-chengdu-winding-0	defectPressure	measured
obj_defectrecord_DEF-WO-LINE-WS-chengdu-winding-1	defectPressure	measured
obj_defectrecord_DEF-WO-LINE-WS-handan-filling-0	defectPressure	measured
obj_defectrecord_DEF-WO-LINE-WS-handan-grading-0	defectPressure	measured
obj_defectrecord_DEF-WO-LINE-WS-handan-pack-0	defectPressure	measured
obj_defectrecord_DEF-WO-LINE-WS-handan-slitting-0	defectPressure	measured
obj_defectrecord_DEF-WO-LINE-WS-handan-slitting-1	defectPressure	measured
obj_defectrecord_DEF-WO-LINE-WS-handan-slurry-0	defectPressure	measured
obj_defectrecord_DEF-WO-LINE-WS-handan-slurry-1	defectPressure	measured
obj_defectrecord_DEF-WO-LINE-WS-hefei-assembly-1	defectPressure	measured
obj_defectrecord_DEF-WO-LINE-WS-hefei-calendering-1	defectPressure	measured
obj_defectrecord_DEF-WO-LINE-WS-hefei-coating-0	defectPressure	measured
obj_defectrecord_DEF-WO-LINE-WS-hefei-filling-0	defectPressure	measured
obj_defectrecord_DEF-WO-LINE-WS-hefei-filling-1	defectPressure	measured
obj_defectrecord_DEF-WO-LINE-WS-hefei-formation-0	defectPressure	measured
obj_defectrecord_DEF-WO-LINE-WS-jiangmen-assembly-0	defectPressure	measured
obj_defectrecord_DEF-WO-LINE-WS-jiangmen-calendering-0	defectPressure	measured
obj_defectrecord_DEF-WO-LINE-WS-jiangmen-filling-0	defectPressure	measured
obj_defectrecord_DEF-WO-LINE-WS-jiangmen-filling-1	defectPressure	measured
obj_defectrecord_DEF-WO-LINE-WS-jiangmen-formation-0	defectPressure	measured
obj_defectrecord_DEF-WO-LINE-WS-jiangmen-slurry-1	defectPressure	measured
obj_defectrecord_DEF-WO-LINE-WS-jinhua-assembly-1	defectPressure	measured
obj_defectrecord_DEF-WO-LINE-WS-jinhua-calendering-0	defectPressure	measured
obj_defectrecord_DEF-WO-LINE-WS-jinhua-filling-0	defectPressure	measured
obj_defectrecord_DEF-WO-LINE-WS-jinhua-filling-1	defectPressure	measured
obj_defectrecord_DEF-WO-LINE-WS-jinhua-formation-1	defectPressure	measured
obj_defectrecord_DEF-WO-LINE-WS-jinhua-pack-1	defectPressure	measured
obj_defectrecord_DEF-WO-LINE-WS-jinhua-slurry-0	defectPressure	measured
obj_defectrecord_DEF-WO-LINE-WS-jinhua-slurry-1	defectPressure	measured
obj_defectrecord_DEF-WO-LINE-WS-jinhua-winding-0	defectPressure	measured
obj_defectrecord_DEF-WO-LINE-WS-jinhua-winding-1	defectPressure	measured
obj_defectrecord_DEF-WO-LINE-WS-meishan-calendering-1	defectPressure	measured
obj_defectrecord_DEF-WO-LINE-WS-meishan-formation-0	defectPressure	measured
obj_defectrecord_DEF-WO-LINE-WS-meishan-slitting-1	defectPressure	measured
obj_defectrecord_DEF-WO-LINE-WS-meishan-slurry-0	defectPressure	measured
obj_defectrecord_DEF-WO-LINE-WS-meishan-winding-1	defectPressure	measured
obj_defectrecord_DEF-WO-LINE-WS-wuhan-calendering-0	defectPressure	measured
obj_defectrecord_DEF-WO-LINE-WS-wuhan-grading-0	defectPressure	measured
obj_defectrecord_DEF-WO-LINE-WS-wuhan-slitting-0	defectPressure	measured
obj_defectrecord_DEF-WO-LINE-WS-wuhan-slurry-0	defectPressure	measured
obj_defectrecord_DEF-WO-LINE-WS-wuhan-winding-0	defectPressure	measured
obj_defectrecord_DEF-WO-LINE-WS-xiamen-calendering-0	defectPressure	measured
obj_defectrecord_DEF-WO-LINE-WS-xiamen-coating-0	defectPressure	measured
obj_defectrecord_DEF-WO-LINE-WS-xiamen-grading-0	defectPressure	measured
obj_defectrecord_DEF-WO-LINE-WS-xiamen-grading-1	defectPressure	measured
obj_defectrecord_DEF-WO-LINE-WS-xiamen-slitting-0	defectPressure	measured
obj_defectrecord_DEF-WO-LINE-WS-xiamen-slitting-1	defectPressure	measured
obj_defectrecord_DEF-WO-LINE-WS-xiamen-winding-0	defectPressure	measured
obj_defectrecord_DEF-WO-LINE-WS-xinyang-assembly-0	defectPressure	measured
obj_defectrecord_DEF-WO-LINE-WS-xinyang-assembly-1	defectPressure	measured
obj_defectrecord_DEF-WO-LINE-WS-xinyang-formation-1	defectPressure	measured
obj_defectrecord_DEF-WO-LINE-WS-xinyang-slurry-1	defectPressure	measured
obj_defectrecord_DEF-WO-LINE-WS-xinyang-winding-1	defectPressure	measured
obj_defectrecord_DEF-WO-LINE-WS-yangzhou-calendering-0	defectPressure	measured
obj_defectrecord_DEF-WO-LINE-WS-yangzhou-coating-1	defectPressure	measured
obj_defectrecord_DEF-WO-LINE-WS-yangzhou-formation-0	defectPressure	measured
obj_defectrecord_DEF-WO-LINE-WS-yangzhou-slurry-0	defectPressure	measured
obj_defectrecord_DEF-WO-LINE-WS-yangzhou-winding-0	defectPressure	measured
obj_defectrecord_DEF-WO-LINE-WS-zaozhuang-calendering-1	defectPressure	measured
obj_defectrecord_DEF-WO-LINE-WS-zaozhuang-formation-0	defectPressure	measured
obj_defectrecord_DEF-WO-LINE-WS-zaozhuang-grading-1	defectPressure	measured
obj_defectrecord_DEF-WO-LINE-WS-zaozhuang-pack-0	defectPressure	measured
obj_defectrecord_DEF-WO-LINE-WS-zaozhuang-pack-1	defectPressure	measured
obj_defectrecord_DEF-WO-LINE-WS-zaozhuang-winding-1	defectPressure	measured
obj_defectrecord_DEF-WO-LINE-WS-zigong-calendering-0	defectPressure	measured
obj_defectrecord_DEF-WO-LINE-WS-zigong-coating-0	defectPressure	measured
obj_defectrecord_DEF-WO-LINE-WS-zigong-coating-1	defectPressure	measured
obj_defectrecord_DEF-WO-LINE-WS-zigong-filling-0	defectPressure	measured
obj_defectrecord_DEF-WO-LINE-WS-zigong-grading-0	defectPressure	measured
obj_defectrecord_DEF-WO-LINE-WS-zigong-pack-1	defectPressure	measured
obj_defectrecord_DEF-WO-LINE-WS-zigong-slitting-1	defectPressure	measured
obj_defectrecord_DEF-WO-LINE-WS-zigong-slurry-0	defectPressure	measured
obj_defectrecord_DEF-WO-LINE-WS-zigong-winding-0	defectPressure	measured
obj_defectrecord_DEF-WO-LINE-WS-zigong-winding-1	defectPressure	measured
obj_equipment_LINE-WS-changzhou-assembly-assembly-E1	equipmentFailure	measured
obj_equipment_LINE-WS-changzhou-assembly-assembly-E1	loadPressure	measured
obj_equipment_LINE-WS-changzhou-assembly-assembly-E2	equipmentFailure	measured
obj_equipment_LINE-WS-changzhou-assembly-assembly-E2	loadPressure	measured
obj_equipment_LINE-WS-changzhou-assembly-coating-E1	equipmentFailure	measured
obj_equipment_LINE-WS-changzhou-assembly-coating-E1	loadPressure	measured
obj_equipment_LINE-WS-changzhou-assembly-coating-E2	equipmentFailure	measured
obj_equipment_LINE-WS-changzhou-assembly-coating-E2	loadPressure	measured
obj_equipment_LINE-WS-changzhou-assembly-winding-E1	equipmentFailure	measured
obj_equipment_LINE-WS-changzhou-assembly-winding-E1	loadPressure	measured
obj_equipment_LINE-WS-changzhou-assembly-winding-E2	equipmentFailure	measured
obj_equipment_LINE-WS-changzhou-assembly-winding-E2	loadPressure	measured
obj_equipment_LINE-WS-changzhou-calendering-assembly-E1	equipmentFailure	measured
obj_equipment_LINE-WS-changzhou-calendering-assembly-E1	loadPressure	measured
obj_equipment_LINE-WS-changzhou-calendering-assembly-E2	equipmentFailure	measured
obj_equipment_LINE-WS-changzhou-calendering-assembly-E2	loadPressure	measured
obj_equipment_LINE-WS-changzhou-calendering-coating-E1	equipmentFailure	measured
obj_equipment_LINE-WS-changzhou-calendering-coating-E1	loadPressure	measured
obj_equipment_LINE-WS-changzhou-calendering-coating-E2	equipmentFailure	measured
obj_equipment_LINE-WS-changzhou-calendering-coating-E2	loadPressure	measured
obj_equipment_LINE-WS-changzhou-calendering-winding-E1	equipmentFailure	measured
obj_equipment_LINE-WS-changzhou-calendering-winding-E1	loadPressure	measured
obj_equipment_LINE-WS-changzhou-calendering-winding-E2	equipmentFailure	measured
obj_equipment_LINE-WS-changzhou-calendering-winding-E2	loadPressure	measured
obj_equipment_LINE-WS-changzhou-coating-assembly-E1	equipmentFailure	measured
obj_equipment_LINE-WS-changzhou-coating-assembly-E1	loadPressure	measured
obj_equipment_LINE-WS-changzhou-coating-assembly-E2	equipmentFailure	measured
obj_equipment_LINE-WS-changzhou-coating-assembly-E2	loadPressure	measured
obj_equipment_LINE-WS-changzhou-coating-coating-E1	equipmentFailure	measured
obj_equipment_LINE-WS-changzhou-coating-coating-E1	loadPressure	measured
obj_equipment_LINE-WS-changzhou-coating-coating-E2	equipmentFailure	measured
obj_equipment_LINE-WS-changzhou-coating-coating-E2	loadPressure	measured
obj_equipment_LINE-WS-changzhou-coating-winding-E1	equipmentFailure	measured
obj_equipment_LINE-WS-changzhou-coating-winding-E1	loadPressure	measured
obj_equipment_LINE-WS-changzhou-coating-winding-E2	equipmentFailure	measured
obj_equipment_LINE-WS-changzhou-coating-winding-E2	loadPressure	measured
obj_equipment_LINE-WS-changzhou-filling-assembly-E1	equipmentFailure	measured
obj_equipment_LINE-WS-changzhou-filling-assembly-E1	loadPressure	measured
obj_equipment_LINE-WS-changzhou-filling-assembly-E2	equipmentFailure	measured
obj_equipment_LINE-WS-changzhou-filling-assembly-E2	loadPressure	measured
obj_equipment_LINE-WS-changzhou-filling-coating-E1	equipmentFailure	measured
obj_equipment_LINE-WS-changzhou-filling-coating-E1	loadPressure	measured
obj_equipment_LINE-WS-changzhou-filling-coating-E2	equipmentFailure	measured
obj_equipment_LINE-WS-changzhou-filling-coating-E2	loadPressure	measured
obj_equipment_LINE-WS-changzhou-filling-winding-E1	equipmentFailure	measured
obj_equipment_LINE-WS-changzhou-filling-winding-E1	loadPressure	measured
obj_equipment_LINE-WS-changzhou-filling-winding-E2	equipmentFailure	measured
obj_equipment_LINE-WS-changzhou-filling-winding-E2	loadPressure	measured
obj_equipment_LINE-WS-changzhou-formation-assembly-E1	equipmentFailure	measured
obj_equipment_LINE-WS-changzhou-formation-assembly-E1	loadPressure	measured
obj_equipment_LINE-WS-changzhou-formation-assembly-E2	equipmentFailure	measured
obj_equipment_LINE-WS-changzhou-formation-assembly-E2	loadPressure	measured
obj_equipment_LINE-WS-changzhou-formation-coating-E1	equipmentFailure	measured
obj_equipment_LINE-WS-changzhou-formation-coating-E1	loadPressure	measured
obj_equipment_LINE-WS-changzhou-formation-coating-E2	equipmentFailure	measured
obj_equipment_LINE-WS-changzhou-formation-coating-E2	loadPressure	measured
obj_equipment_LINE-WS-changzhou-formation-winding-E1	equipmentFailure	measured
obj_equipment_LINE-WS-changzhou-formation-winding-E1	loadPressure	measured
obj_equipment_LINE-WS-changzhou-formation-winding-E2	equipmentFailure	measured
obj_equipment_LINE-WS-changzhou-formation-winding-E2	loadPressure	measured
obj_equipment_LINE-WS-changzhou-grading-assembly-E1	equipmentFailure	measured
obj_equipment_LINE-WS-changzhou-grading-assembly-E1	loadPressure	measured
obj_equipment_LINE-WS-changzhou-grading-assembly-E2	equipmentFailure	measured
obj_equipment_LINE-WS-changzhou-grading-assembly-E2	loadPressure	measured
obj_equipment_LINE-WS-changzhou-grading-coating-E1	equipmentFailure	measured
obj_equipment_LINE-WS-changzhou-grading-coating-E1	loadPressure	measured
obj_equipment_LINE-WS-changzhou-grading-coating-E2	equipmentFailure	measured
obj_equipment_LINE-WS-changzhou-grading-coating-E2	loadPressure	measured
obj_equipment_LINE-WS-changzhou-grading-winding-E1	equipmentFailure	measured
obj_equipment_LINE-WS-changzhou-grading-winding-E1	loadPressure	measured
obj_equipment_LINE-WS-changzhou-grading-winding-E2	equipmentFailure	measured
obj_equipment_LINE-WS-changzhou-grading-winding-E2	loadPressure	measured
obj_equipment_LINE-WS-changzhou-pack-assembly-E1	equipmentFailure	measured
obj_equipment_LINE-WS-changzhou-pack-assembly-E1	loadPressure	measured
obj_equipment_LINE-WS-changzhou-pack-assembly-E2	equipmentFailure	measured
obj_equipment_LINE-WS-changzhou-pack-assembly-E2	loadPressure	measured
obj_equipment_LINE-WS-changzhou-pack-coating-E1	equipmentFailure	measured
obj_equipment_LINE-WS-changzhou-pack-coating-E1	loadPressure	measured
obj_equipment_LINE-WS-changzhou-pack-coating-E2	equipmentFailure	measured
obj_equipment_LINE-WS-changzhou-pack-coating-E2	loadPressure	measured
obj_equipment_LINE-WS-changzhou-pack-winding-E1	equipmentFailure	measured
obj_equipment_LINE-WS-changzhou-pack-winding-E1	loadPressure	measured
obj_equipment_LINE-WS-changzhou-pack-winding-E2	equipmentFailure	measured
obj_equipment_LINE-WS-changzhou-pack-winding-E2	loadPressure	measured
obj_equipment_LINE-WS-changzhou-slitting-assembly-E1	equipmentFailure	measured
obj_equipment_LINE-WS-changzhou-slitting-assembly-E1	loadPressure	measured
obj_equipment_LINE-WS-changzhou-slitting-assembly-E2	equipmentFailure	measured
obj_equipment_LINE-WS-changzhou-slitting-assembly-E2	loadPressure	measured
obj_equipment_LINE-WS-changzhou-slitting-coating-E1	equipmentFailure	measured
obj_equipment_LINE-WS-changzhou-slitting-coating-E1	loadPressure	measured
obj_equipment_LINE-WS-changzhou-slitting-coating-E2	equipmentFailure	measured
obj_equipment_LINE-WS-changzhou-slitting-coating-E2	loadPressure	measured
obj_equipment_LINE-WS-changzhou-slitting-winding-E1	equipmentFailure	measured
obj_equipment_LINE-WS-changzhou-slitting-winding-E1	loadPressure	measured
obj_equipment_LINE-WS-changzhou-slitting-winding-E2	equipmentFailure	measured
obj_equipment_LINE-WS-changzhou-slitting-winding-E2	loadPressure	measured
obj_equipment_LINE-WS-changzhou-slurry-assembly-E1	equipmentFailure	measured
obj_equipment_LINE-WS-changzhou-slurry-assembly-E1	loadPressure	measured
obj_equipment_LINE-WS-changzhou-slurry-assembly-E2	equipmentFailure	measured
obj_equipment_LINE-WS-changzhou-slurry-assembly-E2	loadPressure	measured
obj_equipment_LINE-WS-changzhou-slurry-coating-E1	equipmentFailure	measured
obj_equipment_LINE-WS-changzhou-slurry-coating-E1	loadPressure	measured
obj_equipment_LINE-WS-changzhou-slurry-coating-E2	equipmentFailure	measured
obj_equipment_LINE-WS-changzhou-slurry-coating-E2	loadPressure	measured
obj_equipment_LINE-WS-changzhou-slurry-winding-E1	equipmentFailure	measured
obj_equipment_LINE-WS-changzhou-slurry-winding-E1	loadPressure	measured
obj_equipment_LINE-WS-changzhou-slurry-winding-E2	equipmentFailure	measured
obj_equipment_LINE-WS-changzhou-slurry-winding-E2	loadPressure	measured
obj_equipment_LINE-WS-changzhou-winding-assembly-E1	equipmentFailure	measured
obj_equipment_LINE-WS-changzhou-winding-assembly-E1	loadPressure	measured
obj_equipment_LINE-WS-changzhou-winding-assembly-E2	equipmentFailure	measured
obj_equipment_LINE-WS-changzhou-winding-assembly-E2	loadPressure	measured
obj_equipment_LINE-WS-changzhou-winding-coating-E1	equipmentFailure	measured
obj_equipment_LINE-WS-changzhou-winding-coating-E1	loadPressure	measured
obj_equipment_LINE-WS-changzhou-winding-coating-E2	equipmentFailure	measured
obj_equipment_LINE-WS-changzhou-winding-coating-E2	loadPressure	measured
obj_equipment_LINE-WS-changzhou-winding-winding-E1	equipmentFailure	measured
obj_equipment_LINE-WS-changzhou-winding-winding-E1	loadPressure	measured
obj_equipment_LINE-WS-changzhou-winding-winding-E2	equipmentFailure	measured
obj_equipment_LINE-WS-changzhou-winding-winding-E2	loadPressure	measured
obj_equipment_LINE-WS-chengdu-assembly-assembly-E1	equipmentFailure	measured
obj_equipment_LINE-WS-chengdu-assembly-assembly-E1	loadPressure	measured
obj_equipment_LINE-WS-chengdu-assembly-assembly-E2	equipmentFailure	measured
obj_equipment_LINE-WS-chengdu-assembly-assembly-E2	loadPressure	measured
obj_equipment_LINE-WS-chengdu-assembly-coating-E1	equipmentFailure	measured
obj_equipment_LINE-WS-chengdu-assembly-coating-E1	loadPressure	measured
obj_equipment_LINE-WS-chengdu-assembly-coating-E2	equipmentFailure	measured
obj_equipment_LINE-WS-chengdu-assembly-coating-E2	loadPressure	measured
obj_equipment_LINE-WS-chengdu-assembly-winding-E1	equipmentFailure	measured
obj_equipment_LINE-WS-chengdu-assembly-winding-E1	loadPressure	measured
obj_equipment_LINE-WS-chengdu-assembly-winding-E2	equipmentFailure	measured
obj_equipment_LINE-WS-chengdu-assembly-winding-E2	loadPressure	measured
obj_equipment_LINE-WS-chengdu-calendering-assembly-E1	equipmentFailure	measured
obj_equipment_LINE-WS-chengdu-calendering-assembly-E1	loadPressure	measured
obj_equipment_LINE-WS-chengdu-calendering-assembly-E2	equipmentFailure	measured
obj_equipment_LINE-WS-chengdu-calendering-assembly-E2	loadPressure	measured
obj_equipment_LINE-WS-chengdu-calendering-coating-E1	equipmentFailure	measured
obj_equipment_LINE-WS-chengdu-calendering-coating-E1	loadPressure	measured
obj_equipment_LINE-WS-chengdu-calendering-coating-E2	equipmentFailure	measured
obj_equipment_LINE-WS-chengdu-calendering-coating-E2	loadPressure	measured
obj_equipment_LINE-WS-chengdu-calendering-winding-E1	equipmentFailure	measured
obj_equipment_LINE-WS-chengdu-calendering-winding-E1	loadPressure	measured
obj_equipment_LINE-WS-chengdu-calendering-winding-E2	equipmentFailure	measured
obj_equipment_LINE-WS-chengdu-calendering-winding-E2	loadPressure	measured
obj_equipment_LINE-WS-chengdu-coating-assembly-E1	equipmentFailure	measured
obj_equipment_LINE-WS-chengdu-coating-assembly-E1	loadPressure	measured
obj_equipment_LINE-WS-chengdu-coating-assembly-E2	equipmentFailure	measured
obj_equipment_LINE-WS-chengdu-coating-assembly-E2	loadPressure	measured
obj_equipment_LINE-WS-chengdu-coating-coating-E1	equipmentFailure	measured
obj_equipment_LINE-WS-chengdu-coating-coating-E1	loadPressure	measured
obj_equipment_LINE-WS-chengdu-coating-coating-E2	equipmentFailure	measured
obj_equipment_LINE-WS-chengdu-coating-coating-E2	loadPressure	measured
obj_equipment_LINE-WS-chengdu-coating-winding-E1	equipmentFailure	measured
obj_equipment_LINE-WS-chengdu-coating-winding-E1	loadPressure	measured
obj_equipment_LINE-WS-chengdu-coating-winding-E2	equipmentFailure	measured
obj_equipment_LINE-WS-chengdu-coating-winding-E2	loadPressure	measured
obj_equipment_LINE-WS-chengdu-filling-assembly-E1	equipmentFailure	measured
obj_equipment_LINE-WS-chengdu-filling-assembly-E1	loadPressure	measured
obj_equipment_LINE-WS-chengdu-filling-assembly-E2	equipmentFailure	measured
obj_equipment_LINE-WS-chengdu-filling-assembly-E2	loadPressure	measured
obj_equipment_LINE-WS-chengdu-filling-coating-E1	equipmentFailure	measured
obj_equipment_LINE-WS-chengdu-filling-coating-E1	loadPressure	measured
obj_equipment_LINE-WS-chengdu-filling-coating-E2	equipmentFailure	measured
obj_equipment_LINE-WS-chengdu-filling-coating-E2	loadPressure	measured
obj_equipment_LINE-WS-chengdu-filling-winding-E1	equipmentFailure	measured
obj_equipment_LINE-WS-chengdu-filling-winding-E1	loadPressure	measured
obj_equipment_LINE-WS-chengdu-filling-winding-E2	equipmentFailure	measured
obj_equipment_LINE-WS-chengdu-filling-winding-E2	loadPressure	measured
obj_equipment_LINE-WS-chengdu-formation-assembly-E1	equipmentFailure	measured
obj_equipment_LINE-WS-chengdu-formation-assembly-E1	loadPressure	measured
obj_equipment_LINE-WS-chengdu-formation-assembly-E2	equipmentFailure	measured
obj_equipment_LINE-WS-chengdu-formation-assembly-E2	loadPressure	measured
obj_equipment_LINE-WS-chengdu-formation-coating-E1	equipmentFailure	measured
obj_equipment_LINE-WS-chengdu-formation-coating-E1	loadPressure	measured
obj_equipment_LINE-WS-chengdu-formation-coating-E2	equipmentFailure	measured
obj_equipment_LINE-WS-chengdu-formation-coating-E2	loadPressure	measured
obj_equipment_LINE-WS-chengdu-formation-winding-E1	equipmentFailure	measured
obj_equipment_LINE-WS-chengdu-formation-winding-E1	loadPressure	measured
obj_equipment_LINE-WS-chengdu-formation-winding-E2	equipmentFailure	measured
obj_equipment_LINE-WS-chengdu-formation-winding-E2	loadPressure	measured
obj_equipment_LINE-WS-chengdu-grading-assembly-E1	equipmentFailure	measured
obj_equipment_LINE-WS-chengdu-grading-assembly-E1	loadPressure	measured
obj_equipment_LINE-WS-chengdu-grading-assembly-E2	equipmentFailure	measured
obj_equipment_LINE-WS-chengdu-grading-assembly-E2	loadPressure	measured
obj_equipment_LINE-WS-chengdu-grading-coating-E1	equipmentFailure	measured
obj_equipment_LINE-WS-chengdu-grading-coating-E1	loadPressure	measured
obj_equipment_LINE-WS-chengdu-grading-coating-E2	equipmentFailure	measured
obj_equipment_LINE-WS-chengdu-grading-coating-E2	loadPressure	measured
obj_equipment_LINE-WS-chengdu-grading-winding-E1	equipmentFailure	measured
obj_equipment_LINE-WS-chengdu-grading-winding-E1	loadPressure	measured
obj_equipment_LINE-WS-chengdu-grading-winding-E2	equipmentFailure	measured
obj_equipment_LINE-WS-chengdu-grading-winding-E2	loadPressure	measured
obj_equipment_LINE-WS-chengdu-pack-assembly-E1	equipmentFailure	measured
obj_equipment_LINE-WS-chengdu-pack-assembly-E1	loadPressure	measured
obj_equipment_LINE-WS-chengdu-pack-assembly-E2	equipmentFailure	measured
obj_equipment_LINE-WS-chengdu-pack-assembly-E2	loadPressure	measured
obj_equipment_LINE-WS-chengdu-pack-coating-E1	equipmentFailure	measured
obj_equipment_LINE-WS-chengdu-pack-coating-E1	loadPressure	measured
obj_equipment_LINE-WS-chengdu-pack-coating-E2	equipmentFailure	measured
obj_equipment_LINE-WS-chengdu-pack-coating-E2	loadPressure	measured
obj_equipment_LINE-WS-chengdu-pack-winding-E1	equipmentFailure	measured
obj_equipment_LINE-WS-chengdu-pack-winding-E1	loadPressure	measured
obj_equipment_LINE-WS-chengdu-pack-winding-E2	equipmentFailure	measured
obj_equipment_LINE-WS-chengdu-pack-winding-E2	loadPressure	measured
obj_equipment_LINE-WS-chengdu-slitting-assembly-E1	equipmentFailure	measured
obj_equipment_LINE-WS-chengdu-slitting-assembly-E1	loadPressure	measured
obj_equipment_LINE-WS-chengdu-slitting-assembly-E2	equipmentFailure	measured
obj_equipment_LINE-WS-chengdu-slitting-assembly-E2	loadPressure	measured
obj_equipment_LINE-WS-chengdu-slitting-coating-E1	equipmentFailure	measured
obj_equipment_LINE-WS-chengdu-slitting-coating-E1	loadPressure	measured
obj_equipment_LINE-WS-chengdu-slitting-coating-E2	equipmentFailure	measured
obj_equipment_LINE-WS-chengdu-slitting-coating-E2	loadPressure	measured
obj_equipment_LINE-WS-chengdu-slitting-winding-E1	equipmentFailure	measured
obj_equipment_LINE-WS-chengdu-slitting-winding-E1	loadPressure	measured
obj_equipment_LINE-WS-chengdu-slitting-winding-E2	equipmentFailure	measured
obj_equipment_LINE-WS-chengdu-slitting-winding-E2	loadPressure	measured
obj_equipment_LINE-WS-chengdu-slurry-assembly-E1	equipmentFailure	measured
obj_equipment_LINE-WS-chengdu-slurry-assembly-E1	loadPressure	measured
obj_equipment_LINE-WS-chengdu-slurry-assembly-E2	equipmentFailure	measured
obj_equipment_LINE-WS-chengdu-slurry-assembly-E2	loadPressure	measured
obj_equipment_LINE-WS-chengdu-slurry-coating-E1	equipmentFailure	measured
obj_equipment_LINE-WS-chengdu-slurry-coating-E1	loadPressure	measured
obj_equipment_LINE-WS-chengdu-slurry-coating-E2	equipmentFailure	measured
obj_equipment_LINE-WS-chengdu-slurry-coating-E2	loadPressure	measured
obj_equipment_LINE-WS-chengdu-slurry-winding-E1	equipmentFailure	measured
obj_equipment_LINE-WS-chengdu-slurry-winding-E1	loadPressure	measured
obj_equipment_LINE-WS-chengdu-slurry-winding-E2	equipmentFailure	measured
obj_equipment_LINE-WS-chengdu-slurry-winding-E2	loadPressure	measured
obj_equipment_LINE-WS-chengdu-winding-assembly-E1	equipmentFailure	measured
obj_equipment_LINE-WS-chengdu-winding-assembly-E1	loadPressure	measured
obj_equipment_LINE-WS-chengdu-winding-assembly-E2	equipmentFailure	measured
obj_equipment_LINE-WS-chengdu-winding-assembly-E2	loadPressure	measured
obj_equipment_LINE-WS-chengdu-winding-coating-E1	equipmentFailure	measured
obj_equipment_LINE-WS-chengdu-winding-coating-E1	loadPressure	measured
obj_equipment_LINE-WS-chengdu-winding-coating-E2	equipmentFailure	measured
obj_equipment_LINE-WS-chengdu-winding-coating-E2	loadPressure	measured
obj_equipment_LINE-WS-chengdu-winding-winding-E1	equipmentFailure	measured
obj_equipment_LINE-WS-chengdu-winding-winding-E1	loadPressure	measured
obj_equipment_LINE-WS-chengdu-winding-winding-E2	equipmentFailure	measured
obj_equipment_LINE-WS-chengdu-winding-winding-E2	loadPressure	measured
obj_equipment_LINE-WS-handan-assembly-assembly-E1	equipmentFailure	measured
obj_equipment_LINE-WS-handan-assembly-assembly-E1	loadPressure	measured
obj_equipment_LINE-WS-handan-assembly-assembly-E2	equipmentFailure	measured
obj_equipment_LINE-WS-handan-assembly-assembly-E2	loadPressure	measured
obj_equipment_LINE-WS-handan-assembly-coating-E1	equipmentFailure	measured
obj_equipment_LINE-WS-handan-assembly-coating-E1	loadPressure	measured
obj_equipment_LINE-WS-handan-assembly-coating-E2	equipmentFailure	measured
obj_equipment_LINE-WS-handan-assembly-coating-E2	loadPressure	measured
obj_equipment_LINE-WS-handan-assembly-winding-E1	equipmentFailure	measured
obj_equipment_LINE-WS-handan-assembly-winding-E1	loadPressure	measured
obj_equipment_LINE-WS-handan-assembly-winding-E2	equipmentFailure	measured
obj_equipment_LINE-WS-handan-assembly-winding-E2	loadPressure	measured
obj_equipment_LINE-WS-handan-calendering-assembly-E1	equipmentFailure	measured
obj_equipment_LINE-WS-handan-calendering-assembly-E1	loadPressure	measured
obj_equipment_LINE-WS-handan-calendering-assembly-E2	equipmentFailure	measured
obj_equipment_LINE-WS-handan-calendering-assembly-E2	loadPressure	measured
obj_equipment_LINE-WS-handan-calendering-coating-E1	equipmentFailure	measured
obj_equipment_LINE-WS-handan-calendering-coating-E1	loadPressure	measured
obj_equipment_LINE-WS-handan-calendering-coating-E2	equipmentFailure	measured
obj_equipment_LINE-WS-handan-calendering-coating-E2	loadPressure	measured
obj_equipment_LINE-WS-handan-calendering-winding-E1	equipmentFailure	measured
obj_equipment_LINE-WS-handan-calendering-winding-E1	loadPressure	measured
obj_equipment_LINE-WS-handan-calendering-winding-E2	equipmentFailure	measured
obj_equipment_LINE-WS-handan-calendering-winding-E2	loadPressure	measured
obj_equipment_LINE-WS-handan-coating-assembly-E1	equipmentFailure	measured
obj_equipment_LINE-WS-handan-coating-assembly-E1	loadPressure	measured
obj_equipment_LINE-WS-handan-coating-assembly-E2	equipmentFailure	measured
obj_equipment_LINE-WS-handan-coating-assembly-E2	loadPressure	measured
obj_equipment_LINE-WS-handan-coating-coating-E1	equipmentFailure	measured
obj_equipment_LINE-WS-handan-coating-coating-E1	loadPressure	measured
obj_equipment_LINE-WS-handan-coating-coating-E2	equipmentFailure	measured
obj_equipment_LINE-WS-handan-coating-coating-E2	loadPressure	measured
obj_equipment_LINE-WS-handan-coating-winding-E1	equipmentFailure	measured
obj_equipment_LINE-WS-handan-coating-winding-E1	loadPressure	measured
obj_equipment_LINE-WS-handan-coating-winding-E2	equipmentFailure	measured
obj_equipment_LINE-WS-handan-coating-winding-E2	loadPressure	measured
obj_equipment_LINE-WS-handan-filling-assembly-E1	equipmentFailure	measured
obj_equipment_LINE-WS-handan-filling-assembly-E1	loadPressure	measured
obj_equipment_LINE-WS-handan-filling-assembly-E2	equipmentFailure	measured
obj_equipment_LINE-WS-handan-filling-assembly-E2	loadPressure	measured
obj_equipment_LINE-WS-handan-filling-coating-E1	equipmentFailure	measured
obj_equipment_LINE-WS-handan-filling-coating-E1	loadPressure	measured
obj_equipment_LINE-WS-handan-filling-coating-E2	equipmentFailure	measured
obj_equipment_LINE-WS-handan-filling-coating-E2	loadPressure	measured
obj_equipment_LINE-WS-handan-filling-winding-E1	equipmentFailure	measured
obj_equipment_LINE-WS-handan-filling-winding-E1	loadPressure	measured
obj_equipment_LINE-WS-handan-filling-winding-E2	equipmentFailure	measured
obj_equipment_LINE-WS-handan-filling-winding-E2	loadPressure	measured
obj_equipment_LINE-WS-handan-formation-assembly-E1	equipmentFailure	measured
obj_equipment_LINE-WS-handan-formation-assembly-E1	loadPressure	measured
obj_equipment_LINE-WS-handan-formation-assembly-E2	equipmentFailure	measured
obj_equipment_LINE-WS-handan-formation-assembly-E2	loadPressure	measured
obj_equipment_LINE-WS-handan-formation-coating-E1	equipmentFailure	measured
obj_equipment_LINE-WS-handan-formation-coating-E1	loadPressure	measured
obj_equipment_LINE-WS-handan-formation-coating-E2	equipmentFailure	measured
obj_equipment_LINE-WS-handan-formation-coating-E2	loadPressure	measured
obj_equipment_LINE-WS-handan-formation-winding-E1	equipmentFailure	measured
obj_equipment_LINE-WS-handan-formation-winding-E1	loadPressure	measured
obj_equipment_LINE-WS-handan-formation-winding-E2	equipmentFailure	measured
obj_equipment_LINE-WS-handan-formation-winding-E2	loadPressure	measured
obj_equipment_LINE-WS-handan-grading-assembly-E1	equipmentFailure	measured
obj_equipment_LINE-WS-handan-grading-assembly-E1	loadPressure	measured
obj_equipment_LINE-WS-handan-grading-assembly-E2	equipmentFailure	measured
obj_equipment_LINE-WS-handan-grading-assembly-E2	loadPressure	measured
obj_equipment_LINE-WS-handan-grading-coating-E1	equipmentFailure	measured
obj_equipment_LINE-WS-handan-grading-coating-E1	loadPressure	measured
obj_equipment_LINE-WS-handan-grading-coating-E2	equipmentFailure	measured
obj_equipment_LINE-WS-handan-grading-coating-E2	loadPressure	measured
obj_equipment_LINE-WS-handan-grading-winding-E1	equipmentFailure	measured
obj_equipment_LINE-WS-handan-grading-winding-E1	loadPressure	measured
obj_equipment_LINE-WS-handan-grading-winding-E2	equipmentFailure	measured
obj_equipment_LINE-WS-handan-grading-winding-E2	loadPressure	measured
obj_equipment_LINE-WS-handan-pack-assembly-E1	equipmentFailure	measured
obj_equipment_LINE-WS-handan-pack-assembly-E1	loadPressure	measured
obj_equipment_LINE-WS-handan-pack-assembly-E2	equipmentFailure	measured
obj_equipment_LINE-WS-handan-pack-assembly-E2	loadPressure	measured
obj_equipment_LINE-WS-handan-pack-coating-E1	equipmentFailure	measured
obj_equipment_LINE-WS-handan-pack-coating-E1	loadPressure	measured
obj_equipment_LINE-WS-handan-pack-coating-E2	equipmentFailure	measured
obj_equipment_LINE-WS-handan-pack-coating-E2	loadPressure	measured
obj_equipment_LINE-WS-handan-pack-winding-E1	equipmentFailure	measured
obj_equipment_LINE-WS-handan-pack-winding-E1	loadPressure	measured
obj_equipment_LINE-WS-handan-pack-winding-E2	equipmentFailure	measured
obj_equipment_LINE-WS-handan-pack-winding-E2	loadPressure	measured
obj_equipment_LINE-WS-handan-slitting-assembly-E1	equipmentFailure	measured
obj_equipment_LINE-WS-handan-slitting-assembly-E1	loadPressure	measured
obj_equipment_LINE-WS-handan-slitting-assembly-E2	equipmentFailure	measured
obj_equipment_LINE-WS-handan-slitting-assembly-E2	loadPressure	measured
obj_equipment_LINE-WS-handan-slitting-coating-E1	equipmentFailure	measured
obj_equipment_LINE-WS-handan-slitting-coating-E1	loadPressure	measured
obj_equipment_LINE-WS-handan-slitting-coating-E2	equipmentFailure	measured
obj_equipment_LINE-WS-handan-slitting-coating-E2	loadPressure	measured
obj_equipment_LINE-WS-handan-slitting-winding-E1	equipmentFailure	measured
obj_equipment_LINE-WS-handan-slitting-winding-E1	loadPressure	measured
obj_equipment_LINE-WS-handan-slitting-winding-E2	equipmentFailure	measured
obj_equipment_LINE-WS-handan-slitting-winding-E2	loadPressure	measured
obj_equipment_LINE-WS-handan-slurry-assembly-E1	equipmentFailure	measured
obj_equipment_LINE-WS-handan-slurry-assembly-E1	loadPressure	measured
obj_equipment_LINE-WS-handan-slurry-assembly-E2	equipmentFailure	measured
obj_equipment_LINE-WS-handan-slurry-assembly-E2	loadPressure	measured
obj_equipment_LINE-WS-handan-slurry-coating-E1	equipmentFailure	measured
obj_equipment_LINE-WS-handan-slurry-coating-E1	loadPressure	measured
obj_equipment_LINE-WS-handan-slurry-coating-E2	equipmentFailure	measured
obj_equipment_LINE-WS-handan-slurry-coating-E2	loadPressure	measured
obj_equipment_LINE-WS-handan-slurry-winding-E1	equipmentFailure	measured
obj_equipment_LINE-WS-handan-slurry-winding-E1	loadPressure	measured
obj_equipment_LINE-WS-handan-slurry-winding-E2	equipmentFailure	measured
obj_equipment_LINE-WS-handan-slurry-winding-E2	loadPressure	measured
obj_equipment_LINE-WS-handan-winding-assembly-E1	equipmentFailure	measured
obj_equipment_LINE-WS-handan-winding-assembly-E1	loadPressure	measured
obj_equipment_LINE-WS-handan-winding-assembly-E2	equipmentFailure	measured
obj_equipment_LINE-WS-handan-winding-assembly-E2	loadPressure	measured
obj_equipment_LINE-WS-handan-winding-coating-E1	equipmentFailure	measured
obj_equipment_LINE-WS-handan-winding-coating-E1	loadPressure	measured
obj_equipment_LINE-WS-handan-winding-coating-E2	equipmentFailure	measured
obj_equipment_LINE-WS-handan-winding-coating-E2	loadPressure	measured
obj_equipment_LINE-WS-handan-winding-winding-E1	equipmentFailure	measured
obj_equipment_LINE-WS-handan-winding-winding-E1	loadPressure	measured
obj_equipment_LINE-WS-handan-winding-winding-E2	equipmentFailure	measured
obj_equipment_LINE-WS-handan-winding-winding-E2	loadPressure	measured
obj_equipment_LINE-WS-hefei-assembly-assembly-E1	equipmentFailure	measured
obj_equipment_LINE-WS-hefei-assembly-assembly-E1	loadPressure	measured
obj_equipment_LINE-WS-hefei-assembly-assembly-E2	equipmentFailure	measured
obj_equipment_LINE-WS-hefei-assembly-assembly-E2	loadPressure	measured
obj_equipment_LINE-WS-hefei-assembly-coating-E1	equipmentFailure	measured
obj_equipment_LINE-WS-hefei-assembly-coating-E1	loadPressure	measured
obj_equipment_LINE-WS-hefei-assembly-coating-E2	equipmentFailure	measured
obj_equipment_LINE-WS-hefei-assembly-coating-E2	loadPressure	measured
obj_equipment_LINE-WS-hefei-assembly-winding-E1	equipmentFailure	measured
obj_equipment_LINE-WS-hefei-assembly-winding-E1	loadPressure	measured
obj_equipment_LINE-WS-hefei-assembly-winding-E2	equipmentFailure	measured
obj_equipment_LINE-WS-hefei-assembly-winding-E2	loadPressure	measured
obj_equipment_LINE-WS-hefei-calendering-assembly-E1	equipmentFailure	measured
obj_equipment_LINE-WS-hefei-calendering-assembly-E1	loadPressure	measured
obj_equipment_LINE-WS-hefei-calendering-assembly-E2	equipmentFailure	measured
obj_equipment_LINE-WS-hefei-calendering-assembly-E2	loadPressure	measured
obj_equipment_LINE-WS-hefei-calendering-coating-E1	equipmentFailure	measured
obj_equipment_LINE-WS-hefei-calendering-coating-E1	loadPressure	measured
obj_equipment_LINE-WS-hefei-calendering-coating-E2	equipmentFailure	measured
obj_equipment_LINE-WS-hefei-calendering-coating-E2	loadPressure	measured
obj_equipment_LINE-WS-hefei-calendering-winding-E1	equipmentFailure	measured
obj_equipment_LINE-WS-hefei-calendering-winding-E1	loadPressure	measured
obj_equipment_LINE-WS-hefei-calendering-winding-E2	equipmentFailure	measured
obj_equipment_LINE-WS-hefei-calendering-winding-E2	loadPressure	measured
obj_equipment_LINE-WS-hefei-coating-assembly-E1	equipmentFailure	measured
obj_equipment_LINE-WS-hefei-coating-assembly-E1	loadPressure	measured
obj_equipment_LINE-WS-hefei-coating-assembly-E2	equipmentFailure	measured
obj_equipment_LINE-WS-hefei-coating-assembly-E2	loadPressure	measured
obj_equipment_LINE-WS-hefei-coating-coating-E1	equipmentFailure	measured
obj_equipment_LINE-WS-hefei-coating-coating-E1	loadPressure	measured
obj_equipment_LINE-WS-hefei-coating-coating-E2	equipmentFailure	measured
obj_equipment_LINE-WS-hefei-coating-coating-E2	loadPressure	measured
obj_equipment_LINE-WS-hefei-coating-winding-E1	equipmentFailure	measured
obj_equipment_LINE-WS-hefei-coating-winding-E1	loadPressure	measured
obj_equipment_LINE-WS-hefei-coating-winding-E2	equipmentFailure	measured
obj_equipment_LINE-WS-hefei-coating-winding-E2	loadPressure	measured
obj_equipment_LINE-WS-hefei-filling-assembly-E1	equipmentFailure	measured
obj_equipment_LINE-WS-hefei-filling-assembly-E1	loadPressure	measured
obj_equipment_LINE-WS-hefei-filling-assembly-E2	equipmentFailure	measured
obj_equipment_LINE-WS-hefei-filling-assembly-E2	loadPressure	measured
obj_equipment_LINE-WS-hefei-filling-coating-E1	equipmentFailure	measured
obj_equipment_LINE-WS-hefei-filling-coating-E1	loadPressure	measured
obj_equipment_LINE-WS-hefei-filling-coating-E2	equipmentFailure	measured
obj_equipment_LINE-WS-hefei-filling-coating-E2	loadPressure	measured
obj_equipment_LINE-WS-hefei-filling-winding-E1	equipmentFailure	measured
obj_equipment_LINE-WS-hefei-filling-winding-E1	loadPressure	measured
obj_equipment_LINE-WS-hefei-filling-winding-E2	equipmentFailure	measured
obj_equipment_LINE-WS-hefei-filling-winding-E2	loadPressure	measured
obj_equipment_LINE-WS-hefei-formation-assembly-E1	equipmentFailure	measured
obj_equipment_LINE-WS-hefei-formation-assembly-E1	loadPressure	measured
obj_equipment_LINE-WS-hefei-formation-assembly-E2	equipmentFailure	measured
obj_equipment_LINE-WS-hefei-formation-assembly-E2	loadPressure	measured
obj_equipment_LINE-WS-hefei-formation-coating-E1	equipmentFailure	measured
obj_equipment_LINE-WS-hefei-formation-coating-E1	loadPressure	measured
obj_equipment_LINE-WS-hefei-formation-coating-E2	equipmentFailure	measured
obj_equipment_LINE-WS-hefei-formation-coating-E2	loadPressure	measured
obj_equipment_LINE-WS-hefei-formation-winding-E1	equipmentFailure	measured
obj_equipment_LINE-WS-hefei-formation-winding-E1	loadPressure	measured
obj_equipment_LINE-WS-hefei-formation-winding-E2	equipmentFailure	measured
obj_equipment_LINE-WS-hefei-formation-winding-E2	loadPressure	measured
obj_equipment_LINE-WS-hefei-grading-assembly-E1	equipmentFailure	measured
obj_equipment_LINE-WS-hefei-grading-assembly-E1	loadPressure	measured
obj_equipment_LINE-WS-hefei-grading-assembly-E2	equipmentFailure	measured
obj_equipment_LINE-WS-hefei-grading-assembly-E2	loadPressure	measured
obj_equipment_LINE-WS-hefei-grading-coating-E1	equipmentFailure	measured
obj_equipment_LINE-WS-hefei-grading-coating-E1	loadPressure	measured
obj_equipment_LINE-WS-hefei-grading-coating-E2	equipmentFailure	measured
obj_equipment_LINE-WS-hefei-grading-coating-E2	loadPressure	measured
obj_equipment_LINE-WS-hefei-grading-winding-E1	equipmentFailure	measured
obj_equipment_LINE-WS-hefei-grading-winding-E1	loadPressure	measured
obj_equipment_LINE-WS-hefei-grading-winding-E2	equipmentFailure	measured
obj_equipment_LINE-WS-hefei-grading-winding-E2	loadPressure	measured
obj_equipment_LINE-WS-hefei-pack-assembly-E1	equipmentFailure	measured
obj_equipment_LINE-WS-hefei-pack-assembly-E1	loadPressure	measured
obj_equipment_LINE-WS-hefei-pack-assembly-E2	equipmentFailure	measured
obj_equipment_LINE-WS-hefei-pack-assembly-E2	loadPressure	measured
obj_equipment_LINE-WS-hefei-pack-coating-E1	equipmentFailure	measured
obj_equipment_LINE-WS-hefei-pack-coating-E1	loadPressure	measured
obj_equipment_LINE-WS-hefei-pack-coating-E2	equipmentFailure	measured
obj_equipment_LINE-WS-hefei-pack-coating-E2	loadPressure	measured
obj_equipment_LINE-WS-hefei-pack-winding-E1	equipmentFailure	measured
obj_equipment_LINE-WS-hefei-pack-winding-E1	loadPressure	measured
obj_equipment_LINE-WS-hefei-pack-winding-E2	equipmentFailure	measured
obj_equipment_LINE-WS-hefei-pack-winding-E2	loadPressure	measured
obj_equipment_LINE-WS-hefei-slitting-assembly-E1	equipmentFailure	measured
obj_equipment_LINE-WS-hefei-slitting-assembly-E1	loadPressure	measured
obj_equipment_LINE-WS-hefei-slitting-assembly-E2	equipmentFailure	measured
obj_equipment_LINE-WS-hefei-slitting-assembly-E2	loadPressure	measured
obj_equipment_LINE-WS-hefei-slitting-coating-E1	equipmentFailure	measured
obj_equipment_LINE-WS-hefei-slitting-coating-E1	loadPressure	measured
obj_equipment_LINE-WS-hefei-slitting-coating-E2	equipmentFailure	measured
obj_equipment_LINE-WS-hefei-slitting-coating-E2	loadPressure	measured
obj_equipment_LINE-WS-hefei-slitting-winding-E1	equipmentFailure	measured
obj_equipment_LINE-WS-hefei-slitting-winding-E1	loadPressure	measured
obj_equipment_LINE-WS-hefei-slitting-winding-E2	equipmentFailure	measured
obj_equipment_LINE-WS-hefei-slitting-winding-E2	loadPressure	measured
obj_equipment_LINE-WS-hefei-slurry-assembly-E1	equipmentFailure	measured
obj_equipment_LINE-WS-hefei-slurry-assembly-E1	loadPressure	measured
obj_equipment_LINE-WS-hefei-slurry-assembly-E2	equipmentFailure	measured
obj_equipment_LINE-WS-hefei-slurry-assembly-E2	loadPressure	measured
obj_equipment_LINE-WS-hefei-slurry-coating-E1	equipmentFailure	measured
obj_equipment_LINE-WS-hefei-slurry-coating-E1	loadPressure	measured
obj_equipment_LINE-WS-hefei-slurry-coating-E2	equipmentFailure	measured
obj_equipment_LINE-WS-hefei-slurry-coating-E2	loadPressure	measured
obj_equipment_LINE-WS-hefei-slurry-winding-E1	equipmentFailure	measured
obj_equipment_LINE-WS-hefei-slurry-winding-E1	loadPressure	measured
obj_equipment_LINE-WS-hefei-slurry-winding-E2	equipmentFailure	measured
obj_equipment_LINE-WS-hefei-slurry-winding-E2	loadPressure	measured
obj_equipment_LINE-WS-hefei-winding-assembly-E1	equipmentFailure	measured
obj_equipment_LINE-WS-hefei-winding-assembly-E1	loadPressure	measured
obj_equipment_LINE-WS-hefei-winding-assembly-E2	equipmentFailure	measured
obj_equipment_LINE-WS-hefei-winding-assembly-E2	loadPressure	measured
obj_equipment_LINE-WS-hefei-winding-coating-E1	equipmentFailure	measured
obj_equipment_LINE-WS-hefei-winding-coating-E1	loadPressure	measured
obj_equipment_LINE-WS-hefei-winding-coating-E2	equipmentFailure	measured
obj_equipment_LINE-WS-hefei-winding-coating-E2	loadPressure	measured
obj_equipment_LINE-WS-hefei-winding-winding-E1	equipmentFailure	measured
obj_equipment_LINE-WS-hefei-winding-winding-E1	loadPressure	measured
obj_equipment_LINE-WS-hefei-winding-winding-E2	equipmentFailure	measured
obj_equipment_LINE-WS-hefei-winding-winding-E2	loadPressure	measured
obj_equipment_LINE-WS-jiangmen-assembly-assembly-E1	equipmentFailure	measured
obj_equipment_LINE-WS-jiangmen-assembly-assembly-E1	loadPressure	measured
obj_equipment_LINE-WS-jiangmen-assembly-assembly-E2	equipmentFailure	measured
obj_equipment_LINE-WS-jiangmen-assembly-assembly-E2	loadPressure	measured
obj_equipment_LINE-WS-jiangmen-assembly-coating-E1	equipmentFailure	measured
obj_equipment_LINE-WS-jiangmen-assembly-coating-E1	loadPressure	measured
obj_equipment_LINE-WS-jiangmen-assembly-coating-E2	equipmentFailure	measured
obj_equipment_LINE-WS-jiangmen-assembly-coating-E2	loadPressure	measured
obj_equipment_LINE-WS-jiangmen-assembly-winding-E1	equipmentFailure	measured
obj_equipment_LINE-WS-jiangmen-assembly-winding-E1	loadPressure	measured
obj_equipment_LINE-WS-jiangmen-assembly-winding-E2	equipmentFailure	measured
obj_equipment_LINE-WS-jiangmen-assembly-winding-E2	loadPressure	measured
obj_equipment_LINE-WS-jiangmen-calendering-assembly-E1	equipmentFailure	measured
obj_equipment_LINE-WS-jiangmen-calendering-assembly-E1	loadPressure	measured
obj_equipment_LINE-WS-jiangmen-calendering-assembly-E2	equipmentFailure	measured
obj_equipment_LINE-WS-jiangmen-calendering-assembly-E2	loadPressure	measured
obj_equipment_LINE-WS-jiangmen-calendering-coating-E1	equipmentFailure	measured
obj_equipment_LINE-WS-jiangmen-calendering-coating-E1	loadPressure	measured
obj_equipment_LINE-WS-jiangmen-calendering-coating-E2	equipmentFailure	measured
obj_equipment_LINE-WS-jiangmen-calendering-coating-E2	loadPressure	measured
obj_equipment_LINE-WS-jiangmen-calendering-winding-E1	equipmentFailure	measured
obj_equipment_LINE-WS-jiangmen-calendering-winding-E1	loadPressure	measured
obj_equipment_LINE-WS-jiangmen-calendering-winding-E2	equipmentFailure	measured
obj_equipment_LINE-WS-jiangmen-calendering-winding-E2	loadPressure	measured
obj_equipment_LINE-WS-jiangmen-coating-assembly-E1	equipmentFailure	measured
obj_equipment_LINE-WS-jiangmen-coating-assembly-E1	loadPressure	measured
obj_equipment_LINE-WS-jiangmen-coating-assembly-E2	equipmentFailure	measured
obj_equipment_LINE-WS-jiangmen-coating-assembly-E2	loadPressure	measured
obj_equipment_LINE-WS-jiangmen-coating-coating-E1	equipmentFailure	measured
obj_equipment_LINE-WS-jiangmen-coating-coating-E1	loadPressure	measured
obj_equipment_LINE-WS-jiangmen-coating-coating-E2	equipmentFailure	measured
obj_equipment_LINE-WS-jiangmen-coating-coating-E2	loadPressure	measured
obj_equipment_LINE-WS-jiangmen-coating-winding-E1	equipmentFailure	measured
obj_equipment_LINE-WS-jiangmen-coating-winding-E1	loadPressure	measured
obj_equipment_LINE-WS-jiangmen-coating-winding-E2	equipmentFailure	measured
obj_equipment_LINE-WS-jiangmen-coating-winding-E2	loadPressure	measured
obj_equipment_LINE-WS-jiangmen-filling-assembly-E1	equipmentFailure	measured
obj_equipment_LINE-WS-jiangmen-filling-assembly-E1	loadPressure	measured
obj_equipment_LINE-WS-jiangmen-filling-assembly-E2	equipmentFailure	measured
obj_equipment_LINE-WS-jiangmen-filling-assembly-E2	loadPressure	measured
obj_equipment_LINE-WS-jiangmen-filling-coating-E1	equipmentFailure	measured
obj_equipment_LINE-WS-jiangmen-filling-coating-E1	loadPressure	measured
obj_equipment_LINE-WS-jiangmen-filling-coating-E2	equipmentFailure	measured
obj_equipment_LINE-WS-jiangmen-filling-coating-E2	loadPressure	measured
obj_equipment_LINE-WS-jiangmen-filling-winding-E1	equipmentFailure	measured
obj_equipment_LINE-WS-jiangmen-filling-winding-E1	loadPressure	measured
obj_equipment_LINE-WS-jiangmen-filling-winding-E2	equipmentFailure	measured
obj_equipment_LINE-WS-jiangmen-filling-winding-E2	loadPressure	measured
obj_equipment_LINE-WS-jiangmen-formation-assembly-E1	equipmentFailure	measured
obj_equipment_LINE-WS-jiangmen-formation-assembly-E1	loadPressure	measured
obj_equipment_LINE-WS-jiangmen-formation-assembly-E2	equipmentFailure	measured
obj_equipment_LINE-WS-jiangmen-formation-assembly-E2	loadPressure	measured
obj_equipment_LINE-WS-jiangmen-formation-coating-E1	equipmentFailure	measured
obj_equipment_LINE-WS-jiangmen-formation-coating-E1	loadPressure	measured
obj_equipment_LINE-WS-jiangmen-formation-coating-E2	equipmentFailure	measured
obj_equipment_LINE-WS-jiangmen-formation-coating-E2	loadPressure	measured
obj_equipment_LINE-WS-jiangmen-formation-winding-E1	equipmentFailure	measured
obj_equipment_LINE-WS-jiangmen-formation-winding-E1	loadPressure	measured
obj_equipment_LINE-WS-jiangmen-formation-winding-E2	equipmentFailure	measured
obj_equipment_LINE-WS-jiangmen-formation-winding-E2	loadPressure	measured
obj_equipment_LINE-WS-jiangmen-grading-assembly-E1	equipmentFailure	measured
obj_equipment_LINE-WS-jiangmen-grading-assembly-E1	loadPressure	measured
obj_equipment_LINE-WS-jiangmen-grading-assembly-E2	equipmentFailure	measured
obj_equipment_LINE-WS-jiangmen-grading-assembly-E2	loadPressure	measured
obj_equipment_LINE-WS-jiangmen-grading-coating-E1	equipmentFailure	measured
obj_equipment_LINE-WS-jiangmen-grading-coating-E1	loadPressure	measured
obj_equipment_LINE-WS-jiangmen-grading-coating-E2	equipmentFailure	measured
obj_equipment_LINE-WS-jiangmen-grading-coating-E2	loadPressure	measured
obj_equipment_LINE-WS-jiangmen-grading-winding-E1	equipmentFailure	measured
obj_equipment_LINE-WS-jiangmen-grading-winding-E1	loadPressure	measured
obj_equipment_LINE-WS-jiangmen-grading-winding-E2	equipmentFailure	measured
obj_equipment_LINE-WS-jiangmen-grading-winding-E2	loadPressure	measured
obj_equipment_LINE-WS-jiangmen-pack-assembly-E1	equipmentFailure	measured
obj_equipment_LINE-WS-jiangmen-pack-assembly-E1	loadPressure	measured
obj_equipment_LINE-WS-jiangmen-pack-assembly-E2	equipmentFailure	measured
obj_equipment_LINE-WS-jiangmen-pack-assembly-E2	loadPressure	measured
obj_equipment_LINE-WS-jiangmen-pack-coating-E1	equipmentFailure	measured
obj_equipment_LINE-WS-jiangmen-pack-coating-E1	loadPressure	measured
obj_equipment_LINE-WS-jiangmen-pack-coating-E2	equipmentFailure	measured
obj_equipment_LINE-WS-jiangmen-pack-coating-E2	loadPressure	measured
obj_equipment_LINE-WS-jiangmen-pack-winding-E1	equipmentFailure	measured
obj_equipment_LINE-WS-jiangmen-pack-winding-E1	loadPressure	measured
obj_equipment_LINE-WS-jiangmen-pack-winding-E2	equipmentFailure	measured
obj_equipment_LINE-WS-jiangmen-pack-winding-E2	loadPressure	measured
obj_equipment_LINE-WS-jiangmen-slitting-assembly-E1	equipmentFailure	measured
obj_equipment_LINE-WS-jiangmen-slitting-assembly-E1	loadPressure	measured
obj_equipment_LINE-WS-jiangmen-slitting-assembly-E2	equipmentFailure	measured
obj_equipment_LINE-WS-jiangmen-slitting-assembly-E2	loadPressure	measured
obj_equipment_LINE-WS-jiangmen-slitting-coating-E1	equipmentFailure	measured
obj_equipment_LINE-WS-jiangmen-slitting-coating-E1	loadPressure	measured
obj_equipment_LINE-WS-jiangmen-slitting-coating-E2	equipmentFailure	measured
obj_equipment_LINE-WS-jiangmen-slitting-coating-E2	loadPressure	measured
obj_equipment_LINE-WS-jiangmen-slitting-winding-E1	equipmentFailure	measured
obj_equipment_LINE-WS-jiangmen-slitting-winding-E1	loadPressure	measured
obj_equipment_LINE-WS-jiangmen-slitting-winding-E2	equipmentFailure	measured
obj_equipment_LINE-WS-jiangmen-slitting-winding-E2	loadPressure	measured
obj_equipment_LINE-WS-jiangmen-slurry-assembly-E1	equipmentFailure	measured
obj_equipment_LINE-WS-jiangmen-slurry-assembly-E1	loadPressure	measured
obj_equipment_LINE-WS-jiangmen-slurry-assembly-E2	equipmentFailure	measured
obj_equipment_LINE-WS-jiangmen-slurry-assembly-E2	loadPressure	measured
obj_equipment_LINE-WS-jiangmen-slurry-coating-E1	equipmentFailure	measured
obj_equipment_LINE-WS-jiangmen-slurry-coating-E1	loadPressure	measured
obj_equipment_LINE-WS-jiangmen-slurry-coating-E2	equipmentFailure	measured
obj_equipment_LINE-WS-jiangmen-slurry-coating-E2	loadPressure	measured
obj_equipment_LINE-WS-jiangmen-slurry-winding-E1	equipmentFailure	measured
obj_equipment_LINE-WS-jiangmen-slurry-winding-E1	loadPressure	measured
obj_equipment_LINE-WS-jiangmen-slurry-winding-E2	equipmentFailure	measured
obj_equipment_LINE-WS-jiangmen-slurry-winding-E2	loadPressure	measured
obj_equipment_LINE-WS-jiangmen-winding-assembly-E1	equipmentFailure	measured
obj_equipment_LINE-WS-jiangmen-winding-assembly-E1	loadPressure	measured
obj_equipment_LINE-WS-jiangmen-winding-assembly-E2	equipmentFailure	measured
obj_equipment_LINE-WS-jiangmen-winding-assembly-E2	loadPressure	measured
obj_equipment_LINE-WS-jiangmen-winding-coating-E1	equipmentFailure	measured
obj_equipment_LINE-WS-jiangmen-winding-coating-E1	loadPressure	measured
obj_equipment_LINE-WS-jiangmen-winding-coating-E2	equipmentFailure	measured
obj_equipment_LINE-WS-jiangmen-winding-coating-E2	loadPressure	measured
obj_equipment_LINE-WS-jiangmen-winding-winding-E1	equipmentFailure	measured
obj_equipment_LINE-WS-jiangmen-winding-winding-E1	loadPressure	measured
obj_equipment_LINE-WS-jiangmen-winding-winding-E2	equipmentFailure	measured
obj_equipment_LINE-WS-jiangmen-winding-winding-E2	loadPressure	measured
obj_equipment_LINE-WS-jinhua-assembly-assembly-E1	equipmentFailure	measured
obj_equipment_LINE-WS-jinhua-assembly-assembly-E1	loadPressure	measured
obj_equipment_LINE-WS-jinhua-assembly-assembly-E2	equipmentFailure	measured
obj_equipment_LINE-WS-jinhua-assembly-assembly-E2	loadPressure	measured
obj_equipment_LINE-WS-jinhua-assembly-coating-E1	equipmentFailure	measured
obj_equipment_LINE-WS-jinhua-assembly-coating-E1	loadPressure	measured
obj_equipment_LINE-WS-jinhua-assembly-coating-E2	equipmentFailure	measured
obj_equipment_LINE-WS-jinhua-assembly-coating-E2	loadPressure	measured
obj_equipment_LINE-WS-jinhua-assembly-winding-E1	equipmentFailure	measured
obj_equipment_LINE-WS-jinhua-assembly-winding-E1	loadPressure	measured
obj_equipment_LINE-WS-jinhua-assembly-winding-E2	equipmentFailure	measured
obj_equipment_LINE-WS-jinhua-assembly-winding-E2	loadPressure	measured
obj_equipment_LINE-WS-jinhua-calendering-assembly-E1	equipmentFailure	measured
obj_equipment_LINE-WS-jinhua-calendering-assembly-E1	loadPressure	measured
obj_equipment_LINE-WS-jinhua-calendering-assembly-E2	equipmentFailure	measured
obj_equipment_LINE-WS-jinhua-calendering-assembly-E2	loadPressure	measured
obj_equipment_LINE-WS-jinhua-calendering-coating-E1	equipmentFailure	measured
obj_equipment_LINE-WS-jinhua-calendering-coating-E1	loadPressure	measured
obj_equipment_LINE-WS-jinhua-calendering-coating-E2	equipmentFailure	measured
obj_equipment_LINE-WS-jinhua-calendering-coating-E2	loadPressure	measured
obj_equipment_LINE-WS-jinhua-calendering-winding-E1	equipmentFailure	measured
obj_equipment_LINE-WS-jinhua-calendering-winding-E1	loadPressure	measured
obj_equipment_LINE-WS-jinhua-calendering-winding-E2	equipmentFailure	measured
obj_equipment_LINE-WS-jinhua-calendering-winding-E2	loadPressure	measured
obj_equipment_LINE-WS-jinhua-coating-assembly-E1	equipmentFailure	measured
obj_equipment_LINE-WS-jinhua-coating-assembly-E1	loadPressure	measured
obj_equipment_LINE-WS-jinhua-coating-assembly-E2	equipmentFailure	measured
obj_equipment_LINE-WS-jinhua-coating-assembly-E2	loadPressure	measured
obj_equipment_LINE-WS-jinhua-coating-coating-E1	equipmentFailure	measured
obj_equipment_LINE-WS-jinhua-coating-coating-E1	loadPressure	measured
obj_equipment_LINE-WS-jinhua-coating-coating-E2	equipmentFailure	measured
obj_equipment_LINE-WS-jinhua-coating-coating-E2	loadPressure	measured
obj_equipment_LINE-WS-jinhua-coating-winding-E1	equipmentFailure	measured
obj_equipment_LINE-WS-jinhua-coating-winding-E1	loadPressure	measured
obj_equipment_LINE-WS-jinhua-coating-winding-E2	equipmentFailure	measured
obj_equipment_LINE-WS-jinhua-coating-winding-E2	loadPressure	measured
obj_equipment_LINE-WS-jinhua-filling-assembly-E1	equipmentFailure	measured
obj_equipment_LINE-WS-jinhua-filling-assembly-E1	loadPressure	measured
obj_equipment_LINE-WS-jinhua-filling-assembly-E2	equipmentFailure	measured
obj_equipment_LINE-WS-jinhua-filling-assembly-E2	loadPressure	measured
obj_equipment_LINE-WS-jinhua-filling-coating-E1	equipmentFailure	measured
obj_equipment_LINE-WS-jinhua-filling-coating-E1	loadPressure	measured
obj_equipment_LINE-WS-jinhua-filling-coating-E2	equipmentFailure	measured
obj_equipment_LINE-WS-jinhua-filling-coating-E2	loadPressure	measured
obj_equipment_LINE-WS-jinhua-filling-winding-E1	equipmentFailure	measured
obj_equipment_LINE-WS-jinhua-filling-winding-E1	loadPressure	measured
obj_equipment_LINE-WS-jinhua-filling-winding-E2	equipmentFailure	measured
obj_equipment_LINE-WS-jinhua-filling-winding-E2	loadPressure	measured
obj_equipment_LINE-WS-jinhua-formation-assembly-E1	equipmentFailure	measured
obj_equipment_LINE-WS-jinhua-formation-assembly-E1	loadPressure	measured
obj_equipment_LINE-WS-jinhua-formation-assembly-E2	equipmentFailure	measured
obj_equipment_LINE-WS-jinhua-formation-assembly-E2	loadPressure	measured
obj_equipment_LINE-WS-jinhua-formation-coating-E1	equipmentFailure	measured
obj_equipment_LINE-WS-jinhua-formation-coating-E1	loadPressure	measured
obj_equipment_LINE-WS-jinhua-formation-coating-E2	equipmentFailure	measured
obj_equipment_LINE-WS-jinhua-formation-coating-E2	loadPressure	measured
obj_equipment_LINE-WS-jinhua-formation-winding-E1	equipmentFailure	measured
obj_equipment_LINE-WS-jinhua-formation-winding-E1	loadPressure	measured
obj_equipment_LINE-WS-jinhua-formation-winding-E2	equipmentFailure	measured
obj_equipment_LINE-WS-jinhua-formation-winding-E2	loadPressure	measured
obj_equipment_LINE-WS-jinhua-grading-assembly-E1	equipmentFailure	measured
obj_equipment_LINE-WS-jinhua-grading-assembly-E1	loadPressure	measured
obj_equipment_LINE-WS-jinhua-grading-assembly-E2	equipmentFailure	measured
obj_equipment_LINE-WS-jinhua-grading-assembly-E2	loadPressure	measured
obj_equipment_LINE-WS-jinhua-grading-coating-E1	equipmentFailure	measured
obj_equipment_LINE-WS-jinhua-grading-coating-E1	loadPressure	measured
obj_equipment_LINE-WS-jinhua-grading-coating-E2	equipmentFailure	measured
obj_equipment_LINE-WS-jinhua-grading-coating-E2	loadPressure	measured
obj_equipment_LINE-WS-jinhua-grading-winding-E1	equipmentFailure	measured
obj_equipment_LINE-WS-jinhua-grading-winding-E1	loadPressure	measured
obj_equipment_LINE-WS-jinhua-grading-winding-E2	equipmentFailure	measured
obj_equipment_LINE-WS-jinhua-grading-winding-E2	loadPressure	measured
obj_equipment_LINE-WS-jinhua-pack-assembly-E1	equipmentFailure	measured
obj_equipment_LINE-WS-jinhua-pack-assembly-E1	loadPressure	measured
obj_equipment_LINE-WS-jinhua-pack-assembly-E2	equipmentFailure	measured
obj_equipment_LINE-WS-jinhua-pack-assembly-E2	loadPressure	measured
obj_equipment_LINE-WS-jinhua-pack-coating-E1	equipmentFailure	measured
obj_equipment_LINE-WS-jinhua-pack-coating-E1	loadPressure	measured
obj_equipment_LINE-WS-jinhua-pack-coating-E2	equipmentFailure	measured
obj_equipment_LINE-WS-jinhua-pack-coating-E2	loadPressure	measured
obj_equipment_LINE-WS-jinhua-pack-winding-E1	equipmentFailure	measured
obj_equipment_LINE-WS-jinhua-pack-winding-E1	loadPressure	measured
obj_equipment_LINE-WS-jinhua-pack-winding-E2	equipmentFailure	measured
obj_equipment_LINE-WS-jinhua-pack-winding-E2	loadPressure	measured
obj_equipment_LINE-WS-jinhua-slitting-assembly-E1	equipmentFailure	measured
obj_equipment_LINE-WS-jinhua-slitting-assembly-E1	loadPressure	measured
obj_equipment_LINE-WS-jinhua-slitting-assembly-E2	equipmentFailure	measured
obj_equipment_LINE-WS-jinhua-slitting-assembly-E2	loadPressure	measured
obj_equipment_LINE-WS-jinhua-slitting-coating-E1	equipmentFailure	measured
obj_equipment_LINE-WS-jinhua-slitting-coating-E1	loadPressure	measured
obj_equipment_LINE-WS-jinhua-slitting-coating-E2	equipmentFailure	measured
obj_equipment_LINE-WS-jinhua-slitting-coating-E2	loadPressure	measured
obj_equipment_LINE-WS-jinhua-slitting-winding-E1	equipmentFailure	measured
obj_equipment_LINE-WS-jinhua-slitting-winding-E1	loadPressure	measured
obj_equipment_LINE-WS-jinhua-slitting-winding-E2	equipmentFailure	measured
obj_equipment_LINE-WS-jinhua-slitting-winding-E2	loadPressure	measured
obj_equipment_LINE-WS-jinhua-slurry-assembly-E1	equipmentFailure	measured
obj_equipment_LINE-WS-jinhua-slurry-assembly-E1	loadPressure	measured
obj_equipment_LINE-WS-jinhua-slurry-assembly-E2	equipmentFailure	measured
obj_equipment_LINE-WS-jinhua-slurry-assembly-E2	loadPressure	measured
obj_equipment_LINE-WS-jinhua-slurry-coating-E1	equipmentFailure	measured
obj_equipment_LINE-WS-jinhua-slurry-coating-E1	loadPressure	measured
obj_equipment_LINE-WS-jinhua-slurry-coating-E2	equipmentFailure	measured
obj_equipment_LINE-WS-jinhua-slurry-coating-E2	loadPressure	measured
obj_equipment_LINE-WS-jinhua-slurry-winding-E1	equipmentFailure	measured
obj_equipment_LINE-WS-jinhua-slurry-winding-E1	loadPressure	measured
obj_equipment_LINE-WS-jinhua-slurry-winding-E2	equipmentFailure	measured
obj_equipment_LINE-WS-jinhua-slurry-winding-E2	loadPressure	measured
obj_equipment_LINE-WS-jinhua-winding-assembly-E1	equipmentFailure	measured
obj_equipment_LINE-WS-jinhua-winding-assembly-E1	loadPressure	measured
obj_equipment_LINE-WS-jinhua-winding-assembly-E2	equipmentFailure	measured
obj_equipment_LINE-WS-jinhua-winding-assembly-E2	loadPressure	measured
obj_equipment_LINE-WS-jinhua-winding-coating-E1	equipmentFailure	measured
obj_equipment_LINE-WS-jinhua-winding-coating-E1	loadPressure	measured
obj_equipment_LINE-WS-jinhua-winding-coating-E2	equipmentFailure	measured
obj_equipment_LINE-WS-jinhua-winding-coating-E2	loadPressure	measured
obj_equipment_LINE-WS-jinhua-winding-winding-E1	equipmentFailure	measured
obj_equipment_LINE-WS-jinhua-winding-winding-E1	loadPressure	measured
obj_equipment_LINE-WS-jinhua-winding-winding-E2	equipmentFailure	measured
obj_equipment_LINE-WS-jinhua-winding-winding-E2	loadPressure	measured
obj_equipment_LINE-WS-meishan-assembly-assembly-E1	equipmentFailure	measured
obj_equipment_LINE-WS-meishan-assembly-assembly-E1	loadPressure	measured
obj_equipment_LINE-WS-meishan-assembly-assembly-E2	equipmentFailure	measured
obj_equipment_LINE-WS-meishan-assembly-assembly-E2	loadPressure	measured
obj_equipment_LINE-WS-meishan-assembly-coating-E1	equipmentFailure	measured
obj_equipment_LINE-WS-meishan-assembly-coating-E1	loadPressure	measured
obj_equipment_LINE-WS-meishan-assembly-coating-E2	equipmentFailure	measured
obj_equipment_LINE-WS-meishan-assembly-coating-E2	loadPressure	measured
obj_equipment_LINE-WS-meishan-assembly-winding-E1	equipmentFailure	measured
obj_equipment_LINE-WS-meishan-assembly-winding-E1	loadPressure	measured
obj_equipment_LINE-WS-meishan-assembly-winding-E2	equipmentFailure	measured
obj_equipment_LINE-WS-meishan-assembly-winding-E2	loadPressure	measured
obj_equipment_LINE-WS-meishan-calendering-assembly-E1	equipmentFailure	measured
obj_equipment_LINE-WS-meishan-calendering-assembly-E1	loadPressure	measured
obj_equipment_LINE-WS-meishan-calendering-assembly-E2	equipmentFailure	measured
obj_equipment_LINE-WS-meishan-calendering-assembly-E2	loadPressure	measured
obj_equipment_LINE-WS-meishan-calendering-coating-E1	equipmentFailure	measured
obj_equipment_LINE-WS-meishan-calendering-coating-E1	loadPressure	measured
obj_equipment_LINE-WS-meishan-calendering-coating-E2	equipmentFailure	measured
obj_equipment_LINE-WS-meishan-calendering-coating-E2	loadPressure	measured
obj_equipment_LINE-WS-meishan-calendering-winding-E1	equipmentFailure	measured
obj_equipment_LINE-WS-meishan-calendering-winding-E1	loadPressure	measured
obj_equipment_LINE-WS-meishan-calendering-winding-E2	equipmentFailure	measured
obj_equipment_LINE-WS-meishan-calendering-winding-E2	loadPressure	measured
obj_equipment_LINE-WS-meishan-coating-assembly-E1	equipmentFailure	measured
obj_equipment_LINE-WS-meishan-coating-assembly-E1	loadPressure	measured
obj_equipment_LINE-WS-meishan-coating-assembly-E2	equipmentFailure	measured
obj_equipment_LINE-WS-meishan-coating-assembly-E2	loadPressure	measured
obj_equipment_LINE-WS-meishan-coating-coating-E1	equipmentFailure	measured
obj_equipment_LINE-WS-meishan-coating-coating-E1	loadPressure	measured
obj_equipment_LINE-WS-meishan-coating-coating-E2	equipmentFailure	measured
obj_equipment_LINE-WS-meishan-coating-coating-E2	loadPressure	measured
obj_equipment_LINE-WS-meishan-coating-winding-E1	equipmentFailure	measured
obj_equipment_LINE-WS-meishan-coating-winding-E1	loadPressure	measured
obj_equipment_LINE-WS-meishan-coating-winding-E2	equipmentFailure	measured
obj_equipment_LINE-WS-meishan-coating-winding-E2	loadPressure	measured
obj_equipment_LINE-WS-meishan-filling-assembly-E1	equipmentFailure	measured
obj_equipment_LINE-WS-meishan-filling-assembly-E1	loadPressure	measured
obj_equipment_LINE-WS-meishan-filling-assembly-E2	equipmentFailure	measured
obj_equipment_LINE-WS-meishan-filling-assembly-E2	loadPressure	measured
obj_equipment_LINE-WS-meishan-filling-coating-E1	equipmentFailure	measured
obj_equipment_LINE-WS-meishan-filling-coating-E1	loadPressure	measured
obj_equipment_LINE-WS-meishan-filling-coating-E2	equipmentFailure	measured
obj_equipment_LINE-WS-meishan-filling-coating-E2	loadPressure	measured
obj_equipment_LINE-WS-meishan-filling-winding-E1	equipmentFailure	measured
obj_equipment_LINE-WS-meishan-filling-winding-E1	loadPressure	measured
obj_equipment_LINE-WS-meishan-filling-winding-E2	equipmentFailure	measured
obj_equipment_LINE-WS-meishan-filling-winding-E2	loadPressure	measured
obj_equipment_LINE-WS-meishan-formation-assembly-E1	equipmentFailure	measured
obj_equipment_LINE-WS-meishan-formation-assembly-E1	loadPressure	measured
obj_equipment_LINE-WS-meishan-formation-assembly-E2	equipmentFailure	measured
obj_equipment_LINE-WS-meishan-formation-assembly-E2	loadPressure	measured
obj_equipment_LINE-WS-meishan-formation-coating-E1	equipmentFailure	measured
obj_equipment_LINE-WS-meishan-formation-coating-E1	loadPressure	measured
obj_equipment_LINE-WS-meishan-formation-coating-E2	equipmentFailure	measured
obj_equipment_LINE-WS-meishan-formation-coating-E2	loadPressure	measured
obj_equipment_LINE-WS-meishan-formation-winding-E1	equipmentFailure	measured
obj_equipment_LINE-WS-meishan-formation-winding-E1	loadPressure	measured
obj_equipment_LINE-WS-meishan-formation-winding-E2	equipmentFailure	measured
obj_equipment_LINE-WS-meishan-formation-winding-E2	loadPressure	measured
obj_equipment_LINE-WS-meishan-grading-assembly-E1	equipmentFailure	measured
obj_equipment_LINE-WS-meishan-grading-assembly-E1	loadPressure	measured
obj_equipment_LINE-WS-meishan-grading-assembly-E2	equipmentFailure	measured
obj_equipment_LINE-WS-meishan-grading-assembly-E2	loadPressure	measured
obj_equipment_LINE-WS-meishan-grading-coating-E1	equipmentFailure	measured
obj_equipment_LINE-WS-meishan-grading-coating-E1	loadPressure	measured
obj_equipment_LINE-WS-meishan-grading-coating-E2	equipmentFailure	measured
obj_equipment_LINE-WS-meishan-grading-coating-E2	loadPressure	measured
obj_equipment_LINE-WS-meishan-grading-winding-E1	equipmentFailure	measured
obj_equipment_LINE-WS-meishan-grading-winding-E1	loadPressure	measured
obj_equipment_LINE-WS-meishan-grading-winding-E2	equipmentFailure	measured
obj_equipment_LINE-WS-meishan-grading-winding-E2	loadPressure	measured
obj_equipment_LINE-WS-meishan-pack-assembly-E1	equipmentFailure	measured
obj_equipment_LINE-WS-meishan-pack-assembly-E1	loadPressure	measured
obj_equipment_LINE-WS-meishan-pack-assembly-E2	equipmentFailure	measured
obj_equipment_LINE-WS-meishan-pack-assembly-E2	loadPressure	measured
obj_equipment_LINE-WS-meishan-pack-coating-E1	equipmentFailure	measured
obj_equipment_LINE-WS-meishan-pack-coating-E1	loadPressure	measured
obj_equipment_LINE-WS-meishan-pack-coating-E2	equipmentFailure	measured
obj_equipment_LINE-WS-meishan-pack-coating-E2	loadPressure	measured
obj_equipment_LINE-WS-meishan-pack-winding-E1	equipmentFailure	measured
obj_equipment_LINE-WS-meishan-pack-winding-E1	loadPressure	measured
obj_equipment_LINE-WS-meishan-pack-winding-E2	equipmentFailure	measured
obj_equipment_LINE-WS-meishan-pack-winding-E2	loadPressure	measured
obj_equipment_LINE-WS-meishan-slitting-assembly-E1	equipmentFailure	measured
obj_equipment_LINE-WS-meishan-slitting-assembly-E1	loadPressure	measured
obj_equipment_LINE-WS-meishan-slitting-assembly-E2	equipmentFailure	measured
obj_equipment_LINE-WS-meishan-slitting-assembly-E2	loadPressure	measured
obj_equipment_LINE-WS-meishan-slitting-coating-E1	equipmentFailure	measured
obj_equipment_LINE-WS-meishan-slitting-coating-E1	loadPressure	measured
obj_equipment_LINE-WS-meishan-slitting-coating-E2	equipmentFailure	measured
obj_equipment_LINE-WS-meishan-slitting-coating-E2	loadPressure	measured
obj_equipment_LINE-WS-meishan-slitting-winding-E1	equipmentFailure	measured
obj_equipment_LINE-WS-meishan-slitting-winding-E1	loadPressure	measured
obj_equipment_LINE-WS-meishan-slitting-winding-E2	equipmentFailure	measured
obj_equipment_LINE-WS-meishan-slitting-winding-E2	loadPressure	measured
obj_equipment_LINE-WS-meishan-slurry-assembly-E1	equipmentFailure	measured
obj_equipment_LINE-WS-meishan-slurry-assembly-E1	loadPressure	measured
obj_equipment_LINE-WS-meishan-slurry-assembly-E2	equipmentFailure	measured
obj_equipment_LINE-WS-meishan-slurry-assembly-E2	loadPressure	measured
obj_equipment_LINE-WS-meishan-slurry-coating-E1	equipmentFailure	measured
obj_equipment_LINE-WS-meishan-slurry-coating-E1	loadPressure	measured
obj_equipment_LINE-WS-meishan-slurry-coating-E2	equipmentFailure	measured
obj_equipment_LINE-WS-meishan-slurry-coating-E2	loadPressure	measured
obj_equipment_LINE-WS-meishan-slurry-winding-E1	equipmentFailure	measured
obj_equipment_LINE-WS-meishan-slurry-winding-E1	loadPressure	measured
obj_equipment_LINE-WS-meishan-slurry-winding-E2	equipmentFailure	measured
obj_equipment_LINE-WS-meishan-slurry-winding-E2	loadPressure	measured
obj_equipment_LINE-WS-meishan-winding-assembly-E1	equipmentFailure	measured
obj_equipment_LINE-WS-meishan-winding-assembly-E1	loadPressure	measured
obj_equipment_LINE-WS-meishan-winding-assembly-E2	equipmentFailure	measured
obj_equipment_LINE-WS-meishan-winding-assembly-E2	loadPressure	measured
obj_equipment_LINE-WS-meishan-winding-coating-E1	equipmentFailure	measured
obj_equipment_LINE-WS-meishan-winding-coating-E1	loadPressure	measured
obj_equipment_LINE-WS-meishan-winding-coating-E2	equipmentFailure	measured
obj_equipment_LINE-WS-meishan-winding-coating-E2	loadPressure	measured
obj_equipment_LINE-WS-meishan-winding-winding-E1	equipmentFailure	measured
obj_equipment_LINE-WS-meishan-winding-winding-E1	loadPressure	measured
obj_equipment_LINE-WS-meishan-winding-winding-E2	equipmentFailure	measured
obj_equipment_LINE-WS-meishan-winding-winding-E2	loadPressure	measured
obj_equipment_LINE-WS-wuhan-assembly-assembly-E1	equipmentFailure	measured
obj_equipment_LINE-WS-wuhan-assembly-assembly-E1	loadPressure	measured
obj_equipment_LINE-WS-wuhan-assembly-assembly-E2	equipmentFailure	measured
obj_equipment_LINE-WS-wuhan-assembly-assembly-E2	loadPressure	measured
obj_equipment_LINE-WS-wuhan-assembly-coating-E1	equipmentFailure	measured
obj_equipment_LINE-WS-wuhan-assembly-coating-E1	loadPressure	measured
obj_equipment_LINE-WS-wuhan-assembly-coating-E2	equipmentFailure	measured
obj_equipment_LINE-WS-wuhan-assembly-coating-E2	loadPressure	measured
obj_equipment_LINE-WS-wuhan-assembly-winding-E1	equipmentFailure	measured
obj_equipment_LINE-WS-wuhan-assembly-winding-E1	loadPressure	measured
obj_equipment_LINE-WS-wuhan-assembly-winding-E2	equipmentFailure	measured
obj_equipment_LINE-WS-wuhan-assembly-winding-E2	loadPressure	measured
obj_equipment_LINE-WS-wuhan-calendering-assembly-E1	equipmentFailure	measured
obj_equipment_LINE-WS-wuhan-calendering-assembly-E1	loadPressure	measured
obj_equipment_LINE-WS-wuhan-calendering-assembly-E2	equipmentFailure	measured
obj_equipment_LINE-WS-wuhan-calendering-assembly-E2	loadPressure	measured
obj_equipment_LINE-WS-wuhan-calendering-coating-E1	equipmentFailure	measured
obj_equipment_LINE-WS-wuhan-calendering-coating-E1	loadPressure	measured
obj_equipment_LINE-WS-wuhan-calendering-coating-E2	equipmentFailure	measured
obj_equipment_LINE-WS-wuhan-calendering-coating-E2	loadPressure	measured
obj_equipment_LINE-WS-wuhan-calendering-winding-E1	equipmentFailure	measured
obj_equipment_LINE-WS-wuhan-calendering-winding-E1	loadPressure	measured
obj_equipment_LINE-WS-wuhan-calendering-winding-E2	equipmentFailure	measured
obj_equipment_LINE-WS-wuhan-calendering-winding-E2	loadPressure	measured
obj_equipment_LINE-WS-wuhan-coating-assembly-E1	equipmentFailure	measured
obj_equipment_LINE-WS-wuhan-coating-assembly-E1	loadPressure	measured
obj_equipment_LINE-WS-wuhan-coating-assembly-E2	equipmentFailure	measured
obj_equipment_LINE-WS-wuhan-coating-assembly-E2	loadPressure	measured
obj_equipment_LINE-WS-wuhan-coating-coating-E1	equipmentFailure	measured
obj_equipment_LINE-WS-wuhan-coating-coating-E1	loadPressure	measured
obj_equipment_LINE-WS-wuhan-coating-coating-E2	equipmentFailure	measured
obj_equipment_LINE-WS-wuhan-coating-coating-E2	loadPressure	measured
obj_equipment_LINE-WS-wuhan-coating-winding-E1	equipmentFailure	measured
obj_equipment_LINE-WS-wuhan-coating-winding-E1	loadPressure	measured
obj_equipment_LINE-WS-wuhan-coating-winding-E2	equipmentFailure	measured
obj_equipment_LINE-WS-wuhan-coating-winding-E2	loadPressure	measured
obj_equipment_LINE-WS-wuhan-filling-assembly-E1	equipmentFailure	measured
obj_equipment_LINE-WS-wuhan-filling-assembly-E1	loadPressure	measured
obj_equipment_LINE-WS-wuhan-filling-assembly-E2	equipmentFailure	measured
obj_equipment_LINE-WS-wuhan-filling-assembly-E2	loadPressure	measured
obj_equipment_LINE-WS-wuhan-filling-coating-E1	equipmentFailure	measured
obj_equipment_LINE-WS-wuhan-filling-coating-E1	loadPressure	measured
obj_equipment_LINE-WS-wuhan-filling-coating-E2	equipmentFailure	measured
obj_equipment_LINE-WS-wuhan-filling-coating-E2	loadPressure	measured
obj_equipment_LINE-WS-wuhan-filling-winding-E1	equipmentFailure	measured
obj_equipment_LINE-WS-wuhan-filling-winding-E1	loadPressure	measured
obj_equipment_LINE-WS-wuhan-filling-winding-E2	equipmentFailure	measured
obj_equipment_LINE-WS-wuhan-filling-winding-E2	loadPressure	measured
obj_equipment_LINE-WS-wuhan-formation-assembly-E1	equipmentFailure	measured
obj_equipment_LINE-WS-wuhan-formation-assembly-E1	loadPressure	measured
obj_equipment_LINE-WS-wuhan-formation-assembly-E2	equipmentFailure	measured
obj_equipment_LINE-WS-wuhan-formation-assembly-E2	loadPressure	measured
obj_equipment_LINE-WS-wuhan-formation-coating-E1	equipmentFailure	measured
obj_equipment_LINE-WS-wuhan-formation-coating-E1	loadPressure	measured
obj_equipment_LINE-WS-wuhan-formation-coating-E2	equipmentFailure	measured
obj_equipment_LINE-WS-wuhan-formation-coating-E2	loadPressure	measured
obj_equipment_LINE-WS-wuhan-formation-winding-E1	equipmentFailure	measured
obj_equipment_LINE-WS-wuhan-formation-winding-E1	loadPressure	measured
obj_equipment_LINE-WS-wuhan-formation-winding-E2	equipmentFailure	measured
obj_equipment_LINE-WS-wuhan-formation-winding-E2	loadPressure	measured
obj_equipment_LINE-WS-wuhan-grading-assembly-E1	equipmentFailure	measured
obj_equipment_LINE-WS-wuhan-grading-assembly-E1	loadPressure	measured
obj_equipment_LINE-WS-wuhan-grading-assembly-E2	equipmentFailure	measured
obj_equipment_LINE-WS-wuhan-grading-assembly-E2	loadPressure	measured
obj_equipment_LINE-WS-wuhan-grading-coating-E1	equipmentFailure	measured
obj_equipment_LINE-WS-wuhan-grading-coating-E1	loadPressure	measured
obj_equipment_LINE-WS-wuhan-grading-coating-E2	equipmentFailure	measured
obj_equipment_LINE-WS-wuhan-grading-coating-E2	loadPressure	measured
obj_equipment_LINE-WS-wuhan-grading-winding-E1	equipmentFailure	measured
obj_equipment_LINE-WS-wuhan-grading-winding-E1	loadPressure	measured
obj_equipment_LINE-WS-wuhan-grading-winding-E2	equipmentFailure	measured
obj_equipment_LINE-WS-wuhan-grading-winding-E2	loadPressure	measured
obj_equipment_LINE-WS-wuhan-pack-assembly-E1	equipmentFailure	measured
obj_equipment_LINE-WS-wuhan-pack-assembly-E1	loadPressure	measured
obj_equipment_LINE-WS-wuhan-pack-assembly-E2	equipmentFailure	measured
obj_equipment_LINE-WS-wuhan-pack-assembly-E2	loadPressure	measured
obj_equipment_LINE-WS-wuhan-pack-coating-E1	equipmentFailure	measured
obj_equipment_LINE-WS-wuhan-pack-coating-E1	loadPressure	measured
obj_equipment_LINE-WS-wuhan-pack-coating-E2	equipmentFailure	measured
obj_equipment_LINE-WS-wuhan-pack-coating-E2	loadPressure	measured
obj_equipment_LINE-WS-wuhan-pack-winding-E1	equipmentFailure	measured
obj_equipment_LINE-WS-wuhan-pack-winding-E1	loadPressure	measured
obj_equipment_LINE-WS-wuhan-pack-winding-E2	equipmentFailure	measured
obj_equipment_LINE-WS-wuhan-pack-winding-E2	loadPressure	measured
obj_equipment_LINE-WS-wuhan-slitting-assembly-E1	equipmentFailure	measured
obj_equipment_LINE-WS-wuhan-slitting-assembly-E1	loadPressure	measured
obj_equipment_LINE-WS-wuhan-slitting-assembly-E2	equipmentFailure	measured
obj_equipment_LINE-WS-wuhan-slitting-assembly-E2	loadPressure	measured
obj_equipment_LINE-WS-wuhan-slitting-coating-E1	equipmentFailure	measured
obj_equipment_LINE-WS-wuhan-slitting-coating-E1	loadPressure	measured
obj_equipment_LINE-WS-wuhan-slitting-coating-E2	equipmentFailure	measured
obj_equipment_LINE-WS-wuhan-slitting-coating-E2	loadPressure	measured
obj_equipment_LINE-WS-wuhan-slitting-winding-E1	equipmentFailure	measured
obj_equipment_LINE-WS-wuhan-slitting-winding-E1	loadPressure	measured
obj_equipment_LINE-WS-wuhan-slitting-winding-E2	equipmentFailure	measured
obj_equipment_LINE-WS-wuhan-slitting-winding-E2	loadPressure	measured
obj_equipment_LINE-WS-wuhan-slurry-assembly-E1	equipmentFailure	measured
obj_equipment_LINE-WS-wuhan-slurry-assembly-E1	loadPressure	measured
obj_equipment_LINE-WS-wuhan-slurry-assembly-E2	equipmentFailure	measured
obj_equipment_LINE-WS-wuhan-slurry-assembly-E2	loadPressure	measured
obj_equipment_LINE-WS-wuhan-slurry-coating-E1	equipmentFailure	measured
obj_equipment_LINE-WS-wuhan-slurry-coating-E1	loadPressure	measured
obj_equipment_LINE-WS-wuhan-slurry-coating-E2	equipmentFailure	measured
obj_equipment_LINE-WS-wuhan-slurry-coating-E2	loadPressure	measured
obj_equipment_LINE-WS-wuhan-slurry-winding-E1	equipmentFailure	measured
obj_equipment_LINE-WS-wuhan-slurry-winding-E1	loadPressure	measured
obj_equipment_LINE-WS-wuhan-slurry-winding-E2	equipmentFailure	measured
obj_equipment_LINE-WS-wuhan-slurry-winding-E2	loadPressure	measured
obj_equipment_LINE-WS-wuhan-winding-assembly-E1	equipmentFailure	measured
obj_equipment_LINE-WS-wuhan-winding-assembly-E1	loadPressure	measured
obj_equipment_LINE-WS-wuhan-winding-assembly-E2	equipmentFailure	measured
obj_equipment_LINE-WS-wuhan-winding-assembly-E2	loadPressure	measured
obj_equipment_LINE-WS-wuhan-winding-coating-E1	equipmentFailure	measured
obj_equipment_LINE-WS-wuhan-winding-coating-E1	loadPressure	measured
obj_equipment_LINE-WS-wuhan-winding-coating-E2	equipmentFailure	measured
obj_equipment_LINE-WS-wuhan-winding-coating-E2	loadPressure	measured
obj_equipment_LINE-WS-wuhan-winding-winding-E1	equipmentFailure	measured
obj_equipment_LINE-WS-wuhan-winding-winding-E1	loadPressure	measured
obj_equipment_LINE-WS-wuhan-winding-winding-E2	equipmentFailure	measured
obj_equipment_LINE-WS-wuhan-winding-winding-E2	loadPressure	measured
obj_equipment_LINE-WS-xiamen-assembly-assembly-E1	equipmentFailure	measured
obj_equipment_LINE-WS-xiamen-assembly-assembly-E1	loadPressure	measured
obj_equipment_LINE-WS-xiamen-assembly-assembly-E2	equipmentFailure	measured
obj_equipment_LINE-WS-xiamen-assembly-assembly-E2	loadPressure	measured
obj_equipment_LINE-WS-xiamen-assembly-coating-E1	equipmentFailure	measured
obj_equipment_LINE-WS-xiamen-assembly-coating-E1	loadPressure	measured
obj_equipment_LINE-WS-xiamen-assembly-coating-E2	equipmentFailure	measured
obj_equipment_LINE-WS-xiamen-assembly-coating-E2	loadPressure	measured
obj_equipment_LINE-WS-xiamen-assembly-winding-E1	equipmentFailure	measured
obj_equipment_LINE-WS-xiamen-assembly-winding-E1	loadPressure	measured
obj_equipment_LINE-WS-xiamen-assembly-winding-E2	equipmentFailure	measured
obj_equipment_LINE-WS-xiamen-assembly-winding-E2	loadPressure	measured
obj_equipment_LINE-WS-xiamen-calendering-assembly-E1	equipmentFailure	measured
obj_equipment_LINE-WS-xiamen-calendering-assembly-E1	loadPressure	measured
obj_equipment_LINE-WS-xiamen-calendering-assembly-E2	equipmentFailure	measured
obj_equipment_LINE-WS-xiamen-calendering-assembly-E2	loadPressure	measured
obj_equipment_LINE-WS-xiamen-calendering-coating-E1	equipmentFailure	measured
obj_equipment_LINE-WS-xiamen-calendering-coating-E1	loadPressure	measured
obj_equipment_LINE-WS-xiamen-calendering-coating-E2	equipmentFailure	measured
obj_equipment_LINE-WS-xiamen-calendering-coating-E2	loadPressure	measured
obj_equipment_LINE-WS-xiamen-calendering-winding-E1	equipmentFailure	measured
obj_equipment_LINE-WS-xiamen-calendering-winding-E1	loadPressure	measured
obj_equipment_LINE-WS-xiamen-calendering-winding-E2	equipmentFailure	measured
obj_equipment_LINE-WS-xiamen-calendering-winding-E2	loadPressure	measured
obj_equipment_LINE-WS-xiamen-coating-assembly-E1	equipmentFailure	measured
obj_equipment_LINE-WS-xiamen-coating-assembly-E1	loadPressure	measured
obj_equipment_LINE-WS-xiamen-coating-assembly-E2	equipmentFailure	measured
obj_equipment_LINE-WS-xiamen-coating-assembly-E2	loadPressure	measured
obj_equipment_LINE-WS-xiamen-coating-coating-E1	equipmentFailure	measured
obj_equipment_LINE-WS-xiamen-coating-coating-E1	loadPressure	measured
obj_equipment_LINE-WS-xiamen-coating-coating-E2	equipmentFailure	measured
obj_equipment_LINE-WS-xiamen-coating-coating-E2	loadPressure	measured
obj_equipment_LINE-WS-xiamen-coating-winding-E1	equipmentFailure	measured
obj_equipment_LINE-WS-xiamen-coating-winding-E1	loadPressure	measured
obj_equipment_LINE-WS-xiamen-coating-winding-E2	equipmentFailure	measured
obj_equipment_LINE-WS-xiamen-coating-winding-E2	loadPressure	measured
obj_equipment_LINE-WS-xiamen-filling-assembly-E1	equipmentFailure	measured
obj_equipment_LINE-WS-xiamen-filling-assembly-E1	loadPressure	measured
obj_equipment_LINE-WS-xiamen-filling-assembly-E2	equipmentFailure	measured
obj_equipment_LINE-WS-xiamen-filling-assembly-E2	loadPressure	measured
obj_equipment_LINE-WS-xiamen-filling-coating-E1	equipmentFailure	measured
obj_equipment_LINE-WS-xiamen-filling-coating-E1	loadPressure	measured
obj_equipment_LINE-WS-xiamen-filling-coating-E2	equipmentFailure	measured
obj_equipment_LINE-WS-xiamen-filling-coating-E2	loadPressure	measured
obj_equipment_LINE-WS-xiamen-filling-winding-E1	equipmentFailure	measured
obj_equipment_LINE-WS-xiamen-filling-winding-E1	loadPressure	measured
obj_equipment_LINE-WS-xiamen-filling-winding-E2	equipmentFailure	measured
obj_equipment_LINE-WS-xiamen-filling-winding-E2	loadPressure	measured
obj_equipment_LINE-WS-xiamen-formation-assembly-E1	equipmentFailure	measured
obj_equipment_LINE-WS-xiamen-formation-assembly-E1	loadPressure	measured
obj_equipment_LINE-WS-xiamen-formation-assembly-E2	equipmentFailure	measured
obj_equipment_LINE-WS-xiamen-formation-assembly-E2	loadPressure	measured
obj_equipment_LINE-WS-xiamen-formation-coating-E1	equipmentFailure	measured
obj_equipment_LINE-WS-xiamen-formation-coating-E1	loadPressure	measured
obj_equipment_LINE-WS-xiamen-formation-coating-E2	equipmentFailure	measured
obj_equipment_LINE-WS-xiamen-formation-coating-E2	loadPressure	measured
obj_equipment_LINE-WS-xiamen-formation-winding-E1	equipmentFailure	measured
obj_equipment_LINE-WS-xiamen-formation-winding-E1	loadPressure	measured
obj_equipment_LINE-WS-xiamen-formation-winding-E2	equipmentFailure	measured
obj_equipment_LINE-WS-xiamen-formation-winding-E2	loadPressure	measured
obj_equipment_LINE-WS-xiamen-grading-assembly-E1	equipmentFailure	measured
obj_equipment_LINE-WS-xiamen-grading-assembly-E1	loadPressure	measured
obj_equipment_LINE-WS-xiamen-grading-assembly-E2	equipmentFailure	measured
obj_equipment_LINE-WS-xiamen-grading-assembly-E2	loadPressure	measured
obj_equipment_LINE-WS-xiamen-grading-coating-E1	equipmentFailure	measured
obj_equipment_LINE-WS-xiamen-grading-coating-E1	loadPressure	measured
obj_equipment_LINE-WS-xiamen-grading-coating-E2	equipmentFailure	measured
obj_equipment_LINE-WS-xiamen-grading-coating-E2	loadPressure	measured
obj_equipment_LINE-WS-xiamen-grading-winding-E1	equipmentFailure	measured
obj_equipment_LINE-WS-xiamen-grading-winding-E1	loadPressure	measured
obj_equipment_LINE-WS-xiamen-grading-winding-E2	equipmentFailure	measured
obj_equipment_LINE-WS-xiamen-grading-winding-E2	loadPressure	measured
obj_equipment_LINE-WS-xiamen-pack-assembly-E1	equipmentFailure	measured
obj_equipment_LINE-WS-xiamen-pack-assembly-E1	loadPressure	measured
obj_equipment_LINE-WS-xiamen-pack-assembly-E2	equipmentFailure	measured
obj_equipment_LINE-WS-xiamen-pack-assembly-E2	loadPressure	measured
obj_equipment_LINE-WS-xiamen-pack-coating-E1	equipmentFailure	measured
obj_equipment_LINE-WS-xiamen-pack-coating-E1	loadPressure	measured
obj_equipment_LINE-WS-xiamen-pack-coating-E2	equipmentFailure	measured
obj_equipment_LINE-WS-xiamen-pack-coating-E2	loadPressure	measured
obj_equipment_LINE-WS-xiamen-pack-winding-E1	equipmentFailure	measured
obj_equipment_LINE-WS-xiamen-pack-winding-E1	loadPressure	measured
obj_equipment_LINE-WS-xiamen-pack-winding-E2	equipmentFailure	measured
obj_equipment_LINE-WS-xiamen-pack-winding-E2	loadPressure	measured
obj_equipment_LINE-WS-xiamen-slitting-assembly-E1	equipmentFailure	measured
obj_equipment_LINE-WS-xiamen-slitting-assembly-E1	loadPressure	measured
obj_equipment_LINE-WS-xiamen-slitting-assembly-E2	equipmentFailure	measured
obj_equipment_LINE-WS-xiamen-slitting-assembly-E2	loadPressure	measured
obj_equipment_LINE-WS-xiamen-slitting-coating-E1	equipmentFailure	measured
obj_equipment_LINE-WS-xiamen-slitting-coating-E1	loadPressure	measured
obj_equipment_LINE-WS-xiamen-slitting-coating-E2	equipmentFailure	measured
obj_equipment_LINE-WS-xiamen-slitting-coating-E2	loadPressure	measured
obj_equipment_LINE-WS-xiamen-slitting-winding-E1	equipmentFailure	measured
obj_equipment_LINE-WS-xiamen-slitting-winding-E1	loadPressure	measured
obj_equipment_LINE-WS-xiamen-slitting-winding-E2	equipmentFailure	measured
obj_equipment_LINE-WS-xiamen-slitting-winding-E2	loadPressure	measured
obj_equipment_LINE-WS-xiamen-slurry-assembly-E1	equipmentFailure	measured
obj_equipment_LINE-WS-xiamen-slurry-assembly-E1	loadPressure	measured
obj_equipment_LINE-WS-xiamen-slurry-assembly-E2	equipmentFailure	measured
obj_equipment_LINE-WS-xiamen-slurry-assembly-E2	loadPressure	measured
obj_equipment_LINE-WS-xiamen-slurry-coating-E1	equipmentFailure	measured
obj_equipment_LINE-WS-xiamen-slurry-coating-E1	loadPressure	measured
obj_equipment_LINE-WS-xiamen-slurry-coating-E2	equipmentFailure	measured
obj_equipment_LINE-WS-xiamen-slurry-coating-E2	loadPressure	measured
obj_equipment_LINE-WS-xiamen-slurry-winding-E1	equipmentFailure	measured
obj_equipment_LINE-WS-xiamen-slurry-winding-E1	loadPressure	measured
obj_equipment_LINE-WS-xiamen-slurry-winding-E2	equipmentFailure	measured
obj_equipment_LINE-WS-xiamen-slurry-winding-E2	loadPressure	measured
obj_equipment_LINE-WS-xiamen-winding-assembly-E1	equipmentFailure	measured
obj_equipment_LINE-WS-xiamen-winding-assembly-E1	loadPressure	measured
obj_equipment_LINE-WS-xiamen-winding-assembly-E2	equipmentFailure	measured
obj_equipment_LINE-WS-xiamen-winding-assembly-E2	loadPressure	measured
obj_equipment_LINE-WS-xiamen-winding-coating-E1	equipmentFailure	measured
obj_equipment_LINE-WS-xiamen-winding-coating-E1	loadPressure	measured
obj_equipment_LINE-WS-xiamen-winding-coating-E2	equipmentFailure	measured
obj_equipment_LINE-WS-xiamen-winding-coating-E2	loadPressure	measured
obj_equipment_LINE-WS-xiamen-winding-winding-E1	equipmentFailure	measured
obj_equipment_LINE-WS-xiamen-winding-winding-E1	loadPressure	measured
obj_equipment_LINE-WS-xiamen-winding-winding-E2	equipmentFailure	measured
obj_equipment_LINE-WS-xiamen-winding-winding-E2	loadPressure	measured
obj_equipment_LINE-WS-xinyang-assembly-assembly-E1	equipmentFailure	measured
obj_equipment_LINE-WS-xinyang-assembly-assembly-E1	loadPressure	measured
obj_equipment_LINE-WS-xinyang-assembly-assembly-E2	equipmentFailure	measured
obj_equipment_LINE-WS-xinyang-assembly-assembly-E2	loadPressure	measured
obj_equipment_LINE-WS-xinyang-assembly-coating-E1	equipmentFailure	measured
obj_equipment_LINE-WS-xinyang-assembly-coating-E1	loadPressure	measured
obj_equipment_LINE-WS-xinyang-assembly-coating-E2	equipmentFailure	measured
obj_equipment_LINE-WS-xinyang-assembly-coating-E2	loadPressure	measured
obj_equipment_LINE-WS-xinyang-assembly-winding-E1	equipmentFailure	measured
obj_equipment_LINE-WS-xinyang-assembly-winding-E1	loadPressure	measured
obj_equipment_LINE-WS-xinyang-assembly-winding-E2	equipmentFailure	measured
obj_equipment_LINE-WS-xinyang-assembly-winding-E2	loadPressure	measured
obj_equipment_LINE-WS-xinyang-calendering-assembly-E1	equipmentFailure	measured
obj_equipment_LINE-WS-xinyang-calendering-assembly-E1	loadPressure	measured
obj_equipment_LINE-WS-xinyang-calendering-assembly-E2	equipmentFailure	measured
obj_equipment_LINE-WS-xinyang-calendering-assembly-E2	loadPressure	measured
obj_equipment_LINE-WS-xinyang-calendering-coating-E1	equipmentFailure	measured
obj_equipment_LINE-WS-xinyang-calendering-coating-E1	loadPressure	measured
obj_equipment_LINE-WS-xinyang-calendering-coating-E2	equipmentFailure	measured
obj_equipment_LINE-WS-xinyang-calendering-coating-E2	loadPressure	measured
obj_equipment_LINE-WS-xinyang-calendering-winding-E1	equipmentFailure	measured
obj_equipment_LINE-WS-xinyang-calendering-winding-E1	loadPressure	measured
obj_equipment_LINE-WS-xinyang-calendering-winding-E2	equipmentFailure	measured
obj_equipment_LINE-WS-xinyang-calendering-winding-E2	loadPressure	measured
obj_equipment_LINE-WS-xinyang-coating-assembly-E1	equipmentFailure	measured
obj_equipment_LINE-WS-xinyang-coating-assembly-E1	loadPressure	measured
obj_equipment_LINE-WS-xinyang-coating-assembly-E2	equipmentFailure	measured
obj_equipment_LINE-WS-xinyang-coating-assembly-E2	loadPressure	measured
obj_equipment_LINE-WS-xinyang-coating-coating-E1	equipmentFailure	measured
obj_equipment_LINE-WS-xinyang-coating-coating-E1	loadPressure	measured
obj_equipment_LINE-WS-xinyang-coating-coating-E2	equipmentFailure	measured
obj_equipment_LINE-WS-xinyang-coating-coating-E2	loadPressure	measured
obj_equipment_LINE-WS-xinyang-coating-winding-E1	equipmentFailure	measured
obj_equipment_LINE-WS-xinyang-coating-winding-E1	loadPressure	measured
obj_equipment_LINE-WS-xinyang-coating-winding-E2	equipmentFailure	measured
obj_equipment_LINE-WS-xinyang-coating-winding-E2	loadPressure	measured
obj_equipment_LINE-WS-xinyang-filling-assembly-E1	equipmentFailure	measured
obj_equipment_LINE-WS-xinyang-filling-assembly-E1	loadPressure	measured
obj_equipment_LINE-WS-xinyang-filling-assembly-E2	equipmentFailure	measured
obj_equipment_LINE-WS-xinyang-filling-assembly-E2	loadPressure	measured
obj_equipment_LINE-WS-xinyang-filling-coating-E1	equipmentFailure	measured
obj_equipment_LINE-WS-xinyang-filling-coating-E1	loadPressure	measured
obj_equipment_LINE-WS-xinyang-filling-coating-E2	equipmentFailure	measured
obj_equipment_LINE-WS-xinyang-filling-coating-E2	loadPressure	measured
obj_equipment_LINE-WS-xinyang-filling-winding-E1	equipmentFailure	measured
obj_equipment_LINE-WS-xinyang-filling-winding-E1	loadPressure	measured
obj_equipment_LINE-WS-xinyang-filling-winding-E2	equipmentFailure	measured
obj_equipment_LINE-WS-xinyang-filling-winding-E2	loadPressure	measured
obj_equipment_LINE-WS-xinyang-formation-assembly-E1	equipmentFailure	measured
obj_equipment_LINE-WS-xinyang-formation-assembly-E1	loadPressure	measured
obj_equipment_LINE-WS-xinyang-formation-assembly-E2	equipmentFailure	measured
obj_equipment_LINE-WS-xinyang-formation-assembly-E2	loadPressure	measured
obj_equipment_LINE-WS-xinyang-formation-coating-E1	equipmentFailure	measured
obj_equipment_LINE-WS-xinyang-formation-coating-E1	loadPressure	measured
obj_equipment_LINE-WS-xinyang-formation-coating-E2	equipmentFailure	measured
obj_equipment_LINE-WS-xinyang-formation-coating-E2	loadPressure	measured
obj_equipment_LINE-WS-xinyang-formation-winding-E1	equipmentFailure	measured
obj_equipment_LINE-WS-xinyang-formation-winding-E1	loadPressure	measured
obj_equipment_LINE-WS-xinyang-formation-winding-E2	equipmentFailure	measured
obj_equipment_LINE-WS-xinyang-formation-winding-E2	loadPressure	measured
obj_equipment_LINE-WS-xinyang-grading-assembly-E1	equipmentFailure	measured
obj_equipment_LINE-WS-xinyang-grading-assembly-E1	loadPressure	measured
obj_equipment_LINE-WS-xinyang-grading-assembly-E2	equipmentFailure	measured
obj_equipment_LINE-WS-xinyang-grading-assembly-E2	loadPressure	measured
obj_equipment_LINE-WS-xinyang-grading-coating-E1	equipmentFailure	measured
obj_equipment_LINE-WS-xinyang-grading-coating-E1	loadPressure	measured
obj_equipment_LINE-WS-xinyang-grading-coating-E2	equipmentFailure	measured
obj_equipment_LINE-WS-xinyang-grading-coating-E2	loadPressure	measured
obj_equipment_LINE-WS-xinyang-grading-winding-E1	equipmentFailure	measured
obj_equipment_LINE-WS-xinyang-grading-winding-E1	loadPressure	measured
obj_equipment_LINE-WS-xinyang-grading-winding-E2	equipmentFailure	measured
obj_equipment_LINE-WS-xinyang-grading-winding-E2	loadPressure	measured
obj_equipment_LINE-WS-xinyang-pack-assembly-E1	equipmentFailure	measured
obj_equipment_LINE-WS-xinyang-pack-assembly-E1	loadPressure	measured
obj_equipment_LINE-WS-xinyang-pack-assembly-E2	equipmentFailure	measured
obj_equipment_LINE-WS-xinyang-pack-assembly-E2	loadPressure	measured
obj_equipment_LINE-WS-xinyang-pack-coating-E1	equipmentFailure	measured
obj_equipment_LINE-WS-xinyang-pack-coating-E1	loadPressure	measured
obj_equipment_LINE-WS-xinyang-pack-coating-E2	equipmentFailure	measured
obj_equipment_LINE-WS-xinyang-pack-coating-E2	loadPressure	measured
obj_equipment_LINE-WS-xinyang-pack-winding-E1	equipmentFailure	measured
obj_equipment_LINE-WS-xinyang-pack-winding-E1	loadPressure	measured
obj_equipment_LINE-WS-xinyang-pack-winding-E2	equipmentFailure	measured
obj_equipment_LINE-WS-xinyang-pack-winding-E2	loadPressure	measured
obj_equipment_LINE-WS-xinyang-slitting-assembly-E1	equipmentFailure	measured
obj_equipment_LINE-WS-xinyang-slitting-assembly-E1	loadPressure	measured
obj_equipment_LINE-WS-xinyang-slitting-assembly-E2	equipmentFailure	measured
obj_equipment_LINE-WS-xinyang-slitting-assembly-E2	loadPressure	measured
obj_equipment_LINE-WS-xinyang-slitting-coating-E1	equipmentFailure	measured
obj_equipment_LINE-WS-xinyang-slitting-coating-E1	loadPressure	measured
obj_equipment_LINE-WS-xinyang-slitting-coating-E2	equipmentFailure	measured
obj_equipment_LINE-WS-xinyang-slitting-coating-E2	loadPressure	measured
obj_equipment_LINE-WS-xinyang-slitting-winding-E1	equipmentFailure	measured
obj_equipment_LINE-WS-xinyang-slitting-winding-E1	loadPressure	measured
obj_equipment_LINE-WS-xinyang-slitting-winding-E2	equipmentFailure	measured
obj_equipment_LINE-WS-xinyang-slitting-winding-E2	loadPressure	measured
obj_equipment_LINE-WS-xinyang-slurry-assembly-E1	equipmentFailure	measured
obj_equipment_LINE-WS-xinyang-slurry-assembly-E1	loadPressure	measured
obj_equipment_LINE-WS-xinyang-slurry-assembly-E2	equipmentFailure	measured
obj_equipment_LINE-WS-xinyang-slurry-assembly-E2	loadPressure	measured
obj_equipment_LINE-WS-xinyang-slurry-coating-E1	equipmentFailure	measured
obj_equipment_LINE-WS-xinyang-slurry-coating-E1	loadPressure	measured
obj_equipment_LINE-WS-xinyang-slurry-coating-E2	equipmentFailure	measured
obj_equipment_LINE-WS-xinyang-slurry-coating-E2	loadPressure	measured
obj_equipment_LINE-WS-xinyang-slurry-winding-E1	equipmentFailure	measured
obj_equipment_LINE-WS-xinyang-slurry-winding-E1	loadPressure	measured
obj_equipment_LINE-WS-xinyang-slurry-winding-E2	equipmentFailure	measured
obj_equipment_LINE-WS-xinyang-slurry-winding-E2	loadPressure	measured
obj_equipment_LINE-WS-xinyang-winding-assembly-E1	equipmentFailure	measured
obj_equipment_LINE-WS-xinyang-winding-assembly-E1	loadPressure	measured
obj_equipment_LINE-WS-xinyang-winding-assembly-E2	equipmentFailure	measured
obj_equipment_LINE-WS-xinyang-winding-assembly-E2	loadPressure	measured
obj_equipment_LINE-WS-xinyang-winding-coating-E1	equipmentFailure	measured
obj_equipment_LINE-WS-xinyang-winding-coating-E1	loadPressure	measured
obj_equipment_LINE-WS-xinyang-winding-coating-E2	equipmentFailure	measured
obj_equipment_LINE-WS-xinyang-winding-coating-E2	loadPressure	measured
obj_equipment_LINE-WS-xinyang-winding-winding-E1	equipmentFailure	measured
obj_equipment_LINE-WS-xinyang-winding-winding-E1	loadPressure	measured
obj_equipment_LINE-WS-xinyang-winding-winding-E2	equipmentFailure	measured
obj_equipment_LINE-WS-xinyang-winding-winding-E2	loadPressure	measured
obj_equipment_LINE-WS-yangzhou-assembly-assembly-E1	equipmentFailure	measured
obj_equipment_LINE-WS-yangzhou-assembly-assembly-E1	loadPressure	measured
obj_equipment_LINE-WS-yangzhou-assembly-assembly-E2	equipmentFailure	measured
obj_equipment_LINE-WS-yangzhou-assembly-assembly-E2	loadPressure	measured
obj_equipment_LINE-WS-yangzhou-assembly-coating-E1	equipmentFailure	measured
obj_equipment_LINE-WS-yangzhou-assembly-coating-E1	loadPressure	measured
obj_equipment_LINE-WS-yangzhou-assembly-coating-E2	equipmentFailure	measured
obj_equipment_LINE-WS-yangzhou-assembly-coating-E2	loadPressure	measured
obj_equipment_LINE-WS-yangzhou-assembly-winding-E1	equipmentFailure	measured
obj_equipment_LINE-WS-yangzhou-assembly-winding-E1	loadPressure	measured
obj_equipment_LINE-WS-yangzhou-assembly-winding-E2	equipmentFailure	measured
obj_equipment_LINE-WS-yangzhou-assembly-winding-E2	loadPressure	measured
obj_equipment_LINE-WS-yangzhou-calendering-assembly-E1	equipmentFailure	measured
obj_equipment_LINE-WS-yangzhou-calendering-assembly-E1	loadPressure	measured
obj_equipment_LINE-WS-yangzhou-calendering-assembly-E2	equipmentFailure	measured
obj_equipment_LINE-WS-yangzhou-calendering-assembly-E2	loadPressure	measured
obj_equipment_LINE-WS-yangzhou-calendering-coating-E1	equipmentFailure	measured
obj_equipment_LINE-WS-yangzhou-calendering-coating-E1	loadPressure	measured
obj_equipment_LINE-WS-yangzhou-calendering-coating-E2	equipmentFailure	measured
obj_equipment_LINE-WS-yangzhou-calendering-coating-E2	loadPressure	measured
obj_equipment_LINE-WS-yangzhou-calendering-winding-E1	equipmentFailure	measured
obj_equipment_LINE-WS-yangzhou-calendering-winding-E1	loadPressure	measured
obj_equipment_LINE-WS-yangzhou-calendering-winding-E2	equipmentFailure	measured
obj_equipment_LINE-WS-yangzhou-calendering-winding-E2	loadPressure	measured
obj_equipment_LINE-WS-yangzhou-coating-assembly-E1	equipmentFailure	measured
obj_equipment_LINE-WS-yangzhou-coating-assembly-E1	loadPressure	measured
obj_equipment_LINE-WS-yangzhou-coating-assembly-E2	equipmentFailure	measured
obj_equipment_LINE-WS-yangzhou-coating-assembly-E2	loadPressure	measured
obj_equipment_LINE-WS-yangzhou-coating-coating-E1	equipmentFailure	measured
obj_equipment_LINE-WS-yangzhou-coating-coating-E1	loadPressure	measured
obj_equipment_LINE-WS-yangzhou-coating-coating-E2	equipmentFailure	measured
obj_equipment_LINE-WS-yangzhou-coating-coating-E2	loadPressure	measured
obj_equipment_LINE-WS-yangzhou-coating-winding-E1	equipmentFailure	measured
obj_equipment_LINE-WS-yangzhou-coating-winding-E1	loadPressure	measured
obj_equipment_LINE-WS-yangzhou-coating-winding-E2	equipmentFailure	measured
obj_equipment_LINE-WS-yangzhou-coating-winding-E2	loadPressure	measured
obj_equipment_LINE-WS-yangzhou-filling-assembly-E1	equipmentFailure	measured
obj_equipment_LINE-WS-yangzhou-filling-assembly-E1	loadPressure	measured
obj_equipment_LINE-WS-yangzhou-filling-assembly-E2	equipmentFailure	measured
obj_equipment_LINE-WS-yangzhou-filling-assembly-E2	loadPressure	measured
obj_equipment_LINE-WS-yangzhou-filling-coating-E1	equipmentFailure	measured
obj_equipment_LINE-WS-yangzhou-filling-coating-E1	loadPressure	measured
obj_equipment_LINE-WS-yangzhou-filling-coating-E2	equipmentFailure	measured
obj_equipment_LINE-WS-yangzhou-filling-coating-E2	loadPressure	measured
obj_equipment_LINE-WS-yangzhou-filling-winding-E1	equipmentFailure	measured
obj_equipment_LINE-WS-yangzhou-filling-winding-E1	loadPressure	measured
obj_equipment_LINE-WS-yangzhou-filling-winding-E2	equipmentFailure	measured
obj_equipment_LINE-WS-yangzhou-filling-winding-E2	loadPressure	measured
obj_equipment_LINE-WS-yangzhou-formation-assembly-E1	equipmentFailure	measured
obj_equipment_LINE-WS-yangzhou-formation-assembly-E1	loadPressure	measured
obj_equipment_LINE-WS-yangzhou-formation-assembly-E2	equipmentFailure	measured
obj_equipment_LINE-WS-yangzhou-formation-assembly-E2	loadPressure	measured
obj_equipment_LINE-WS-yangzhou-formation-coating-E1	equipmentFailure	measured
obj_equipment_LINE-WS-yangzhou-formation-coating-E1	loadPressure	measured
obj_equipment_LINE-WS-yangzhou-formation-coating-E2	equipmentFailure	measured
obj_equipment_LINE-WS-yangzhou-formation-coating-E2	loadPressure	measured
obj_equipment_LINE-WS-yangzhou-formation-winding-E1	equipmentFailure	measured
obj_equipment_LINE-WS-yangzhou-formation-winding-E1	loadPressure	measured
obj_equipment_LINE-WS-yangzhou-formation-winding-E2	equipmentFailure	measured
obj_equipment_LINE-WS-yangzhou-formation-winding-E2	loadPressure	measured
obj_equipment_LINE-WS-yangzhou-grading-assembly-E1	equipmentFailure	measured
obj_equipment_LINE-WS-yangzhou-grading-assembly-E1	loadPressure	measured
obj_equipment_LINE-WS-yangzhou-grading-assembly-E2	equipmentFailure	measured
obj_equipment_LINE-WS-yangzhou-grading-assembly-E2	loadPressure	measured
obj_equipment_LINE-WS-yangzhou-grading-coating-E1	equipmentFailure	measured
obj_equipment_LINE-WS-yangzhou-grading-coating-E1	loadPressure	measured
obj_equipment_LINE-WS-yangzhou-grading-coating-E2	equipmentFailure	measured
obj_equipment_LINE-WS-yangzhou-grading-coating-E2	loadPressure	measured
obj_equipment_LINE-WS-yangzhou-grading-winding-E1	equipmentFailure	measured
obj_equipment_LINE-WS-yangzhou-grading-winding-E1	loadPressure	measured
obj_equipment_LINE-WS-yangzhou-grading-winding-E2	equipmentFailure	measured
obj_equipment_LINE-WS-yangzhou-grading-winding-E2	loadPressure	measured
obj_equipment_LINE-WS-yangzhou-pack-assembly-E1	equipmentFailure	measured
obj_equipment_LINE-WS-yangzhou-pack-assembly-E1	loadPressure	measured
obj_equipment_LINE-WS-yangzhou-pack-assembly-E2	equipmentFailure	measured
obj_equipment_LINE-WS-yangzhou-pack-assembly-E2	loadPressure	measured
obj_equipment_LINE-WS-yangzhou-pack-coating-E1	equipmentFailure	measured
obj_equipment_LINE-WS-yangzhou-pack-coating-E1	loadPressure	measured
obj_equipment_LINE-WS-yangzhou-pack-coating-E2	equipmentFailure	measured
obj_equipment_LINE-WS-yangzhou-pack-coating-E2	loadPressure	measured
obj_equipment_LINE-WS-yangzhou-pack-winding-E1	equipmentFailure	measured
obj_equipment_LINE-WS-yangzhou-pack-winding-E1	loadPressure	measured
obj_equipment_LINE-WS-yangzhou-pack-winding-E2	equipmentFailure	measured
obj_equipment_LINE-WS-yangzhou-pack-winding-E2	loadPressure	measured
obj_equipment_LINE-WS-yangzhou-slitting-assembly-E1	equipmentFailure	measured
obj_equipment_LINE-WS-yangzhou-slitting-assembly-E1	loadPressure	measured
obj_equipment_LINE-WS-yangzhou-slitting-assembly-E2	equipmentFailure	measured
obj_equipment_LINE-WS-yangzhou-slitting-assembly-E2	loadPressure	measured
obj_equipment_LINE-WS-yangzhou-slitting-coating-E1	equipmentFailure	measured
obj_equipment_LINE-WS-yangzhou-slitting-coating-E1	loadPressure	measured
obj_equipment_LINE-WS-yangzhou-slitting-coating-E2	equipmentFailure	measured
obj_equipment_LINE-WS-yangzhou-slitting-coating-E2	loadPressure	measured
obj_equipment_LINE-WS-yangzhou-slitting-winding-E1	equipmentFailure	measured
obj_equipment_LINE-WS-yangzhou-slitting-winding-E1	loadPressure	measured
obj_equipment_LINE-WS-yangzhou-slitting-winding-E2	equipmentFailure	measured
obj_equipment_LINE-WS-yangzhou-slitting-winding-E2	loadPressure	measured
obj_equipment_LINE-WS-yangzhou-slurry-assembly-E1	equipmentFailure	measured
obj_equipment_LINE-WS-yangzhou-slurry-assembly-E1	loadPressure	measured
obj_equipment_LINE-WS-yangzhou-slurry-assembly-E2	equipmentFailure	measured
obj_equipment_LINE-WS-yangzhou-slurry-assembly-E2	loadPressure	measured
obj_equipment_LINE-WS-yangzhou-slurry-coating-E1	equipmentFailure	measured
obj_equipment_LINE-WS-yangzhou-slurry-coating-E1	loadPressure	measured
obj_equipment_LINE-WS-yangzhou-slurry-coating-E2	equipmentFailure	measured
obj_equipment_LINE-WS-yangzhou-slurry-coating-E2	loadPressure	measured
obj_equipment_LINE-WS-yangzhou-slurry-winding-E1	equipmentFailure	measured
obj_equipment_LINE-WS-yangzhou-slurry-winding-E1	loadPressure	measured
obj_equipment_LINE-WS-yangzhou-slurry-winding-E2	equipmentFailure	measured
obj_equipment_LINE-WS-yangzhou-slurry-winding-E2	loadPressure	measured
obj_equipment_LINE-WS-yangzhou-winding-assembly-E1	equipmentFailure	measured
obj_equipment_LINE-WS-yangzhou-winding-assembly-E1	loadPressure	measured
obj_equipment_LINE-WS-yangzhou-winding-assembly-E2	equipmentFailure	measured
obj_equipment_LINE-WS-yangzhou-winding-assembly-E2	loadPressure	measured
obj_equipment_LINE-WS-yangzhou-winding-coating-E1	equipmentFailure	measured
obj_equipment_LINE-WS-yangzhou-winding-coating-E1	loadPressure	measured
obj_equipment_LINE-WS-yangzhou-winding-coating-E2	equipmentFailure	measured
obj_equipment_LINE-WS-yangzhou-winding-coating-E2	loadPressure	measured
obj_equipment_LINE-WS-yangzhou-winding-winding-E1	equipmentFailure	measured
obj_equipment_LINE-WS-yangzhou-winding-winding-E1	loadPressure	measured
obj_equipment_LINE-WS-yangzhou-winding-winding-E2	equipmentFailure	measured
obj_equipment_LINE-WS-yangzhou-winding-winding-E2	loadPressure	measured
obj_equipment_LINE-WS-zaozhuang-assembly-assembly-E1	equipmentFailure	measured
obj_equipment_LINE-WS-zaozhuang-assembly-assembly-E1	loadPressure	measured
obj_equipment_LINE-WS-zaozhuang-assembly-assembly-E2	equipmentFailure	measured
obj_equipment_LINE-WS-zaozhuang-assembly-assembly-E2	loadPressure	measured
obj_equipment_LINE-WS-zaozhuang-assembly-coating-E1	equipmentFailure	measured
obj_equipment_LINE-WS-zaozhuang-assembly-coating-E1	loadPressure	measured
obj_equipment_LINE-WS-zaozhuang-assembly-coating-E2	equipmentFailure	measured
obj_equipment_LINE-WS-zaozhuang-assembly-coating-E2	loadPressure	measured
obj_equipment_LINE-WS-zaozhuang-assembly-winding-E1	equipmentFailure	measured
obj_equipment_LINE-WS-zaozhuang-assembly-winding-E1	loadPressure	measured
obj_equipment_LINE-WS-zaozhuang-assembly-winding-E2	equipmentFailure	measured
obj_equipment_LINE-WS-zaozhuang-assembly-winding-E2	loadPressure	measured
obj_equipment_LINE-WS-zaozhuang-calendering-assembly-E1	equipmentFailure	measured
obj_equipment_LINE-WS-zaozhuang-calendering-assembly-E1	loadPressure	measured
obj_equipment_LINE-WS-zaozhuang-calendering-assembly-E2	equipmentFailure	measured
obj_equipment_LINE-WS-zaozhuang-calendering-assembly-E2	loadPressure	measured
obj_equipment_LINE-WS-zaozhuang-calendering-coating-E1	equipmentFailure	measured
obj_equipment_LINE-WS-zaozhuang-calendering-coating-E1	loadPressure	measured
obj_equipment_LINE-WS-zaozhuang-calendering-coating-E2	equipmentFailure	measured
obj_equipment_LINE-WS-zaozhuang-calendering-coating-E2	loadPressure	measured
obj_equipment_LINE-WS-zaozhuang-calendering-winding-E1	equipmentFailure	measured
obj_equipment_LINE-WS-zaozhuang-calendering-winding-E1	loadPressure	measured
obj_equipment_LINE-WS-zaozhuang-calendering-winding-E2	equipmentFailure	measured
obj_equipment_LINE-WS-zaozhuang-calendering-winding-E2	loadPressure	measured
obj_equipment_LINE-WS-zaozhuang-coating-assembly-E1	equipmentFailure	measured
obj_equipment_LINE-WS-zaozhuang-coating-assembly-E1	loadPressure	measured
obj_equipment_LINE-WS-zaozhuang-coating-assembly-E2	equipmentFailure	measured
obj_equipment_LINE-WS-zaozhuang-coating-assembly-E2	loadPressure	measured
obj_equipment_LINE-WS-zaozhuang-coating-coating-E1	equipmentFailure	measured
obj_equipment_LINE-WS-zaozhuang-coating-coating-E1	loadPressure	measured
obj_equipment_LINE-WS-zaozhuang-coating-coating-E2	equipmentFailure	measured
obj_equipment_LINE-WS-zaozhuang-coating-coating-E2	loadPressure	measured
obj_equipment_LINE-WS-zaozhuang-coating-winding-E1	equipmentFailure	measured
obj_equipment_LINE-WS-zaozhuang-coating-winding-E1	loadPressure	measured
obj_equipment_LINE-WS-zaozhuang-coating-winding-E2	equipmentFailure	measured
obj_equipment_LINE-WS-zaozhuang-coating-winding-E2	loadPressure	measured
obj_equipment_LINE-WS-zaozhuang-filling-assembly-E1	equipmentFailure	measured
obj_equipment_LINE-WS-zaozhuang-filling-assembly-E1	loadPressure	measured
obj_equipment_LINE-WS-zaozhuang-filling-assembly-E2	equipmentFailure	measured
obj_equipment_LINE-WS-zaozhuang-filling-assembly-E2	loadPressure	measured
obj_equipment_LINE-WS-zaozhuang-filling-coating-E1	equipmentFailure	measured
obj_equipment_LINE-WS-zaozhuang-filling-coating-E1	loadPressure	measured
obj_equipment_LINE-WS-zaozhuang-filling-coating-E2	equipmentFailure	measured
obj_equipment_LINE-WS-zaozhuang-filling-coating-E2	loadPressure	measured
obj_equipment_LINE-WS-zaozhuang-filling-winding-E1	equipmentFailure	measured
obj_equipment_LINE-WS-zaozhuang-filling-winding-E1	loadPressure	measured
obj_equipment_LINE-WS-zaozhuang-filling-winding-E2	equipmentFailure	measured
obj_equipment_LINE-WS-zaozhuang-filling-winding-E2	loadPressure	measured
obj_equipment_LINE-WS-zaozhuang-formation-assembly-E1	equipmentFailure	measured
obj_equipment_LINE-WS-zaozhuang-formation-assembly-E1	loadPressure	measured
obj_equipment_LINE-WS-zaozhuang-formation-assembly-E2	equipmentFailure	measured
obj_equipment_LINE-WS-zaozhuang-formation-assembly-E2	loadPressure	measured
obj_equipment_LINE-WS-zaozhuang-formation-coating-E1	equipmentFailure	measured
obj_equipment_LINE-WS-zaozhuang-formation-coating-E1	loadPressure	measured
obj_equipment_LINE-WS-zaozhuang-formation-coating-E2	equipmentFailure	measured
obj_equipment_LINE-WS-zaozhuang-formation-coating-E2	loadPressure	measured
obj_equipment_LINE-WS-zaozhuang-formation-winding-E1	equipmentFailure	measured
obj_equipment_LINE-WS-zaozhuang-formation-winding-E1	loadPressure	measured
obj_equipment_LINE-WS-zaozhuang-formation-winding-E2	equipmentFailure	measured
obj_equipment_LINE-WS-zaozhuang-formation-winding-E2	loadPressure	measured
obj_equipment_LINE-WS-zaozhuang-grading-assembly-E1	equipmentFailure	measured
obj_equipment_LINE-WS-zaozhuang-grading-assembly-E1	loadPressure	measured
obj_equipment_LINE-WS-zaozhuang-grading-assembly-E2	equipmentFailure	measured
obj_equipment_LINE-WS-zaozhuang-grading-assembly-E2	loadPressure	measured
obj_equipment_LINE-WS-zaozhuang-grading-coating-E1	equipmentFailure	measured
obj_equipment_LINE-WS-zaozhuang-grading-coating-E1	loadPressure	measured
obj_equipment_LINE-WS-zaozhuang-grading-coating-E2	equipmentFailure	measured
obj_equipment_LINE-WS-zaozhuang-grading-coating-E2	loadPressure	measured
obj_equipment_LINE-WS-zaozhuang-grading-winding-E1	equipmentFailure	measured
obj_equipment_LINE-WS-zaozhuang-grading-winding-E1	loadPressure	measured
obj_equipment_LINE-WS-zaozhuang-grading-winding-E2	equipmentFailure	measured
obj_equipment_LINE-WS-zaozhuang-grading-winding-E2	loadPressure	measured
obj_equipment_LINE-WS-zaozhuang-pack-assembly-E1	equipmentFailure	measured
obj_equipment_LINE-WS-zaozhuang-pack-assembly-E1	loadPressure	measured
obj_equipment_LINE-WS-zaozhuang-pack-assembly-E2	equipmentFailure	measured
obj_equipment_LINE-WS-zaozhuang-pack-assembly-E2	loadPressure	measured
obj_equipment_LINE-WS-zaozhuang-pack-coating-E1	equipmentFailure	measured
obj_equipment_LINE-WS-zaozhuang-pack-coating-E1	loadPressure	measured
obj_equipment_LINE-WS-zaozhuang-pack-coating-E2	equipmentFailure	measured
obj_equipment_LINE-WS-zaozhuang-pack-coating-E2	loadPressure	measured
obj_equipment_LINE-WS-zaozhuang-pack-winding-E1	equipmentFailure	measured
obj_equipment_LINE-WS-zaozhuang-pack-winding-E1	loadPressure	measured
obj_equipment_LINE-WS-zaozhuang-pack-winding-E2	equipmentFailure	measured
obj_equipment_LINE-WS-zaozhuang-pack-winding-E2	loadPressure	measured
obj_equipment_LINE-WS-zaozhuang-slitting-assembly-E1	equipmentFailure	measured
obj_equipment_LINE-WS-zaozhuang-slitting-assembly-E1	loadPressure	measured
obj_equipment_LINE-WS-zaozhuang-slitting-assembly-E2	equipmentFailure	measured
obj_equipment_LINE-WS-zaozhuang-slitting-assembly-E2	loadPressure	measured
obj_equipment_LINE-WS-zaozhuang-slitting-coating-E1	equipmentFailure	measured
obj_equipment_LINE-WS-zaozhuang-slitting-coating-E1	loadPressure	measured
obj_equipment_LINE-WS-zaozhuang-slitting-coating-E2	equipmentFailure	measured
obj_equipment_LINE-WS-zaozhuang-slitting-coating-E2	loadPressure	measured
obj_equipment_LINE-WS-zaozhuang-slitting-winding-E1	equipmentFailure	measured
obj_equipment_LINE-WS-zaozhuang-slitting-winding-E1	loadPressure	measured
obj_equipment_LINE-WS-zaozhuang-slitting-winding-E2	equipmentFailure	measured
obj_equipment_LINE-WS-zaozhuang-slitting-winding-E2	loadPressure	measured
obj_equipment_LINE-WS-zaozhuang-slurry-assembly-E1	equipmentFailure	measured
obj_equipment_LINE-WS-zaozhuang-slurry-assembly-E1	loadPressure	measured
obj_equipment_LINE-WS-zaozhuang-slurry-assembly-E2	equipmentFailure	measured
obj_equipment_LINE-WS-zaozhuang-slurry-assembly-E2	loadPressure	measured
obj_equipment_LINE-WS-zaozhuang-slurry-coating-E1	equipmentFailure	measured
obj_equipment_LINE-WS-zaozhuang-slurry-coating-E1	loadPressure	measured
obj_equipment_LINE-WS-zaozhuang-slurry-coating-E2	equipmentFailure	measured
obj_equipment_LINE-WS-zaozhuang-slurry-coating-E2	loadPressure	measured
obj_equipment_LINE-WS-zaozhuang-slurry-winding-E1	equipmentFailure	measured
obj_equipment_LINE-WS-zaozhuang-slurry-winding-E1	loadPressure	measured
obj_equipment_LINE-WS-zaozhuang-slurry-winding-E2	equipmentFailure	measured
obj_equipment_LINE-WS-zaozhuang-slurry-winding-E2	loadPressure	measured
obj_equipment_LINE-WS-zaozhuang-winding-assembly-E1	equipmentFailure	measured
obj_equipment_LINE-WS-zaozhuang-winding-assembly-E1	loadPressure	measured
obj_equipment_LINE-WS-zaozhuang-winding-assembly-E2	equipmentFailure	measured
obj_equipment_LINE-WS-zaozhuang-winding-assembly-E2	loadPressure	measured
obj_equipment_LINE-WS-zaozhuang-winding-coating-E1	equipmentFailure	measured
obj_equipment_LINE-WS-zaozhuang-winding-coating-E1	loadPressure	measured
obj_equipment_LINE-WS-zaozhuang-winding-coating-E2	equipmentFailure	measured
obj_equipment_LINE-WS-zaozhuang-winding-coating-E2	loadPressure	measured
obj_equipment_LINE-WS-zaozhuang-winding-winding-E1	equipmentFailure	measured
obj_equipment_LINE-WS-zaozhuang-winding-winding-E1	loadPressure	measured
obj_equipment_LINE-WS-zaozhuang-winding-winding-E2	equipmentFailure	measured
obj_equipment_LINE-WS-zaozhuang-winding-winding-E2	loadPressure	measured
obj_equipment_LINE-WS-zigong-assembly-assembly-E1	equipmentFailure	measured
obj_equipment_LINE-WS-zigong-assembly-assembly-E1	loadPressure	measured
obj_equipment_LINE-WS-zigong-assembly-assembly-E2	equipmentFailure	measured
obj_equipment_LINE-WS-zigong-assembly-assembly-E2	loadPressure	measured
obj_equipment_LINE-WS-zigong-assembly-coating-E1	equipmentFailure	measured
obj_equipment_LINE-WS-zigong-assembly-coating-E1	loadPressure	measured
obj_equipment_LINE-WS-zigong-assembly-coating-E2	equipmentFailure	measured
obj_equipment_LINE-WS-zigong-assembly-coating-E2	loadPressure	measured
obj_equipment_LINE-WS-zigong-assembly-winding-E1	equipmentFailure	measured
obj_equipment_LINE-WS-zigong-assembly-winding-E1	loadPressure	measured
obj_equipment_LINE-WS-zigong-assembly-winding-E2	equipmentFailure	measured
obj_equipment_LINE-WS-zigong-assembly-winding-E2	loadPressure	measured
obj_equipment_LINE-WS-zigong-calendering-assembly-E1	equipmentFailure	measured
obj_equipment_LINE-WS-zigong-calendering-assembly-E1	loadPressure	measured
obj_equipment_LINE-WS-zigong-calendering-assembly-E2	equipmentFailure	measured
obj_equipment_LINE-WS-zigong-calendering-assembly-E2	loadPressure	measured
obj_equipment_LINE-WS-zigong-calendering-coating-E1	equipmentFailure	measured
obj_equipment_LINE-WS-zigong-calendering-coating-E1	loadPressure	measured
obj_equipment_LINE-WS-zigong-calendering-coating-E2	equipmentFailure	measured
obj_equipment_LINE-WS-zigong-calendering-coating-E2	loadPressure	measured
obj_equipment_LINE-WS-zigong-calendering-winding-E1	equipmentFailure	measured
obj_equipment_LINE-WS-zigong-calendering-winding-E1	loadPressure	measured
obj_equipment_LINE-WS-zigong-calendering-winding-E2	equipmentFailure	measured
obj_equipment_LINE-WS-zigong-calendering-winding-E2	loadPressure	measured
obj_equipment_LINE-WS-zigong-coating-assembly-E1	equipmentFailure	measured
obj_equipment_LINE-WS-zigong-coating-assembly-E1	loadPressure	measured
obj_equipment_LINE-WS-zigong-coating-assembly-E2	equipmentFailure	measured
obj_equipment_LINE-WS-zigong-coating-assembly-E2	loadPressure	measured
obj_equipment_LINE-WS-zigong-coating-coating-E1	equipmentFailure	measured
obj_equipment_LINE-WS-zigong-coating-coating-E1	loadPressure	measured
obj_equipment_LINE-WS-zigong-coating-coating-E2	equipmentFailure	measured
obj_equipment_LINE-WS-zigong-coating-coating-E2	loadPressure	measured
obj_equipment_LINE-WS-zigong-coating-winding-E1	equipmentFailure	measured
obj_equipment_LINE-WS-zigong-coating-winding-E1	loadPressure	measured
obj_equipment_LINE-WS-zigong-coating-winding-E2	equipmentFailure	measured
obj_equipment_LINE-WS-zigong-coating-winding-E2	loadPressure	measured
obj_equipment_LINE-WS-zigong-filling-assembly-E1	equipmentFailure	measured
obj_equipment_LINE-WS-zigong-filling-assembly-E1	loadPressure	measured
obj_equipment_LINE-WS-zigong-filling-assembly-E2	equipmentFailure	measured
obj_equipment_LINE-WS-zigong-filling-assembly-E2	loadPressure	measured
obj_equipment_LINE-WS-zigong-filling-coating-E1	equipmentFailure	measured
obj_equipment_LINE-WS-zigong-filling-coating-E1	loadPressure	measured
obj_equipment_LINE-WS-zigong-filling-coating-E2	equipmentFailure	measured
obj_equipment_LINE-WS-zigong-filling-coating-E2	loadPressure	measured
obj_equipment_LINE-WS-zigong-filling-winding-E1	equipmentFailure	measured
obj_equipment_LINE-WS-zigong-filling-winding-E1	loadPressure	measured
obj_equipment_LINE-WS-zigong-filling-winding-E2	equipmentFailure	measured
obj_equipment_LINE-WS-zigong-filling-winding-E2	loadPressure	measured
obj_equipment_LINE-WS-zigong-formation-assembly-E1	equipmentFailure	measured
obj_equipment_LINE-WS-zigong-formation-assembly-E1	loadPressure	measured
obj_equipment_LINE-WS-zigong-formation-assembly-E2	equipmentFailure	measured
obj_equipment_LINE-WS-zigong-formation-assembly-E2	loadPressure	measured
obj_equipment_LINE-WS-zigong-formation-coating-E1	equipmentFailure	measured
obj_equipment_LINE-WS-zigong-formation-coating-E1	loadPressure	measured
obj_equipment_LINE-WS-zigong-formation-coating-E2	equipmentFailure	measured
obj_equipment_LINE-WS-zigong-formation-coating-E2	loadPressure	measured
obj_equipment_LINE-WS-zigong-formation-winding-E1	equipmentFailure	measured
obj_equipment_LINE-WS-zigong-formation-winding-E1	loadPressure	measured
obj_equipment_LINE-WS-zigong-formation-winding-E2	equipmentFailure	measured
obj_equipment_LINE-WS-zigong-formation-winding-E2	loadPressure	measured
obj_equipment_LINE-WS-zigong-grading-assembly-E1	equipmentFailure	measured
obj_equipment_LINE-WS-zigong-grading-assembly-E1	loadPressure	measured
obj_equipment_LINE-WS-zigong-grading-assembly-E2	equipmentFailure	measured
obj_equipment_LINE-WS-zigong-grading-assembly-E2	loadPressure	measured
obj_equipment_LINE-WS-zigong-grading-coating-E1	equipmentFailure	measured
obj_equipment_LINE-WS-zigong-grading-coating-E1	loadPressure	measured
obj_equipment_LINE-WS-zigong-grading-coating-E2	equipmentFailure	measured
obj_equipment_LINE-WS-zigong-grading-coating-E2	loadPressure	measured
obj_equipment_LINE-WS-zigong-grading-winding-E1	equipmentFailure	measured
obj_equipment_LINE-WS-zigong-grading-winding-E1	loadPressure	measured
obj_equipment_LINE-WS-zigong-grading-winding-E2	equipmentFailure	measured
obj_equipment_LINE-WS-zigong-grading-winding-E2	loadPressure	measured
obj_equipment_LINE-WS-zigong-pack-assembly-E1	equipmentFailure	measured
obj_equipment_LINE-WS-zigong-pack-assembly-E1	loadPressure	measured
obj_equipment_LINE-WS-zigong-pack-assembly-E2	equipmentFailure	measured
obj_equipment_LINE-WS-zigong-pack-assembly-E2	loadPressure	measured
obj_equipment_LINE-WS-zigong-pack-coating-E1	equipmentFailure	measured
obj_equipment_LINE-WS-zigong-pack-coating-E1	loadPressure	measured
obj_equipment_LINE-WS-zigong-pack-coating-E2	equipmentFailure	measured
obj_equipment_LINE-WS-zigong-pack-coating-E2	loadPressure	measured
obj_equipment_LINE-WS-zigong-pack-winding-E1	equipmentFailure	measured
obj_equipment_LINE-WS-zigong-pack-winding-E1	loadPressure	measured
obj_equipment_LINE-WS-zigong-pack-winding-E2	equipmentFailure	measured
obj_equipment_LINE-WS-zigong-pack-winding-E2	loadPressure	measured
obj_equipment_LINE-WS-zigong-slitting-assembly-E1	equipmentFailure	measured
obj_equipment_LINE-WS-zigong-slitting-assembly-E1	loadPressure	measured
obj_equipment_LINE-WS-zigong-slitting-assembly-E2	equipmentFailure	measured
obj_equipment_LINE-WS-zigong-slitting-assembly-E2	loadPressure	measured
obj_equipment_LINE-WS-zigong-slitting-coating-E1	equipmentFailure	measured
obj_equipment_LINE-WS-zigong-slitting-coating-E1	loadPressure	measured
obj_equipment_LINE-WS-zigong-slitting-coating-E2	equipmentFailure	measured
obj_equipment_LINE-WS-zigong-slitting-coating-E2	loadPressure	measured
obj_equipment_LINE-WS-zigong-slitting-winding-E1	equipmentFailure	measured
obj_equipment_LINE-WS-zigong-slitting-winding-E1	loadPressure	measured
obj_equipment_LINE-WS-zigong-slitting-winding-E2	equipmentFailure	measured
obj_equipment_LINE-WS-zigong-slitting-winding-E2	loadPressure	measured
obj_equipment_LINE-WS-zigong-slurry-assembly-E1	equipmentFailure	measured
obj_equipment_LINE-WS-zigong-slurry-assembly-E1	loadPressure	measured
obj_equipment_LINE-WS-zigong-slurry-assembly-E2	equipmentFailure	measured
obj_equipment_LINE-WS-zigong-slurry-assembly-E2	loadPressure	measured
obj_equipment_LINE-WS-zigong-slurry-coating-E1	equipmentFailure	measured
obj_equipment_LINE-WS-zigong-slurry-coating-E1	loadPressure	measured
obj_equipment_LINE-WS-zigong-slurry-coating-E2	equipmentFailure	measured
obj_equipment_LINE-WS-zigong-slurry-coating-E2	loadPressure	measured
obj_equipment_LINE-WS-zigong-slurry-winding-E1	equipmentFailure	measured
obj_equipment_LINE-WS-zigong-slurry-winding-E1	loadPressure	measured
obj_equipment_LINE-WS-zigong-slurry-winding-E2	equipmentFailure	measured
obj_equipment_LINE-WS-zigong-slurry-winding-E2	loadPressure	measured
obj_equipment_LINE-WS-zigong-winding-assembly-E1	equipmentFailure	measured
obj_equipment_LINE-WS-zigong-winding-assembly-E1	loadPressure	measured
obj_equipment_LINE-WS-zigong-winding-assembly-E2	equipmentFailure	measured
obj_equipment_LINE-WS-zigong-winding-assembly-E2	loadPressure	measured
obj_equipment_LINE-WS-zigong-winding-coating-E1	equipmentFailure	measured
obj_equipment_LINE-WS-zigong-winding-coating-E1	loadPressure	measured
obj_equipment_LINE-WS-zigong-winding-coating-E2	equipmentFailure	measured
obj_equipment_LINE-WS-zigong-winding-coating-E2	loadPressure	measured
obj_equipment_LINE-WS-zigong-winding-winding-E1	equipmentFailure	measured
obj_equipment_LINE-WS-zigong-winding-winding-E1	loadPressure	measured
obj_equipment_LINE-WS-zigong-winding-winding-E2	equipmentFailure	measured
obj_equipment_LINE-WS-zigong-winding-winding-E2	loadPressure	measured
obj_exceptionevent_EXC-AL-ALM-LINE-WS-changzhou-assembly-coating-E1	handlingBacklog	derived
obj_exceptionevent_EXC-AL-ALM-LINE-WS-changzhou-coating-coating-E1	handlingBacklog	derived
obj_exceptionevent_EXC-AL-ALM-LINE-WS-changzhou-coating-winding-E1	handlingBacklog	derived
obj_exceptionevent_EXC-AL-ALM-LINE-WS-changzhou-formation-coating-E1	handlingBacklog	derived
obj_exceptionevent_EXC-AL-ALM-LINE-WS-changzhou-grading-assembly-E2	handlingBacklog	derived
obj_exceptionevent_EXC-AL-ALM-LINE-WS-changzhou-slitting-assembly-E1	handlingBacklog	derived
obj_exceptionevent_EXC-AL-ALM-LINE-WS-changzhou-slurry-assembly-E1	handlingBacklog	derived
obj_exceptionevent_EXC-AL-ALM-LINE-WS-changzhou-slurry-coating-E2	handlingBacklog	derived
obj_exceptionevent_EXC-AL-ALM-LINE-WS-changzhou-winding-coating-E1	handlingBacklog	derived
obj_exceptionevent_EXC-AL-ALM-LINE-WS-chengdu-assembly-assembly-E2	handlingBacklog	derived
obj_exceptionevent_EXC-AL-ALM-LINE-WS-chengdu-assembly-winding-E1	handlingBacklog	derived
obj_exceptionevent_EXC-AL-ALM-LINE-WS-chengdu-calendering-coating-E1	handlingBacklog	derived
obj_exceptionevent_EXC-AL-ALM-LINE-WS-chengdu-calendering-coating-E2	handlingBacklog	derived
obj_exceptionevent_EXC-AL-ALM-LINE-WS-chengdu-coating-assembly-E1	handlingBacklog	derived
obj_exceptionevent_EXC-AL-ALM-LINE-WS-chengdu-filling-coating-E1	handlingBacklog	derived
obj_exceptionevent_EXC-AL-ALM-LINE-WS-chengdu-formation-assembly-E2	handlingBacklog	derived
obj_exceptionevent_EXC-AL-ALM-LINE-WS-chengdu-pack-assembly-E2	handlingBacklog	derived
obj_exceptionevent_EXC-AL-ALM-LINE-WS-chengdu-winding-coating-E2	handlingBacklog	derived
obj_exceptionevent_EXC-AL-ALM-LINE-WS-handan-calendering-coating-E1	handlingBacklog	derived
obj_exceptionevent_EXC-AL-ALM-LINE-WS-handan-coating-coating-E1	handlingBacklog	derived
obj_exceptionevent_EXC-AL-ALM-LINE-WS-handan-grading-coating-E1	handlingBacklog	derived
obj_exceptionevent_EXC-AL-ALM-LINE-WS-handan-pack-assembly-E2	handlingBacklog	derived
obj_exceptionevent_EXC-AL-ALM-LINE-WS-handan-pack-coating-E2	handlingBacklog	derived
obj_exceptionevent_EXC-AL-ALM-LINE-WS-hefei-calendering-winding-E2	handlingBacklog	derived
obj_exceptionevent_EXC-AL-ALM-LINE-WS-hefei-pack-coating-E1	handlingBacklog	derived
obj_exceptionevent_EXC-AL-ALM-LINE-WS-hefei-pack-winding-E1	handlingBacklog	derived
obj_exceptionevent_EXC-AL-ALM-LINE-WS-jiangmen-filling-coating-E1	handlingBacklog	derived
obj_exceptionevent_EXC-AL-ALM-LINE-WS-jiangmen-formation-coating-E1	handlingBacklog	derived
obj_exceptionevent_EXC-AL-ALM-LINE-WS-jiangmen-grading-coating-E2	handlingBacklog	derived
obj_exceptionevent_EXC-AL-ALM-LINE-WS-jiangmen-grading-winding-E2	handlingBacklog	derived
obj_exceptionevent_EXC-AL-ALM-LINE-WS-jiangmen-pack-winding-E2	handlingBacklog	derived
obj_exceptionevent_EXC-AL-ALM-LINE-WS-jiangmen-slitting-coating-E2	handlingBacklog	derived
obj_exceptionevent_EXC-AL-ALM-LINE-WS-jiangmen-slitting-winding-E2	handlingBacklog	derived
obj_exceptionevent_EXC-AL-ALM-LINE-WS-jiangmen-slurry-assembly-E2	handlingBacklog	derived
obj_exceptionevent_EXC-AL-ALM-LINE-WS-jiangmen-slurry-coating-E2	handlingBacklog	derived
obj_exceptionevent_EXC-AL-ALM-LINE-WS-jinhua-calendering-assembly-E2	handlingBacklog	derived
obj_exceptionevent_EXC-AL-ALM-LINE-WS-jinhua-formation-coating-E2	handlingBacklog	derived
obj_exceptionevent_EXC-AL-ALM-LINE-WS-jinhua-grading-assembly-E1	handlingBacklog	derived
obj_exceptionevent_EXC-AL-ALM-LINE-WS-jinhua-grading-coating-E2	handlingBacklog	derived
obj_exceptionevent_EXC-AL-ALM-LINE-WS-jinhua-grading-winding-E2	handlingBacklog	derived
obj_exceptionevent_EXC-AL-ALM-LINE-WS-jinhua-slitting-coating-E1	handlingBacklog	derived
obj_exceptionevent_EXC-AL-ALM-LINE-WS-jinhua-winding-assembly-E2	handlingBacklog	derived
obj_exceptionevent_EXC-AL-ALM-LINE-WS-meishan-assembly-assembly-E2	handlingBacklog	derived
obj_exceptionevent_EXC-AL-ALM-LINE-WS-meishan-filling-winding-E2	handlingBacklog	derived
obj_exceptionevent_EXC-AL-ALM-LINE-WS-meishan-formation-assembly-E1	handlingBacklog	derived
obj_exceptionevent_EXC-AL-ALM-LINE-WS-meishan-formation-assembly-E2	handlingBacklog	derived
obj_exceptionevent_EXC-AL-ALM-LINE-WS-meishan-formation-winding-E1	handlingBacklog	derived
obj_exceptionevent_EXC-AL-ALM-LINE-WS-meishan-slitting-winding-E1	handlingBacklog	derived
obj_exceptionevent_EXC-AL-ALM-LINE-WS-meishan-slurry-assembly-E2	handlingBacklog	derived
obj_exceptionevent_EXC-AL-ALM-LINE-WS-meishan-slurry-winding-E1	handlingBacklog	derived
obj_exceptionevent_EXC-AL-ALM-LINE-WS-wuhan-assembly-assembly-E1	handlingBacklog	derived
obj_exceptionevent_EXC-AL-ALM-LINE-WS-wuhan-assembly-coating-E2	handlingBacklog	derived
obj_exceptionevent_EXC-AL-ALM-LINE-WS-wuhan-calendering-assembly-E2	handlingBacklog	derived
obj_exceptionevent_EXC-AL-ALM-LINE-WS-wuhan-calendering-coating-E2	handlingBacklog	derived
obj_exceptionevent_EXC-AL-ALM-LINE-WS-wuhan-filling-assembly-E2	handlingBacklog	derived
obj_exceptionevent_EXC-AL-ALM-LINE-WS-wuhan-grading-winding-E2	handlingBacklog	derived
obj_exceptionevent_EXC-AL-ALM-LINE-WS-wuhan-slitting-coating-E2	handlingBacklog	derived
obj_exceptionevent_EXC-AL-ALM-LINE-WS-wuhan-slurry-coating-E1	handlingBacklog	derived
obj_exceptionevent_EXC-AL-ALM-LINE-WS-wuhan-slurry-winding-E2	handlingBacklog	derived
obj_exceptionevent_EXC-AL-ALM-LINE-WS-wuhan-winding-winding-E1	handlingBacklog	derived
obj_exceptionevent_EXC-AL-ALM-LINE-WS-xiamen-assembly-assembly-E1	handlingBacklog	derived
obj_exceptionevent_EXC-AL-ALM-LINE-WS-xiamen-assembly-assembly-E2	handlingBacklog	derived
obj_exceptionevent_EXC-AL-ALM-LINE-WS-xiamen-assembly-winding-E1	handlingBacklog	derived
obj_exceptionevent_EXC-AL-ALM-LINE-WS-xiamen-coating-assembly-E2	handlingBacklog	derived
obj_exceptionevent_EXC-AL-ALM-LINE-WS-xiamen-coating-winding-E1	handlingBacklog	derived
obj_exceptionevent_EXC-AL-ALM-LINE-WS-xiamen-grading-winding-E1	handlingBacklog	derived
obj_exceptionevent_EXC-AL-ALM-LINE-WS-xiamen-pack-assembly-E2	handlingBacklog	derived
obj_exceptionevent_EXC-AL-ALM-LINE-WS-xiamen-slurry-coating-E1	handlingBacklog	derived
obj_exceptionevent_EXC-AL-ALM-LINE-WS-xiamen-slurry-winding-E2	handlingBacklog	derived
obj_exceptionevent_EXC-AL-ALM-LINE-WS-xiamen-winding-assembly-E2	handlingBacklog	derived
obj_exceptionevent_EXC-AL-ALM-LINE-WS-xinyang-assembly-winding-E1	handlingBacklog	derived
obj_exceptionevent_EXC-AL-ALM-LINE-WS-xinyang-calendering-winding-E2	handlingBacklog	derived
obj_exceptionevent_EXC-AL-ALM-LINE-WS-xinyang-coating-coating-E1	handlingBacklog	derived
obj_exceptionevent_EXC-AL-ALM-LINE-WS-xinyang-coating-coating-E2	handlingBacklog	derived
obj_exceptionevent_EXC-AL-ALM-LINE-WS-xinyang-coating-winding-E1	handlingBacklog	derived
obj_exceptionevent_EXC-AL-ALM-LINE-WS-xinyang-pack-assembly-E2	handlingBacklog	derived
obj_exceptionevent_EXC-AL-ALM-LINE-WS-xinyang-slurry-coating-E2	handlingBacklog	derived
obj_exceptionevent_EXC-AL-ALM-LINE-WS-xinyang-slurry-winding-E2	handlingBacklog	derived
obj_exceptionevent_EXC-AL-ALM-LINE-WS-yangzhou-assembly-winding-E1	handlingBacklog	derived
obj_exceptionevent_EXC-AL-ALM-LINE-WS-yangzhou-calendering-assembly-E2	handlingBacklog	derived
obj_exceptionevent_EXC-AL-ALM-LINE-WS-yangzhou-coating-assembly-E1	handlingBacklog	derived
obj_exceptionevent_EXC-AL-ALM-LINE-WS-yangzhou-filling-coating-E2	handlingBacklog	derived
obj_exceptionevent_EXC-AL-ALM-LINE-WS-yangzhou-filling-winding-E2	handlingBacklog	derived
obj_exceptionevent_EXC-AL-ALM-LINE-WS-yangzhou-pack-coating-E1	handlingBacklog	derived
obj_exceptionevent_EXC-AL-ALM-LINE-WS-yangzhou-pack-winding-E2	handlingBacklog	derived
obj_exceptionevent_EXC-AL-ALM-LINE-WS-yangzhou-slurry-winding-E1	handlingBacklog	derived
obj_exceptionevent_EXC-AL-ALM-LINE-WS-yangzhou-winding-assembly-E1	handlingBacklog	derived
obj_exceptionevent_EXC-AL-ALM-LINE-WS-yangzhou-winding-winding-E1	handlingBacklog	derived
obj_exceptionevent_EXC-AL-ALM-LINE-WS-zaozhuang-assembly-coating-E1	handlingBacklog	derived
obj_exceptionevent_EXC-AL-ALM-LINE-WS-zaozhuang-assembly-winding-E1	handlingBacklog	derived
obj_exceptionevent_EXC-AL-ALM-LINE-WS-zaozhuang-calendering-coating-E1	handlingBacklog	derived
obj_exceptionevent_EXC-AL-ALM-LINE-WS-zaozhuang-coating-assembly-E2	handlingBacklog	derived
obj_exceptionevent_EXC-AL-ALM-LINE-WS-zaozhuang-coating-coating-E1	handlingBacklog	derived
obj_exceptionevent_EXC-AL-ALM-LINE-WS-zaozhuang-coating-winding-E1	handlingBacklog	derived
obj_exceptionevent_EXC-AL-ALM-LINE-WS-zaozhuang-filling-assembly-E1	handlingBacklog	derived
obj_exceptionevent_EXC-AL-ALM-LINE-WS-zaozhuang-filling-coating-E2	handlingBacklog	derived
obj_exceptionevent_EXC-AL-ALM-LINE-WS-zaozhuang-formation-winding-E2	handlingBacklog	derived
obj_exceptionevent_EXC-AL-ALM-LINE-WS-zaozhuang-grading-coating-E1	handlingBacklog	derived
obj_exceptionevent_EXC-AL-ALM-LINE-WS-zaozhuang-pack-assembly-E1	handlingBacklog	derived
obj_exceptionevent_EXC-AL-ALM-LINE-WS-zaozhuang-pack-assembly-E2	handlingBacklog	derived
obj_exceptionevent_EXC-AL-ALM-LINE-WS-zaozhuang-winding-assembly-E1	handlingBacklog	derived
obj_exceptionevent_EXC-AL-ALM-LINE-WS-zigong-assembly-coating-E1	handlingBacklog	derived
obj_exceptionevent_EXC-AL-ALM-LINE-WS-zigong-calendering-coating-E2	handlingBacklog	derived
obj_exceptionevent_EXC-AL-ALM-LINE-WS-zigong-coating-coating-E1	handlingBacklog	derived
obj_exceptionevent_EXC-AL-ALM-LINE-WS-zigong-coating-coating-E2	handlingBacklog	derived
obj_exceptionevent_EXC-AL-ALM-LINE-WS-zigong-filling-assembly-E2	handlingBacklog	derived
obj_exceptionevent_EXC-AL-ALM-LINE-WS-zigong-formation-winding-E2	handlingBacklog	derived
obj_exceptionevent_EXC-AL-ALM-LINE-WS-zigong-slitting-coating-E1	handlingBacklog	derived
obj_exceptionevent_EXC-AL-ALM-LINE-WS-zigong-slitting-winding-E1	handlingBacklog	derived
obj_exceptionevent_EXC-AL-ALM-LINE-WS-zigong-slurry-assembly-E2	handlingBacklog	derived
obj_exceptionevent_EXC-AL-ALM-LINE-WS-zigong-winding-winding-E2	handlingBacklog	derived
obj_exceptionevent_EXC-DF-DEF-WO-LINE-WS-changzhou-assembly-1	handlingBacklog	derived
obj_exceptionevent_EXC-DF-DEF-WO-LINE-WS-changzhou-calendering-1	handlingBacklog	derived
obj_exceptionevent_EXC-DF-DEF-WO-LINE-WS-changzhou-grading-0	handlingBacklog	derived
obj_exceptionevent_EXC-DF-DEF-WO-LINE-WS-changzhou-grading-1	handlingBacklog	derived
obj_exceptionevent_EXC-DF-DEF-WO-LINE-WS-changzhou-slitting-0	handlingBacklog	derived
obj_exceptionevent_EXC-DF-DEF-WO-LINE-WS-changzhou-slurry-0	handlingBacklog	derived
obj_exceptionevent_EXC-DF-DEF-WO-LINE-WS-chengdu-assembly-1	handlingBacklog	derived
obj_exceptionevent_EXC-DF-DEF-WO-LINE-WS-chengdu-filling-1	handlingBacklog	derived
obj_exceptionevent_EXC-DF-DEF-WO-LINE-WS-chengdu-grading-0	handlingBacklog	derived
obj_exceptionevent_EXC-DF-DEF-WO-LINE-WS-chengdu-pack-0	handlingBacklog	derived
obj_exceptionevent_EXC-DF-DEF-WO-LINE-WS-chengdu-slitting-0	handlingBacklog	derived
obj_exceptionevent_EXC-DF-DEF-WO-LINE-WS-chengdu-winding-0	handlingBacklog	derived
obj_exceptionevent_EXC-DF-DEF-WO-LINE-WS-chengdu-winding-1	handlingBacklog	derived
obj_exceptionevent_EXC-DF-DEF-WO-LINE-WS-handan-filling-0	handlingBacklog	derived
obj_exceptionevent_EXC-DF-DEF-WO-LINE-WS-handan-grading-0	handlingBacklog	derived
obj_exceptionevent_EXC-DF-DEF-WO-LINE-WS-handan-pack-0	handlingBacklog	derived
obj_exceptionevent_EXC-DF-DEF-WO-LINE-WS-handan-slitting-0	handlingBacklog	derived
obj_exceptionevent_EXC-DF-DEF-WO-LINE-WS-handan-slitting-1	handlingBacklog	derived
obj_exceptionevent_EXC-DF-DEF-WO-LINE-WS-handan-slurry-0	handlingBacklog	derived
obj_exceptionevent_EXC-DF-DEF-WO-LINE-WS-handan-slurry-1	handlingBacklog	derived
obj_exceptionevent_EXC-DF-DEF-WO-LINE-WS-hefei-assembly-1	handlingBacklog	derived
obj_exceptionevent_EXC-DF-DEF-WO-LINE-WS-hefei-calendering-1	handlingBacklog	derived
obj_exceptionevent_EXC-DF-DEF-WO-LINE-WS-hefei-coating-0	handlingBacklog	derived
obj_exceptionevent_EXC-DF-DEF-WO-LINE-WS-hefei-filling-0	handlingBacklog	derived
obj_exceptionevent_EXC-DF-DEF-WO-LINE-WS-hefei-filling-1	handlingBacklog	derived
obj_exceptionevent_EXC-DF-DEF-WO-LINE-WS-hefei-formation-0	handlingBacklog	derived
obj_exceptionevent_EXC-DF-DEF-WO-LINE-WS-jiangmen-assembly-0	handlingBacklog	derived
obj_exceptionevent_EXC-DF-DEF-WO-LINE-WS-jiangmen-calendering-0	handlingBacklog	derived
obj_exceptionevent_EXC-DF-DEF-WO-LINE-WS-jiangmen-filling-0	handlingBacklog	derived
obj_exceptionevent_EXC-DF-DEF-WO-LINE-WS-jiangmen-filling-1	handlingBacklog	derived
obj_exceptionevent_EXC-DF-DEF-WO-LINE-WS-jiangmen-formation-0	handlingBacklog	derived
obj_exceptionevent_EXC-DF-DEF-WO-LINE-WS-jiangmen-slurry-1	handlingBacklog	derived
obj_exceptionevent_EXC-DF-DEF-WO-LINE-WS-jinhua-assembly-1	handlingBacklog	derived
obj_exceptionevent_EXC-DF-DEF-WO-LINE-WS-jinhua-calendering-0	handlingBacklog	derived
obj_exceptionevent_EXC-DF-DEF-WO-LINE-WS-jinhua-filling-0	handlingBacklog	derived
obj_exceptionevent_EXC-DF-DEF-WO-LINE-WS-jinhua-filling-1	handlingBacklog	derived
obj_exceptionevent_EXC-DF-DEF-WO-LINE-WS-jinhua-formation-1	handlingBacklog	derived
obj_exceptionevent_EXC-DF-DEF-WO-LINE-WS-jinhua-pack-1	handlingBacklog	derived
obj_exceptionevent_EXC-DF-DEF-WO-LINE-WS-jinhua-slurry-0	handlingBacklog	derived
obj_exceptionevent_EXC-DF-DEF-WO-LINE-WS-jinhua-slurry-1	handlingBacklog	derived
obj_exceptionevent_EXC-DF-DEF-WO-LINE-WS-jinhua-winding-0	handlingBacklog	derived
obj_exceptionevent_EXC-DF-DEF-WO-LINE-WS-jinhua-winding-1	handlingBacklog	derived
obj_exceptionevent_EXC-DF-DEF-WO-LINE-WS-meishan-calendering-1	handlingBacklog	derived
obj_exceptionevent_EXC-DF-DEF-WO-LINE-WS-meishan-formation-0	handlingBacklog	derived
obj_exceptionevent_EXC-DF-DEF-WO-LINE-WS-meishan-slitting-1	handlingBacklog	derived
obj_exceptionevent_EXC-DF-DEF-WO-LINE-WS-meishan-slurry-0	handlingBacklog	derived
obj_exceptionevent_EXC-DF-DEF-WO-LINE-WS-meishan-winding-1	handlingBacklog	derived
obj_exceptionevent_EXC-DF-DEF-WO-LINE-WS-wuhan-calendering-0	handlingBacklog	derived
obj_exceptionevent_EXC-DF-DEF-WO-LINE-WS-wuhan-grading-0	handlingBacklog	derived
obj_exceptionevent_EXC-DF-DEF-WO-LINE-WS-wuhan-slitting-0	handlingBacklog	derived
obj_exceptionevent_EXC-DF-DEF-WO-LINE-WS-wuhan-slurry-0	handlingBacklog	derived
obj_exceptionevent_EXC-DF-DEF-WO-LINE-WS-wuhan-winding-0	handlingBacklog	derived
obj_exceptionevent_EXC-DF-DEF-WO-LINE-WS-xiamen-calendering-0	handlingBacklog	derived
obj_exceptionevent_EXC-DF-DEF-WO-LINE-WS-xiamen-coating-0	handlingBacklog	derived
obj_exceptionevent_EXC-DF-DEF-WO-LINE-WS-xiamen-grading-0	handlingBacklog	derived
obj_exceptionevent_EXC-DF-DEF-WO-LINE-WS-xiamen-grading-1	handlingBacklog	derived
obj_exceptionevent_EXC-DF-DEF-WO-LINE-WS-xiamen-slitting-0	handlingBacklog	derived
obj_exceptionevent_EXC-DF-DEF-WO-LINE-WS-xiamen-slitting-1	handlingBacklog	derived
obj_exceptionevent_EXC-DF-DEF-WO-LINE-WS-xiamen-winding-0	handlingBacklog	derived
obj_exceptionevent_EXC-DF-DEF-WO-LINE-WS-xinyang-assembly-0	handlingBacklog	derived
obj_exceptionevent_EXC-DF-DEF-WO-LINE-WS-xinyang-assembly-1	handlingBacklog	derived
obj_exceptionevent_EXC-DF-DEF-WO-LINE-WS-xinyang-formation-1	handlingBacklog	derived
obj_exceptionevent_EXC-DF-DEF-WO-LINE-WS-xinyang-slurry-1	handlingBacklog	derived
obj_exceptionevent_EXC-DF-DEF-WO-LINE-WS-xinyang-winding-1	handlingBacklog	derived
obj_exceptionevent_EXC-DF-DEF-WO-LINE-WS-yangzhou-calendering-0	handlingBacklog	derived
obj_exceptionevent_EXC-DF-DEF-WO-LINE-WS-yangzhou-coating-1	handlingBacklog	derived
obj_exceptionevent_EXC-DF-DEF-WO-LINE-WS-yangzhou-formation-0	handlingBacklog	derived
obj_exceptionevent_EXC-DF-DEF-WO-LINE-WS-yangzhou-slurry-0	handlingBacklog	derived
obj_exceptionevent_EXC-DF-DEF-WO-LINE-WS-yangzhou-winding-0	handlingBacklog	derived
obj_exceptionevent_EXC-DF-DEF-WO-LINE-WS-zaozhuang-calendering-1	handlingBacklog	derived
obj_exceptionevent_EXC-DF-DEF-WO-LINE-WS-zaozhuang-formation-0	handlingBacklog	derived
obj_exceptionevent_EXC-DF-DEF-WO-LINE-WS-zaozhuang-grading-1	handlingBacklog	derived
obj_exceptionevent_EXC-DF-DEF-WO-LINE-WS-zaozhuang-pack-0	handlingBacklog	derived
obj_exceptionevent_EXC-DF-DEF-WO-LINE-WS-zaozhuang-pack-1	handlingBacklog	derived
obj_exceptionevent_EXC-DF-DEF-WO-LINE-WS-zaozhuang-winding-1	handlingBacklog	derived
obj_exceptionevent_EXC-DF-DEF-WO-LINE-WS-zigong-calendering-0	handlingBacklog	derived
obj_exceptionevent_EXC-DF-DEF-WO-LINE-WS-zigong-coating-0	handlingBacklog	derived
obj_exceptionevent_EXC-DF-DEF-WO-LINE-WS-zigong-coating-1	handlingBacklog	derived
obj_exceptionevent_EXC-DF-DEF-WO-LINE-WS-zigong-filling-0	handlingBacklog	derived
obj_exceptionevent_EXC-DF-DEF-WO-LINE-WS-zigong-grading-0	handlingBacklog	derived
obj_exceptionevent_EXC-DF-DEF-WO-LINE-WS-zigong-pack-1	handlingBacklog	derived
obj_exceptionevent_EXC-DF-DEF-WO-LINE-WS-zigong-slitting-1	handlingBacklog	derived
obj_exceptionevent_EXC-DF-DEF-WO-LINE-WS-zigong-slurry-0	handlingBacklog	derived
obj_exceptionevent_EXC-DF-DEF-WO-LINE-WS-zigong-winding-0	handlingBacklog	derived
obj_exceptionevent_EXC-DF-DEF-WO-LINE-WS-zigong-winding-1	handlingBacklog	derived
obj_exceptionevent_EXC-DT-DT-LINE-WS-changzhou-calendering-winding-E1	handlingBacklog	derived
obj_exceptionevent_EXC-DT-DT-LINE-WS-changzhou-coating-winding-E1	handlingBacklog	derived
obj_exceptionevent_EXC-DT-DT-LINE-WS-changzhou-coating-winding-E2	handlingBacklog	derived
obj_exceptionevent_EXC-DT-DT-LINE-WS-changzhou-filling-assembly-E1	handlingBacklog	derived
obj_exceptionevent_EXC-DT-DT-LINE-WS-changzhou-filling-assembly-E2	handlingBacklog	derived
obj_exceptionevent_EXC-DT-DT-LINE-WS-changzhou-grading-assembly-E1	handlingBacklog	derived
obj_exceptionevent_EXC-DT-DT-LINE-WS-changzhou-grading-winding-E2	handlingBacklog	derived
obj_exceptionevent_EXC-DT-DT-LINE-WS-changzhou-pack-winding-E2	handlingBacklog	derived
obj_exceptionevent_EXC-DT-DT-LINE-WS-changzhou-slitting-coating-E2	handlingBacklog	derived
obj_exceptionevent_EXC-DT-DT-LINE-WS-changzhou-slurry-coating-E1	handlingBacklog	derived
obj_exceptionevent_EXC-DT-DT-LINE-WS-changzhou-winding-coating-E2	handlingBacklog	derived
obj_exceptionevent_EXC-DT-DT-LINE-WS-chengdu-assembly-assembly-E1	handlingBacklog	derived
obj_exceptionevent_EXC-DT-DT-LINE-WS-chengdu-calendering-winding-E1	handlingBacklog	derived
obj_exceptionevent_EXC-DT-DT-LINE-WS-chengdu-filling-winding-E1	handlingBacklog	derived
obj_exceptionevent_EXC-DT-DT-LINE-WS-chengdu-filling-winding-E2	handlingBacklog	derived
obj_exceptionevent_EXC-DT-DT-LINE-WS-chengdu-formation-assembly-E1	handlingBacklog	derived
obj_exceptionevent_EXC-DT-DT-LINE-WS-chengdu-formation-coating-E1	handlingBacklog	derived
obj_exceptionevent_EXC-DT-DT-LINE-WS-chengdu-formation-coating-E2	handlingBacklog	derived
obj_exceptionevent_EXC-DT-DT-LINE-WS-chengdu-formation-winding-E1	handlingBacklog	derived
obj_exceptionevent_EXC-DT-DT-LINE-WS-chengdu-grading-coating-E2	handlingBacklog	derived
obj_exceptionevent_EXC-DT-DT-LINE-WS-chengdu-pack-coating-E2	handlingBacklog	derived
obj_exceptionevent_EXC-DT-DT-LINE-WS-chengdu-slurry-assembly-E1	handlingBacklog	derived
obj_exceptionevent_EXC-DT-DT-LINE-WS-handan-assembly-winding-E2	handlingBacklog	derived
obj_exceptionevent_EXC-DT-DT-LINE-WS-handan-calendering-assembly-E2	handlingBacklog	derived
obj_exceptionevent_EXC-DT-DT-LINE-WS-handan-calendering-coating-E1	handlingBacklog	derived
obj_exceptionevent_EXC-DT-DT-LINE-WS-handan-coating-coating-E2	handlingBacklog	derived
obj_exceptionevent_EXC-DT-DT-LINE-WS-handan-filling-winding-E2	handlingBacklog	derived
obj_exceptionevent_EXC-DT-DT-LINE-WS-handan-formation-assembly-E1	handlingBacklog	derived
obj_exceptionevent_EXC-DT-DT-LINE-WS-handan-formation-assembly-E2	handlingBacklog	derived
obj_exceptionevent_EXC-DT-DT-LINE-WS-handan-grading-coating-E1	handlingBacklog	derived
obj_exceptionevent_EXC-DT-DT-LINE-WS-handan-pack-assembly-E1	handlingBacklog	derived
obj_exceptionevent_EXC-DT-DT-LINE-WS-handan-slurry-coating-E1	handlingBacklog	derived
obj_exceptionevent_EXC-DT-DT-LINE-WS-handan-winding-winding-E2	handlingBacklog	derived
obj_exceptionevent_EXC-DT-DT-LINE-WS-hefei-assembly-assembly-E2	handlingBacklog	derived
obj_exceptionevent_EXC-DT-DT-LINE-WS-hefei-assembly-coating-E2	handlingBacklog	derived
obj_exceptionevent_EXC-DT-DT-LINE-WS-hefei-calendering-coating-E1	handlingBacklog	derived
obj_exceptionevent_EXC-DT-DT-LINE-WS-hefei-coating-winding-E2	handlingBacklog	derived
obj_exceptionevent_EXC-DT-DT-LINE-WS-hefei-formation-winding-E1	handlingBacklog	derived
obj_exceptionevent_EXC-DT-DT-LINE-WS-hefei-pack-coating-E1	handlingBacklog	derived
obj_exceptionevent_EXC-DT-DT-LINE-WS-hefei-slitting-coating-E1	handlingBacklog	derived
obj_exceptionevent_EXC-DT-DT-LINE-WS-hefei-slurry-winding-E2	handlingBacklog	derived
obj_exceptionevent_EXC-DT-DT-LINE-WS-hefei-winding-coating-E2	handlingBacklog	derived
obj_exceptionevent_EXC-DT-DT-LINE-WS-hefei-winding-winding-E2	handlingBacklog	derived
obj_exceptionevent_EXC-DT-DT-LINE-WS-jiangmen-assembly-assembly-E1	handlingBacklog	derived
obj_exceptionevent_EXC-DT-DT-LINE-WS-jiangmen-assembly-assembly-E2	handlingBacklog	derived
obj_exceptionevent_EXC-DT-DT-LINE-WS-jiangmen-calendering-coating-E2	handlingBacklog	derived
obj_exceptionevent_EXC-DT-DT-LINE-WS-jiangmen-coating-assembly-E1	handlingBacklog	derived
obj_exceptionevent_EXC-DT-DT-LINE-WS-jiangmen-coating-coating-E1	handlingBacklog	derived
obj_exceptionevent_EXC-DT-DT-LINE-WS-jiangmen-coating-winding-E1	handlingBacklog	derived
obj_exceptionevent_EXC-DT-DT-LINE-WS-jiangmen-coating-winding-E2	handlingBacklog	derived
obj_exceptionevent_EXC-DT-DT-LINE-WS-jiangmen-filling-assembly-E1	handlingBacklog	derived
obj_exceptionevent_EXC-DT-DT-LINE-WS-jiangmen-formation-assembly-E2	handlingBacklog	derived
obj_exceptionevent_EXC-DT-DT-LINE-WS-jiangmen-formation-coating-E2	handlingBacklog	derived
obj_exceptionevent_EXC-DT-DT-LINE-WS-jiangmen-grading-assembly-E2	handlingBacklog	derived
obj_exceptionevent_EXC-DT-DT-LINE-WS-jiangmen-pack-assembly-E2	handlingBacklog	derived
obj_exceptionevent_EXC-DT-DT-LINE-WS-jiangmen-pack-coating-E1	handlingBacklog	derived
obj_exceptionevent_EXC-DT-DT-LINE-WS-jiangmen-pack-coating-E2	handlingBacklog	derived
obj_exceptionevent_EXC-DT-DT-LINE-WS-jiangmen-pack-winding-E1	handlingBacklog	derived
obj_exceptionevent_EXC-DT-DT-LINE-WS-jiangmen-slitting-assembly-E2	handlingBacklog	derived
obj_exceptionevent_EXC-DT-DT-LINE-WS-jiangmen-slitting-coating-E2	handlingBacklog	derived
obj_exceptionevent_EXC-DT-DT-LINE-WS-jiangmen-slitting-winding-E2	handlingBacklog	derived
obj_exceptionevent_EXC-DT-DT-LINE-WS-jiangmen-slurry-assembly-E1	handlingBacklog	derived
obj_exceptionevent_EXC-DT-DT-LINE-WS-jiangmen-winding-assembly-E2	handlingBacklog	derived
obj_exceptionevent_EXC-DT-DT-LINE-WS-jiangmen-winding-winding-E1	handlingBacklog	derived
obj_exceptionevent_EXC-DT-DT-LINE-WS-jinhua-assembly-winding-E1	handlingBacklog	derived
obj_exceptionevent_EXC-DT-DT-LINE-WS-jinhua-calendering-coating-E1	handlingBacklog	derived
obj_exceptionevent_EXC-DT-DT-LINE-WS-jinhua-calendering-winding-E2	handlingBacklog	derived
obj_exceptionevent_EXC-DT-DT-LINE-WS-jinhua-formation-coating-E1	handlingBacklog	derived
obj_exceptionevent_EXC-DT-DT-LINE-WS-jinhua-grading-winding-E1	handlingBacklog	derived
obj_exceptionevent_EXC-DT-DT-LINE-WS-meishan-assembly-winding-E2	handlingBacklog	derived
obj_exceptionevent_EXC-DT-DT-LINE-WS-meishan-calendering-coating-E2	handlingBacklog	derived
obj_exceptionevent_EXC-DT-DT-LINE-WS-meishan-coating-winding-E2	handlingBacklog	derived
obj_exceptionevent_EXC-DT-DT-LINE-WS-meishan-filling-assembly-E1	handlingBacklog	derived
obj_exceptionevent_EXC-DT-DT-LINE-WS-meishan-filling-winding-E2	handlingBacklog	derived
obj_exceptionevent_EXC-DT-DT-LINE-WS-meishan-formation-coating-E2	handlingBacklog	derived
obj_exceptionevent_EXC-DT-DT-LINE-WS-meishan-grading-winding-E1	handlingBacklog	derived
obj_exceptionevent_EXC-DT-DT-LINE-WS-meishan-slitting-assembly-E2	handlingBacklog	derived
obj_exceptionevent_EXC-DT-DT-LINE-WS-meishan-slitting-coating-E1	handlingBacklog	derived
obj_exceptionevent_EXC-DT-DT-LINE-WS-meishan-slurry-assembly-E2	handlingBacklog	derived
obj_exceptionevent_EXC-DT-DT-LINE-WS-meishan-winding-coating-E1	handlingBacklog	derived
obj_exceptionevent_EXC-DT-DT-LINE-WS-meishan-winding-coating-E2	handlingBacklog	derived
obj_exceptionevent_EXC-DT-DT-LINE-WS-wuhan-assembly-coating-E2	handlingBacklog	derived
obj_exceptionevent_EXC-DT-DT-LINE-WS-wuhan-calendering-winding-E1	handlingBacklog	derived
obj_exceptionevent_EXC-DT-DT-LINE-WS-wuhan-filling-assembly-E1	handlingBacklog	derived
obj_exceptionevent_EXC-DT-DT-LINE-WS-wuhan-filling-coating-E2	handlingBacklog	derived
obj_exceptionevent_EXC-DT-DT-LINE-WS-wuhan-formation-assembly-E1	handlingBacklog	derived
obj_exceptionevent_EXC-DT-DT-LINE-WS-wuhan-formation-coating-E2	handlingBacklog	derived
obj_exceptionevent_EXC-DT-DT-LINE-WS-wuhan-grading-coating-E1	handlingBacklog	derived
obj_exceptionevent_EXC-DT-DT-LINE-WS-wuhan-grading-winding-E2	handlingBacklog	derived
obj_exceptionevent_EXC-DT-DT-LINE-WS-wuhan-pack-coating-E2	handlingBacklog	derived
obj_exceptionevent_EXC-DT-DT-LINE-WS-wuhan-slitting-winding-E2	handlingBacklog	derived
obj_exceptionevent_EXC-DT-DT-LINE-WS-wuhan-slurry-winding-E1	handlingBacklog	derived
obj_exceptionevent_EXC-DT-DT-LINE-WS-wuhan-winding-coating-E2	handlingBacklog	derived
obj_exceptionevent_EXC-DT-DT-LINE-WS-xiamen-assembly-assembly-E2	handlingBacklog	derived
obj_exceptionevent_EXC-DT-DT-LINE-WS-xiamen-assembly-coating-E2	handlingBacklog	derived
obj_exceptionevent_EXC-DT-DT-LINE-WS-xiamen-assembly-winding-E1	handlingBacklog	derived
obj_exceptionevent_EXC-DT-DT-LINE-WS-xiamen-calendering-winding-E2	handlingBacklog	derived
obj_exceptionevent_EXC-DT-DT-LINE-WS-xiamen-filling-assembly-E1	handlingBacklog	derived
obj_exceptionevent_EXC-DT-DT-LINE-WS-xiamen-formation-coating-E2	handlingBacklog	derived
obj_exceptionevent_EXC-DT-DT-LINE-WS-xiamen-grading-coating-E1	handlingBacklog	derived
obj_exceptionevent_EXC-DT-DT-LINE-WS-xiamen-pack-assembly-E1	handlingBacklog	derived
obj_exceptionevent_EXC-DT-DT-LINE-WS-xiamen-pack-coating-E1	handlingBacklog	derived
obj_exceptionevent_EXC-DT-DT-LINE-WS-xiamen-pack-coating-E2	handlingBacklog	derived
obj_exceptionevent_EXC-DT-DT-LINE-WS-xiamen-pack-winding-E1	handlingBacklog	derived
obj_exceptionevent_EXC-DT-DT-LINE-WS-xiamen-slitting-assembly-E2	handlingBacklog	derived
obj_exceptionevent_EXC-DT-DT-LINE-WS-xiamen-slitting-coating-E1	handlingBacklog	derived
obj_exceptionevent_EXC-DT-DT-LINE-WS-xiamen-slurry-assembly-E2	handlingBacklog	derived
obj_exceptionevent_EXC-DT-DT-LINE-WS-xinyang-assembly-winding-E1	handlingBacklog	derived
obj_exceptionevent_EXC-DT-DT-LINE-WS-xinyang-assembly-winding-E2	handlingBacklog	derived
obj_exceptionevent_EXC-DT-DT-LINE-WS-xinyang-calendering-assembly-E1	handlingBacklog	derived
obj_exceptionevent_EXC-DT-DT-LINE-WS-xinyang-coating-assembly-E1	handlingBacklog	derived
obj_exceptionevent_EXC-DT-DT-LINE-WS-xinyang-coating-winding-E1	handlingBacklog	derived
obj_exceptionevent_EXC-DT-DT-LINE-WS-xinyang-filling-winding-E2	handlingBacklog	derived
obj_exceptionevent_EXC-DT-DT-LINE-WS-xinyang-formation-assembly-E1	handlingBacklog	derived
obj_exceptionevent_EXC-DT-DT-LINE-WS-xinyang-grading-assembly-E1	handlingBacklog	derived
obj_exceptionevent_EXC-DT-DT-LINE-WS-xinyang-pack-assembly-E2	handlingBacklog	derived
obj_exceptionevent_EXC-DT-DT-LINE-WS-xinyang-pack-winding-E2	handlingBacklog	derived
obj_exceptionevent_EXC-DT-DT-LINE-WS-xinyang-slitting-coating-E1	handlingBacklog	derived
obj_exceptionevent_EXC-DT-DT-LINE-WS-xinyang-slurry-assembly-E1	handlingBacklog	derived
obj_exceptionevent_EXC-DT-DT-LINE-WS-xinyang-winding-coating-E1	handlingBacklog	derived
obj_exceptionevent_EXC-DT-DT-LINE-WS-yangzhou-assembly-assembly-E2	handlingBacklog	derived
obj_exceptionevent_EXC-DT-DT-LINE-WS-yangzhou-calendering-coating-E1	handlingBacklog	derived
obj_exceptionevent_EXC-DT-DT-LINE-WS-yangzhou-calendering-coating-E2	handlingBacklog	derived
obj_exceptionevent_EXC-DT-DT-LINE-WS-yangzhou-coating-assembly-E1	handlingBacklog	derived
obj_exceptionevent_EXC-DT-DT-LINE-WS-yangzhou-filling-coating-E1	handlingBacklog	derived
obj_exceptionevent_EXC-DT-DT-LINE-WS-yangzhou-filling-coating-E2	handlingBacklog	derived
obj_exceptionevent_EXC-DT-DT-LINE-WS-yangzhou-formation-assembly-E1	handlingBacklog	derived
obj_exceptionevent_EXC-DT-DT-LINE-WS-yangzhou-grading-assembly-E2	handlingBacklog	derived
obj_exceptionevent_EXC-DT-DT-LINE-WS-yangzhou-grading-coating-E1	handlingBacklog	derived
obj_exceptionevent_EXC-DT-DT-LINE-WS-yangzhou-grading-coating-E2	handlingBacklog	derived
obj_exceptionevent_EXC-DT-DT-LINE-WS-yangzhou-grading-winding-E1	handlingBacklog	derived
obj_exceptionevent_EXC-DT-DT-LINE-WS-yangzhou-slitting-coating-E1	handlingBacklog	derived
obj_exceptionevent_EXC-DT-DT-LINE-WS-yangzhou-slitting-coating-E2	handlingBacklog	derived
obj_exceptionevent_EXC-DT-DT-LINE-WS-yangzhou-slitting-winding-E1	handlingBacklog	derived
obj_exceptionevent_EXC-DT-DT-LINE-WS-yangzhou-slitting-winding-E2	handlingBacklog	derived
obj_exceptionevent_EXC-DT-DT-LINE-WS-yangzhou-slurry-winding-E1	handlingBacklog	derived
obj_exceptionevent_EXC-DT-DT-LINE-WS-yangzhou-winding-assembly-E1	handlingBacklog	derived
obj_exceptionevent_EXC-DT-DT-LINE-WS-zaozhuang-assembly-assembly-E1	handlingBacklog	derived
obj_exceptionevent_EXC-DT-DT-LINE-WS-zaozhuang-assembly-coating-E2	handlingBacklog	derived
obj_exceptionevent_EXC-DT-DT-LINE-WS-zaozhuang-calendering-winding-E2	handlingBacklog	derived
obj_exceptionevent_EXC-DT-DT-LINE-WS-zaozhuang-coating-assembly-E1	handlingBacklog	derived
obj_exceptionevent_EXC-DT-DT-LINE-WS-zaozhuang-coating-winding-E2	handlingBacklog	derived
obj_exceptionevent_EXC-DT-DT-LINE-WS-zaozhuang-filling-assembly-E1	handlingBacklog	derived
obj_exceptionevent_EXC-DT-DT-LINE-WS-zaozhuang-filling-winding-E2	handlingBacklog	derived
obj_exceptionevent_EXC-DT-DT-LINE-WS-zaozhuang-formation-assembly-E2	handlingBacklog	derived
obj_exceptionevent_EXC-DT-DT-LINE-WS-zaozhuang-grading-assembly-E1	handlingBacklog	derived
obj_exceptionevent_EXC-DT-DT-LINE-WS-zaozhuang-grading-winding-E2	handlingBacklog	derived
obj_exceptionevent_EXC-DT-DT-LINE-WS-zaozhuang-slitting-assembly-E2	handlingBacklog	derived
obj_exceptionevent_EXC-DT-DT-LINE-WS-zaozhuang-slurry-coating-E2	handlingBacklog	derived
obj_exceptionevent_EXC-DT-DT-LINE-WS-zaozhuang-winding-assembly-E2	handlingBacklog	derived
obj_exceptionevent_EXC-DT-DT-LINE-WS-zigong-assembly-winding-E2	handlingBacklog	derived
obj_exceptionevent_EXC-DT-DT-LINE-WS-zigong-calendering-coating-E2	handlingBacklog	derived
obj_exceptionevent_EXC-DT-DT-LINE-WS-zigong-calendering-winding-E1	handlingBacklog	derived
obj_exceptionevent_EXC-DT-DT-LINE-WS-zigong-coating-assembly-E1	handlingBacklog	derived
obj_exceptionevent_EXC-DT-DT-LINE-WS-zigong-filling-assembly-E1	handlingBacklog	derived
obj_exceptionevent_EXC-DT-DT-LINE-WS-zigong-filling-coating-E1	handlingBacklog	derived
obj_exceptionevent_EXC-DT-DT-LINE-WS-zigong-filling-winding-E2	handlingBacklog	derived
obj_exceptionevent_EXC-DT-DT-LINE-WS-zigong-formation-coating-E1	handlingBacklog	derived
obj_exceptionevent_EXC-DT-DT-LINE-WS-zigong-grading-coating-E2	handlingBacklog	derived
obj_exceptionevent_EXC-DT-DT-LINE-WS-zigong-pack-winding-E1	handlingBacklog	derived
obj_exceptionevent_EXC-DT-DT-LINE-WS-zigong-slitting-coating-E1	handlingBacklog	derived
obj_exceptionevent_EXC-DT-DT-LINE-WS-zigong-slitting-winding-E2	handlingBacklog	derived
obj_exceptionevent_EXC-DT-DT-LINE-WS-zigong-slurry-coating-E2	handlingBacklog	derived
obj_exceptionevent_EXC-DT-DT-LINE-WS-zigong-slurry-winding-E2	handlingBacklog	derived
obj_exceptionevent_EXC-DT-DT-LINE-WS-zigong-winding-assembly-E1	handlingBacklog	derived
obj_exceptionevent_EXC-DT-DT-LINE-WS-zigong-winding-winding-E1	handlingBacklog	derived
obj_exceptionevent_EXC-MB-mbal-1	handlingBacklog	derived
obj_exceptionevent_EXC-MB-mbal-2	handlingBacklog	derived
obj_exceptionevent_EXC-MB-mbal-3	handlingBacklog	derived
obj_exceptionevent_EXC-MB-mbal-5	handlingBacklog	derived
obj_exceptionevent_EXC-MB-mbal-6	handlingBacklog	derived
obj_exceptionevent_EXC-MB-mbal-7	handlingBacklog	derived
obj_exceptionevent_EXC-MB-mbal-8	handlingBacklog	derived
obj_exceptionevent_EXC-TR-trig-backup-cert	handlingBacklog	derived
obj_exceptionevent_EXC-TR-trig-fx-hedge	handlingBacklog	derived
obj_exceptionevent_EXC-TR-trig-lta-reprice	handlingBacklog	derived
obj_finishedgoodsinventory_FG-2170-NCM-WH-wuhan-FINISHED	coverDays	measured
obj_finishedgoodsinventory_FG-2170-NCM-WH-wuhan-FINISHED	drawdownPressure	derived
obj_finishedgoodsinventory_FG-2170-NCM-WH-xiamen-FINISHED	coverDays	measured
obj_finishedgoodsinventory_FG-2170-NCM-WH-xiamen-FINISHED	drawdownPressure	derived
obj_finishedgoodsinventory_FG-2170-NCM-WH-zigong-FINISHED	coverDays	measured
obj_finishedgoodsinventory_FG-2170-NCM-WH-zigong-FINISHED	drawdownPressure	derived
obj_finishedgoodsinventory_FG-4680-LFP-WH-changzhou-FINISHED	coverDays	measured
obj_finishedgoodsinventory_FG-4680-LFP-WH-changzhou-FINISHED	drawdownPressure	derived
obj_finishedgoodsinventory_FG-4680-LFP-WH-zaozhuang-FINISHED	coverDays	measured
obj_finishedgoodsinventory_FG-4680-LFP-WH-zaozhuang-FINISHED	drawdownPressure	derived
obj_finishedgoodsinventory_FG-4680-NCM-WH-changzhou-FINISHED	coverDays	measured
obj_finishedgoodsinventory_FG-4680-NCM-WH-changzhou-FINISHED	drawdownPressure	derived
obj_finishedgoodsinventory_FG-4680-NCM-WH-chengdu-FINISHED	coverDays	measured
obj_finishedgoodsinventory_FG-4680-NCM-WH-chengdu-FINISHED	drawdownPressure	derived
obj_finishedgoodsinventory_FG-4680-NCM-WH-hefei-FINISHED	coverDays	measured
obj_finishedgoodsinventory_FG-4680-NCM-WH-hefei-FINISHED	drawdownPressure	derived
obj_finishedgoodsinventory_FG-4680-NCM-WH-jinhua-FINISHED	coverDays	measured
obj_finishedgoodsinventory_FG-4680-NCM-WH-jinhua-FINISHED	drawdownPressure	derived
obj_finishedgoodsinventory_FG-圆柱-LFP-WH-xinyang-FINISHED	coverDays	measured
obj_finishedgoodsinventory_FG-圆柱-LFP-WH-xinyang-FINISHED	drawdownPressure	derived
obj_finishedgoodsinventory_FG-圆柱-LFP-WH-yangzhou-FINISHED	coverDays	measured
obj_finishedgoodsinventory_FG-圆柱-LFP-WH-yangzhou-FINISHED	drawdownPressure	derived
obj_finishedgoodsinventory_FG-方形-LFP-WH-handan-FINISHED	coverDays	measured
obj_finishedgoodsinventory_FG-方形-LFP-WH-handan-FINISHED	drawdownPressure	derived
obj_finishedgoodsinventory_FG-方形-LFP-WH-jiangmen-FINISHED	coverDays	measured
obj_finishedgoodsinventory_FG-方形-LFP-WH-jiangmen-FINISHED	drawdownPressure	derived
obj_finishedgoodsinventory_FG-方形-LFP-WH-meishan-FINISHED	coverDays	measured
obj_finishedgoodsinventory_FG-方形-LFP-WH-meishan-FINISHED	drawdownPressure	derived
obj_finishedgoodsinventory_FG-方形-LFP-WH-zaozhuang-FINISHED	coverDays	measured
obj_finishedgoodsinventory_FG-方形-LFP-WH-zaozhuang-FINISHED	drawdownPressure	derived
obj_finishedgoodsinventory_FG-方形-NCM-WH-changzhou-FINISHED	coverDays	measured
obj_finishedgoodsinventory_FG-方形-NCM-WH-changzhou-FINISHED	drawdownPressure	derived
obj_finishedgoodsinventory_FG-方形-NCM-WH-chengdu-FINISHED	coverDays	measured
obj_finishedgoodsinventory_FG-方形-NCM-WH-chengdu-FINISHED	drawdownPressure	derived
obj_finishedgoodsinventory_FG-方形-NCM-WH-jinhua-FINISHED	coverDays	measured
obj_finishedgoodsinventory_FG-方形-NCM-WH-jinhua-FINISHED	drawdownPressure	derived
obj_incominginspection_iqc_po_0	queueDays	derived
obj_incominginspection_iqc_po_1	queueDays	derived
obj_incominginspection_iqc_po_10	queueDays	derived
obj_incominginspection_iqc_po_11	queueDays	derived
obj_incominginspection_iqc_po_12	queueDays	derived
obj_incominginspection_iqc_po_13	queueDays	derived
obj_incominginspection_iqc_po_14	queueDays	derived
obj_incominginspection_iqc_po_15	queueDays	derived
obj_incominginspection_iqc_po_16	queueDays	derived
obj_incominginspection_iqc_po_17	queueDays	derived
obj_incominginspection_iqc_po_18	queueDays	derived
obj_incominginspection_iqc_po_19	queueDays	derived
obj_incominginspection_iqc_po_2	queueDays	derived
obj_incominginspection_iqc_po_20	queueDays	derived
obj_incominginspection_iqc_po_21	queueDays	derived
obj_incominginspection_iqc_po_22	queueDays	derived
obj_incominginspection_iqc_po_23	queueDays	derived
obj_incominginspection_iqc_po_24	queueDays	derived
obj_incominginspection_iqc_po_25	queueDays	derived
obj_incominginspection_iqc_po_26	queueDays	derived
obj_incominginspection_iqc_po_27	queueDays	derived
obj_incominginspection_iqc_po_28	queueDays	derived
obj_incominginspection_iqc_po_29	queueDays	derived
obj_incominginspection_iqc_po_3	queueDays	derived
obj_incominginspection_iqc_po_4	queueDays	derived
obj_incominginspection_iqc_po_5	queueDays	derived
obj_incominginspection_iqc_po_6	queueDays	derived
obj_incominginspection_iqc_po_7	queueDays	derived
obj_incominginspection_iqc_po_8	queueDays	derived
obj_incominginspection_iqc_po_9	queueDays	derived
obj_interbasetransfer_XFER-CELL-changzhou-yangzhou-圆柱-LFP	transferPressure	derived
obj_interbasetransfer_XFER-CELL-chengdu-meishan-方形-LFP	transferPressure	derived
obj_interbasetransfer_XFER-CELL-wuhan-xinyang-圆柱-LFP	transferPressure	derived
obj_interbasetransfer_XFER-CELL-xiamen-jiangmen-方形-LFP	transferPressure	derived
obj_interbasetransfer_XFER-CELL-zaozhuang-handan-方形-LFP	transferPressure	derived
obj_interbasetransfer_XFER-changzhou-chengdu-4680-NCM	transferPressure	derived
obj_interbasetransfer_XFER-changzhou-chengdu-方形-NCM	transferPressure	derived
obj_interbasetransfer_XFER-changzhou-zaozhuang-4680-LFP	transferPressure	derived
obj_interbasetransfer_XFER-chengdu-hefei-4680-NCM	transferPressure	derived
obj_interbasetransfer_XFER-chengdu-jinhua-方形-NCM	transferPressure	derived
obj_interbasetransfer_XFER-handan-zaozhuang-方形-LFP	transferPressure	derived
obj_interbasetransfer_XFER-hefei-jinhua-4680-NCM	transferPressure	derived
obj_interbasetransfer_XFER-jiangmen-meishan-方形-LFP	transferPressure	derived
obj_interbasetransfer_XFER-meishan-handan-方形-LFP	transferPressure	derived
obj_interbasetransfer_XFER-wuhan-zigong-2170-NCM	transferPressure	derived
obj_interbasetransfer_XFER-xiamen-wuhan-2170-NCM	transferPressure	derived
obj_interbasetransfer_XFER-xinyang-yangzhou-圆柱-LFP	transferPressure	derived
obj_line_LINE-WS-changzhou-assembly	blockedPressure	measured
obj_line_LINE-WS-changzhou-assembly	utilPressure	measured
obj_line_LINE-WS-changzhou-calendering	blockedPressure	measured
obj_line_LINE-WS-changzhou-calendering	utilPressure	measured
obj_line_LINE-WS-changzhou-coating	blockedPressure	measured
obj_line_LINE-WS-changzhou-coating	utilPressure	measured
obj_line_LINE-WS-changzhou-filling	blockedPressure	measured
obj_line_LINE-WS-changzhou-filling	utilPressure	measured
obj_line_LINE-WS-changzhou-formation	blockedPressure	measured
obj_line_LINE-WS-changzhou-formation	utilPressure	measured
obj_line_LINE-WS-changzhou-grading	blockedPressure	measured
obj_line_LINE-WS-changzhou-grading	utilPressure	measured
obj_line_LINE-WS-changzhou-pack	blockedPressure	measured
obj_line_LINE-WS-changzhou-pack	utilPressure	measured
obj_line_LINE-WS-changzhou-slitting	blockedPressure	measured
obj_line_LINE-WS-changzhou-slitting	utilPressure	measured
obj_line_LINE-WS-changzhou-slurry	blockedPressure	measured
obj_line_LINE-WS-changzhou-slurry	utilPressure	measured
obj_line_LINE-WS-changzhou-winding	blockedPressure	measured
obj_line_LINE-WS-changzhou-winding	utilPressure	measured
obj_line_LINE-WS-chengdu-assembly	blockedPressure	measured
obj_line_LINE-WS-chengdu-assembly	utilPressure	measured
obj_line_LINE-WS-chengdu-calendering	blockedPressure	measured
obj_line_LINE-WS-chengdu-calendering	utilPressure	measured
obj_line_LINE-WS-chengdu-coating	blockedPressure	measured
obj_line_LINE-WS-chengdu-coating	utilPressure	measured
obj_line_LINE-WS-chengdu-filling	blockedPressure	measured
obj_line_LINE-WS-chengdu-filling	utilPressure	measured
obj_line_LINE-WS-chengdu-formation	blockedPressure	measured
obj_line_LINE-WS-chengdu-formation	utilPressure	measured
obj_line_LINE-WS-chengdu-grading	blockedPressure	measured
obj_line_LINE-WS-chengdu-grading	utilPressure	measured
obj_line_LINE-WS-chengdu-pack	blockedPressure	measured
obj_line_LINE-WS-chengdu-pack	utilPressure	measured
obj_line_LINE-WS-chengdu-slitting	blockedPressure	measured
obj_line_LINE-WS-chengdu-slitting	utilPressure	measured
obj_line_LINE-WS-chengdu-slurry	blockedPressure	measured
obj_line_LINE-WS-chengdu-slurry	utilPressure	measured
obj_line_LINE-WS-chengdu-winding	blockedPressure	measured
obj_line_LINE-WS-chengdu-winding	utilPressure	measured
obj_line_LINE-WS-handan-assembly	blockedPressure	measured
obj_line_LINE-WS-handan-assembly	utilPressure	measured
obj_line_LINE-WS-handan-calendering	blockedPressure	measured
obj_line_LINE-WS-handan-calendering	utilPressure	measured
obj_line_LINE-WS-handan-coating	blockedPressure	measured
obj_line_LINE-WS-handan-coating	utilPressure	measured
obj_line_LINE-WS-handan-filling	blockedPressure	measured
obj_line_LINE-WS-handan-filling	utilPressure	measured
obj_line_LINE-WS-handan-formation	blockedPressure	measured
obj_line_LINE-WS-handan-formation	utilPressure	measured
obj_line_LINE-WS-handan-grading	blockedPressure	measured
obj_line_LINE-WS-handan-grading	utilPressure	measured
obj_line_LINE-WS-handan-pack	blockedPressure	measured
obj_line_LINE-WS-handan-pack	utilPressure	measured
obj_line_LINE-WS-handan-slitting	blockedPressure	measured
obj_line_LINE-WS-handan-slitting	utilPressure	measured
obj_line_LINE-WS-handan-slurry	blockedPressure	measured
obj_line_LINE-WS-handan-slurry	utilPressure	measured
obj_line_LINE-WS-handan-winding	blockedPressure	measured
obj_line_LINE-WS-handan-winding	utilPressure	measured
obj_line_LINE-WS-hefei-assembly	blockedPressure	measured
obj_line_LINE-WS-hefei-assembly	utilPressure	measured
obj_line_LINE-WS-hefei-calendering	blockedPressure	measured
obj_line_LINE-WS-hefei-calendering	utilPressure	measured
obj_line_LINE-WS-hefei-coating	blockedPressure	measured
obj_line_LINE-WS-hefei-coating	utilPressure	measured
obj_line_LINE-WS-hefei-filling	blockedPressure	measured
obj_line_LINE-WS-hefei-filling	utilPressure	measured
obj_line_LINE-WS-hefei-formation	blockedPressure	measured
obj_line_LINE-WS-hefei-formation	utilPressure	measured
obj_line_LINE-WS-hefei-grading	blockedPressure	measured
obj_line_LINE-WS-hefei-grading	utilPressure	measured
obj_line_LINE-WS-hefei-pack	blockedPressure	measured
obj_line_LINE-WS-hefei-pack	utilPressure	measured
obj_line_LINE-WS-hefei-slitting	blockedPressure	measured
obj_line_LINE-WS-hefei-slitting	utilPressure	measured
obj_line_LINE-WS-hefei-slurry	blockedPressure	measured
obj_line_LINE-WS-hefei-slurry	utilPressure	measured
obj_line_LINE-WS-hefei-winding	blockedPressure	measured
obj_line_LINE-WS-hefei-winding	utilPressure	measured
obj_line_LINE-WS-jiangmen-assembly	blockedPressure	measured
obj_line_LINE-WS-jiangmen-assembly	utilPressure	measured
obj_line_LINE-WS-jiangmen-calendering	blockedPressure	measured
obj_line_LINE-WS-jiangmen-calendering	utilPressure	measured
obj_line_LINE-WS-jiangmen-coating	blockedPressure	measured
obj_line_LINE-WS-jiangmen-coating	utilPressure	measured
obj_line_LINE-WS-jiangmen-filling	blockedPressure	measured
obj_line_LINE-WS-jiangmen-filling	utilPressure	measured
obj_line_LINE-WS-jiangmen-formation	blockedPressure	measured
obj_line_LINE-WS-jiangmen-formation	utilPressure	measured
obj_line_LINE-WS-jiangmen-grading	blockedPressure	measured
obj_line_LINE-WS-jiangmen-grading	utilPressure	measured
obj_line_LINE-WS-jiangmen-pack	blockedPressure	measured
obj_line_LINE-WS-jiangmen-pack	utilPressure	measured
obj_line_LINE-WS-jiangmen-slitting	blockedPressure	measured
obj_line_LINE-WS-jiangmen-slitting	utilPressure	measured
obj_line_LINE-WS-jiangmen-slurry	blockedPressure	measured
obj_line_LINE-WS-jiangmen-slurry	utilPressure	measured
obj_line_LINE-WS-jiangmen-winding	blockedPressure	measured
obj_line_LINE-WS-jiangmen-winding	utilPressure	measured
obj_line_LINE-WS-jinhua-assembly	blockedPressure	measured
obj_line_LINE-WS-jinhua-assembly	utilPressure	measured
obj_line_LINE-WS-jinhua-calendering	blockedPressure	measured
obj_line_LINE-WS-jinhua-calendering	utilPressure	measured
obj_line_LINE-WS-jinhua-coating	blockedPressure	measured
obj_line_LINE-WS-jinhua-coating	utilPressure	measured
obj_line_LINE-WS-jinhua-filling	blockedPressure	measured
obj_line_LINE-WS-jinhua-filling	utilPressure	measured
obj_line_LINE-WS-jinhua-formation	blockedPressure	measured
obj_line_LINE-WS-jinhua-formation	utilPressure	measured
obj_line_LINE-WS-jinhua-grading	blockedPressure	measured
obj_line_LINE-WS-jinhua-grading	utilPressure	measured
obj_line_LINE-WS-jinhua-pack	blockedPressure	measured
obj_line_LINE-WS-jinhua-pack	utilPressure	measured
obj_line_LINE-WS-jinhua-slitting	blockedPressure	measured
obj_line_LINE-WS-jinhua-slitting	utilPressure	measured
obj_line_LINE-WS-jinhua-slurry	blockedPressure	measured
obj_line_LINE-WS-jinhua-slurry	utilPressure	measured
obj_line_LINE-WS-jinhua-winding	blockedPressure	measured
obj_line_LINE-WS-jinhua-winding	utilPressure	measured
obj_line_LINE-WS-meishan-assembly	blockedPressure	measured
obj_line_LINE-WS-meishan-assembly	utilPressure	measured
obj_line_LINE-WS-meishan-calendering	blockedPressure	measured
obj_line_LINE-WS-meishan-calendering	utilPressure	measured
obj_line_LINE-WS-meishan-coating	blockedPressure	measured
obj_line_LINE-WS-meishan-coating	utilPressure	measured
obj_line_LINE-WS-meishan-filling	blockedPressure	measured
obj_line_LINE-WS-meishan-filling	utilPressure	measured
obj_line_LINE-WS-meishan-formation	blockedPressure	measured
obj_line_LINE-WS-meishan-formation	utilPressure	measured
obj_line_LINE-WS-meishan-grading	blockedPressure	measured
obj_line_LINE-WS-meishan-grading	utilPressure	measured
obj_line_LINE-WS-meishan-pack	blockedPressure	measured
obj_line_LINE-WS-meishan-pack	utilPressure	measured
obj_line_LINE-WS-meishan-slitting	blockedPressure	measured
obj_line_LINE-WS-meishan-slitting	utilPressure	measured
obj_line_LINE-WS-meishan-slurry	blockedPressure	measured
obj_line_LINE-WS-meishan-slurry	utilPressure	measured
obj_line_LINE-WS-meishan-winding	blockedPressure	measured
obj_line_LINE-WS-meishan-winding	utilPressure	measured
obj_line_LINE-WS-wuhan-assembly	blockedPressure	measured
obj_line_LINE-WS-wuhan-assembly	utilPressure	measured
obj_line_LINE-WS-wuhan-calendering	blockedPressure	measured
obj_line_LINE-WS-wuhan-calendering	utilPressure	measured
obj_line_LINE-WS-wuhan-coating	blockedPressure	measured
obj_line_LINE-WS-wuhan-coating	utilPressure	measured
obj_line_LINE-WS-wuhan-filling	blockedPressure	measured
obj_line_LINE-WS-wuhan-filling	utilPressure	measured
obj_line_LINE-WS-wuhan-formation	blockedPressure	measured
obj_line_LINE-WS-wuhan-formation	utilPressure	measured
obj_line_LINE-WS-wuhan-grading	blockedPressure	measured
obj_line_LINE-WS-wuhan-grading	utilPressure	measured
obj_line_LINE-WS-wuhan-pack	blockedPressure	measured
obj_line_LINE-WS-wuhan-pack	utilPressure	measured
obj_line_LINE-WS-wuhan-slitting	blockedPressure	measured
obj_line_LINE-WS-wuhan-slitting	utilPressure	measured
obj_line_LINE-WS-wuhan-slurry	blockedPressure	measured
obj_line_LINE-WS-wuhan-slurry	utilPressure	measured
obj_line_LINE-WS-wuhan-winding	blockedPressure	measured
obj_line_LINE-WS-wuhan-winding	utilPressure	measured
obj_line_LINE-WS-xiamen-assembly	blockedPressure	measured
obj_line_LINE-WS-xiamen-assembly	utilPressure	measured
obj_line_LINE-WS-xiamen-calendering	blockedPressure	measured
obj_line_LINE-WS-xiamen-calendering	utilPressure	measured
obj_line_LINE-WS-xiamen-coating	blockedPressure	measured
obj_line_LINE-WS-xiamen-coating	utilPressure	measured
obj_line_LINE-WS-xiamen-filling	blockedPressure	measured
obj_line_LINE-WS-xiamen-filling	utilPressure	measured
obj_line_LINE-WS-xiamen-formation	blockedPressure	measured
obj_line_LINE-WS-xiamen-formation	utilPressure	measured
obj_line_LINE-WS-xiamen-grading	blockedPressure	measured
obj_line_LINE-WS-xiamen-grading	utilPressure	measured
obj_line_LINE-WS-xiamen-pack	blockedPressure	measured
obj_line_LINE-WS-xiamen-pack	utilPressure	measured
obj_line_LINE-WS-xiamen-slitting	blockedPressure	measured
obj_line_LINE-WS-xiamen-slitting	utilPressure	measured
obj_line_LINE-WS-xiamen-slurry	blockedPressure	measured
obj_line_LINE-WS-xiamen-slurry	utilPressure	measured
obj_line_LINE-WS-xiamen-winding	blockedPressure	measured
obj_line_LINE-WS-xiamen-winding	utilPressure	measured
obj_line_LINE-WS-xinyang-assembly	blockedPressure	measured
obj_line_LINE-WS-xinyang-assembly	utilPressure	measured
obj_line_LINE-WS-xinyang-calendering	blockedPressure	measured
obj_line_LINE-WS-xinyang-calendering	utilPressure	measured
obj_line_LINE-WS-xinyang-coating	blockedPressure	measured
obj_line_LINE-WS-xinyang-coating	utilPressure	measured
obj_line_LINE-WS-xinyang-filling	blockedPressure	measured
obj_line_LINE-WS-xinyang-filling	utilPressure	measured
obj_line_LINE-WS-xinyang-formation	blockedPressure	measured
obj_line_LINE-WS-xinyang-formation	utilPressure	measured
obj_line_LINE-WS-xinyang-grading	blockedPressure	measured
obj_line_LINE-WS-xinyang-grading	utilPressure	measured
obj_line_LINE-WS-xinyang-pack	blockedPressure	measured
obj_line_LINE-WS-xinyang-pack	utilPressure	measured
obj_line_LINE-WS-xinyang-slitting	blockedPressure	measured
obj_line_LINE-WS-xinyang-slitting	utilPressure	measured
obj_line_LINE-WS-xinyang-slurry	blockedPressure	measured
obj_line_LINE-WS-xinyang-slurry	utilPressure	measured
obj_line_LINE-WS-xinyang-winding	blockedPressure	measured
obj_line_LINE-WS-xinyang-winding	utilPressure	measured
obj_line_LINE-WS-yangzhou-assembly	blockedPressure	measured
obj_line_LINE-WS-yangzhou-assembly	utilPressure	measured
obj_line_LINE-WS-yangzhou-calendering	blockedPressure	measured
obj_line_LINE-WS-yangzhou-calendering	utilPressure	measured
obj_line_LINE-WS-yangzhou-coating	blockedPressure	measured
obj_line_LINE-WS-yangzhou-coating	utilPressure	measured
obj_line_LINE-WS-yangzhou-filling	blockedPressure	measured
obj_line_LINE-WS-yangzhou-filling	utilPressure	measured
obj_line_LINE-WS-yangzhou-formation	blockedPressure	measured
obj_line_LINE-WS-yangzhou-formation	utilPressure	measured
obj_line_LINE-WS-yangzhou-grading	blockedPressure	measured
obj_line_LINE-WS-yangzhou-grading	utilPressure	measured
obj_line_LINE-WS-yangzhou-pack	blockedPressure	measured
obj_line_LINE-WS-yangzhou-pack	utilPressure	measured
obj_line_LINE-WS-yangzhou-slitting	blockedPressure	measured
obj_line_LINE-WS-yangzhou-slitting	utilPressure	measured
obj_line_LINE-WS-yangzhou-slurry	blockedPressure	measured
obj_line_LINE-WS-yangzhou-slurry	utilPressure	measured
obj_line_LINE-WS-yangzhou-winding	blockedPressure	measured
obj_line_LINE-WS-yangzhou-winding	utilPressure	measured
obj_line_LINE-WS-zaozhuang-assembly	blockedPressure	measured
obj_line_LINE-WS-zaozhuang-assembly	utilPressure	measured
obj_line_LINE-WS-zaozhuang-calendering	blockedPressure	measured
obj_line_LINE-WS-zaozhuang-calendering	utilPressure	measured
obj_line_LINE-WS-zaozhuang-coating	blockedPressure	measured
obj_line_LINE-WS-zaozhuang-coating	utilPressure	measured
obj_line_LINE-WS-zaozhuang-filling	blockedPressure	measured
obj_line_LINE-WS-zaozhuang-filling	utilPressure	measured
obj_line_LINE-WS-zaozhuang-formation	blockedPressure	measured
obj_line_LINE-WS-zaozhuang-formation	utilPressure	measured
obj_line_LINE-WS-zaozhuang-grading	blockedPressure	measured
obj_line_LINE-WS-zaozhuang-grading	utilPressure	measured
obj_line_LINE-WS-zaozhuang-pack	blockedPressure	measured
obj_line_LINE-WS-zaozhuang-pack	utilPressure	measured
obj_line_LINE-WS-zaozhuang-slitting	blockedPressure	measured
obj_line_LINE-WS-zaozhuang-slitting	utilPressure	measured
obj_line_LINE-WS-zaozhuang-slurry	blockedPressure	measured
obj_line_LINE-WS-zaozhuang-slurry	utilPressure	measured
obj_line_LINE-WS-zaozhuang-winding	blockedPressure	measured
obj_line_LINE-WS-zaozhuang-winding	utilPressure	measured
obj_line_LINE-WS-zigong-assembly	blockedPressure	measured
obj_line_LINE-WS-zigong-assembly	utilPressure	measured
obj_line_LINE-WS-zigong-calendering	blockedPressure	measured
obj_line_LINE-WS-zigong-calendering	utilPressure	measured
obj_line_LINE-WS-zigong-coating	blockedPressure	measured
obj_line_LINE-WS-zigong-coating	utilPressure	measured
obj_line_LINE-WS-zigong-filling	blockedPressure	measured
obj_line_LINE-WS-zigong-filling	utilPressure	measured
obj_line_LINE-WS-zigong-formation	blockedPressure	measured
obj_line_LINE-WS-zigong-formation	utilPressure	measured
obj_line_LINE-WS-zigong-grading	blockedPressure	measured
obj_line_LINE-WS-zigong-grading	utilPressure	measured
obj_line_LINE-WS-zigong-pack	blockedPressure	measured
obj_line_LINE-WS-zigong-pack	utilPressure	measured
obj_line_LINE-WS-zigong-slitting	blockedPressure	measured
obj_line_LINE-WS-zigong-slitting	utilPressure	measured
obj_line_LINE-WS-zigong-slurry	blockedPressure	measured
obj_line_LINE-WS-zigong-slurry	utilPressure	measured
obj_line_LINE-WS-zigong-winding	blockedPressure	measured
obj_line_LINE-WS-zigong-winding	utilPressure	measured
obj_maintenanceorder_MO-LINE-WS-changzhou-assembly-coating-E2	repairBacklog	derived
obj_maintenanceorder_MO-LINE-WS-changzhou-assembly-winding-E1	repairBacklog	derived
obj_maintenanceorder_MO-LINE-WS-changzhou-calendering-coating-E2	repairBacklog	derived
obj_maintenanceorder_MO-LINE-WS-changzhou-calendering-winding-E1	repairBacklog	derived
obj_maintenanceorder_MO-LINE-WS-changzhou-coating-assembly-E2	repairBacklog	derived
obj_maintenanceorder_MO-LINE-WS-changzhou-coating-coating-E1	repairBacklog	derived
obj_maintenanceorder_MO-LINE-WS-changzhou-coating-winding-E2	repairBacklog	derived
obj_maintenanceorder_MO-LINE-WS-changzhou-grading-assembly-E1	repairBacklog	derived
obj_maintenanceorder_MO-LINE-WS-changzhou-slitting-assembly-E1	repairBacklog	derived
obj_maintenanceorder_MO-LINE-WS-changzhou-winding-coating-E2	repairBacklog	derived
obj_maintenanceorder_MO-LINE-WS-changzhou-winding-winding-E1	repairBacklog	derived
obj_maintenanceorder_MO-LINE-WS-chengdu-assembly-assembly-E2	repairBacklog	derived
obj_maintenanceorder_MO-LINE-WS-chengdu-assembly-coating-E1	repairBacklog	derived
obj_maintenanceorder_MO-LINE-WS-chengdu-assembly-winding-E2	repairBacklog	derived
obj_maintenanceorder_MO-LINE-WS-chengdu-coating-assembly-E1	repairBacklog	derived
obj_maintenanceorder_MO-LINE-WS-chengdu-filling-coating-E2	repairBacklog	derived
obj_maintenanceorder_MO-LINE-WS-chengdu-filling-winding-E1	repairBacklog	derived
obj_maintenanceorder_MO-LINE-WS-chengdu-formation-coating-E2	repairBacklog	derived
obj_maintenanceorder_MO-LINE-WS-chengdu-formation-winding-E1	repairBacklog	derived
obj_maintenanceorder_MO-LINE-WS-chengdu-grading-assembly-E2	repairBacklog	derived
obj_maintenanceorder_MO-LINE-WS-chengdu-grading-coating-E1	repairBacklog	derived
obj_maintenanceorder_MO-LINE-WS-chengdu-grading-winding-E2	repairBacklog	derived
obj_maintenanceorder_MO-LINE-WS-chengdu-pack-assembly-E1	repairBacklog	derived
obj_maintenanceorder_MO-LINE-WS-chengdu-slurry-assembly-E1	repairBacklog	derived
obj_maintenanceorder_MO-LINE-WS-handan-calendering-assembly-E2	repairBacklog	derived
obj_maintenanceorder_MO-LINE-WS-handan-calendering-coating-E1	repairBacklog	derived
obj_maintenanceorder_MO-LINE-WS-handan-calendering-winding-E2	repairBacklog	derived
obj_maintenanceorder_MO-LINE-WS-handan-coating-coating-E2	repairBacklog	derived
obj_maintenanceorder_MO-LINE-WS-handan-coating-winding-E1	repairBacklog	derived
obj_maintenanceorder_MO-LINE-WS-handan-filling-assembly-E1	repairBacklog	derived
obj_maintenanceorder_MO-LINE-WS-handan-formation-assembly-E1	repairBacklog	derived
obj_maintenanceorder_MO-LINE-WS-handan-pack-coating-E2	repairBacklog	derived
obj_maintenanceorder_MO-LINE-WS-handan-pack-winding-E1	repairBacklog	derived
obj_maintenanceorder_MO-LINE-WS-handan-slitting-assembly-E2	repairBacklog	derived
obj_maintenanceorder_MO-LINE-WS-handan-slitting-coating-E1	repairBacklog	derived
obj_maintenanceorder_MO-LINE-WS-handan-slitting-winding-E2	repairBacklog	derived
obj_maintenanceorder_MO-LINE-WS-handan-slurry-coating-E2	repairBacklog	derived
obj_maintenanceorder_MO-LINE-WS-handan-slurry-winding-E1	repairBacklog	derived
obj_maintenanceorder_MO-LINE-WS-handan-winding-assembly-E2	repairBacklog	derived
obj_maintenanceorder_MO-LINE-WS-handan-winding-coating-E1	repairBacklog	derived
obj_maintenanceorder_MO-LINE-WS-handan-winding-winding-E2	repairBacklog	derived
obj_maintenanceorder_MO-LINE-WS-hefei-assembly-assembly-E1	repairBacklog	derived
obj_maintenanceorder_MO-LINE-WS-hefei-calendering-assembly-E1	repairBacklog	derived
obj_maintenanceorder_MO-LINE-WS-hefei-filling-assembly-E2	repairBacklog	derived
obj_maintenanceorder_MO-LINE-WS-hefei-filling-coating-E1	repairBacklog	derived
obj_maintenanceorder_MO-LINE-WS-hefei-filling-winding-E2	repairBacklog	derived
obj_maintenanceorder_MO-LINE-WS-hefei-formation-assembly-E2	repairBacklog	derived
obj_maintenanceorder_MO-LINE-WS-hefei-formation-coating-E1	repairBacklog	derived
obj_maintenanceorder_MO-LINE-WS-hefei-formation-winding-E2	repairBacklog	derived
obj_maintenanceorder_MO-LINE-WS-hefei-grading-coating-E2	repairBacklog	derived
obj_maintenanceorder_MO-LINE-WS-hefei-grading-winding-E1	repairBacklog	derived
obj_maintenanceorder_MO-LINE-WS-hefei-pack-assembly-E2	repairBacklog	derived
obj_maintenanceorder_MO-LINE-WS-hefei-pack-coating-E1	repairBacklog	derived
obj_maintenanceorder_MO-LINE-WS-hefei-pack-winding-E2	repairBacklog	derived
obj_maintenanceorder_MO-LINE-WS-hefei-slitting-coating-E2	repairBacklog	derived
obj_maintenanceorder_MO-LINE-WS-hefei-slitting-winding-E1	repairBacklog	derived
obj_maintenanceorder_MO-LINE-WS-hefei-slurry-assembly-E2	repairBacklog	derived
obj_maintenanceorder_MO-LINE-WS-hefei-slurry-coating-E1	repairBacklog	derived
obj_maintenanceorder_MO-LINE-WS-hefei-slurry-winding-E2	repairBacklog	derived
obj_maintenanceorder_MO-LINE-WS-hefei-winding-assembly-E1	repairBacklog	derived
obj_maintenanceorder_MO-LINE-WS-jiangmen-assembly-coating-E2	repairBacklog	derived
obj_maintenanceorder_MO-LINE-WS-jiangmen-assembly-winding-E1	repairBacklog	derived
obj_maintenanceorder_MO-LINE-WS-jiangmen-calendering-coating-E2	repairBacklog	derived
obj_maintenanceorder_MO-LINE-WS-jiangmen-calendering-winding-E1	repairBacklog	derived
obj_maintenanceorder_MO-LINE-WS-jiangmen-coating-assembly-E2	repairBacklog	derived
obj_maintenanceorder_MO-LINE-WS-jiangmen-coating-coating-E1	repairBacklog	derived
obj_maintenanceorder_MO-LINE-WS-jiangmen-coating-winding-E2	repairBacklog	derived
obj_maintenanceorder_MO-LINE-WS-jiangmen-grading-assembly-E1	repairBacklog	derived
obj_maintenanceorder_MO-LINE-WS-jiangmen-slitting-assembly-E1	repairBacklog	derived
obj_maintenanceorder_MO-LINE-WS-jiangmen-winding-coating-E2	repairBacklog	derived
obj_maintenanceorder_MO-LINE-WS-jiangmen-winding-winding-E1	repairBacklog	derived
obj_maintenanceorder_MO-LINE-WS-jinhua-assembly-coating-E2	repairBacklog	derived
obj_maintenanceorder_MO-LINE-WS-jinhua-assembly-winding-E1	repairBacklog	derived
obj_maintenanceorder_MO-LINE-WS-jinhua-calendering-coating-E2	repairBacklog	derived
obj_maintenanceorder_MO-LINE-WS-jinhua-calendering-winding-E1	repairBacklog	derived
obj_maintenanceorder_MO-LINE-WS-jinhua-coating-assembly-E2	repairBacklog	derived
obj_maintenanceorder_MO-LINE-WS-jinhua-coating-coating-E1	repairBacklog	derived
obj_maintenanceorder_MO-LINE-WS-jinhua-coating-winding-E2	repairBacklog	derived
obj_maintenanceorder_MO-LINE-WS-jinhua-grading-assembly-E1	repairBacklog	derived
obj_maintenanceorder_MO-LINE-WS-jinhua-slitting-assembly-E1	repairBacklog	derived
obj_maintenanceorder_MO-LINE-WS-jinhua-winding-coating-E2	repairBacklog	derived
obj_maintenanceorder_MO-LINE-WS-jinhua-winding-winding-E1	repairBacklog	derived
obj_maintenanceorder_MO-LINE-WS-meishan-assembly-assembly-E1	repairBacklog	derived
obj_maintenanceorder_MO-LINE-WS-meishan-calendering-assembly-E1	repairBacklog	derived
obj_maintenanceorder_MO-LINE-WS-meishan-filling-assembly-E2	repairBacklog	derived
obj_maintenanceorder_MO-LINE-WS-meishan-filling-coating-E1	repairBacklog	derived
obj_maintenanceorder_MO-LINE-WS-meishan-filling-winding-E2	repairBacklog	derived
obj_maintenanceorder_MO-LINE-WS-meishan-formation-assembly-E2	repairBacklog	derived
obj_maintenanceorder_MO-LINE-WS-meishan-formation-coating-E1	repairBacklog	derived
obj_maintenanceorder_MO-LINE-WS-meishan-formation-winding-E2	repairBacklog	derived
obj_maintenanceorder_MO-LINE-WS-meishan-grading-coating-E2	repairBacklog	derived
obj_maintenanceorder_MO-LINE-WS-meishan-grading-winding-E1	repairBacklog	derived
obj_maintenanceorder_MO-LINE-WS-meishan-pack-assembly-E2	repairBacklog	derived
obj_maintenanceorder_MO-LINE-WS-meishan-pack-coating-E1	repairBacklog	derived
obj_maintenanceorder_MO-LINE-WS-meishan-pack-winding-E2	repairBacklog	derived
obj_maintenanceorder_MO-LINE-WS-meishan-slitting-coating-E2	repairBacklog	derived
obj_maintenanceorder_MO-LINE-WS-meishan-slitting-winding-E1	repairBacklog	derived
obj_maintenanceorder_MO-LINE-WS-meishan-slurry-assembly-E2	repairBacklog	derived
obj_maintenanceorder_MO-LINE-WS-meishan-slurry-coating-E1	repairBacklog	derived
obj_maintenanceorder_MO-LINE-WS-meishan-slurry-winding-E2	repairBacklog	derived
obj_maintenanceorder_MO-LINE-WS-meishan-winding-assembly-E1	repairBacklog	derived
obj_maintenanceorder_MO-LINE-WS-wuhan-assembly-coating-E2	repairBacklog	derived
obj_maintenanceorder_MO-LINE-WS-wuhan-assembly-winding-E1	repairBacklog	derived
obj_maintenanceorder_MO-LINE-WS-wuhan-calendering-coating-E2	repairBacklog	derived
obj_maintenanceorder_MO-LINE-WS-wuhan-calendering-winding-E1	repairBacklog	derived
obj_maintenanceorder_MO-LINE-WS-wuhan-coating-assembly-E2	repairBacklog	derived
obj_maintenanceorder_MO-LINE-WS-wuhan-coating-coating-E1	repairBacklog	derived
obj_maintenanceorder_MO-LINE-WS-wuhan-coating-winding-E2	repairBacklog	derived
obj_maintenanceorder_MO-LINE-WS-wuhan-grading-assembly-E1	repairBacklog	derived
obj_maintenanceorder_MO-LINE-WS-wuhan-slitting-assembly-E1	repairBacklog	derived
obj_maintenanceorder_MO-LINE-WS-wuhan-winding-coating-E2	repairBacklog	derived
obj_maintenanceorder_MO-LINE-WS-wuhan-winding-winding-E1	repairBacklog	derived
obj_maintenanceorder_MO-LINE-WS-xiamen-calendering-assembly-E2	repairBacklog	derived
obj_maintenanceorder_MO-LINE-WS-xiamen-calendering-coating-E1	repairBacklog	derived
obj_maintenanceorder_MO-LINE-WS-xiamen-calendering-winding-E2	repairBacklog	derived
obj_maintenanceorder_MO-LINE-WS-xiamen-coating-coating-E2	repairBacklog	derived
obj_maintenanceorder_MO-LINE-WS-xiamen-coating-winding-E1	repairBacklog	derived
obj_maintenanceorder_MO-LINE-WS-xiamen-filling-assembly-E1	repairBacklog	derived
obj_maintenanceorder_MO-LINE-WS-xiamen-formation-assembly-E1	repairBacklog	derived
obj_maintenanceorder_MO-LINE-WS-xiamen-pack-coating-E2	repairBacklog	derived
obj_maintenanceorder_MO-LINE-WS-xiamen-pack-winding-E1	repairBacklog	derived
obj_maintenanceorder_MO-LINE-WS-xiamen-slitting-assembly-E2	repairBacklog	derived
obj_maintenanceorder_MO-LINE-WS-xiamen-slitting-coating-E1	repairBacklog	derived
obj_maintenanceorder_MO-LINE-WS-xiamen-slitting-winding-E2	repairBacklog	derived
obj_maintenanceorder_MO-LINE-WS-xiamen-slurry-coating-E2	repairBacklog	derived
obj_maintenanceorder_MO-LINE-WS-xiamen-slurry-winding-E1	repairBacklog	derived
obj_maintenanceorder_MO-LINE-WS-xiamen-winding-assembly-E2	repairBacklog	derived
obj_maintenanceorder_MO-LINE-WS-xiamen-winding-coating-E1	repairBacklog	derived
obj_maintenanceorder_MO-LINE-WS-xiamen-winding-winding-E2	repairBacklog	derived
obj_maintenanceorder_MO-LINE-WS-xinyang-assembly-assembly-E2	repairBacklog	derived
obj_maintenanceorder_MO-LINE-WS-xinyang-assembly-coating-E1	repairBacklog	derived
obj_maintenanceorder_MO-LINE-WS-xinyang-assembly-winding-E2	repairBacklog	derived
obj_maintenanceorder_MO-LINE-WS-xinyang-coating-assembly-E1	repairBacklog	derived
obj_maintenanceorder_MO-LINE-WS-xinyang-filling-coating-E2	repairBacklog	derived
obj_maintenanceorder_MO-LINE-WS-xinyang-filling-winding-E1	repairBacklog	derived
obj_maintenanceorder_MO-LINE-WS-xinyang-formation-coating-E2	repairBacklog	derived
obj_maintenanceorder_MO-LINE-WS-xinyang-formation-winding-E1	repairBacklog	derived
obj_maintenanceorder_MO-LINE-WS-xinyang-grading-assembly-E2	repairBacklog	derived
obj_maintenanceorder_MO-LINE-WS-xinyang-grading-coating-E1	repairBacklog	derived
obj_maintenanceorder_MO-LINE-WS-xinyang-grading-winding-E2	repairBacklog	derived
obj_maintenanceorder_MO-LINE-WS-xinyang-pack-assembly-E1	repairBacklog	derived
obj_maintenanceorder_MO-LINE-WS-xinyang-slurry-assembly-E1	repairBacklog	derived
obj_maintenanceorder_MO-LINE-WS-yangzhou-assembly-assembly-E1	repairBacklog	derived
obj_maintenanceorder_MO-LINE-WS-yangzhou-calendering-assembly-E1	repairBacklog	derived
obj_maintenanceorder_MO-LINE-WS-yangzhou-filling-assembly-E2	repairBacklog	derived
obj_maintenanceorder_MO-LINE-WS-yangzhou-filling-coating-E1	repairBacklog	derived
obj_maintenanceorder_MO-LINE-WS-yangzhou-filling-winding-E2	repairBacklog	derived
obj_maintenanceorder_MO-LINE-WS-yangzhou-formation-assembly-E2	repairBacklog	derived
obj_maintenanceorder_MO-LINE-WS-yangzhou-formation-coating-E1	repairBacklog	derived
obj_maintenanceorder_MO-LINE-WS-yangzhou-formation-winding-E2	repairBacklog	derived
obj_maintenanceorder_MO-LINE-WS-yangzhou-grading-coating-E2	repairBacklog	derived
obj_maintenanceorder_MO-LINE-WS-yangzhou-grading-winding-E1	repairBacklog	derived
obj_maintenanceorder_MO-LINE-WS-yangzhou-pack-assembly-E2	repairBacklog	derived
obj_maintenanceorder_MO-LINE-WS-yangzhou-pack-coating-E1	repairBacklog	derived
obj_maintenanceorder_MO-LINE-WS-yangzhou-pack-winding-E2	repairBacklog	derived
obj_maintenanceorder_MO-LINE-WS-yangzhou-slitting-coating-E2	repairBacklog	derived
obj_maintenanceorder_MO-LINE-WS-yangzhou-slitting-winding-E1	repairBacklog	derived
obj_maintenanceorder_MO-LINE-WS-yangzhou-slurry-assembly-E2	repairBacklog	derived
obj_maintenanceorder_MO-LINE-WS-yangzhou-slurry-coating-E1	repairBacklog	derived
obj_maintenanceorder_MO-LINE-WS-yangzhou-slurry-winding-E2	repairBacklog	derived
obj_maintenanceorder_MO-LINE-WS-yangzhou-winding-assembly-E1	repairBacklog	derived
obj_maintenanceorder_MO-LINE-WS-zaozhuang-assembly-assembly-E1	repairBacklog	derived
obj_maintenanceorder_MO-LINE-WS-zaozhuang-calendering-assembly-E1	repairBacklog	derived
obj_maintenanceorder_MO-LINE-WS-zaozhuang-filling-assembly-E2	repairBacklog	derived
obj_maintenanceorder_MO-LINE-WS-zaozhuang-filling-coating-E1	repairBacklog	derived
obj_maintenanceorder_MO-LINE-WS-zaozhuang-filling-winding-E2	repairBacklog	derived
obj_maintenanceorder_MO-LINE-WS-zaozhuang-formation-assembly-E2	repairBacklog	derived
obj_maintenanceorder_MO-LINE-WS-zaozhuang-formation-coating-E1	repairBacklog	derived
obj_maintenanceorder_MO-LINE-WS-zaozhuang-formation-winding-E2	repairBacklog	derived
obj_maintenanceorder_MO-LINE-WS-zaozhuang-grading-coating-E2	repairBacklog	derived
obj_maintenanceorder_MO-LINE-WS-zaozhuang-grading-winding-E1	repairBacklog	derived
obj_maintenanceorder_MO-LINE-WS-zaozhuang-pack-assembly-E2	repairBacklog	derived
obj_maintenanceorder_MO-LINE-WS-zaozhuang-pack-coating-E1	repairBacklog	derived
obj_maintenanceorder_MO-LINE-WS-zaozhuang-pack-winding-E2	repairBacklog	derived
obj_maintenanceorder_MO-LINE-WS-zaozhuang-slitting-coating-E2	repairBacklog	derived
obj_maintenanceorder_MO-LINE-WS-zaozhuang-slitting-winding-E1	repairBacklog	derived
obj_maintenanceorder_MO-LINE-WS-zaozhuang-slurry-assembly-E2	repairBacklog	derived
obj_maintenanceorder_MO-LINE-WS-zaozhuang-slurry-coating-E1	repairBacklog	derived
obj_maintenanceorder_MO-LINE-WS-zaozhuang-slurry-winding-E2	repairBacklog	derived
obj_maintenanceorder_MO-LINE-WS-zaozhuang-winding-assembly-E1	repairBacklog	derived
obj_maintenanceorder_MO-LINE-WS-zigong-assembly-assembly-E2	repairBacklog	derived
obj_maintenanceorder_MO-LINE-WS-zigong-assembly-coating-E1	repairBacklog	derived
obj_maintenanceorder_MO-LINE-WS-zigong-assembly-winding-E2	repairBacklog	derived
obj_maintenanceorder_MO-LINE-WS-zigong-coating-assembly-E1	repairBacklog	derived
obj_maintenanceorder_MO-LINE-WS-zigong-filling-coating-E2	repairBacklog	derived
obj_maintenanceorder_MO-LINE-WS-zigong-filling-winding-E1	repairBacklog	derived
obj_maintenanceorder_MO-LINE-WS-zigong-formation-coating-E2	repairBacklog	derived
obj_maintenanceorder_MO-LINE-WS-zigong-formation-winding-E1	repairBacklog	derived
obj_maintenanceorder_MO-LINE-WS-zigong-grading-assembly-E2	repairBacklog	derived
obj_maintenanceorder_MO-LINE-WS-zigong-grading-coating-E1	repairBacklog	derived
obj_maintenanceorder_MO-LINE-WS-zigong-grading-winding-E2	repairBacklog	derived
obj_maintenanceorder_MO-LINE-WS-zigong-pack-assembly-E1	repairBacklog	derived
obj_maintenanceorder_MO-LINE-WS-zigong-slurry-assembly-E1	repairBacklog	derived
obj_maintplan_MP-changzhou	windowSqueeze	derived
obj_maintplan_MP-chengdu	windowSqueeze	derived
obj_maintplan_MP-handan	windowSqueeze	derived
obj_maintplan_MP-hefei	windowSqueeze	derived
obj_maintplan_MP-jiangmen	windowSqueeze	derived
obj_maintplan_MP-jinhua	windowSqueeze	derived
obj_maintplan_MP-meishan	windowSqueeze	derived
obj_maintplan_MP-wuhan	windowSqueeze	derived
obj_maintplan_MP-xiamen	windowSqueeze	derived
obj_maintplan_MP-xinyang	windowSqueeze	derived
obj_maintplan_MP-yangzhou	windowSqueeze	derived
obj_maintplan_MP-zaozhuang	windowSqueeze	derived
obj_maintplan_MP-zigong	windowSqueeze	derived
obj_material_al_foil	priceShock	measured
obj_material_al_foil	shortageRisk	measured
obj_material_cell_case	priceShock	measured
obj_material_cell_case	shortageRisk	measured
obj_material_cu_foil	priceShock	measured
obj_material_cu_foil	shortageRisk	measured
obj_material_elyte	priceShock	measured
obj_material_elyte	shortageRisk	measured
obj_material_neg_graphite	priceShock	measured
obj_material_neg_graphite	shortageRisk	measured
obj_material_pos_lfp	priceShock	measured
obj_material_pos_lfp	shortageRisk	measured
obj_material_pos_ncm	priceShock	measured
obj_material_pos_ncm	shortageRisk	measured
obj_material_sep_film	priceShock	measured
obj_material_sep_film	shortageRisk	measured
obj_materialalternative_ALT-001	switchPressure	derived
obj_materialalternative_ALT-002	switchPressure	derived
obj_materialalternative_ALT-003	switchPressure	derived
obj_materialalternative_ALT-004	switchPressure	derived
obj_materialalternative_ALT-005	switchPressure	derived
obj_materialbalance_mbal-1	gapPressure	measured
obj_materialbalance_mbal-2	gapPressure	measured
obj_materialbalance_mbal-3	gapPressure	measured
obj_materialbalance_mbal-4	gapPressure	measured
obj_materialbalance_mbal-5	gapPressure	measured
obj_materialbalance_mbal-6	gapPressure	measured
obj_materialbalance_mbal-7	gapPressure	measured
obj_materialbalance_mbal-8	gapPressure	measured
obj_materialbalance_mbal-9	gapPressure	measured
obj_materialbatch_al_foil_b0	procurementDelay	measured
obj_materialbatch_al_foil_b0	turnoverPressure	derived
obj_materialbatch_al_foil_b1	procurementDelay	measured
obj_materialbatch_al_foil_b1	turnoverPressure	derived
obj_materialbatch_al_foil_b2	procurementDelay	measured
obj_materialbatch_al_foil_b2	turnoverPressure	derived
obj_materialbatch_cell_case_b0	procurementDelay	measured
obj_materialbatch_cell_case_b0	turnoverPressure	derived
obj_materialbatch_cell_case_b1	procurementDelay	measured
obj_materialbatch_cell_case_b1	turnoverPressure	derived
obj_materialbatch_cell_case_b2	procurementDelay	measured
obj_materialbatch_cell_case_b2	turnoverPressure	derived
obj_materialbatch_cu_foil_b0	procurementDelay	measured
obj_materialbatch_cu_foil_b0	turnoverPressure	derived
obj_materialbatch_cu_foil_b1	procurementDelay	measured
obj_materialbatch_cu_foil_b1	turnoverPressure	derived
obj_materialbatch_cu_foil_b2	procurementDelay	measured
obj_materialbatch_cu_foil_b2	turnoverPressure	derived
obj_materialbatch_elyte_b0	procurementDelay	measured
obj_materialbatch_elyte_b0	turnoverPressure	derived
obj_materialbatch_elyte_b1	procurementDelay	measured
obj_materialbatch_elyte_b1	turnoverPressure	derived
obj_materialbatch_elyte_b2	procurementDelay	measured
obj_materialbatch_elyte_b2	turnoverPressure	derived
obj_materialbatch_neg_graphite_b0	procurementDelay	measured
obj_materialbatch_neg_graphite_b0	turnoverPressure	derived
obj_materialbatch_neg_graphite_b1	procurementDelay	measured
obj_materialbatch_neg_graphite_b1	turnoverPressure	derived
obj_materialbatch_neg_graphite_b2	procurementDelay	measured
obj_materialbatch_neg_graphite_b2	turnoverPressure	derived
obj_materialbatch_pos_lfp_b0	procurementDelay	measured
obj_materialbatch_pos_lfp_b0	turnoverPressure	derived
obj_materialbatch_pos_lfp_b1	procurementDelay	measured
obj_materialbatch_pos_lfp_b1	turnoverPressure	derived
obj_materialbatch_pos_lfp_b2	procurementDelay	measured
obj_materialbatch_pos_lfp_b2	turnoverPressure	derived
obj_materialbatch_pos_ncm_b0	procurementDelay	measured
obj_materialbatch_pos_ncm_b0	turnoverPressure	derived
obj_materialbatch_pos_ncm_b1	procurementDelay	measured
obj_materialbatch_pos_ncm_b1	turnoverPressure	derived
obj_materialbatch_pos_ncm_b2	procurementDelay	measured
obj_materialbatch_pos_ncm_b2	turnoverPressure	derived
obj_materialbatch_sep_film_b0	procurementDelay	measured
obj_materialbatch_sep_film_b0	turnoverPressure	derived
obj_materialbatch_sep_film_b1	procurementDelay	measured
obj_materialbatch_sep_film_b1	turnoverPressure	derived
obj_materialbatch_sep_film_b2	procurementDelay	measured
obj_materialbatch_sep_film_b2	turnoverPressure	derived
obj_model_2170-NCM	backlogPriceTop	derived
obj_model_2170-NCM	backlogQtyTop	derived
obj_model_2170-NCM	costPressure	measured
obj_model_2170-NCM	demandLoad	measured
obj_model_2170-NCM	forecastBias	derived
obj_model_2170-NCM	supplyRisk	measured
obj_model_4680-LFP	backlogPriceTop	derived
obj_model_4680-LFP	backlogQtyTop	derived
obj_model_4680-LFP	costPressure	measured
obj_model_4680-LFP	demandLoad	measured
obj_model_4680-LFP	forecastBias	derived
obj_model_4680-LFP	supplyRisk	measured
obj_model_4680-NCM	backlogPriceTop	derived
obj_model_4680-NCM	backlogQtyTop	derived
obj_model_4680-NCM	costPressure	measured
obj_model_4680-NCM	demandLoad	measured
obj_model_4680-NCM	forecastBias	derived
obj_model_4680-NCM	supplyRisk	measured
obj_model_圆柱-LFP	backlogPriceTop	derived
obj_model_圆柱-LFP	backlogQtyTop	derived
obj_model_圆柱-LFP	costPressure	measured
obj_model_圆柱-LFP	demandLoad	measured
obj_model_圆柱-LFP	forecastBias	derived
obj_model_圆柱-LFP	supplyRisk	measured
obj_model_方形-LFP	backlogPriceTop	derived
obj_model_方形-LFP	backlogQtyTop	derived
obj_model_方形-LFP	costPressure	measured
obj_model_方形-LFP	demandLoad	measured
obj_model_方形-LFP	forecastBias	derived
obj_model_方形-LFP	supplyRisk	measured
obj_model_方形-NCM	backlogPriceTop	derived
obj_model_方形-NCM	backlogQtyTop	derived
obj_model_方形-NCM	costPressure	measured
obj_model_方形-NCM	demandLoad	measured
obj_model_方形-NCM	forecastBias	derived
obj_model_方形-NCM	supplyRisk	measured
obj_order_SO-3391	costPressure	measured
obj_order_SO-3391	demandPressure	measured
obj_order_SO-3391	leadDays	measured
obj_order_SO-3391	orderChurn	derived
obj_order_SO-3391	qty	measured
obj_order_SO-3391	shortageRisk	measured
obj_order_SO-3391	unitPrice	measured
obj_order_SO-3402	costPressure	measured
obj_order_SO-3402	demandPressure	measured
obj_order_SO-3402	leadDays	measured
obj_order_SO-3402	orderChurn	derived
obj_order_SO-3402	qty	measured
obj_order_SO-3402	shortageRisk	measured
obj_order_SO-3402	unitPrice	measured
obj_order_SO-3415	costPressure	measured
obj_order_SO-3415	demandPressure	measured
obj_order_SO-3415	leadDays	measured
obj_order_SO-3415	orderChurn	derived
obj_order_SO-3415	qty	measured
obj_order_SO-3415	shortageRisk	measured
obj_order_SO-3415	unitPrice	measured
obj_order_SO-3420	costPressure	measured
obj_order_SO-3420	demandPressure	measured
obj_order_SO-3420	leadDays	measured
obj_order_SO-3420	orderChurn	derived
obj_order_SO-3420	qty	measured
obj_order_SO-3420	shortageRisk	measured
obj_order_SO-3420	unitPrice	measured
obj_order_SO-3431	costPressure	measured
obj_order_SO-3431	demandPressure	measured
obj_order_SO-3431	leadDays	measured
obj_order_SO-3431	orderChurn	derived
obj_order_SO-3431	qty	measured
obj_order_SO-3431	shortageRisk	measured
obj_order_SO-3431	unitPrice	measured
obj_order_SO-3437	costPressure	measured
obj_order_SO-3437	demandPressure	measured
obj_order_SO-3437	leadDays	measured
obj_order_SO-3437	orderChurn	derived
obj_order_SO-3437	qty	measured
obj_order_SO-3437	shortageRisk	measured
obj_order_SO-3437	unitPrice	measured
obj_order_SO-3445	costPressure	measured
obj_order_SO-3445	demandPressure	measured
obj_order_SO-3445	leadDays	measured
obj_order_SO-3445	orderChurn	derived
obj_order_SO-3445	qty	measured
obj_order_SO-3445	shortageRisk	measured
obj_order_SO-3445	unitPrice	measured
obj_order_SO-3452	costPressure	measured
obj_order_SO-3452	demandPressure	measured
obj_order_SO-3452	leadDays	measured
obj_order_SO-3452	orderChurn	derived
obj_order_SO-3452	qty	measured
obj_order_SO-3452	shortageRisk	measured
obj_order_SO-3452	unitPrice	measured
obj_order_SO-3458	costPressure	measured
obj_order_SO-3458	demandPressure	measured
obj_order_SO-3458	leadDays	measured
obj_order_SO-3458	orderChurn	derived
obj_order_SO-3458	qty	measured
obj_order_SO-3458	shortageRisk	measured
obj_order_SO-3458	unitPrice	measured
obj_order_SO-3464	costPressure	measured
obj_order_SO-3464	demandPressure	measured
obj_order_SO-3464	leadDays	measured
obj_order_SO-3464	orderChurn	derived
obj_order_SO-3464	qty	measured
obj_order_SO-3464	shortageRisk	measured
obj_order_SO-3464	unitPrice	measured
obj_order_SO-3470	costPressure	measured
obj_order_SO-3470	demandPressure	measured
obj_order_SO-3470	leadDays	measured
obj_order_SO-3470	orderChurn	derived
obj_order_SO-3470	qty	measured
obj_order_SO-3470	shortageRisk	measured
obj_order_SO-3470	unitPrice	measured
obj_order_SO-3476	costPressure	measured
obj_order_SO-3476	demandPressure	measured
obj_order_SO-3476	leadDays	measured
obj_order_SO-3476	orderChurn	derived
obj_order_SO-3476	qty	measured
obj_order_SO-3476	shortageRisk	measured
obj_order_SO-3476	unitPrice	measured
obj_order_SO-3481	costPressure	measured
obj_order_SO-3481	demandPressure	measured
obj_order_SO-3481	leadDays	measured
obj_order_SO-3481	orderChurn	derived
obj_order_SO-3481	qty	measured
obj_order_SO-3481	shortageRisk	measured
obj_order_SO-3481	unitPrice	measured
obj_order_SO-3486	costPressure	measured
obj_order_SO-3486	demandPressure	measured
obj_order_SO-3486	leadDays	measured
obj_order_SO-3486	orderChurn	derived
obj_order_SO-3486	qty	measured
obj_order_SO-3486	shortageRisk	measured
obj_order_SO-3486	unitPrice	measured
obj_order_SO-3490	costPressure	measured
obj_order_SO-3490	demandPressure	measured
obj_order_SO-3490	leadDays	measured
obj_order_SO-3490	orderChurn	derived
obj_order_SO-3490	qty	measured
obj_order_SO-3490	shortageRisk	measured
obj_order_SO-3490	unitPrice	measured
obj_order_SO-3495	costPressure	measured
obj_order_SO-3495	demandPressure	measured
obj_order_SO-3495	leadDays	measured
obj_order_SO-3495	orderChurn	derived
obj_order_SO-3495	qty	measured
obj_order_SO-3495	shortageRisk	measured
obj_order_SO-3495	unitPrice	measured
obj_order_SO-3501	costPressure	measured
obj_order_SO-3501	demandPressure	measured
obj_order_SO-3501	leadDays	measured
obj_order_SO-3501	orderChurn	derived
obj_order_SO-3501	qty	measured
obj_order_SO-3501	shortageRisk	measured
obj_order_SO-3501	unitPrice	measured
obj_order_SO-3506	costPressure	measured
obj_order_SO-3506	demandPressure	measured
obj_order_SO-3506	leadDays	measured
obj_order_SO-3506	orderChurn	derived
obj_order_SO-3506	qty	measured
obj_order_SO-3506	shortageRisk	measured
obj_order_SO-3506	unitPrice	measured
obj_order_SO-3512	costPressure	measured
obj_order_SO-3512	demandPressure	measured
obj_order_SO-3512	leadDays	measured
obj_order_SO-3512	orderChurn	derived
obj_order_SO-3512	qty	measured
obj_order_SO-3512	shortageRisk	measured
obj_order_SO-3512	unitPrice	measured
obj_order_SO-3518	costPressure	measured
obj_order_SO-3518	demandPressure	measured
obj_order_SO-3518	leadDays	measured
obj_order_SO-3518	orderChurn	derived
obj_order_SO-3518	qty	measured
obj_order_SO-3518	shortageRisk	measured
obj_order_SO-3518	unitPrice	measured
obj_order_SO-3523	costPressure	measured
obj_order_SO-3523	demandPressure	measured
obj_order_SO-3523	leadDays	measured
obj_order_SO-3523	orderChurn	derived
obj_order_SO-3523	qty	measured
obj_order_SO-3523	shortageRisk	measured
obj_order_SO-3523	unitPrice	measured
obj_order_SO-3529	costPressure	measured
obj_order_SO-3529	demandPressure	measured
obj_order_SO-3529	leadDays	measured
obj_order_SO-3529	orderChurn	derived
obj_order_SO-3529	qty	measured
obj_order_SO-3529	shortageRisk	measured
obj_order_SO-3529	unitPrice	measured
obj_order_SO-3534	costPressure	measured
obj_order_SO-3534	demandPressure	measured
obj_order_SO-3534	leadDays	measured
obj_order_SO-3534	orderChurn	derived
obj_order_SO-3534	qty	measured
obj_order_SO-3534	shortageRisk	measured
obj_order_SO-3534	unitPrice	measured
obj_order_SO-3540	costPressure	measured
obj_order_SO-3540	demandPressure	measured
obj_order_SO-3540	leadDays	measured
obj_order_SO-3540	orderChurn	derived
obj_order_SO-3540	qty	measured
obj_order_SO-3540	shortageRisk	measured
obj_order_SO-3540	unitPrice	measured
obj_order_SO-900025	costPressure	measured
obj_order_SO-900025	demandPressure	measured
obj_order_SO-900025	leadDays	measured
obj_order_SO-900025	orderChurn	derived
obj_order_SO-900025	qty	measured
obj_order_SO-900025	shortageRisk	measured
obj_order_SO-900025	unitPrice	measured
obj_order_SO-900029	costPressure	measured
obj_order_SO-900029	demandPressure	measured
obj_order_SO-900029	leadDays	measured
obj_order_SO-900029	orderChurn	derived
obj_order_SO-900029	qty	measured
obj_order_SO-900029	shortageRisk	measured
obj_order_SO-900029	unitPrice	measured
obj_order_SO-900030	costPressure	measured
obj_order_SO-900030	demandPressure	measured
obj_order_SO-900030	leadDays	measured
obj_order_SO-900030	orderChurn	derived
obj_order_SO-900030	qty	measured
obj_order_SO-900030	shortageRisk	measured
obj_order_SO-900030	unitPrice	measured
obj_order_SO-900038	costPressure	measured
obj_order_SO-900038	demandPressure	measured
obj_order_SO-900038	leadDays	measured
obj_order_SO-900038	orderChurn	derived
obj_order_SO-900038	qty	measured
obj_order_SO-900038	shortageRisk	measured
obj_order_SO-900038	unitPrice	measured
obj_order_SO-900043	costPressure	measured
obj_order_SO-900043	demandPressure	measured
obj_order_SO-900043	leadDays	measured
obj_order_SO-900043	orderChurn	derived
obj_order_SO-900043	qty	measured
obj_order_SO-900043	shortageRisk	measured
obj_order_SO-900043	unitPrice	measured
obj_order_SO-900048	costPressure	measured
obj_order_SO-900048	demandPressure	measured
obj_order_SO-900048	leadDays	measured
obj_order_SO-900048	orderChurn	derived
obj_order_SO-900048	qty	measured
obj_order_SO-900048	shortageRisk	measured
obj_order_SO-900048	unitPrice	measured
obj_order_SO-900052	costPressure	measured
obj_order_SO-900052	demandPressure	measured
obj_order_SO-900052	leadDays	measured
obj_order_SO-900052	orderChurn	derived
obj_order_SO-900052	qty	measured
obj_order_SO-900052	shortageRisk	measured
obj_order_SO-900052	unitPrice	measured
obj_order_SO-900056	costPressure	measured
obj_order_SO-900056	demandPressure	measured
obj_order_SO-900056	leadDays	measured
obj_order_SO-900056	orderChurn	derived
obj_order_SO-900056	qty	measured
obj_order_SO-900056	shortageRisk	measured
obj_order_SO-900056	unitPrice	measured
obj_order_SO-900060	costPressure	measured
obj_order_SO-900060	demandPressure	measured
obj_order_SO-900060	leadDays	measured
obj_order_SO-900060	orderChurn	derived
obj_order_SO-900060	qty	measured
obj_order_SO-900060	shortageRisk	measured
obj_order_SO-900060	unitPrice	measured
obj_order_SO-900070	costPressure	measured
obj_order_SO-900070	demandPressure	measured
obj_order_SO-900070	leadDays	measured
obj_order_SO-900070	orderChurn	derived
obj_order_SO-900070	qty	measured
obj_order_SO-900070	shortageRisk	measured
obj_order_SO-900070	unitPrice	measured
obj_order_SO-900072	costPressure	measured
obj_order_SO-900072	demandPressure	measured
obj_order_SO-900072	leadDays	measured
obj_order_SO-900072	orderChurn	derived
obj_order_SO-900072	qty	measured
obj_order_SO-900072	shortageRisk	measured
obj_order_SO-900072	unitPrice	measured
obj_order_SO-900074	costPressure	measured
obj_order_SO-900074	demandPressure	measured
obj_order_SO-900074	leadDays	measured
obj_order_SO-900074	orderChurn	derived
obj_order_SO-900074	qty	measured
obj_order_SO-900074	shortageRisk	measured
obj_order_SO-900074	unitPrice	measured
obj_order_SO-900077	costPressure	measured
obj_order_SO-900077	demandPressure	measured
obj_order_SO-900077	leadDays	measured
obj_order_SO-900077	orderChurn	derived
obj_order_SO-900077	qty	measured
obj_order_SO-900077	shortageRisk	measured
obj_order_SO-900077	unitPrice	measured
obj_order_SO-900079	costPressure	measured
obj_order_SO-900079	demandPressure	measured
obj_order_SO-900079	leadDays	measured
obj_order_SO-900079	orderChurn	derived
obj_order_SO-900079	qty	measured
obj_order_SO-900079	shortageRisk	measured
obj_order_SO-900079	unitPrice	measured
obj_order_SO-900088	costPressure	measured
obj_order_SO-900088	demandPressure	measured
obj_order_SO-900088	leadDays	measured
obj_order_SO-900088	orderChurn	derived
obj_order_SO-900088	qty	measured
obj_order_SO-900088	shortageRisk	measured
obj_order_SO-900088	unitPrice	measured
obj_order_SO-900090	costPressure	measured
obj_order_SO-900090	demandPressure	measured
obj_order_SO-900090	leadDays	measured
obj_order_SO-900090	orderChurn	derived
obj_order_SO-900090	qty	measured
obj_order_SO-900090	shortageRisk	measured
obj_order_SO-900090	unitPrice	measured
obj_order_SO-900091	costPressure	measured
obj_order_SO-900091	demandPressure	measured
obj_order_SO-900091	leadDays	measured
obj_order_SO-900091	orderChurn	derived
obj_order_SO-900091	qty	measured
obj_order_SO-900091	shortageRisk	measured
obj_order_SO-900091	unitPrice	measured
obj_order_SO-900094	costPressure	measured
obj_order_SO-900094	demandPressure	measured
obj_order_SO-900094	leadDays	measured
obj_order_SO-900094	orderChurn	derived
obj_order_SO-900094	qty	measured
obj_order_SO-900094	shortageRisk	measured
obj_order_SO-900094	unitPrice	measured
obj_order_SO-900105	costPressure	measured
obj_order_SO-900105	demandPressure	measured
obj_order_SO-900105	leadDays	measured
obj_order_SO-900105	orderChurn	derived
obj_order_SO-900105	qty	measured
obj_order_SO-900105	shortageRisk	measured
obj_order_SO-900105	unitPrice	measured
obj_order_SO-900112	costPressure	measured
obj_order_SO-900112	demandPressure	measured
obj_order_SO-900112	leadDays	measured
obj_order_SO-900112	orderChurn	derived
obj_order_SO-900112	qty	measured
obj_order_SO-900112	shortageRisk	measured
obj_order_SO-900112	unitPrice	measured
obj_order_SO-900114	costPressure	measured
obj_order_SO-900114	demandPressure	measured
obj_order_SO-900114	leadDays	measured
obj_order_SO-900114	orderChurn	derived
obj_order_SO-900114	qty	measured
obj_order_SO-900114	shortageRisk	measured
obj_order_SO-900114	unitPrice	measured
obj_order_SO-900121	costPressure	measured
obj_order_SO-900121	demandPressure	measured
obj_order_SO-900121	leadDays	measured
obj_order_SO-900121	orderChurn	derived
obj_order_SO-900121	qty	measured
obj_order_SO-900121	shortageRisk	measured
obj_order_SO-900121	unitPrice	measured
obj_order_SO-900122	costPressure	measured
obj_order_SO-900122	demandPressure	measured
obj_order_SO-900122	leadDays	measured
obj_order_SO-900122	orderChurn	derived
obj_order_SO-900122	qty	measured
obj_order_SO-900122	shortageRisk	measured
obj_order_SO-900122	unitPrice	measured
obj_order_SO-900123	costPressure	measured
obj_order_SO-900123	demandPressure	measured
obj_order_SO-900123	leadDays	measured
obj_order_SO-900123	orderChurn	derived
obj_order_SO-900123	qty	measured
obj_order_SO-900123	shortageRisk	measured
obj_order_SO-900123	unitPrice	measured
obj_order_SO-900128	costPressure	measured
obj_order_SO-900128	demandPressure	measured
obj_order_SO-900128	leadDays	measured
obj_order_SO-900128	orderChurn	derived
obj_order_SO-900128	qty	measured
obj_order_SO-900128	shortageRisk	measured
obj_order_SO-900128	unitPrice	measured
obj_order_SO-900134	costPressure	measured
obj_order_SO-900134	demandPressure	measured
obj_order_SO-900134	leadDays	measured
obj_order_SO-900134	orderChurn	derived
obj_order_SO-900134	qty	measured
obj_order_SO-900134	shortageRisk	measured
obj_order_SO-900134	unitPrice	measured
obj_order_SO-900137	costPressure	measured
obj_order_SO-900137	demandPressure	measured
obj_order_SO-900137	leadDays	measured
obj_order_SO-900137	orderChurn	derived
obj_order_SO-900137	qty	measured
obj_order_SO-900137	shortageRisk	measured
obj_order_SO-900137	unitPrice	measured
obj_order_SO-900138	costPressure	measured
obj_order_SO-900138	demandPressure	measured
obj_order_SO-900138	leadDays	measured
obj_order_SO-900138	orderChurn	derived
obj_order_SO-900138	qty	measured
obj_order_SO-900138	shortageRisk	measured
obj_order_SO-900138	unitPrice	measured
obj_order_SO-900141	costPressure	measured
obj_order_SO-900141	demandPressure	measured
obj_order_SO-900141	leadDays	measured
obj_order_SO-900141	orderChurn	derived
obj_order_SO-900141	qty	measured
obj_order_SO-900141	shortageRisk	measured
obj_order_SO-900141	unitPrice	measured
obj_order_SO-900151	costPressure	measured
obj_order_SO-900151	demandPressure	measured
obj_order_SO-900151	leadDays	measured
obj_order_SO-900151	orderChurn	derived
obj_order_SO-900151	qty	measured
obj_order_SO-900151	shortageRisk	measured
obj_order_SO-900151	unitPrice	measured
obj_order_SO-900152	costPressure	measured
obj_order_SO-900152	demandPressure	measured
obj_order_SO-900152	leadDays	measured
obj_order_SO-900152	orderChurn	derived
obj_order_SO-900152	qty	measured
obj_order_SO-900152	shortageRisk	measured
obj_order_SO-900152	unitPrice	measured
obj_order_SO-900157	costPressure	measured
obj_order_SO-900157	demandPressure	measured
obj_order_SO-900157	leadDays	measured
obj_order_SO-900157	orderChurn	derived
obj_order_SO-900157	qty	measured
obj_order_SO-900157	shortageRisk	measured
obj_order_SO-900157	unitPrice	measured
obj_order_SO-900158	costPressure	measured
obj_order_SO-900158	demandPressure	measured
obj_order_SO-900158	leadDays	measured
obj_order_SO-900158	orderChurn	derived
obj_order_SO-900158	qty	measured
obj_order_SO-900158	shortageRisk	measured
obj_order_SO-900158	unitPrice	measured
obj_order_SO-900174	costPressure	measured
obj_order_SO-900174	demandPressure	measured
obj_order_SO-900174	leadDays	measured
obj_order_SO-900174	orderChurn	derived
obj_order_SO-900174	qty	measured
obj_order_SO-900174	shortageRisk	measured
obj_order_SO-900174	unitPrice	measured
obj_order_SO-900181	costPressure	measured
obj_order_SO-900181	demandPressure	measured
obj_order_SO-900181	leadDays	measured
obj_order_SO-900181	orderChurn	derived
obj_order_SO-900181	qty	measured
obj_order_SO-900181	shortageRisk	measured
obj_order_SO-900181	unitPrice	measured
obj_order_SO-900183	costPressure	measured
obj_order_SO-900183	demandPressure	measured
obj_order_SO-900183	leadDays	measured
obj_order_SO-900183	orderChurn	derived
obj_order_SO-900183	qty	measured
obj_order_SO-900183	shortageRisk	measured
obj_order_SO-900183	unitPrice	measured
obj_order_SO-900185	costPressure	measured
obj_order_SO-900185	demandPressure	measured
obj_order_SO-900185	leadDays	measured
obj_order_SO-900185	orderChurn	derived
obj_order_SO-900185	qty	measured
obj_order_SO-900185	shortageRisk	measured
obj_order_SO-900185	unitPrice	measured
obj_order_SO-900187	costPressure	measured
obj_order_SO-900187	demandPressure	measured
obj_order_SO-900187	leadDays	measured
obj_order_SO-900187	orderChurn	derived
obj_order_SO-900187	qty	measured
obj_order_SO-900187	shortageRisk	measured
obj_order_SO-900187	unitPrice	measured
obj_order_SO-900191	costPressure	measured
obj_order_SO-900191	demandPressure	measured
obj_order_SO-900191	leadDays	measured
obj_order_SO-900191	orderChurn	derived
obj_order_SO-900191	qty	measured
obj_order_SO-900191	shortageRisk	measured
obj_order_SO-900191	unitPrice	measured
obj_order_SO-900194	costPressure	measured
obj_order_SO-900194	demandPressure	measured
obj_order_SO-900194	leadDays	measured
obj_order_SO-900194	orderChurn	derived
obj_order_SO-900194	qty	measured
obj_order_SO-900194	shortageRisk	measured
obj_order_SO-900194	unitPrice	measured
obj_order_SO-900197	costPressure	measured
obj_order_SO-900197	demandPressure	measured
obj_order_SO-900197	leadDays	measured
obj_order_SO-900197	orderChurn	derived
obj_order_SO-900197	qty	measured
obj_order_SO-900197	shortageRisk	measured
obj_order_SO-900197	unitPrice	measured
obj_order_SO-900199	costPressure	measured
obj_order_SO-900199	demandPressure	measured
obj_order_SO-900199	leadDays	measured
obj_order_SO-900199	orderChurn	derived
obj_order_SO-900199	qty	measured
obj_order_SO-900199	shortageRisk	measured
obj_order_SO-900199	unitPrice	measured
obj_order_SO-900209	costPressure	measured
obj_order_SO-900209	demandPressure	measured
obj_order_SO-900209	leadDays	measured
obj_order_SO-900209	orderChurn	derived
obj_order_SO-900209	qty	measured
obj_order_SO-900209	shortageRisk	measured
obj_order_SO-900209	unitPrice	measured
obj_order_SO-900210	costPressure	measured
obj_order_SO-900210	demandPressure	measured
obj_order_SO-900210	leadDays	measured
obj_order_SO-900210	orderChurn	derived
obj_order_SO-900210	qty	measured
obj_order_SO-900210	shortageRisk	measured
obj_order_SO-900210	unitPrice	measured
obj_order_SO-900216	costPressure	measured
obj_order_SO-900216	demandPressure	measured
obj_order_SO-900216	leadDays	measured
obj_order_SO-900216	orderChurn	derived
obj_order_SO-900216	qty	measured
obj_order_SO-900216	shortageRisk	measured
obj_order_SO-900216	unitPrice	measured
obj_order_SO-900220	costPressure	measured
obj_order_SO-900220	demandPressure	measured
obj_order_SO-900220	leadDays	measured
obj_order_SO-900220	orderChurn	derived
obj_order_SO-900220	qty	measured
obj_order_SO-900220	shortageRisk	measured
obj_order_SO-900220	unitPrice	measured
obj_order_SO-900221	costPressure	measured
obj_order_SO-900221	demandPressure	measured
obj_order_SO-900221	leadDays	measured
obj_order_SO-900221	orderChurn	derived
obj_order_SO-900221	qty	measured
obj_order_SO-900221	shortageRisk	measured
obj_order_SO-900221	unitPrice	measured
obj_order_SO-900223	costPressure	measured
obj_order_SO-900223	demandPressure	measured
obj_order_SO-900223	leadDays	measured
obj_order_SO-900223	orderChurn	derived
obj_order_SO-900223	qty	measured
obj_order_SO-900223	shortageRisk	measured
obj_order_SO-900223	unitPrice	measured
obj_order_SO-900233	costPressure	measured
obj_order_SO-900233	demandPressure	measured
obj_order_SO-900233	leadDays	measured
obj_order_SO-900233	orderChurn	derived
obj_order_SO-900233	qty	measured
obj_order_SO-900233	shortageRisk	measured
obj_order_SO-900233	unitPrice	measured
obj_order_SO-900235	costPressure	measured
obj_order_SO-900235	demandPressure	measured
obj_order_SO-900235	leadDays	measured
obj_order_SO-900235	orderChurn	derived
obj_order_SO-900235	qty	measured
obj_order_SO-900235	shortageRisk	measured
obj_order_SO-900235	unitPrice	measured
obj_order_SO-900239	costPressure	measured
obj_order_SO-900239	demandPressure	measured
obj_order_SO-900239	leadDays	measured
obj_order_SO-900239	orderChurn	derived
obj_order_SO-900239	qty	measured
obj_order_SO-900239	shortageRisk	measured
obj_order_SO-900239	unitPrice	measured
obj_order_SO-900244	costPressure	measured
obj_order_SO-900244	demandPressure	measured
obj_order_SO-900244	leadDays	measured
obj_order_SO-900244	orderChurn	derived
obj_order_SO-900244	qty	measured
obj_order_SO-900244	shortageRisk	measured
obj_order_SO-900244	unitPrice	measured
obj_order_SO-900245	costPressure	measured
obj_order_SO-900245	demandPressure	measured
obj_order_SO-900245	leadDays	measured
obj_order_SO-900245	orderChurn	derived
obj_order_SO-900245	qty	measured
obj_order_SO-900245	shortageRisk	measured
obj_order_SO-900245	unitPrice	measured
obj_order_SO-900248	costPressure	measured
obj_order_SO-900248	demandPressure	measured
obj_order_SO-900248	leadDays	measured
obj_order_SO-900248	orderChurn	derived
obj_order_SO-900248	qty	measured
obj_order_SO-900248	shortageRisk	measured
obj_order_SO-900248	unitPrice	measured
obj_order_SO-900257	costPressure	measured
obj_order_SO-900257	demandPressure	measured
obj_order_SO-900257	leadDays	measured
obj_order_SO-900257	orderChurn	derived
obj_order_SO-900257	qty	measured
obj_order_SO-900257	shortageRisk	measured
obj_order_SO-900257	unitPrice	measured
obj_order_SO-900260	costPressure	measured
obj_order_SO-900260	demandPressure	measured
obj_order_SO-900260	leadDays	measured
obj_order_SO-900260	orderChurn	derived
obj_order_SO-900260	qty	measured
obj_order_SO-900260	shortageRisk	measured
obj_order_SO-900260	unitPrice	measured
obj_order_SO-900263	costPressure	measured
obj_order_SO-900263	demandPressure	measured
obj_order_SO-900263	leadDays	measured
obj_order_SO-900263	orderChurn	derived
obj_order_SO-900263	qty	measured
obj_order_SO-900263	shortageRisk	measured
obj_order_SO-900263	unitPrice	measured
obj_order_SO-900269	costPressure	measured
obj_order_SO-900269	demandPressure	measured
obj_order_SO-900269	leadDays	measured
obj_order_SO-900269	orderChurn	derived
obj_order_SO-900269	qty	measured
obj_order_SO-900269	shortageRisk	measured
obj_order_SO-900269	unitPrice	measured
obj_order_SO-900270	costPressure	measured
obj_order_SO-900270	demandPressure	measured
obj_order_SO-900270	leadDays	measured
obj_order_SO-900270	orderChurn	derived
obj_order_SO-900270	qty	measured
obj_order_SO-900270	shortageRisk	measured
obj_order_SO-900270	unitPrice	measured
obj_order_SO-900272	costPressure	measured
obj_order_SO-900272	demandPressure	measured
obj_order_SO-900272	leadDays	measured
obj_order_SO-900272	orderChurn	derived
obj_order_SO-900272	qty	measured
obj_order_SO-900272	shortageRisk	measured
obj_order_SO-900272	unitPrice	measured
obj_order_SO-900273	costPressure	measured
obj_order_SO-900273	demandPressure	measured
obj_order_SO-900273	leadDays	measured
obj_order_SO-900273	orderChurn	derived
obj_order_SO-900273	qty	measured
obj_order_SO-900273	shortageRisk	measured
obj_order_SO-900273	unitPrice	measured
obj_order_SO-900276	costPressure	measured
obj_order_SO-900276	demandPressure	measured
obj_order_SO-900276	leadDays	measured
obj_order_SO-900276	orderChurn	derived
obj_order_SO-900276	qty	measured
obj_order_SO-900276	shortageRisk	measured
obj_order_SO-900276	unitPrice	measured
obj_order_SO-900280	costPressure	measured
obj_order_SO-900280	demandPressure	measured
obj_order_SO-900280	leadDays	measured
obj_order_SO-900280	orderChurn	derived
obj_order_SO-900280	qty	measured
obj_order_SO-900280	shortageRisk	measured
obj_order_SO-900280	unitPrice	measured
obj_order_SO-900283	costPressure	measured
obj_order_SO-900283	demandPressure	measured
obj_order_SO-900283	leadDays	measured
obj_order_SO-900283	orderChurn	derived
obj_order_SO-900283	qty	measured
obj_order_SO-900283	shortageRisk	measured
obj_order_SO-900283	unitPrice	measured
obj_order_SO-900284	costPressure	measured
obj_order_SO-900284	demandPressure	measured
obj_order_SO-900284	leadDays	measured
obj_order_SO-900284	orderChurn	derived
obj_order_SO-900284	qty	measured
obj_order_SO-900284	shortageRisk	measured
obj_order_SO-900284	unitPrice	measured
obj_order_SO-900286	costPressure	measured
obj_order_SO-900286	demandPressure	measured
obj_order_SO-900286	leadDays	measured
obj_order_SO-900286	orderChurn	derived
obj_order_SO-900286	qty	measured
obj_order_SO-900286	shortageRisk	measured
obj_order_SO-900286	unitPrice	measured
obj_order_SO-900290	costPressure	measured
obj_order_SO-900290	demandPressure	measured
obj_order_SO-900290	leadDays	measured
obj_order_SO-900290	orderChurn	derived
obj_order_SO-900290	qty	measured
obj_order_SO-900290	shortageRisk	measured
obj_order_SO-900290	unitPrice	measured
obj_order_SO-900308	costPressure	measured
obj_order_SO-900308	demandPressure	measured
obj_order_SO-900308	leadDays	measured
obj_order_SO-900308	orderChurn	derived
obj_order_SO-900308	qty	measured
obj_order_SO-900308	shortageRisk	measured
obj_order_SO-900308	unitPrice	measured
obj_order_SO-900309	costPressure	measured
obj_order_SO-900309	demandPressure	measured
obj_order_SO-900309	leadDays	measured
obj_order_SO-900309	orderChurn	derived
obj_order_SO-900309	qty	measured
obj_order_SO-900309	shortageRisk	measured
obj_order_SO-900309	unitPrice	measured
obj_order_SO-900312	costPressure	measured
obj_order_SO-900312	demandPressure	measured
obj_order_SO-900312	leadDays	measured
obj_order_SO-900312	orderChurn	derived
obj_order_SO-900312	qty	measured
obj_order_SO-900312	shortageRisk	measured
obj_order_SO-900312	unitPrice	measured
obj_order_SO-900313	costPressure	measured
obj_order_SO-900313	demandPressure	measured
obj_order_SO-900313	leadDays	measured
obj_order_SO-900313	orderChurn	derived
obj_order_SO-900313	qty	measured
obj_order_SO-900313	shortageRisk	measured
obj_order_SO-900313	unitPrice	measured
obj_order_SO-900315	costPressure	measured
obj_order_SO-900315	demandPressure	measured
obj_order_SO-900315	leadDays	measured
obj_order_SO-900315	orderChurn	derived
obj_order_SO-900315	qty	measured
obj_order_SO-900315	shortageRisk	measured
obj_order_SO-900315	unitPrice	measured
obj_order_SO-900317	costPressure	measured
obj_order_SO-900317	demandPressure	measured
obj_order_SO-900317	leadDays	measured
obj_order_SO-900317	orderChurn	derived
obj_order_SO-900317	qty	measured
obj_order_SO-900317	shortageRisk	measured
obj_order_SO-900317	unitPrice	measured
obj_order_SO-900319	costPressure	measured
obj_order_SO-900319	demandPressure	measured
obj_order_SO-900319	leadDays	measured
obj_order_SO-900319	orderChurn	derived
obj_order_SO-900319	qty	measured
obj_order_SO-900319	shortageRisk	measured
obj_order_SO-900319	unitPrice	measured
obj_order_SO-900321	costPressure	measured
obj_order_SO-900321	demandPressure	measured
obj_order_SO-900321	leadDays	measured
obj_order_SO-900321	orderChurn	derived
obj_order_SO-900321	qty	measured
obj_order_SO-900321	shortageRisk	measured
obj_order_SO-900321	unitPrice	measured
obj_order_SO-900324	costPressure	measured
obj_order_SO-900324	demandPressure	measured
obj_order_SO-900324	leadDays	measured
obj_order_SO-900324	orderChurn	derived
obj_order_SO-900324	qty	measured
obj_order_SO-900324	shortageRisk	measured
obj_order_SO-900324	unitPrice	measured
obj_order_SO-900325	costPressure	measured
obj_order_SO-900325	demandPressure	measured
obj_order_SO-900325	leadDays	measured
obj_order_SO-900325	orderChurn	derived
obj_order_SO-900325	qty	measured
obj_order_SO-900325	shortageRisk	measured
obj_order_SO-900325	unitPrice	measured
obj_order_SO-900327	costPressure	measured
obj_order_SO-900327	demandPressure	measured
obj_order_SO-900327	leadDays	measured
obj_order_SO-900327	orderChurn	derived
obj_order_SO-900327	qty	measured
obj_order_SO-900327	shortageRisk	measured
obj_order_SO-900327	unitPrice	measured
obj_order_SO-900331	costPressure	measured
obj_order_SO-900331	demandPressure	measured
obj_order_SO-900331	leadDays	measured
obj_order_SO-900331	orderChurn	derived
obj_order_SO-900331	qty	measured
obj_order_SO-900331	shortageRisk	measured
obj_order_SO-900331	unitPrice	measured
obj_order_SO-900336	costPressure	measured
obj_order_SO-900336	demandPressure	measured
obj_order_SO-900336	leadDays	measured
obj_order_SO-900336	orderChurn	derived
obj_order_SO-900336	qty	measured
obj_order_SO-900336	shortageRisk	measured
obj_order_SO-900336	unitPrice	measured
obj_order_SO-900339	costPressure	measured
obj_order_SO-900339	demandPressure	measured
obj_order_SO-900339	leadDays	measured
obj_order_SO-900339	orderChurn	derived
obj_order_SO-900339	qty	measured
obj_order_SO-900339	shortageRisk	measured
obj_order_SO-900339	unitPrice	measured
obj_order_SO-900341	costPressure	measured
obj_order_SO-900341	demandPressure	measured
obj_order_SO-900341	leadDays	measured
obj_order_SO-900341	orderChurn	derived
obj_order_SO-900341	qty	measured
obj_order_SO-900341	shortageRisk	measured
obj_order_SO-900341	unitPrice	measured
obj_order_SO-900350	costPressure	measured
obj_order_SO-900350	demandPressure	measured
obj_order_SO-900350	leadDays	measured
obj_order_SO-900350	orderChurn	derived
obj_order_SO-900350	qty	measured
obj_order_SO-900350	shortageRisk	measured
obj_order_SO-900350	unitPrice	measured
obj_order_SO-900352	costPressure	measured
obj_order_SO-900352	demandPressure	measured
obj_order_SO-900352	leadDays	measured
obj_order_SO-900352	orderChurn	derived
obj_order_SO-900352	qty	measured
obj_order_SO-900352	shortageRisk	measured
obj_order_SO-900352	unitPrice	measured
obj_order_SO-900353	costPressure	measured
obj_order_SO-900353	demandPressure	measured
obj_order_SO-900353	leadDays	measured
obj_order_SO-900353	orderChurn	derived
obj_order_SO-900353	qty	measured
obj_order_SO-900353	shortageRisk	measured
obj_order_SO-900353	unitPrice	measured
obj_order_SO-900359	costPressure	measured
obj_order_SO-900359	demandPressure	measured
obj_order_SO-900359	leadDays	measured
obj_order_SO-900359	orderChurn	derived
obj_order_SO-900359	qty	measured
obj_order_SO-900359	shortageRisk	measured
obj_order_SO-900359	unitPrice	measured
obj_order_SO-900362	costPressure	measured
obj_order_SO-900362	demandPressure	measured
obj_order_SO-900362	leadDays	measured
obj_order_SO-900362	orderChurn	derived
obj_order_SO-900362	qty	measured
obj_order_SO-900362	shortageRisk	measured
obj_order_SO-900362	unitPrice	measured
obj_order_SO-900363	costPressure	measured
obj_order_SO-900363	demandPressure	measured
obj_order_SO-900363	leadDays	measured
obj_order_SO-900363	orderChurn	derived
obj_order_SO-900363	qty	measured
obj_order_SO-900363	shortageRisk	measured
obj_order_SO-900363	unitPrice	measured
obj_order_SO-900367	costPressure	measured
obj_order_SO-900367	demandPressure	measured
obj_order_SO-900367	leadDays	measured
obj_order_SO-900367	orderChurn	derived
obj_order_SO-900367	qty	measured
obj_order_SO-900367	shortageRisk	measured
obj_order_SO-900367	unitPrice	measured
obj_order_SO-900374	costPressure	measured
obj_order_SO-900374	demandPressure	measured
obj_order_SO-900374	leadDays	measured
obj_order_SO-900374	orderChurn	derived
obj_order_SO-900374	qty	measured
obj_order_SO-900374	shortageRisk	measured
obj_order_SO-900374	unitPrice	measured
obj_order_SO-900376	costPressure	measured
obj_order_SO-900376	demandPressure	measured
obj_order_SO-900376	leadDays	measured
obj_order_SO-900376	orderChurn	derived
obj_order_SO-900376	qty	measured
obj_order_SO-900376	shortageRisk	measured
obj_order_SO-900376	unitPrice	measured
obj_order_SO-900379	costPressure	measured
obj_order_SO-900379	demandPressure	measured
obj_order_SO-900379	leadDays	measured
obj_order_SO-900379	orderChurn	derived
obj_order_SO-900379	qty	measured
obj_order_SO-900379	shortageRisk	measured
obj_order_SO-900379	unitPrice	measured
obj_order_SO-900381	costPressure	measured
obj_order_SO-900381	demandPressure	measured
obj_order_SO-900381	leadDays	measured
obj_order_SO-900381	orderChurn	derived
obj_order_SO-900381	qty	measured
obj_order_SO-900381	shortageRisk	measured
obj_order_SO-900381	unitPrice	measured
obj_order_SO-900384	costPressure	measured
obj_order_SO-900384	demandPressure	measured
obj_order_SO-900384	leadDays	measured
obj_order_SO-900384	orderChurn	derived
obj_order_SO-900384	qty	measured
obj_order_SO-900384	shortageRisk	measured
obj_order_SO-900384	unitPrice	measured
obj_order_SO-900390	costPressure	measured
obj_order_SO-900390	demandPressure	measured
obj_order_SO-900390	leadDays	measured
obj_order_SO-900390	orderChurn	derived
obj_order_SO-900390	qty	measured
obj_order_SO-900390	shortageRisk	measured
obj_order_SO-900390	unitPrice	measured
obj_order_SO-900397	costPressure	measured
obj_order_SO-900397	demandPressure	measured
obj_order_SO-900397	leadDays	measured
obj_order_SO-900397	orderChurn	derived
obj_order_SO-900397	qty	measured
obj_order_SO-900397	shortageRisk	measured
obj_order_SO-900397	unitPrice	measured
obj_order_SO-900400	costPressure	measured
obj_order_SO-900400	demandPressure	measured
obj_order_SO-900400	leadDays	measured
obj_order_SO-900400	orderChurn	derived
obj_order_SO-900400	qty	measured
obj_order_SO-900400	shortageRisk	measured
obj_order_SO-900400	unitPrice	measured
obj_order_SO-900401	costPressure	measured
obj_order_SO-900401	demandPressure	measured
obj_order_SO-900401	leadDays	measured
obj_order_SO-900401	orderChurn	derived
obj_order_SO-900401	qty	measured
obj_order_SO-900401	shortageRisk	measured
obj_order_SO-900401	unitPrice	measured
obj_order_SO-900402	costPressure	measured
obj_order_SO-900402	demandPressure	measured
obj_order_SO-900402	leadDays	measured
obj_order_SO-900402	orderChurn	derived
obj_order_SO-900402	qty	measured
obj_order_SO-900402	shortageRisk	measured
obj_order_SO-900402	unitPrice	measured
obj_order_SO-900404	costPressure	measured
obj_order_SO-900404	demandPressure	measured
obj_order_SO-900404	leadDays	measured
obj_order_SO-900404	orderChurn	derived
obj_order_SO-900404	qty	measured
obj_order_SO-900404	shortageRisk	measured
obj_order_SO-900404	unitPrice	measured
obj_order_SO-900406	costPressure	measured
obj_order_SO-900406	demandPressure	measured
obj_order_SO-900406	leadDays	measured
obj_order_SO-900406	orderChurn	derived
obj_order_SO-900406	qty	measured
obj_order_SO-900406	shortageRisk	measured
obj_order_SO-900406	unitPrice	measured
obj_order_SO-900415	costPressure	measured
obj_order_SO-900415	demandPressure	measured
obj_order_SO-900415	leadDays	measured
obj_order_SO-900415	orderChurn	derived
obj_order_SO-900415	qty	measured
obj_order_SO-900415	shortageRisk	measured
obj_order_SO-900415	unitPrice	measured
obj_order_SO-900427	costPressure	measured
obj_order_SO-900427	demandPressure	measured
obj_order_SO-900427	leadDays	measured
obj_order_SO-900427	orderChurn	derived
obj_order_SO-900427	qty	measured
obj_order_SO-900427	shortageRisk	measured
obj_order_SO-900427	unitPrice	measured
obj_order_SO-900428	costPressure	measured
obj_order_SO-900428	demandPressure	measured
obj_order_SO-900428	leadDays	measured
obj_order_SO-900428	orderChurn	derived
obj_order_SO-900428	qty	measured
obj_order_SO-900428	shortageRisk	measured
obj_order_SO-900428	unitPrice	measured
obj_order_SO-900433	costPressure	measured
obj_order_SO-900433	demandPressure	measured
obj_order_SO-900433	leadDays	measured
obj_order_SO-900433	orderChurn	derived
obj_order_SO-900433	qty	measured
obj_order_SO-900433	shortageRisk	measured
obj_order_SO-900433	unitPrice	measured
obj_order_SO-900436	costPressure	measured
obj_order_SO-900436	demandPressure	measured
obj_order_SO-900436	leadDays	measured
obj_order_SO-900436	orderChurn	derived
obj_order_SO-900436	qty	measured
obj_order_SO-900436	shortageRisk	measured
obj_order_SO-900436	unitPrice	measured
obj_order_SO-900442	costPressure	measured
obj_order_SO-900442	demandPressure	measured
obj_order_SO-900442	leadDays	measured
obj_order_SO-900442	orderChurn	derived
obj_order_SO-900442	qty	measured
obj_order_SO-900442	shortageRisk	measured
obj_order_SO-900442	unitPrice	measured
obj_order_SO-900444	costPressure	measured
obj_order_SO-900444	demandPressure	measured
obj_order_SO-900444	leadDays	measured
obj_order_SO-900444	orderChurn	derived
obj_order_SO-900444	qty	measured
obj_order_SO-900444	shortageRisk	measured
obj_order_SO-900444	unitPrice	measured
obj_order_SO-900448	costPressure	measured
obj_order_SO-900448	demandPressure	measured
obj_order_SO-900448	leadDays	measured
obj_order_SO-900448	orderChurn	derived
obj_order_SO-900448	qty	measured
obj_order_SO-900448	shortageRisk	measured
obj_order_SO-900448	unitPrice	measured
obj_order_SO-900453	costPressure	measured
obj_order_SO-900453	demandPressure	measured
obj_order_SO-900453	leadDays	measured
obj_order_SO-900453	orderChurn	derived
obj_order_SO-900453	qty	measured
obj_order_SO-900453	shortageRisk	measured
obj_order_SO-900453	unitPrice	measured
obj_order_SO-900462	costPressure	measured
obj_order_SO-900462	demandPressure	measured
obj_order_SO-900462	leadDays	measured
obj_order_SO-900462	orderChurn	derived
obj_order_SO-900462	qty	measured
obj_order_SO-900462	shortageRisk	measured
obj_order_SO-900462	unitPrice	measured
obj_order_SO-900463	costPressure	measured
obj_order_SO-900463	demandPressure	measured
obj_order_SO-900463	leadDays	measured
obj_order_SO-900463	orderChurn	derived
obj_order_SO-900463	qty	measured
obj_order_SO-900463	shortageRisk	measured
obj_order_SO-900463	unitPrice	measured
obj_order_SO-900465	costPressure	measured
obj_order_SO-900465	demandPressure	measured
obj_order_SO-900465	leadDays	measured
obj_order_SO-900465	orderChurn	derived
obj_order_SO-900465	qty	measured
obj_order_SO-900465	shortageRisk	measured
obj_order_SO-900465	unitPrice	measured
obj_order_SO-900467	costPressure	measured
obj_order_SO-900467	demandPressure	measured
obj_order_SO-900467	leadDays	measured
obj_order_SO-900467	orderChurn	derived
obj_order_SO-900467	qty	measured
obj_order_SO-900467	shortageRisk	measured
obj_order_SO-900467	unitPrice	measured
obj_order_SO-900468	costPressure	measured
obj_order_SO-900468	demandPressure	measured
obj_order_SO-900468	leadDays	measured
obj_order_SO-900468	orderChurn	derived
obj_order_SO-900468	qty	measured
obj_order_SO-900468	shortageRisk	measured
obj_order_SO-900468	unitPrice	measured
obj_order_SO-900470	costPressure	measured
obj_order_SO-900470	demandPressure	measured
obj_order_SO-900470	leadDays	measured
obj_order_SO-900470	orderChurn	derived
obj_order_SO-900470	qty	measured
obj_order_SO-900470	shortageRisk	measured
obj_order_SO-900470	unitPrice	measured
obj_order_SO-900472	costPressure	measured
obj_order_SO-900472	demandPressure	measured
obj_order_SO-900472	leadDays	measured
obj_order_SO-900472	orderChurn	derived
obj_order_SO-900472	qty	measured
obj_order_SO-900472	shortageRisk	measured
obj_order_SO-900472	unitPrice	measured
obj_order_SO-900474	costPressure	measured
obj_order_SO-900474	demandPressure	measured
obj_order_SO-900474	leadDays	measured
obj_order_SO-900474	orderChurn	derived
obj_order_SO-900474	qty	measured
obj_order_SO-900474	shortageRisk	measured
obj_order_SO-900474	unitPrice	measured
obj_order_SO-900478	costPressure	measured
obj_order_SO-900478	demandPressure	measured
obj_order_SO-900478	leadDays	measured
obj_order_SO-900478	orderChurn	derived
obj_order_SO-900478	qty	measured
obj_order_SO-900478	shortageRisk	measured
obj_order_SO-900478	unitPrice	measured
obj_order_SO-900479	costPressure	measured
obj_order_SO-900479	demandPressure	measured
obj_order_SO-900479	leadDays	measured
obj_order_SO-900479	orderChurn	derived
obj_order_SO-900479	qty	measured
obj_order_SO-900479	shortageRisk	measured
obj_order_SO-900479	unitPrice	measured
obj_order_SO-900481	costPressure	measured
obj_order_SO-900481	demandPressure	measured
obj_order_SO-900481	leadDays	measured
obj_order_SO-900481	orderChurn	derived
obj_order_SO-900481	qty	measured
obj_order_SO-900481	shortageRisk	measured
obj_order_SO-900481	unitPrice	measured
obj_order_SO-900485	costPressure	measured
obj_order_SO-900485	demandPressure	measured
obj_order_SO-900485	leadDays	measured
obj_order_SO-900485	orderChurn	derived
obj_order_SO-900485	qty	measured
obj_order_SO-900485	shortageRisk	measured
obj_order_SO-900485	unitPrice	measured
obj_order_SO-900487	costPressure	measured
obj_order_SO-900487	demandPressure	measured
obj_order_SO-900487	leadDays	measured
obj_order_SO-900487	orderChurn	derived
obj_order_SO-900487	qty	measured
obj_order_SO-900487	shortageRisk	measured
obj_order_SO-900487	unitPrice	measured
obj_order_SO-900493	costPressure	measured
obj_order_SO-900493	demandPressure	measured
obj_order_SO-900493	leadDays	measured
obj_order_SO-900493	orderChurn	derived
obj_order_SO-900493	qty	measured
obj_order_SO-900493	shortageRisk	measured
obj_order_SO-900493	unitPrice	measured
obj_order_SO-900496	costPressure	measured
obj_order_SO-900496	demandPressure	measured
obj_order_SO-900496	leadDays	measured
obj_order_SO-900496	orderChurn	derived
obj_order_SO-900496	qty	measured
obj_order_SO-900496	shortageRisk	measured
obj_order_SO-900496	unitPrice	measured
obj_order_SO-900499	costPressure	measured
obj_order_SO-900499	demandPressure	measured
obj_order_SO-900499	leadDays	measured
obj_order_SO-900499	orderChurn	derived
obj_order_SO-900499	qty	measured
obj_order_SO-900499	shortageRisk	measured
obj_order_SO-900499	unitPrice	measured
obj_orderline_SO-3391-L1	splitPressure	derived
obj_orderline_SO-3391-L2	splitPressure	derived
obj_orderline_SO-3391-L3	splitPressure	derived
obj_orderline_SO-3402-L1	splitPressure	derived
obj_orderline_SO-3415-L1	splitPressure	derived
obj_orderline_SO-3420-L1	splitPressure	derived
obj_orderline_SO-3431-L1	splitPressure	derived
obj_orderline_SO-3437-L1	splitPressure	derived
obj_orderline_SO-3445-L1	splitPressure	derived
obj_orderline_SO-3445-L2	splitPressure	derived
obj_orderline_SO-3452-L1	splitPressure	derived
obj_orderline_SO-3452-L2	splitPressure	derived
obj_orderline_SO-3452-L3	splitPressure	derived
obj_orderline_SO-3458-L1	splitPressure	derived
obj_orderline_SO-3458-L2	splitPressure	derived
obj_orderline_SO-3464-L1	splitPressure	derived
obj_orderline_SO-3470-L1	splitPressure	derived
obj_orderline_SO-3470-L2	splitPressure	derived
obj_orderline_SO-3476-L1	splitPressure	derived
obj_orderline_SO-3476-L2	splitPressure	derived
obj_orderline_SO-3481-L1	splitPressure	derived
obj_orderline_SO-3481-L2	splitPressure	derived
obj_orderline_SO-3486-L1	splitPressure	derived
obj_orderline_SO-3490-L1	splitPressure	derived
obj_orderline_SO-3490-L2	splitPressure	derived
obj_orderline_SO-3490-L3	splitPressure	derived
obj_orderline_SO-3495-L1	splitPressure	derived
obj_orderline_SO-3501-L1	splitPressure	derived
obj_orderline_SO-3506-L1	splitPressure	derived
obj_orderline_SO-3506-L2	splitPressure	derived
obj_orderline_SO-3512-L1	splitPressure	derived
obj_orderline_SO-3518-L1	splitPressure	derived
obj_orderline_SO-3523-L1	splitPressure	derived
obj_orderline_SO-3529-L1	splitPressure	derived
obj_orderline_SO-3534-L1	splitPressure	derived
obj_orderline_SO-3540-L1	splitPressure	derived
obj_orderline_SO-3540-L2	splitPressure	derived
obj_orderline_SO-3540-L3	splitPressure	derived
obj_orderline_SO-900024-L1	splitPressure	derived
obj_orderline_SO-900025-L1	splitPressure	derived
obj_orderline_SO-900025-L2	splitPressure	derived
obj_orderline_SO-900026-L1	splitPressure	derived
obj_orderline_SO-900027-L1	splitPressure	derived
obj_orderline_SO-900027-L2	splitPressure	derived
obj_orderline_SO-900027-L3	splitPressure	derived
obj_orderline_SO-900028-L1	splitPressure	derived
obj_orderline_SO-900029-L1	splitPressure	derived
obj_orderline_SO-900029-L2	splitPressure	derived
obj_orderline_SO-900029-L3	splitPressure	derived
obj_orderline_SO-900030-L1	splitPressure	derived
obj_orderline_SO-900030-L2	splitPressure	derived
obj_orderline_SO-900031-L1	splitPressure	derived
obj_orderline_SO-900032-L1	splitPressure	derived
obj_orderline_SO-900032-L2	splitPressure	derived
obj_orderline_SO-900032-L3	splitPressure	derived
obj_orderline_SO-900033-L1	splitPressure	derived
obj_orderline_SO-900034-L1	splitPressure	derived
obj_orderline_SO-900034-L2	splitPressure	derived
obj_orderline_SO-900034-L3	splitPressure	derived
obj_orderline_SO-900035-L1	splitPressure	derived
obj_orderline_SO-900036-L1	splitPressure	derived
obj_orderline_SO-900036-L2	splitPressure	derived
obj_orderline_SO-900037-L1	splitPressure	derived
obj_orderline_SO-900038-L1	splitPressure	derived
obj_orderline_SO-900038-L2	splitPressure	derived
obj_orderline_SO-900039-L1	splitPressure	derived
obj_orderline_SO-900040-L1	splitPressure	derived
obj_orderline_SO-900041-L1	splitPressure	derived
obj_orderline_SO-900041-L2	splitPressure	derived
obj_orderline_SO-900041-L3	splitPressure	derived
obj_orderline_SO-900042-L1	splitPressure	derived
obj_orderline_SO-900043-L1	splitPressure	derived
obj_orderline_SO-900043-L2	splitPressure	derived
obj_orderline_SO-900044-L1	splitPressure	derived
obj_orderline_SO-900045-L1	splitPressure	derived
obj_orderline_SO-900045-L2	splitPressure	derived
obj_orderline_SO-900046-L1	splitPressure	derived
obj_orderline_SO-900047-L1	splitPressure	derived
obj_orderline_SO-900047-L2	splitPressure	derived
obj_orderline_SO-900047-L3	splitPressure	derived
obj_orderline_SO-900048-L1	splitPressure	derived
obj_orderline_SO-900049-L1	splitPressure	derived
obj_orderline_SO-900049-L2	splitPressure	derived
obj_orderline_SO-900049-L3	splitPressure	derived
obj_orderline_SO-900050-L1	splitPressure	derived
obj_orderline_SO-900050-L2	splitPressure	derived
obj_orderline_SO-900050-L3	splitPressure	derived
obj_orderline_SO-900051-L1	splitPressure	derived
obj_orderline_SO-900052-L1	splitPressure	derived
obj_orderline_SO-900052-L2	splitPressure	derived
obj_orderline_SO-900053-L1	splitPressure	derived
obj_orderline_SO-900054-L1	splitPressure	derived
obj_orderline_SO-900054-L2	splitPressure	derived
obj_orderline_SO-900055-L1	splitPressure	derived
obj_orderline_SO-900056-L1	splitPressure	derived
obj_orderline_SO-900056-L2	splitPressure	derived
obj_orderline_SO-900056-L3	splitPressure	derived
obj_orderline_SO-900057-L1	splitPressure	derived
obj_orderline_SO-900058-L1	splitPressure	derived
obj_orderline_SO-900058-L2	splitPressure	derived
obj_orderline_SO-900058-L3	splitPressure	derived
obj_orderline_SO-900059-L1	splitPressure	derived
obj_orderline_SO-900060-L1	splitPressure	derived
obj_orderline_SO-900061-L1	splitPressure	derived
obj_orderline_SO-900061-L2	splitPressure	derived
obj_orderline_SO-900062-L1	splitPressure	derived
obj_orderline_SO-900063-L1	splitPressure	derived
obj_orderline_SO-900063-L2	splitPressure	derived
obj_orderline_SO-900063-L3	splitPressure	derived
obj_orderline_SO-900064-L1	splitPressure	derived
obj_orderline_SO-900065-L1	splitPressure	derived
obj_orderline_SO-900065-L2	splitPressure	derived
obj_orderline_SO-900065-L3	splitPressure	derived
obj_orderline_SO-900066-L1	splitPressure	derived
obj_orderline_SO-900067-L1	splitPressure	derived
obj_orderline_SO-900067-L2	splitPressure	derived
obj_orderline_SO-900068-L1	splitPressure	derived
obj_orderline_SO-900069-L1	splitPressure	derived
obj_orderline_SO-900069-L2	splitPressure	derived
obj_orderline_SO-900070-L1	splitPressure	derived
obj_orderline_SO-900070-L2	splitPressure	derived
obj_orderline_SO-900070-L3	splitPressure	derived
obj_orderline_SO-900071-L1	splitPressure	derived
obj_orderline_SO-900072-L1	splitPressure	derived
obj_orderline_SO-900072-L2	splitPressure	derived
obj_orderline_SO-900073-L1	splitPressure	derived
obj_orderline_SO-900074-L1	splitPressure	derived
obj_orderline_SO-900074-L2	splitPressure	derived
obj_orderline_SO-900075-L1	splitPressure	derived
obj_orderline_SO-900076-L1	splitPressure	derived
obj_orderline_SO-900076-L2	splitPressure	derived
obj_orderline_SO-900076-L3	splitPressure	derived
obj_orderline_SO-900077-L1	splitPressure	derived
obj_orderline_SO-900078-L1	splitPressure	derived
obj_orderline_SO-900078-L2	splitPressure	derived
obj_orderline_SO-900078-L3	splitPressure	derived
obj_orderline_SO-900079-L1	splitPressure	derived
obj_orderline_SO-900080-L1	splitPressure	derived
obj_orderline_SO-900081-L1	splitPressure	derived
obj_orderline_SO-900081-L2	splitPressure	derived
obj_orderline_SO-900082-L1	splitPressure	derived
obj_orderline_SO-900083-L1	splitPressure	derived
obj_orderline_SO-900083-L2	splitPressure	derived
obj_orderline_SO-900083-L3	splitPressure	derived
obj_orderline_SO-900084-L1	splitPressure	derived
obj_orderline_SO-900085-L1	splitPressure	derived
obj_orderline_SO-900085-L2	splitPressure	derived
obj_orderline_SO-900085-L3	splitPressure	derived
obj_orderline_SO-900086-L1	splitPressure	derived
obj_orderline_SO-900087-L1	splitPressure	derived
obj_orderline_SO-900087-L2	splitPressure	derived
obj_orderline_SO-900088-L1	splitPressure	derived
obj_orderline_SO-900089-L1	splitPressure	derived
obj_orderline_SO-900089-L2	splitPressure	derived
obj_orderline_SO-900090-L1	splitPressure	derived
obj_orderline_SO-900090-L2	splitPressure	derived
obj_orderline_SO-900091-L1	splitPressure	derived
obj_orderline_SO-900092-L1	splitPressure	derived
obj_orderline_SO-900092-L2	splitPressure	derived
obj_orderline_SO-900092-L3	splitPressure	derived
obj_orderline_SO-900093-L1	splitPressure	derived
obj_orderline_SO-900094-L1	splitPressure	derived
obj_orderline_SO-900094-L2	splitPressure	derived
obj_orderline_SO-900094-L3	splitPressure	derived
obj_orderline_SO-900095-L1	splitPressure	derived
obj_orderline_SO-900096-L1	splitPressure	derived
obj_orderline_SO-900096-L2	splitPressure	derived
obj_orderline_SO-900097-L1	splitPressure	derived
obj_orderline_SO-900098-L1	splitPressure	derived
obj_orderline_SO-900098-L2	splitPressure	derived
obj_orderline_SO-900099-L1	splitPressure	derived
obj_orderline_SO-900100-L1	splitPressure	derived
obj_orderline_SO-900100-L2	splitPressure	derived
obj_orderline_SO-900101-L1	splitPressure	derived
obj_orderline_SO-900102-L1	splitPressure	derived
obj_orderline_SO-900102-L2	splitPressure	derived
obj_orderline_SO-900102-L3	splitPressure	derived
obj_orderline_SO-900103-L1	splitPressure	derived
obj_orderline_SO-900104-L1	splitPressure	derived
obj_orderline_SO-900104-L2	splitPressure	derived
obj_orderline_SO-900104-L3	splitPressure	derived
obj_orderline_SO-900105-L1	splitPressure	derived
obj_orderline_SO-900106-L1	splitPressure	derived
obj_orderline_SO-900106-L2	splitPressure	derived
obj_orderline_SO-900107-L1	splitPressure	derived
obj_orderline_SO-900108-L1	splitPressure	derived
obj_orderline_SO-900108-L2	splitPressure	derived
obj_orderline_SO-900109-L1	splitPressure	derived
obj_orderline_SO-900110-L1	splitPressure	derived
obj_orderline_SO-900111-L1	splitPressure	derived
obj_orderline_SO-900111-L2	splitPressure	derived
obj_orderline_SO-900111-L3	splitPressure	derived
obj_orderline_SO-900112-L1	splitPressure	derived
obj_orderline_SO-900113-L1	splitPressure	derived
obj_orderline_SO-900113-L2	splitPressure	derived
obj_orderline_SO-900114-L1	splitPressure	derived
obj_orderline_SO-900115-L1	splitPressure	derived
obj_orderline_SO-900115-L2	splitPressure	derived
obj_orderline_SO-900116-L1	splitPressure	derived
obj_orderline_SO-900117-L1	splitPressure	derived
obj_orderline_SO-900117-L2	splitPressure	derived
obj_orderline_SO-900117-L3	splitPressure	derived
obj_orderline_SO-900118-L1	splitPressure	derived
obj_orderline_SO-900119-L1	splitPressure	derived
obj_orderline_SO-900119-L2	splitPressure	derived
obj_orderline_SO-900119-L3	splitPressure	derived
obj_orderline_SO-900120-L1	splitPressure	derived
obj_orderline_SO-900120-L2	splitPressure	derived
obj_orderline_SO-900121-L1	splitPressure	derived
obj_orderline_SO-900122-L1	splitPressure	derived
obj_orderline_SO-900122-L2	splitPressure	derived
obj_orderline_SO-900122-L3	splitPressure	derived
obj_orderline_SO-900123-L1	splitPressure	derived
obj_orderline_SO-900124-L1	splitPressure	derived
obj_orderline_SO-900124-L2	splitPressure	derived
obj_orderline_SO-900124-L3	splitPressure	derived
obj_orderline_SO-900125-L1	splitPressure	derived
obj_orderline_SO-900126-L1	splitPressure	derived
obj_orderline_SO-900126-L2	splitPressure	derived
obj_orderline_SO-900127-L1	splitPressure	derived
obj_orderline_SO-900128-L1	splitPressure	derived
obj_orderline_SO-900128-L2	splitPressure	derived
obj_orderline_SO-900129-L1	splitPressure	derived
obj_orderline_SO-900130-L1	splitPressure	derived
obj_orderline_SO-900131-L1	splitPressure	derived
obj_orderline_SO-900131-L2	splitPressure	derived
obj_orderline_SO-900132-L1	splitPressure	derived
obj_orderline_SO-900133-L1	splitPressure	derived
obj_orderline_SO-900133-L2	splitPressure	derived
obj_orderline_SO-900133-L3	splitPressure	derived
obj_orderline_SO-900134-L1	splitPressure	derived
obj_orderline_SO-900135-L1	splitPressure	derived
obj_orderline_SO-900135-L2	splitPressure	derived
obj_orderline_SO-900135-L3	splitPressure	derived
obj_orderline_SO-900136-L1	splitPressure	derived
obj_orderline_SO-900137-L1	splitPressure	derived
obj_orderline_SO-900137-L2	splitPressure	derived
obj_orderline_SO-900138-L1	splitPressure	derived
obj_orderline_SO-900139-L1	splitPressure	derived
obj_orderline_SO-900139-L2	splitPressure	derived
obj_orderline_SO-900140-L1	splitPressure	derived
obj_orderline_SO-900140-L2	splitPressure	derived
obj_orderline_SO-900140-L3	splitPressure	derived
obj_orderline_SO-900141-L1	splitPressure	derived
obj_orderline_SO-900142-L1	splitPressure	derived
obj_orderline_SO-900142-L2	splitPressure	derived
obj_orderline_SO-900143-L1	splitPressure	derived
obj_orderline_SO-900144-L1	splitPressure	derived
obj_orderline_SO-900144-L2	splitPressure	derived
obj_orderline_SO-900145-L1	splitPressure	derived
obj_orderline_SO-900146-L1	splitPressure	derived
obj_orderline_SO-900146-L2	splitPressure	derived
obj_orderline_SO-900146-L3	splitPressure	derived
obj_orderline_SO-900147-L1	splitPressure	derived
obj_orderline_SO-900148-L1	splitPressure	derived
obj_orderline_SO-900148-L2	splitPressure	derived
obj_orderline_SO-900148-L3	splitPressure	derived
obj_orderline_SO-900149-L1	splitPressure	derived
obj_orderline_SO-900150-L1	splitPressure	derived
obj_orderline_SO-900151-L1	splitPressure	derived
obj_orderline_SO-900151-L2	splitPressure	derived
obj_orderline_SO-900152-L1	splitPressure	derived
obj_orderline_SO-900153-L1	splitPressure	derived
obj_orderline_SO-900153-L2	splitPressure	derived
obj_orderline_SO-900153-L3	splitPressure	derived
obj_orderline_SO-900154-L1	splitPressure	derived
obj_orderline_SO-900155-L1	splitPressure	derived
obj_orderline_SO-900155-L2	splitPressure	derived
obj_orderline_SO-900155-L3	splitPressure	derived
obj_orderline_SO-900156-L1	splitPressure	derived
obj_orderline_SO-900157-L1	splitPressure	derived
obj_orderline_SO-900157-L2	splitPressure	derived
obj_orderline_SO-900158-L1	splitPressure	derived
obj_orderline_SO-900159-L1	splitPressure	derived
obj_orderline_SO-900159-L2	splitPressure	derived
obj_orderline_SO-900160-L1	splitPressure	derived
obj_orderline_SO-900160-L2	splitPressure	derived
obj_orderline_SO-900160-L3	splitPressure	derived
obj_orderline_SO-900161-L1	splitPressure	derived
obj_orderline_SO-900162-L1	splitPressure	derived
obj_orderline_SO-900162-L2	splitPressure	derived
obj_orderline_SO-900163-L1	splitPressure	derived
obj_orderline_SO-900164-L1	splitPressure	derived
obj_orderline_SO-900164-L2	splitPressure	derived
obj_orderline_SO-900165-L1	splitPressure	derived
obj_orderline_SO-900166-L1	splitPressure	derived
obj_orderline_SO-900166-L2	splitPressure	derived
obj_orderline_SO-900166-L3	splitPressure	derived
obj_orderline_SO-900167-L1	splitPressure	derived
obj_orderline_SO-900168-L1	splitPressure	derived
obj_orderline_SO-900168-L2	splitPressure	derived
obj_orderline_SO-900168-L3	splitPressure	derived
obj_orderline_SO-900169-L1	splitPressure	derived
obj_orderline_SO-900170-L1	splitPressure	derived
obj_orderline_SO-900171-L1	splitPressure	derived
obj_orderline_SO-900171-L2	splitPressure	derived
obj_orderline_SO-900171-L3	splitPressure	derived
obj_orderline_SO-900172-L1	splitPressure	derived
obj_orderline_SO-900173-L1	splitPressure	derived
obj_orderline_SO-900173-L2	splitPressure	derived
obj_orderline_SO-900174-L1	splitPressure	derived
obj_orderline_SO-900175-L1	splitPressure	derived
obj_orderline_SO-900175-L2	splitPressure	derived
obj_orderline_SO-900176-L1	splitPressure	derived
obj_orderline_SO-900177-L1	splitPressure	derived
obj_orderline_SO-900177-L2	splitPressure	derived
obj_orderline_SO-900177-L3	splitPressure	derived
obj_orderline_SO-900178-L1	splitPressure	derived
obj_orderline_SO-900179-L1	splitPressure	derived
obj_orderline_SO-900179-L2	splitPressure	derived
obj_orderline_SO-900179-L3	splitPressure	derived
obj_orderline_SO-900180-L1	splitPressure	derived
obj_orderline_SO-900180-L2	splitPressure	derived
obj_orderline_SO-900181-L1	splitPressure	derived
obj_orderline_SO-900182-L1	splitPressure	derived
obj_orderline_SO-900182-L2	splitPressure	derived
obj_orderline_SO-900182-L3	splitPressure	derived
obj_orderline_SO-900183-L1	splitPressure	derived
obj_orderline_SO-900184-L1	splitPressure	derived
obj_orderline_SO-900184-L2	splitPressure	derived
obj_orderline_SO-900184-L3	splitPressure	derived
obj_orderline_SO-900185-L1	splitPressure	derived
obj_orderline_SO-900186-L1	splitPressure	derived
obj_orderline_SO-900186-L2	splitPressure	derived
obj_orderline_SO-900187-L1	splitPressure	derived
obj_orderline_SO-900188-L1	splitPressure	derived
obj_orderline_SO-900188-L2	splitPressure	derived
obj_orderline_SO-900189-L1	splitPressure	derived
obj_orderline_SO-900190-L1	splitPressure	derived
obj_orderline_SO-900191-L1	splitPressure	derived
obj_orderline_SO-900191-L2	splitPressure	derived
obj_orderline_SO-900191-L3	splitPressure	derived
obj_orderline_SO-900192-L1	splitPressure	derived
obj_orderline_SO-900193-L1	splitPressure	derived
obj_orderline_SO-900193-L2	splitPressure	derived
obj_orderline_SO-900194-L1	splitPressure	derived
obj_orderline_SO-900195-L1	splitPressure	derived
obj_orderline_SO-900195-L2	splitPressure	derived
obj_orderline_SO-900196-L1	splitPressure	derived
obj_orderline_SO-900197-L1	splitPressure	derived
obj_orderline_SO-900197-L2	splitPressure	derived
obj_orderline_SO-900197-L3	splitPressure	derived
obj_orderline_SO-900198-L1	splitPressure	derived
obj_orderline_SO-900199-L1	splitPressure	derived
obj_orderline_SO-900199-L2	splitPressure	derived
obj_orderline_SO-900199-L3	splitPressure	derived
obj_orderline_SO-900200-L1	splitPressure	derived
obj_orderline_SO-900201-L1	splitPressure	derived
obj_orderline_SO-900201-L2	splitPressure	derived
obj_orderline_SO-900201-L3	splitPressure	derived
obj_orderline_SO-900202-L1	splitPressure	derived
obj_orderline_SO-900203-L1	splitPressure	derived
obj_orderline_SO-900203-L2	splitPressure	derived
obj_orderline_SO-900204-L1	splitPressure	derived
obj_orderline_SO-900205-L1	splitPressure	derived
obj_orderline_SO-900205-L2	splitPressure	derived
obj_orderline_SO-900206-L1	splitPressure	derived
obj_orderline_SO-900207-L1	splitPressure	derived
obj_orderline_SO-900207-L2	splitPressure	derived
obj_orderline_SO-900207-L3	splitPressure	derived
obj_orderline_SO-900208-L1	splitPressure	derived
obj_orderline_SO-900209-L1	splitPressure	derived
obj_orderline_SO-900209-L2	splitPressure	derived
obj_orderline_SO-900209-L3	splitPressure	derived
obj_orderline_SO-900210-L1	splitPressure	derived
obj_orderline_SO-900210-L2	splitPressure	derived
obj_orderline_SO-900211-L1	splitPressure	derived
obj_orderline_SO-900212-L1	splitPressure	derived
obj_orderline_SO-900212-L2	splitPressure	derived
obj_orderline_SO-900212-L3	splitPressure	derived
obj_orderline_SO-900213-L1	splitPressure	derived
obj_orderline_SO-900214-L1	splitPressure	derived
obj_orderline_SO-900214-L2	splitPressure	derived
obj_orderline_SO-900214-L3	splitPressure	derived
obj_orderline_SO-900215-L1	splitPressure	derived
obj_orderline_SO-900216-L1	splitPressure	derived
obj_orderline_SO-900216-L2	splitPressure	derived
obj_orderline_SO-900217-L1	splitPressure	derived
obj_orderline_SO-900218-L1	splitPressure	derived
obj_orderline_SO-900218-L2	splitPressure	derived
obj_orderline_SO-900219-L1	splitPressure	derived
obj_orderline_SO-900220-L1	splitPressure	derived
obj_orderline_SO-900221-L1	splitPressure	derived
obj_orderline_SO-900221-L2	splitPressure	derived
obj_orderline_SO-900222-L1	splitPressure	derived
obj_orderline_SO-900223-L1	splitPressure	derived
obj_orderline_SO-900223-L2	splitPressure	derived
obj_orderline_SO-900223-L3	splitPressure	derived
obj_orderline_SO-900224-L1	splitPressure	derived
obj_orderline_SO-900225-L1	splitPressure	derived
obj_orderline_SO-900225-L2	splitPressure	derived
obj_orderline_SO-900225-L3	splitPressure	derived
obj_orderline_SO-900226-L1	splitPressure	derived
obj_orderline_SO-900227-L1	splitPressure	derived
obj_orderline_SO-900227-L2	splitPressure	derived
obj_orderline_SO-900228-L1	splitPressure	derived
obj_orderline_SO-900229-L1	splitPressure	derived
obj_orderline_SO-900229-L2	splitPressure	derived
obj_orderline_SO-900230-L1	splitPressure	derived
obj_orderline_SO-900230-L2	splitPressure	derived
obj_orderline_SO-900231-L1	splitPressure	derived
obj_orderline_SO-900232-L1	splitPressure	derived
obj_orderline_SO-900232-L2	splitPressure	derived
obj_orderline_SO-900232-L3	splitPressure	derived
obj_orderline_SO-900233-L1	splitPressure	derived
obj_orderline_SO-900234-L1	splitPressure	derived
obj_orderline_SO-900234-L2	splitPressure	derived
obj_orderline_SO-900234-L3	splitPressure	derived
obj_orderline_SO-900235-L1	splitPressure	derived
obj_orderline_SO-900236-L1	splitPressure	derived
obj_orderline_SO-900236-L2	splitPressure	derived
obj_orderline_SO-900237-L1	splitPressure	derived
obj_orderline_SO-900238-L1	splitPressure	derived
obj_orderline_SO-900238-L2	splitPressure	derived
obj_orderline_SO-900239-L1	splitPressure	derived
obj_orderline_SO-900240-L1	splitPressure	derived
obj_orderline_SO-900241-L1	splitPressure	derived
obj_orderline_SO-900241-L2	splitPressure	derived
obj_orderline_SO-900242-L1	splitPressure	derived
obj_orderline_SO-900243-L1	splitPressure	derived
obj_orderline_SO-900243-L2	splitPressure	derived
obj_orderline_SO-900243-L3	splitPressure	derived
obj_orderline_SO-900244-L1	splitPressure	derived
obj_orderline_SO-900245-L1	splitPressure	derived
obj_orderline_SO-900245-L2	splitPressure	derived
obj_orderline_SO-900245-L3	splitPressure	derived
obj_orderline_SO-900246-L1	splitPressure	derived
obj_orderline_SO-900247-L1	splitPressure	derived
obj_orderline_SO-900247-L2	splitPressure	derived
obj_orderline_SO-900248-L1	splitPressure	derived
obj_orderline_SO-900249-L1	splitPressure	derived
obj_orderline_SO-900249-L2	splitPressure	derived
obj_orderline_SO-900250-L1	splitPressure	derived
obj_orderline_SO-900250-L2	splitPressure	derived
obj_orderline_SO-900250-L3	splitPressure	derived
obj_orderline_SO-900251-L1	splitPressure	derived
obj_orderline_SO-900252-L1	splitPressure	derived
obj_orderline_SO-900252-L2	splitPressure	derived
obj_orderline_SO-900253-L1	splitPressure	derived
obj_orderline_SO-900254-L1	splitPressure	derived
obj_orderline_SO-900254-L2	splitPressure	derived
obj_orderline_SO-900255-L1	splitPressure	derived
obj_orderline_SO-900256-L1	splitPressure	derived
obj_orderline_SO-900256-L2	splitPressure	derived
obj_orderline_SO-900256-L3	splitPressure	derived
obj_orderline_SO-900257-L1	splitPressure	derived
obj_orderline_SO-900258-L1	splitPressure	derived
obj_orderline_SO-900258-L2	splitPressure	derived
obj_orderline_SO-900258-L3	splitPressure	derived
obj_orderline_SO-900259-L1	splitPressure	derived
obj_orderline_SO-900260-L1	splitPressure	derived
obj_orderline_SO-900261-L1	splitPressure	derived
obj_orderline_SO-900261-L2	splitPressure	derived
obj_orderline_SO-900261-L3	splitPressure	derived
obj_orderline_SO-900262-L1	splitPressure	derived
obj_orderline_SO-900263-L1	splitPressure	derived
obj_orderline_SO-900263-L2	splitPressure	derived
obj_orderline_SO-900264-L1	splitPressure	derived
obj_orderline_SO-900265-L1	splitPressure	derived
obj_orderline_SO-900265-L2	splitPressure	derived
obj_orderline_SO-900266-L1	splitPressure	derived
obj_orderline_SO-900267-L1	splitPressure	derived
obj_orderline_SO-900267-L2	splitPressure	derived
obj_orderline_SO-900267-L3	splitPressure	derived
obj_orderline_SO-900268-L1	splitPressure	derived
obj_orderline_SO-900269-L1	splitPressure	derived
obj_orderline_SO-900269-L2	splitPressure	derived
obj_orderline_SO-900269-L3	splitPressure	derived
obj_orderline_SO-900270-L1	splitPressure	derived
obj_orderline_SO-900270-L2	splitPressure	derived
obj_orderline_SO-900270-L3	splitPressure	derived
obj_orderline_SO-900271-L1	splitPressure	derived
obj_orderline_SO-900272-L1	splitPressure	derived
obj_orderline_SO-900272-L2	splitPressure	derived
obj_orderline_SO-900273-L1	splitPressure	derived
obj_orderline_SO-900274-L1	splitPressure	derived
obj_orderline_SO-900274-L2	splitPressure	derived
obj_orderline_SO-900275-L1	splitPressure	derived
obj_orderline_SO-900276-L1	splitPressure	derived
obj_orderline_SO-900276-L2	splitPressure	derived
obj_orderline_SO-900276-L3	splitPressure	derived
obj_orderline_SO-900277-L1	splitPressure	derived
obj_orderline_SO-900278-L1	splitPressure	derived
obj_orderline_SO-900278-L2	splitPressure	derived
obj_orderline_SO-900278-L3	splitPressure	derived
obj_orderline_SO-900279-L1	splitPressure	derived
obj_orderline_SO-900280-L1	splitPressure	derived
obj_orderline_SO-900281-L1	splitPressure	derived
obj_orderline_SO-900281-L2	splitPressure	derived
obj_orderline_SO-900281-L3	splitPressure	derived
obj_orderline_SO-900282-L1	splitPressure	derived
obj_orderline_SO-900283-L1	splitPressure	derived
obj_orderline_SO-900283-L2	splitPressure	derived
obj_orderline_SO-900284-L1	splitPressure	derived
obj_orderline_SO-900285-L1	splitPressure	derived
obj_orderline_SO-900285-L2	splitPressure	derived
obj_orderline_SO-900286-L1	splitPressure	derived
obj_orderline_SO-900287-L1	splitPressure	derived
obj_orderline_SO-900287-L2	splitPressure	derived
obj_orderline_SO-900287-L3	splitPressure	derived
obj_orderline_SO-900288-L1	splitPressure	derived
obj_orderline_SO-900289-L1	splitPressure	derived
obj_orderline_SO-900289-L2	splitPressure	derived
obj_orderline_SO-900289-L3	splitPressure	derived
obj_orderline_SO-900290-L1	splitPressure	derived
obj_orderline_SO-900290-L2	splitPressure	derived
obj_orderline_SO-900291-L1	splitPressure	derived
obj_orderline_SO-900292-L1	splitPressure	derived
obj_orderline_SO-900292-L2	splitPressure	derived
obj_orderline_SO-900292-L3	splitPressure	derived
obj_orderline_SO-900293-L1	splitPressure	derived
obj_orderline_SO-900294-L1	splitPressure	derived
obj_orderline_SO-900294-L2	splitPressure	derived
obj_orderline_SO-900294-L3	splitPressure	derived
obj_orderline_SO-900295-L1	splitPressure	derived
obj_orderline_SO-900296-L1	splitPressure	derived
obj_orderline_SO-900296-L2	splitPressure	derived
obj_orderline_SO-900297-L1	splitPressure	derived
obj_orderline_SO-900298-L1	splitPressure	derived
obj_orderline_SO-900298-L2	splitPressure	derived
obj_orderline_SO-900299-L1	splitPressure	derived
obj_orderline_SO-900300-L1	splitPressure	derived
obj_orderline_SO-900300-L2	splitPressure	derived
obj_orderline_SO-900300-L3	splitPressure	derived
obj_orderline_SO-900301-L1	splitPressure	derived
obj_orderline_SO-900302-L1	splitPressure	derived
obj_orderline_SO-900302-L2	splitPressure	derived
obj_orderline_SO-900303-L1	splitPressure	derived
obj_orderline_SO-900304-L1	splitPressure	derived
obj_orderline_SO-900304-L2	splitPressure	derived
obj_orderline_SO-900305-L1	splitPressure	derived
obj_orderline_SO-900306-L1	splitPressure	derived
obj_orderline_SO-900306-L2	splitPressure	derived
obj_orderline_SO-900306-L3	splitPressure	derived
obj_orderline_SO-900307-L1	splitPressure	derived
obj_orderline_SO-900308-L1	splitPressure	derived
obj_orderline_SO-900308-L2	splitPressure	derived
obj_orderline_SO-900308-L3	splitPressure	derived
obj_orderline_SO-900309-L1	splitPressure	derived
obj_orderline_SO-900310-L1	splitPressure	derived
obj_orderline_SO-900311-L1	splitPressure	derived
obj_orderline_SO-900311-L2	splitPressure	derived
obj_orderline_SO-900311-L3	splitPressure	derived
obj_orderline_SO-900312-L1	splitPressure	derived
obj_orderline_SO-900313-L1	splitPressure	derived
obj_orderline_SO-900313-L2	splitPressure	derived
obj_orderline_SO-900314-L1	splitPressure	derived
obj_orderline_SO-900315-L1	splitPressure	derived
obj_orderline_SO-900315-L2	splitPressure	derived
obj_orderline_SO-900316-L1	splitPressure	derived
obj_orderline_SO-900317-L1	splitPressure	derived
obj_orderline_SO-900317-L2	splitPressure	derived
obj_orderline_SO-900317-L3	splitPressure	derived
obj_orderline_SO-900318-L1	splitPressure	derived
obj_orderline_SO-900319-L1	splitPressure	derived
obj_orderline_SO-900319-L2	splitPressure	derived
obj_orderline_SO-900319-L3	splitPressure	derived
obj_orderline_SO-900320-L1	splitPressure	derived
obj_orderline_SO-900320-L2	splitPressure	derived
obj_orderline_SO-900320-L3	splitPressure	derived
obj_orderline_SO-900321-L1	splitPressure	derived
obj_orderline_SO-900322-L1	splitPressure	derived
obj_orderline_SO-900322-L2	splitPressure	derived
obj_orderline_SO-900323-L1	splitPressure	derived
obj_orderline_SO-900324-L1	splitPressure	derived
obj_orderline_SO-900324-L2	splitPressure	derived
obj_orderline_SO-900325-L1	splitPressure	derived
obj_orderline_SO-900326-L1	splitPressure	derived
obj_orderline_SO-900326-L2	splitPressure	derived
obj_orderline_SO-900326-L3	splitPressure	derived
obj_orderline_SO-900327-L1	splitPressure	derived
obj_orderline_SO-900328-L1	splitPressure	derived
obj_orderline_SO-900328-L2	splitPressure	derived
obj_orderline_SO-900328-L3	splitPressure	derived
obj_orderline_SO-900329-L1	splitPressure	derived
obj_orderline_SO-900330-L1	splitPressure	derived
obj_orderline_SO-900331-L1	splitPressure	derived
obj_orderline_SO-900331-L2	splitPressure	derived
obj_orderline_SO-900332-L1	splitPressure	derived
obj_orderline_SO-900333-L1	splitPressure	derived
obj_orderline_SO-900333-L2	splitPressure	derived
obj_orderline_SO-900333-L3	splitPressure	derived
obj_orderline_SO-900334-L1	splitPressure	derived
obj_orderline_SO-900335-L1	splitPressure	derived
obj_orderline_SO-900335-L2	splitPressure	derived
obj_orderline_SO-900335-L3	splitPressure	derived
obj_orderline_SO-900336-L1	splitPressure	derived
obj_orderline_SO-900337-L1	splitPressure	derived
obj_orderline_SO-900337-L2	splitPressure	derived
obj_orderline_SO-900338-L1	splitPressure	derived
obj_orderline_SO-900339-L1	splitPressure	derived
obj_orderline_SO-900339-L2	splitPressure	derived
obj_orderline_SO-900340-L1	splitPressure	derived
obj_orderline_SO-900340-L2	splitPressure	derived
obj_orderline_SO-900341-L1	splitPressure	derived
obj_orderline_SO-900342-L1	splitPressure	derived
obj_orderline_SO-900342-L2	splitPressure	derived
obj_orderline_SO-900342-L3	splitPressure	derived
obj_orderline_SO-900343-L1	splitPressure	derived
obj_orderline_SO-900344-L1	splitPressure	derived
obj_orderline_SO-900344-L2	splitPressure	derived
obj_orderline_SO-900344-L3	splitPressure	derived
obj_orderline_SO-900345-L1	splitPressure	derived
obj_orderline_SO-900346-L1	splitPressure	derived
obj_orderline_SO-900346-L2	splitPressure	derived
obj_orderline_SO-900347-L1	splitPressure	derived
obj_orderline_SO-900348-L1	splitPressure	derived
obj_orderline_SO-900348-L2	splitPressure	derived
obj_orderline_SO-900349-L1	splitPressure	derived
obj_orderline_SO-900350-L1	splitPressure	derived
obj_orderline_SO-900351-L1	splitPressure	derived
obj_orderline_SO-900351-L2	splitPressure	derived
obj_orderline_SO-900352-L1	splitPressure	derived
obj_orderline_SO-900353-L1	splitPressure	derived
obj_orderline_SO-900353-L2	splitPressure	derived
obj_orderline_SO-900353-L3	splitPressure	derived
obj_orderline_SO-900354-L1	splitPressure	derived
obj_orderline_SO-900355-L1	splitPressure	derived
obj_orderline_SO-900355-L2	splitPressure	derived
obj_orderline_SO-900355-L3	splitPressure	derived
obj_orderline_SO-900356-L1	splitPressure	derived
obj_orderline_SO-900357-L1	splitPressure	derived
obj_orderline_SO-900357-L2	splitPressure	derived
obj_orderline_SO-900358-L1	splitPressure	derived
obj_orderline_SO-900359-L1	splitPressure	derived
obj_orderline_SO-900359-L2	splitPressure	derived
obj_orderline_SO-900360-L1	splitPressure	derived
obj_orderline_SO-900360-L2	splitPressure	derived
obj_orderline_SO-900361-L1	splitPressure	derived
obj_orderline_SO-900362-L1	splitPressure	derived
obj_orderline_SO-900362-L2	splitPressure	derived
obj_orderline_SO-900362-L3	splitPressure	derived
obj_orderline_SO-900363-L1	splitPressure	derived
obj_orderline_SO-900364-L1	splitPressure	derived
obj_orderline_SO-900364-L2	splitPressure	derived
obj_orderline_SO-900364-L3	splitPressure	derived
obj_orderline_SO-900365-L1	splitPressure	derived
obj_orderline_SO-900366-L1	splitPressure	derived
obj_orderline_SO-900366-L2	splitPressure	derived
obj_orderline_SO-900367-L1	splitPressure	derived
obj_orderline_SO-900368-L1	splitPressure	derived
obj_orderline_SO-900368-L2	splitPressure	derived
obj_orderline_SO-900369-L1	splitPressure	derived
obj_orderline_SO-900370-L1	splitPressure	derived
obj_orderline_SO-900371-L1	splitPressure	derived
obj_orderline_SO-900371-L2	splitPressure	derived
obj_orderline_SO-900371-L3	splitPressure	derived
obj_orderline_SO-900372-L1	splitPressure	derived
obj_orderline_SO-900373-L1	splitPressure	derived
obj_orderline_SO-900373-L2	splitPressure	derived
obj_orderline_SO-900374-L1	splitPressure	derived
obj_orderline_SO-900375-L1	splitPressure	derived
obj_orderline_SO-900375-L2	splitPressure	derived
obj_orderline_SO-900376-L1	splitPressure	derived
obj_orderline_SO-900377-L1	splitPressure	derived
obj_orderline_SO-900377-L2	splitPressure	derived
obj_orderline_SO-900377-L3	splitPressure	derived
obj_orderline_SO-900378-L1	splitPressure	derived
obj_orderline_SO-900379-L1	splitPressure	derived
obj_orderline_SO-900379-L2	splitPressure	derived
obj_orderline_SO-900379-L3	splitPressure	derived
obj_orderline_SO-900380-L1	splitPressure	derived
obj_orderline_SO-900380-L2	splitPressure	derived
obj_orderline_SO-900380-L3	splitPressure	derived
obj_orderline_SO-900381-L1	splitPressure	derived
obj_orderline_SO-900382-L1	splitPressure	derived
obj_orderline_SO-900382-L2	splitPressure	derived
obj_orderline_SO-900383-L1	splitPressure	derived
obj_orderline_SO-900384-L1	splitPressure	derived
obj_orderline_SO-900384-L2	splitPressure	derived
obj_orderline_SO-900385-L1	splitPressure	derived
obj_orderline_SO-900386-L1	splitPressure	derived
obj_orderline_SO-900386-L2	splitPressure	derived
obj_orderline_SO-900386-L3	splitPressure	derived
obj_orderline_SO-900387-L1	splitPressure	derived
obj_orderline_SO-900388-L1	splitPressure	derived
obj_orderline_SO-900388-L2	splitPressure	derived
obj_orderline_SO-900388-L3	splitPressure	derived
obj_orderline_SO-900389-L1	splitPressure	derived
obj_orderline_SO-900390-L1	splitPressure	derived
obj_orderline_SO-900391-L1	splitPressure	derived
obj_orderline_SO-900391-L2	splitPressure	derived
obj_orderline_SO-900391-L3	splitPressure	derived
obj_orderline_SO-900392-L1	splitPressure	derived
obj_orderline_SO-900393-L1	splitPressure	derived
obj_orderline_SO-900393-L2	splitPressure	derived
obj_orderline_SO-900394-L1	splitPressure	derived
obj_orderline_SO-900395-L1	splitPressure	derived
obj_orderline_SO-900395-L2	splitPressure	derived
obj_orderline_SO-900396-L1	splitPressure	derived
obj_orderline_SO-900397-L1	splitPressure	derived
obj_orderline_SO-900397-L2	splitPressure	derived
obj_orderline_SO-900397-L3	splitPressure	derived
obj_orderline_SO-900398-L1	splitPressure	derived
obj_orderline_SO-900399-L1	splitPressure	derived
obj_orderline_SO-900399-L2	splitPressure	derived
obj_orderline_SO-900399-L3	splitPressure	derived
obj_orderline_SO-900400-L1	splitPressure	derived
obj_orderline_SO-900401-L1	splitPressure	derived
obj_orderline_SO-900401-L2	splitPressure	derived
obj_orderline_SO-900401-L3	splitPressure	derived
obj_orderline_SO-900402-L1	splitPressure	derived
obj_orderline_SO-900403-L1	splitPressure	derived
obj_orderline_SO-900403-L2	splitPressure	derived
obj_orderline_SO-900404-L1	splitPressure	derived
obj_orderline_SO-900405-L1	splitPressure	derived
obj_orderline_SO-900405-L2	splitPressure	derived
obj_orderline_SO-900406-L1	splitPressure	derived
obj_orderline_SO-900407-L1	splitPressure	derived
obj_orderline_SO-900407-L2	splitPressure	derived
obj_orderline_SO-900407-L3	splitPressure	derived
obj_orderline_SO-900408-L1	splitPressure	derived
obj_orderline_SO-900409-L1	splitPressure	derived
obj_orderline_SO-900409-L2	splitPressure	derived
obj_orderline_SO-900409-L3	splitPressure	derived
obj_orderline_SO-900410-L1	splitPressure	derived
obj_orderline_SO-900410-L2	splitPressure	derived
obj_orderline_SO-900410-L3	splitPressure	derived
obj_orderline_SO-900411-L1	splitPressure	derived
obj_orderline_SO-900412-L1	splitPressure	derived
obj_orderline_SO-900412-L2	splitPressure	derived
obj_orderline_SO-900413-L1	splitPressure	derived
obj_orderline_SO-900414-L1	splitPressure	derived
obj_orderline_SO-900414-L2	splitPressure	derived
obj_orderline_SO-900415-L1	splitPressure	derived
obj_orderline_SO-900416-L1	splitPressure	derived
obj_orderline_SO-900416-L2	splitPressure	derived
obj_orderline_SO-900416-L3	splitPressure	derived
obj_orderline_SO-900417-L1	splitPressure	derived
obj_orderline_SO-900418-L1	splitPressure	derived
obj_orderline_SO-900418-L2	splitPressure	derived
obj_orderline_SO-900418-L3	splitPressure	derived
obj_orderline_SO-900419-L1	splitPressure	derived
obj_orderline_SO-900420-L1	splitPressure	derived
obj_orderline_SO-900421-L1	splitPressure	derived
obj_orderline_SO-900421-L2	splitPressure	derived
obj_orderline_SO-900422-L1	splitPressure	derived
obj_orderline_SO-900423-L1	splitPressure	derived
obj_orderline_SO-900423-L2	splitPressure	derived
obj_orderline_SO-900423-L3	splitPressure	derived
obj_orderline_SO-900424-L1	splitPressure	derived
obj_orderline_SO-900425-L1	splitPressure	derived
obj_orderline_SO-900425-L2	splitPressure	derived
obj_orderline_SO-900425-L3	splitPressure	derived
obj_orderline_SO-900426-L1	splitPressure	derived
obj_orderline_SO-900427-L1	splitPressure	derived
obj_orderline_SO-900427-L2	splitPressure	derived
obj_orderline_SO-900428-L1	splitPressure	derived
obj_orderline_SO-900429-L1	splitPressure	derived
obj_orderline_SO-900429-L2	splitPressure	derived
obj_orderline_SO-900430-L1	splitPressure	derived
obj_orderline_SO-900430-L2	splitPressure	derived
obj_orderline_SO-900430-L3	splitPressure	derived
obj_orderline_SO-900431-L1	splitPressure	derived
obj_orderline_SO-900432-L1	splitPressure	derived
obj_orderline_SO-900432-L2	splitPressure	derived
obj_orderline_SO-900433-L1	splitPressure	derived
obj_orderline_SO-900434-L1	splitPressure	derived
obj_orderline_SO-900434-L2	splitPressure	derived
obj_orderline_SO-900435-L1	splitPressure	derived
obj_orderline_SO-900436-L1	splitPressure	derived
obj_orderline_SO-900436-L2	splitPressure	derived
obj_orderline_SO-900436-L3	splitPressure	derived
obj_orderline_SO-900437-L1	splitPressure	derived
obj_orderline_SO-900438-L1	splitPressure	derived
obj_orderline_SO-900438-L2	splitPressure	derived
obj_orderline_SO-900438-L3	splitPressure	derived
obj_orderline_SO-900439-L1	splitPressure	derived
obj_orderline_SO-900440-L1	splitPressure	derived
obj_orderline_SO-900441-L1	splitPressure	derived
obj_orderline_SO-900441-L2	splitPressure	derived
obj_orderline_SO-900442-L1	splitPressure	derived
obj_orderline_SO-900443-L1	splitPressure	derived
obj_orderline_SO-900443-L2	splitPressure	derived
obj_orderline_SO-900443-L3	splitPressure	derived
obj_orderline_SO-900444-L1	splitPressure	derived
obj_orderline_SO-900445-L1	splitPressure	derived
obj_orderline_SO-900445-L2	splitPressure	derived
obj_orderline_SO-900445-L3	splitPressure	derived
obj_orderline_SO-900446-L1	splitPressure	derived
obj_orderline_SO-900447-L1	splitPressure	derived
obj_orderline_SO-900447-L2	splitPressure	derived
obj_orderline_SO-900448-L1	splitPressure	derived
obj_orderline_SO-900449-L1	splitPressure	derived
obj_orderline_SO-900449-L2	splitPressure	derived
obj_orderline_SO-900450-L1	splitPressure	derived
obj_orderline_SO-900450-L2	splitPressure	derived
obj_orderline_SO-900451-L1	splitPressure	derived
obj_orderline_SO-900452-L1	splitPressure	derived
obj_orderline_SO-900452-L2	splitPressure	derived
obj_orderline_SO-900452-L3	splitPressure	derived
obj_orderline_SO-900453-L1	splitPressure	derived
obj_orderline_SO-900454-L1	splitPressure	derived
obj_orderline_SO-900454-L2	splitPressure	derived
obj_orderline_SO-900454-L3	splitPressure	derived
obj_orderline_SO-900455-L1	splitPressure	derived
obj_orderline_SO-900456-L1	splitPressure	derived
obj_orderline_SO-900456-L2	splitPressure	derived
obj_orderline_SO-900457-L1	splitPressure	derived
obj_orderline_SO-900458-L1	splitPressure	derived
obj_orderline_SO-900458-L2	splitPressure	derived
obj_orderline_SO-900459-L1	splitPressure	derived
obj_orderline_SO-900460-L1	splitPressure	derived
obj_orderline_SO-900461-L1	splitPressure	derived
obj_orderline_SO-900461-L2	splitPressure	derived
obj_orderline_SO-900461-L3	splitPressure	derived
obj_orderline_SO-900462-L1	splitPressure	derived
obj_orderline_SO-900463-L1	splitPressure	derived
obj_orderline_SO-900463-L2	splitPressure	derived
obj_orderline_SO-900464-L1	splitPressure	derived
obj_orderline_SO-900465-L1	splitPressure	derived
obj_orderline_SO-900465-L2	splitPressure	derived
obj_orderline_SO-900466-L1	splitPressure	derived
obj_orderline_SO-900467-L1	splitPressure	derived
obj_orderline_SO-900467-L2	splitPressure	derived
obj_orderline_SO-900467-L3	splitPressure	derived
obj_orderline_SO-900468-L1	splitPressure	derived
obj_orderline_SO-900469-L1	splitPressure	derived
obj_orderline_SO-900469-L2	splitPressure	derived
obj_orderline_SO-900469-L3	splitPressure	derived
obj_orderline_SO-900470-L1	splitPressure	derived
obj_orderline_SO-900470-L2	splitPressure	derived
obj_orderline_SO-900471-L1	splitPressure	derived
obj_orderline_SO-900472-L1	splitPressure	derived
obj_orderline_SO-900472-L2	splitPressure	derived
obj_orderline_SO-900472-L3	splitPressure	derived
obj_orderline_SO-900473-L1	splitPressure	derived
obj_orderline_SO-900474-L1	splitPressure	derived
obj_orderline_SO-900474-L2	splitPressure	derived
obj_orderline_SO-900474-L3	splitPressure	derived
obj_orderline_SO-900475-L1	splitPressure	derived
obj_orderline_SO-900476-L1	splitPressure	derived
obj_orderline_SO-900476-L2	splitPressure	derived
obj_orderline_SO-900477-L1	splitPressure	derived
obj_orderline_SO-900478-L1	splitPressure	derived
obj_orderline_SO-900478-L2	splitPressure	derived
obj_orderline_SO-900479-L1	splitPressure	derived
obj_orderline_SO-900480-L1	splitPressure	derived
obj_orderline_SO-900481-L1	splitPressure	derived
obj_orderline_SO-900481-L2	splitPressure	derived
obj_orderline_SO-900481-L3	splitPressure	derived
obj_orderline_SO-900482-L1	splitPressure	derived
obj_orderline_SO-900483-L1	splitPressure	derived
obj_orderline_SO-900483-L2	splitPressure	derived
obj_orderline_SO-900484-L1	splitPressure	derived
obj_orderline_SO-900485-L1	splitPressure	derived
obj_orderline_SO-900485-L2	splitPressure	derived
obj_orderline_SO-900486-L1	splitPressure	derived
obj_orderline_SO-900487-L1	splitPressure	derived
obj_orderline_SO-900487-L2	splitPressure	derived
obj_orderline_SO-900487-L3	splitPressure	derived
obj_orderline_SO-900488-L1	splitPressure	derived
obj_orderline_SO-900489-L1	splitPressure	derived
obj_orderline_SO-900489-L2	splitPressure	derived
obj_orderline_SO-900489-L3	splitPressure	derived
obj_orderline_SO-900490-L1	splitPressure	derived
obj_orderline_SO-900490-L2	splitPressure	derived
obj_orderline_SO-900490-L3	splitPressure	derived
obj_orderline_SO-900491-L1	splitPressure	derived
obj_orderline_SO-900492-L1	splitPressure	derived
obj_orderline_SO-900492-L2	splitPressure	derived
obj_orderline_SO-900493-L1	splitPressure	derived
obj_orderline_SO-900494-L1	splitPressure	derived
obj_orderline_SO-900494-L2	splitPressure	derived
obj_orderline_SO-900495-L1	splitPressure	derived
obj_orderline_SO-900496-L1	splitPressure	derived
obj_orderline_SO-900496-L2	splitPressure	derived
obj_orderline_SO-900496-L3	splitPressure	derived
obj_orderline_SO-900497-L1	splitPressure	derived
obj_orderline_SO-900498-L1	splitPressure	derived
obj_orderline_SO-900498-L2	splitPressure	derived
obj_orderline_SO-900498-L3	splitPressure	derived
obj_orderline_SO-900499-L1	splitPressure	derived
obj_orderpromise_AP-SO-3391	promiseRisk	derived
obj_orderpromise_AP-SO-3402	promiseRisk	derived
obj_orderpromise_AP-SO-3415	promiseRisk	derived
obj_orderpromise_AP-SO-3420	promiseRisk	derived
obj_orderpromise_AP-SO-3431	promiseRisk	derived
obj_orderpromise_AP-SO-3437	promiseRisk	derived
obj_orderpromise_AP-SO-3445	promiseRisk	derived
obj_orderpromise_AP-SO-3452	promiseRisk	derived
obj_orderpromise_AP-SO-3458	promiseRisk	derived
obj_orderpromise_AP-SO-3464	promiseRisk	derived
obj_orderpromise_AP-SO-3470	promiseRisk	derived
obj_orderpromise_AP-SO-3476	promiseRisk	derived
obj_orderpromise_AP-SO-3481	promiseRisk	derived
obj_orderpromise_AP-SO-3486	promiseRisk	derived
obj_orderpromise_AP-SO-3490	promiseRisk	derived
obj_orderpromise_AP-SO-3495	promiseRisk	derived
obj_orderpromise_AP-SO-3501	promiseRisk	derived
obj_orderpromise_AP-SO-3506	promiseRisk	derived
obj_orderpromise_AP-SO-3512	promiseRisk	derived
obj_orderpromise_AP-SO-3518	promiseRisk	derived
obj_orderpromise_AP-SO-3523	promiseRisk	derived
obj_orderpromise_AP-SO-3529	promiseRisk	derived
obj_orderpromise_AP-SO-3534	promiseRisk	derived
obj_orderpromise_AP-SO-3540	promiseRisk	derived
obj_orderpromise_AP-SO-900025	promiseRisk	derived
obj_orderpromise_AP-SO-900090	promiseRisk	derived
obj_orderpromise_AP-SO-900112	promiseRisk	derived
obj_orderpromise_AP-SO-900123	promiseRisk	derived
obj_orderpromise_AP-SO-900138	promiseRisk	derived
obj_orderpromise_AP-SO-900183	promiseRisk	derived
obj_orderpromise_AP-SO-900185	promiseRisk	derived
obj_orderpromise_AP-SO-900191	promiseRisk	derived
obj_orderpromise_AP-SO-900194	promiseRisk	derived
obj_orderpromise_AP-SO-900197	promiseRisk	derived
obj_orderpromise_AP-SO-900210	promiseRisk	derived
obj_orderpromise_AP-SO-900221	promiseRisk	derived
obj_orderpromise_AP-SO-900235	promiseRisk	derived
obj_orderpromise_AP-SO-900244	promiseRisk	derived
obj_orderpromise_AP-SO-900260	promiseRisk	derived
obj_orderpromise_AP-SO-900284	promiseRisk	derived
obj_orderpromise_AP-SO-900312	promiseRisk	derived
obj_orderpromise_AP-SO-900317	promiseRisk	derived
obj_orderpromise_AP-SO-900350	promiseRisk	derived
obj_orderpromise_AP-SO-900376	promiseRisk	derived
obj_orderpromise_AP-SO-900381	promiseRisk	derived
obj_orderpromise_AP-SO-900384	promiseRisk	derived
obj_orderpromise_AP-SO-900467	promiseRisk	derived
obj_orderpromise_AP-SO-900472	promiseRisk	derived
obj_orderpromise_AP-SO-900481	promiseRisk	derived
obj_orderpromise_AP-SO-900493	promiseRisk	derived
obj_overduerecord_od-cg	collectionPressure	derived
obj_overduerecord_od-sd	collectionPressure	derived
obj_process_LINE-WS-changzhou-assembly-aging	queuePressure	measured
obj_process_LINE-WS-changzhou-assembly-assembly	queuePressure	measured
obj_process_LINE-WS-changzhou-assembly-coating	queuePressure	measured
obj_process_LINE-WS-changzhou-assembly-formation	queuePressure	measured
obj_process_LINE-WS-changzhou-assembly-winding	queuePressure	measured
obj_process_LINE-WS-changzhou-calendering-aging	queuePressure	measured
obj_process_LINE-WS-changzhou-calendering-assembly	queuePressure	measured
obj_process_LINE-WS-changzhou-calendering-coating	queuePressure	measured
obj_process_LINE-WS-changzhou-calendering-formation	queuePressure	measured
obj_process_LINE-WS-changzhou-calendering-winding	queuePressure	measured
obj_process_LINE-WS-changzhou-coating-aging	queuePressure	measured
obj_process_LINE-WS-changzhou-coating-assembly	queuePressure	measured
obj_process_LINE-WS-changzhou-coating-coating	queuePressure	measured
obj_process_LINE-WS-changzhou-coating-formation	queuePressure	measured
obj_process_LINE-WS-changzhou-coating-winding	queuePressure	measured
obj_process_LINE-WS-changzhou-filling-aging	queuePressure	measured
obj_process_LINE-WS-changzhou-filling-assembly	queuePressure	measured
obj_process_LINE-WS-changzhou-filling-coating	queuePressure	measured
obj_process_LINE-WS-changzhou-filling-formation	queuePressure	measured
obj_process_LINE-WS-changzhou-filling-winding	queuePressure	measured
obj_process_LINE-WS-changzhou-formation-aging	queuePressure	measured
obj_process_LINE-WS-changzhou-formation-assembly	queuePressure	measured
obj_process_LINE-WS-changzhou-formation-coating	queuePressure	measured
obj_process_LINE-WS-changzhou-formation-formation	queuePressure	measured
obj_process_LINE-WS-changzhou-formation-winding	queuePressure	measured
obj_process_LINE-WS-changzhou-grading-aging	queuePressure	measured
obj_process_LINE-WS-changzhou-grading-assembly	queuePressure	measured
obj_process_LINE-WS-changzhou-grading-coating	queuePressure	measured
obj_process_LINE-WS-changzhou-grading-formation	queuePressure	measured
obj_process_LINE-WS-changzhou-grading-winding	queuePressure	measured
obj_process_LINE-WS-changzhou-pack-aging	queuePressure	measured
obj_process_LINE-WS-changzhou-pack-assembly	queuePressure	measured
obj_process_LINE-WS-changzhou-pack-coating	queuePressure	measured
obj_process_LINE-WS-changzhou-pack-formation	queuePressure	measured
obj_process_LINE-WS-changzhou-pack-winding	queuePressure	measured
obj_process_LINE-WS-changzhou-slitting-aging	queuePressure	measured
obj_process_LINE-WS-changzhou-slitting-assembly	queuePressure	measured
obj_process_LINE-WS-changzhou-slitting-coating	queuePressure	measured
obj_process_LINE-WS-changzhou-slitting-formation	queuePressure	measured
obj_process_LINE-WS-changzhou-slitting-winding	queuePressure	measured
obj_process_LINE-WS-changzhou-slurry-aging	queuePressure	measured
obj_process_LINE-WS-changzhou-slurry-assembly	queuePressure	measured
obj_process_LINE-WS-changzhou-slurry-coating	queuePressure	measured
obj_process_LINE-WS-changzhou-slurry-formation	queuePressure	measured
obj_process_LINE-WS-changzhou-slurry-winding	queuePressure	measured
obj_process_LINE-WS-changzhou-winding-aging	queuePressure	measured
obj_process_LINE-WS-changzhou-winding-assembly	queuePressure	measured
obj_process_LINE-WS-changzhou-winding-coating	queuePressure	measured
obj_process_LINE-WS-changzhou-winding-formation	queuePressure	measured
obj_process_LINE-WS-changzhou-winding-winding	queuePressure	measured
obj_process_LINE-WS-chengdu-assembly-aging	queuePressure	measured
obj_process_LINE-WS-chengdu-assembly-assembly	queuePressure	measured
obj_process_LINE-WS-chengdu-assembly-coating	queuePressure	measured
obj_process_LINE-WS-chengdu-assembly-formation	queuePressure	measured
obj_process_LINE-WS-chengdu-assembly-winding	queuePressure	measured
obj_process_LINE-WS-chengdu-calendering-aging	queuePressure	measured
obj_process_LINE-WS-chengdu-calendering-assembly	queuePressure	measured
obj_process_LINE-WS-chengdu-calendering-coating	queuePressure	measured
obj_process_LINE-WS-chengdu-calendering-formation	queuePressure	measured
obj_process_LINE-WS-chengdu-calendering-winding	queuePressure	measured
obj_process_LINE-WS-chengdu-coating-aging	queuePressure	measured
obj_process_LINE-WS-chengdu-coating-assembly	queuePressure	measured
obj_process_LINE-WS-chengdu-coating-coating	queuePressure	measured
obj_process_LINE-WS-chengdu-coating-formation	queuePressure	measured
obj_process_LINE-WS-chengdu-coating-winding	queuePressure	measured
obj_process_LINE-WS-chengdu-filling-aging	queuePressure	measured
obj_process_LINE-WS-chengdu-filling-assembly	queuePressure	measured
obj_process_LINE-WS-chengdu-filling-coating	queuePressure	measured
obj_process_LINE-WS-chengdu-filling-formation	queuePressure	measured
obj_process_LINE-WS-chengdu-filling-winding	queuePressure	measured
obj_process_LINE-WS-chengdu-formation-aging	queuePressure	measured
obj_process_LINE-WS-chengdu-formation-assembly	queuePressure	measured
obj_process_LINE-WS-chengdu-formation-coating	queuePressure	measured
obj_process_LINE-WS-chengdu-formation-formation	queuePressure	measured
obj_process_LINE-WS-chengdu-formation-winding	queuePressure	measured
obj_process_LINE-WS-chengdu-grading-aging	queuePressure	measured
obj_process_LINE-WS-chengdu-grading-assembly	queuePressure	measured
obj_process_LINE-WS-chengdu-grading-coating	queuePressure	measured
obj_process_LINE-WS-chengdu-grading-formation	queuePressure	measured
obj_process_LINE-WS-chengdu-grading-winding	queuePressure	measured
obj_process_LINE-WS-chengdu-pack-aging	queuePressure	measured
obj_process_LINE-WS-chengdu-pack-assembly	queuePressure	measured
obj_process_LINE-WS-chengdu-pack-coating	queuePressure	measured
obj_process_LINE-WS-chengdu-pack-formation	queuePressure	measured
obj_process_LINE-WS-chengdu-pack-winding	queuePressure	measured
obj_process_LINE-WS-chengdu-slitting-aging	queuePressure	measured
obj_process_LINE-WS-chengdu-slitting-assembly	queuePressure	measured
obj_process_LINE-WS-chengdu-slitting-coating	queuePressure	measured
obj_process_LINE-WS-chengdu-slitting-formation	queuePressure	measured
obj_process_LINE-WS-chengdu-slitting-winding	queuePressure	measured
obj_process_LINE-WS-chengdu-slurry-aging	queuePressure	measured
obj_process_LINE-WS-chengdu-slurry-assembly	queuePressure	measured
obj_process_LINE-WS-chengdu-slurry-coating	queuePressure	measured
obj_process_LINE-WS-chengdu-slurry-formation	queuePressure	measured
obj_process_LINE-WS-chengdu-slurry-winding	queuePressure	measured
obj_process_LINE-WS-chengdu-winding-aging	queuePressure	measured
obj_process_LINE-WS-chengdu-winding-assembly	queuePressure	measured
obj_process_LINE-WS-chengdu-winding-coating	queuePressure	measured
obj_process_LINE-WS-chengdu-winding-formation	queuePressure	measured
obj_process_LINE-WS-chengdu-winding-winding	queuePressure	measured
obj_process_LINE-WS-handan-assembly-aging	queuePressure	measured
obj_process_LINE-WS-handan-assembly-assembly	queuePressure	measured
obj_process_LINE-WS-handan-assembly-coating	queuePressure	measured
obj_process_LINE-WS-handan-assembly-formation	queuePressure	measured
obj_process_LINE-WS-handan-assembly-winding	queuePressure	measured
obj_process_LINE-WS-handan-calendering-aging	queuePressure	measured
obj_process_LINE-WS-handan-calendering-assembly	queuePressure	measured
obj_process_LINE-WS-handan-calendering-coating	queuePressure	measured
obj_process_LINE-WS-handan-calendering-formation	queuePressure	measured
obj_process_LINE-WS-handan-calendering-winding	queuePressure	measured
obj_process_LINE-WS-handan-coating-aging	queuePressure	measured
obj_process_LINE-WS-handan-coating-assembly	queuePressure	measured
obj_process_LINE-WS-handan-coating-coating	queuePressure	measured
obj_process_LINE-WS-handan-coating-formation	queuePressure	measured
obj_process_LINE-WS-handan-coating-winding	queuePressure	measured
obj_process_LINE-WS-handan-filling-aging	queuePressure	measured
obj_process_LINE-WS-handan-filling-assembly	queuePressure	measured
obj_process_LINE-WS-handan-filling-coating	queuePressure	measured
obj_process_LINE-WS-handan-filling-formation	queuePressure	measured
obj_process_LINE-WS-handan-filling-winding	queuePressure	measured
obj_process_LINE-WS-handan-formation-aging	queuePressure	measured
obj_process_LINE-WS-handan-formation-assembly	queuePressure	measured
obj_process_LINE-WS-handan-formation-coating	queuePressure	measured
obj_process_LINE-WS-handan-formation-formation	queuePressure	measured
obj_process_LINE-WS-handan-formation-winding	queuePressure	measured
obj_process_LINE-WS-handan-grading-aging	queuePressure	measured
obj_process_LINE-WS-handan-grading-assembly	queuePressure	measured
obj_process_LINE-WS-handan-grading-coating	queuePressure	measured
obj_process_LINE-WS-handan-grading-formation	queuePressure	measured
obj_process_LINE-WS-handan-grading-winding	queuePressure	measured
obj_process_LINE-WS-handan-pack-aging	queuePressure	measured
obj_process_LINE-WS-handan-pack-assembly	queuePressure	measured
obj_process_LINE-WS-handan-pack-coating	queuePressure	measured
obj_process_LINE-WS-handan-pack-formation	queuePressure	measured
obj_process_LINE-WS-handan-pack-winding	queuePressure	measured
obj_process_LINE-WS-handan-slitting-aging	queuePressure	measured
obj_process_LINE-WS-handan-slitting-assembly	queuePressure	measured
obj_process_LINE-WS-handan-slitting-coating	queuePressure	measured
obj_process_LINE-WS-handan-slitting-formation	queuePressure	measured
obj_process_LINE-WS-handan-slitting-winding	queuePressure	measured
obj_process_LINE-WS-handan-slurry-aging	queuePressure	measured
obj_process_LINE-WS-handan-slurry-assembly	queuePressure	measured
obj_process_LINE-WS-handan-slurry-coating	queuePressure	measured
obj_process_LINE-WS-handan-slurry-formation	queuePressure	measured
obj_process_LINE-WS-handan-slurry-winding	queuePressure	measured
obj_process_LINE-WS-handan-winding-aging	queuePressure	measured
obj_process_LINE-WS-handan-winding-assembly	queuePressure	measured
obj_process_LINE-WS-handan-winding-coating	queuePressure	measured
obj_process_LINE-WS-handan-winding-formation	queuePressure	measured
obj_process_LINE-WS-handan-winding-winding	queuePressure	measured
obj_process_LINE-WS-hefei-assembly-aging	queuePressure	measured
obj_process_LINE-WS-hefei-assembly-assembly	queuePressure	measured
obj_process_LINE-WS-hefei-assembly-coating	queuePressure	measured
obj_process_LINE-WS-hefei-assembly-formation	queuePressure	measured
obj_process_LINE-WS-hefei-assembly-winding	queuePressure	measured
obj_process_LINE-WS-hefei-calendering-aging	queuePressure	measured
obj_process_LINE-WS-hefei-calendering-assembly	queuePressure	measured
obj_process_LINE-WS-hefei-calendering-coating	queuePressure	measured
obj_process_LINE-WS-hefei-calendering-formation	queuePressure	measured
obj_process_LINE-WS-hefei-calendering-winding	queuePressure	measured
obj_process_LINE-WS-hefei-coating-aging	queuePressure	measured
obj_process_LINE-WS-hefei-coating-assembly	queuePressure	measured
obj_process_LINE-WS-hefei-coating-coating	queuePressure	measured
obj_process_LINE-WS-hefei-coating-formation	queuePressure	measured
obj_process_LINE-WS-hefei-coating-winding	queuePressure	measured
obj_process_LINE-WS-hefei-filling-aging	queuePressure	measured
obj_process_LINE-WS-hefei-filling-assembly	queuePressure	measured
obj_process_LINE-WS-hefei-filling-coating	queuePressure	measured
obj_process_LINE-WS-hefei-filling-formation	queuePressure	measured
obj_process_LINE-WS-hefei-filling-winding	queuePressure	measured
obj_process_LINE-WS-hefei-formation-aging	queuePressure	measured
obj_process_LINE-WS-hefei-formation-assembly	queuePressure	measured
obj_process_LINE-WS-hefei-formation-coating	queuePressure	measured
obj_process_LINE-WS-hefei-formation-formation	queuePressure	measured
obj_process_LINE-WS-hefei-formation-winding	queuePressure	measured
obj_process_LINE-WS-hefei-grading-aging	queuePressure	measured
obj_process_LINE-WS-hefei-grading-assembly	queuePressure	measured
obj_process_LINE-WS-hefei-grading-coating	queuePressure	measured
obj_process_LINE-WS-hefei-grading-formation	queuePressure	measured
obj_process_LINE-WS-hefei-grading-winding	queuePressure	measured
obj_process_LINE-WS-hefei-pack-aging	queuePressure	measured
obj_process_LINE-WS-hefei-pack-assembly	queuePressure	measured
obj_process_LINE-WS-hefei-pack-coating	queuePressure	measured
obj_process_LINE-WS-hefei-pack-formation	queuePressure	measured
obj_process_LINE-WS-hefei-pack-winding	queuePressure	measured
obj_process_LINE-WS-hefei-slitting-aging	queuePressure	measured
obj_process_LINE-WS-hefei-slitting-assembly	queuePressure	measured
obj_process_LINE-WS-hefei-slitting-coating	queuePressure	measured
obj_process_LINE-WS-hefei-slitting-formation	queuePressure	measured
obj_process_LINE-WS-hefei-slitting-winding	queuePressure	measured
obj_process_LINE-WS-hefei-slurry-aging	queuePressure	measured
obj_process_LINE-WS-hefei-slurry-assembly	queuePressure	measured
obj_process_LINE-WS-hefei-slurry-coating	queuePressure	measured
obj_process_LINE-WS-hefei-slurry-formation	queuePressure	measured
obj_process_LINE-WS-hefei-slurry-winding	queuePressure	measured
obj_process_LINE-WS-hefei-winding-aging	queuePressure	measured
obj_process_LINE-WS-hefei-winding-assembly	queuePressure	measured
obj_process_LINE-WS-hefei-winding-coating	queuePressure	measured
obj_process_LINE-WS-hefei-winding-formation	queuePressure	measured
obj_process_LINE-WS-hefei-winding-winding	queuePressure	measured
obj_process_LINE-WS-jiangmen-assembly-aging	queuePressure	measured
obj_process_LINE-WS-jiangmen-assembly-assembly	queuePressure	measured
obj_process_LINE-WS-jiangmen-assembly-coating	queuePressure	measured
obj_process_LINE-WS-jiangmen-assembly-formation	queuePressure	measured
obj_process_LINE-WS-jiangmen-assembly-winding	queuePressure	measured
obj_process_LINE-WS-jiangmen-calendering-aging	queuePressure	measured
obj_process_LINE-WS-jiangmen-calendering-assembly	queuePressure	measured
obj_process_LINE-WS-jiangmen-calendering-coating	queuePressure	measured
obj_process_LINE-WS-jiangmen-calendering-formation	queuePressure	measured
obj_process_LINE-WS-jiangmen-calendering-winding	queuePressure	measured
obj_process_LINE-WS-jiangmen-coating-aging	queuePressure	measured
obj_process_LINE-WS-jiangmen-coating-assembly	queuePressure	measured
obj_process_LINE-WS-jiangmen-coating-coating	queuePressure	measured
obj_process_LINE-WS-jiangmen-coating-formation	queuePressure	measured
obj_process_LINE-WS-jiangmen-coating-winding	queuePressure	measured
obj_process_LINE-WS-jiangmen-filling-aging	queuePressure	measured
obj_process_LINE-WS-jiangmen-filling-assembly	queuePressure	measured
obj_process_LINE-WS-jiangmen-filling-coating	queuePressure	measured
obj_process_LINE-WS-jiangmen-filling-formation	queuePressure	measured
obj_process_LINE-WS-jiangmen-filling-winding	queuePressure	measured
obj_process_LINE-WS-jiangmen-formation-aging	queuePressure	measured
obj_process_LINE-WS-jiangmen-formation-assembly	queuePressure	measured
obj_process_LINE-WS-jiangmen-formation-coating	queuePressure	measured
obj_process_LINE-WS-jiangmen-formation-formation	queuePressure	measured
obj_process_LINE-WS-jiangmen-formation-winding	queuePressure	measured
obj_process_LINE-WS-jiangmen-grading-aging	queuePressure	measured
obj_process_LINE-WS-jiangmen-grading-assembly	queuePressure	measured
obj_process_LINE-WS-jiangmen-grading-coating	queuePressure	measured
obj_process_LINE-WS-jiangmen-grading-formation	queuePressure	measured
obj_process_LINE-WS-jiangmen-grading-winding	queuePressure	measured
obj_process_LINE-WS-jiangmen-pack-aging	queuePressure	measured
obj_process_LINE-WS-jiangmen-pack-assembly	queuePressure	measured
obj_process_LINE-WS-jiangmen-pack-coating	queuePressure	measured
obj_process_LINE-WS-jiangmen-pack-formation	queuePressure	measured
obj_process_LINE-WS-jiangmen-pack-winding	queuePressure	measured
obj_process_LINE-WS-jiangmen-slitting-aging	queuePressure	measured
obj_process_LINE-WS-jiangmen-slitting-assembly	queuePressure	measured
obj_process_LINE-WS-jiangmen-slitting-coating	queuePressure	measured
obj_process_LINE-WS-jiangmen-slitting-formation	queuePressure	measured
obj_process_LINE-WS-jiangmen-slitting-winding	queuePressure	measured
obj_process_LINE-WS-jiangmen-slurry-aging	queuePressure	measured
obj_process_LINE-WS-jiangmen-slurry-assembly	queuePressure	measured
obj_process_LINE-WS-jiangmen-slurry-coating	queuePressure	measured
obj_process_LINE-WS-jiangmen-slurry-formation	queuePressure	measured
obj_process_LINE-WS-jiangmen-slurry-winding	queuePressure	measured
obj_process_LINE-WS-jiangmen-winding-aging	queuePressure	measured
obj_process_LINE-WS-jiangmen-winding-assembly	queuePressure	measured
obj_process_LINE-WS-jiangmen-winding-coating	queuePressure	measured
obj_process_LINE-WS-jiangmen-winding-formation	queuePressure	measured
obj_process_LINE-WS-jiangmen-winding-winding	queuePressure	measured
obj_process_LINE-WS-jinhua-assembly-aging	queuePressure	measured
obj_process_LINE-WS-jinhua-assembly-assembly	queuePressure	measured
obj_process_LINE-WS-jinhua-assembly-coating	queuePressure	measured
obj_process_LINE-WS-jinhua-assembly-formation	queuePressure	measured
obj_process_LINE-WS-jinhua-assembly-winding	queuePressure	measured
obj_process_LINE-WS-jinhua-calendering-aging	queuePressure	measured
obj_process_LINE-WS-jinhua-calendering-assembly	queuePressure	measured
obj_process_LINE-WS-jinhua-calendering-coating	queuePressure	measured
obj_process_LINE-WS-jinhua-calendering-formation	queuePressure	measured
obj_process_LINE-WS-jinhua-calendering-winding	queuePressure	measured
obj_process_LINE-WS-jinhua-coating-aging	queuePressure	measured
obj_process_LINE-WS-jinhua-coating-assembly	queuePressure	measured
obj_process_LINE-WS-jinhua-coating-coating	queuePressure	measured
obj_process_LINE-WS-jinhua-coating-formation	queuePressure	measured
obj_process_LINE-WS-jinhua-coating-winding	queuePressure	measured
obj_process_LINE-WS-jinhua-filling-aging	queuePressure	measured
obj_process_LINE-WS-jinhua-filling-assembly	queuePressure	measured
obj_process_LINE-WS-jinhua-filling-coating	queuePressure	measured
obj_process_LINE-WS-jinhua-filling-formation	queuePressure	measured
obj_process_LINE-WS-jinhua-filling-winding	queuePressure	measured
obj_process_LINE-WS-jinhua-formation-aging	queuePressure	measured
obj_process_LINE-WS-jinhua-formation-assembly	queuePressure	measured
obj_process_LINE-WS-jinhua-formation-coating	queuePressure	measured
obj_process_LINE-WS-jinhua-formation-formation	queuePressure	measured
obj_process_LINE-WS-jinhua-formation-winding	queuePressure	measured
obj_process_LINE-WS-jinhua-grading-aging	queuePressure	measured
obj_process_LINE-WS-jinhua-grading-assembly	queuePressure	measured
obj_process_LINE-WS-jinhua-grading-coating	queuePressure	measured
obj_process_LINE-WS-jinhua-grading-formation	queuePressure	measured
obj_process_LINE-WS-jinhua-grading-winding	queuePressure	measured
obj_process_LINE-WS-jinhua-pack-aging	queuePressure	measured
obj_process_LINE-WS-jinhua-pack-assembly	queuePressure	measured
obj_process_LINE-WS-jinhua-pack-coating	queuePressure	measured
obj_process_LINE-WS-jinhua-pack-formation	queuePressure	measured
obj_process_LINE-WS-jinhua-pack-winding	queuePressure	measured
obj_process_LINE-WS-jinhua-slitting-aging	queuePressure	measured
obj_process_LINE-WS-jinhua-slitting-assembly	queuePressure	measured
obj_process_LINE-WS-jinhua-slitting-coating	queuePressure	measured
obj_process_LINE-WS-jinhua-slitting-formation	queuePressure	measured
obj_process_LINE-WS-jinhua-slitting-winding	queuePressure	measured
obj_process_LINE-WS-jinhua-slurry-aging	queuePressure	measured
obj_process_LINE-WS-jinhua-slurry-assembly	queuePressure	measured
obj_process_LINE-WS-jinhua-slurry-coating	queuePressure	measured
obj_process_LINE-WS-jinhua-slurry-formation	queuePressure	measured
obj_process_LINE-WS-jinhua-slurry-winding	queuePressure	measured
obj_process_LINE-WS-jinhua-winding-aging	queuePressure	measured
obj_process_LINE-WS-jinhua-winding-assembly	queuePressure	measured
obj_process_LINE-WS-jinhua-winding-coating	queuePressure	measured
obj_process_LINE-WS-jinhua-winding-formation	queuePressure	measured
obj_process_LINE-WS-jinhua-winding-winding	queuePressure	measured
obj_process_LINE-WS-meishan-assembly-aging	queuePressure	measured
obj_process_LINE-WS-meishan-assembly-assembly	queuePressure	measured
obj_process_LINE-WS-meishan-assembly-coating	queuePressure	measured
obj_process_LINE-WS-meishan-assembly-formation	queuePressure	measured
obj_process_LINE-WS-meishan-assembly-winding	queuePressure	measured
obj_process_LINE-WS-meishan-calendering-aging	queuePressure	measured
obj_process_LINE-WS-meishan-calendering-assembly	queuePressure	measured
obj_process_LINE-WS-meishan-calendering-coating	queuePressure	measured
obj_process_LINE-WS-meishan-calendering-formation	queuePressure	measured
obj_process_LINE-WS-meishan-calendering-winding	queuePressure	measured
obj_process_LINE-WS-meishan-coating-aging	queuePressure	measured
obj_process_LINE-WS-meishan-coating-assembly	queuePressure	measured
obj_process_LINE-WS-meishan-coating-coating	queuePressure	measured
obj_process_LINE-WS-meishan-coating-formation	queuePressure	measured
obj_process_LINE-WS-meishan-coating-winding	queuePressure	measured
obj_process_LINE-WS-meishan-filling-aging	queuePressure	measured
obj_process_LINE-WS-meishan-filling-assembly	queuePressure	measured
obj_process_LINE-WS-meishan-filling-coating	queuePressure	measured
obj_process_LINE-WS-meishan-filling-formation	queuePressure	measured
obj_process_LINE-WS-meishan-filling-winding	queuePressure	measured
obj_process_LINE-WS-meishan-formation-aging	queuePressure	measured
obj_process_LINE-WS-meishan-formation-assembly	queuePressure	measured
obj_process_LINE-WS-meishan-formation-coating	queuePressure	measured
obj_process_LINE-WS-meishan-formation-formation	queuePressure	measured
obj_process_LINE-WS-meishan-formation-winding	queuePressure	measured
obj_process_LINE-WS-meishan-grading-aging	queuePressure	measured
obj_process_LINE-WS-meishan-grading-assembly	queuePressure	measured
obj_process_LINE-WS-meishan-grading-coating	queuePressure	measured
obj_process_LINE-WS-meishan-grading-formation	queuePressure	measured
obj_process_LINE-WS-meishan-grading-winding	queuePressure	measured
obj_process_LINE-WS-meishan-pack-aging	queuePressure	measured
obj_process_LINE-WS-meishan-pack-assembly	queuePressure	measured
obj_process_LINE-WS-meishan-pack-coating	queuePressure	measured
obj_process_LINE-WS-meishan-pack-formation	queuePressure	measured
obj_process_LINE-WS-meishan-pack-winding	queuePressure	measured
obj_process_LINE-WS-meishan-slitting-aging	queuePressure	measured
obj_process_LINE-WS-meishan-slitting-assembly	queuePressure	measured
obj_process_LINE-WS-meishan-slitting-coating	queuePressure	measured
obj_process_LINE-WS-meishan-slitting-formation	queuePressure	measured
obj_process_LINE-WS-meishan-slitting-winding	queuePressure	measured
obj_process_LINE-WS-meishan-slurry-aging	queuePressure	measured
obj_process_LINE-WS-meishan-slurry-assembly	queuePressure	measured
obj_process_LINE-WS-meishan-slurry-coating	queuePressure	measured
obj_process_LINE-WS-meishan-slurry-formation	queuePressure	measured
obj_process_LINE-WS-meishan-slurry-winding	queuePressure	measured
obj_process_LINE-WS-meishan-winding-aging	queuePressure	measured
obj_process_LINE-WS-meishan-winding-assembly	queuePressure	measured
obj_process_LINE-WS-meishan-winding-coating	queuePressure	measured
obj_process_LINE-WS-meishan-winding-formation	queuePressure	measured
obj_process_LINE-WS-meishan-winding-winding	queuePressure	measured
obj_process_LINE-WS-wuhan-assembly-aging	queuePressure	measured
obj_process_LINE-WS-wuhan-assembly-assembly	queuePressure	measured
obj_process_LINE-WS-wuhan-assembly-coating	queuePressure	measured
obj_process_LINE-WS-wuhan-assembly-formation	queuePressure	measured
obj_process_LINE-WS-wuhan-assembly-winding	queuePressure	measured
obj_process_LINE-WS-wuhan-calendering-aging	queuePressure	measured
obj_process_LINE-WS-wuhan-calendering-assembly	queuePressure	measured
obj_process_LINE-WS-wuhan-calendering-coating	queuePressure	measured
obj_process_LINE-WS-wuhan-calendering-formation	queuePressure	measured
obj_process_LINE-WS-wuhan-calendering-winding	queuePressure	measured
obj_process_LINE-WS-wuhan-coating-aging	queuePressure	measured
obj_process_LINE-WS-wuhan-coating-assembly	queuePressure	measured
obj_process_LINE-WS-wuhan-coating-coating	queuePressure	measured
obj_process_LINE-WS-wuhan-coating-formation	queuePressure	measured
obj_process_LINE-WS-wuhan-coating-winding	queuePressure	measured
obj_process_LINE-WS-wuhan-filling-aging	queuePressure	measured
obj_process_LINE-WS-wuhan-filling-assembly	queuePressure	measured
obj_process_LINE-WS-wuhan-filling-coating	queuePressure	measured
obj_process_LINE-WS-wuhan-filling-formation	queuePressure	measured
obj_process_LINE-WS-wuhan-filling-winding	queuePressure	measured
obj_process_LINE-WS-wuhan-formation-aging	queuePressure	measured
obj_process_LINE-WS-wuhan-formation-assembly	queuePressure	measured
obj_process_LINE-WS-wuhan-formation-coating	queuePressure	measured
obj_process_LINE-WS-wuhan-formation-formation	queuePressure	measured
obj_process_LINE-WS-wuhan-formation-winding	queuePressure	measured
obj_process_LINE-WS-wuhan-grading-aging	queuePressure	measured
obj_process_LINE-WS-wuhan-grading-assembly	queuePressure	measured
obj_process_LINE-WS-wuhan-grading-coating	queuePressure	measured
obj_process_LINE-WS-wuhan-grading-formation	queuePressure	measured
obj_process_LINE-WS-wuhan-grading-winding	queuePressure	measured
obj_process_LINE-WS-wuhan-pack-aging	queuePressure	measured
obj_process_LINE-WS-wuhan-pack-assembly	queuePressure	measured
obj_process_LINE-WS-wuhan-pack-coating	queuePressure	measured
obj_process_LINE-WS-wuhan-pack-formation	queuePressure	measured
obj_process_LINE-WS-wuhan-pack-winding	queuePressure	measured
obj_process_LINE-WS-wuhan-slitting-aging	queuePressure	measured
obj_process_LINE-WS-wuhan-slitting-assembly	queuePressure	measured
obj_process_LINE-WS-wuhan-slitting-coating	queuePressure	measured
obj_process_LINE-WS-wuhan-slitting-formation	queuePressure	measured
obj_process_LINE-WS-wuhan-slitting-winding	queuePressure	measured
obj_process_LINE-WS-wuhan-slurry-aging	queuePressure	measured
obj_process_LINE-WS-wuhan-slurry-assembly	queuePressure	measured
obj_process_LINE-WS-wuhan-slurry-coating	queuePressure	measured
obj_process_LINE-WS-wuhan-slurry-formation	queuePressure	measured
obj_process_LINE-WS-wuhan-slurry-winding	queuePressure	measured
obj_process_LINE-WS-wuhan-winding-aging	queuePressure	measured
obj_process_LINE-WS-wuhan-winding-assembly	queuePressure	measured
obj_process_LINE-WS-wuhan-winding-coating	queuePressure	measured
obj_process_LINE-WS-wuhan-winding-formation	queuePressure	measured
obj_process_LINE-WS-wuhan-winding-winding	queuePressure	measured
obj_process_LINE-WS-xiamen-assembly-aging	queuePressure	measured
obj_process_LINE-WS-xiamen-assembly-assembly	queuePressure	measured
obj_process_LINE-WS-xiamen-assembly-coating	queuePressure	measured
obj_process_LINE-WS-xiamen-assembly-formation	queuePressure	measured
obj_process_LINE-WS-xiamen-assembly-winding	queuePressure	measured
obj_process_LINE-WS-xiamen-calendering-aging	queuePressure	measured
obj_process_LINE-WS-xiamen-calendering-assembly	queuePressure	measured
obj_process_LINE-WS-xiamen-calendering-coating	queuePressure	measured
obj_process_LINE-WS-xiamen-calendering-formation	queuePressure	measured
obj_process_LINE-WS-xiamen-calendering-winding	queuePressure	measured
obj_process_LINE-WS-xiamen-coating-aging	queuePressure	measured
obj_process_LINE-WS-xiamen-coating-assembly	queuePressure	measured
obj_process_LINE-WS-xiamen-coating-coating	queuePressure	measured
obj_process_LINE-WS-xiamen-coating-formation	queuePressure	measured
obj_process_LINE-WS-xiamen-coating-winding	queuePressure	measured
obj_process_LINE-WS-xiamen-filling-aging	queuePressure	measured
obj_process_LINE-WS-xiamen-filling-assembly	queuePressure	measured
obj_process_LINE-WS-xiamen-filling-coating	queuePressure	measured
obj_process_LINE-WS-xiamen-filling-formation	queuePressure	measured
obj_process_LINE-WS-xiamen-filling-winding	queuePressure	measured
obj_process_LINE-WS-xiamen-formation-aging	queuePressure	measured
obj_process_LINE-WS-xiamen-formation-assembly	queuePressure	measured
obj_process_LINE-WS-xiamen-formation-coating	queuePressure	measured
obj_process_LINE-WS-xiamen-formation-formation	queuePressure	measured
obj_process_LINE-WS-xiamen-formation-winding	queuePressure	measured
obj_process_LINE-WS-xiamen-grading-aging	queuePressure	measured
obj_process_LINE-WS-xiamen-grading-assembly	queuePressure	measured
obj_process_LINE-WS-xiamen-grading-coating	queuePressure	measured
obj_process_LINE-WS-xiamen-grading-formation	queuePressure	measured
obj_process_LINE-WS-xiamen-grading-winding	queuePressure	measured
obj_process_LINE-WS-xiamen-pack-aging	queuePressure	measured
obj_process_LINE-WS-xiamen-pack-assembly	queuePressure	measured
obj_process_LINE-WS-xiamen-pack-coating	queuePressure	measured
obj_process_LINE-WS-xiamen-pack-formation	queuePressure	measured
obj_process_LINE-WS-xiamen-pack-winding	queuePressure	measured
obj_process_LINE-WS-xiamen-slitting-aging	queuePressure	measured
obj_process_LINE-WS-xiamen-slitting-assembly	queuePressure	measured
obj_process_LINE-WS-xiamen-slitting-coating	queuePressure	measured
obj_process_LINE-WS-xiamen-slitting-formation	queuePressure	measured
obj_process_LINE-WS-xiamen-slitting-winding	queuePressure	measured
obj_process_LINE-WS-xiamen-slurry-aging	queuePressure	measured
obj_process_LINE-WS-xiamen-slurry-assembly	queuePressure	measured
obj_process_LINE-WS-xiamen-slurry-coating	queuePressure	measured
obj_process_LINE-WS-xiamen-slurry-formation	queuePressure	measured
obj_process_LINE-WS-xiamen-slurry-winding	queuePressure	measured
obj_process_LINE-WS-xiamen-winding-aging	queuePressure	measured
obj_process_LINE-WS-xiamen-winding-assembly	queuePressure	measured
obj_process_LINE-WS-xiamen-winding-coating	queuePressure	measured
obj_process_LINE-WS-xiamen-winding-formation	queuePressure	measured
obj_process_LINE-WS-xiamen-winding-winding	queuePressure	measured
obj_process_LINE-WS-xinyang-assembly-aging	queuePressure	measured
obj_process_LINE-WS-xinyang-assembly-assembly	queuePressure	measured
obj_process_LINE-WS-xinyang-assembly-coating	queuePressure	measured
obj_process_LINE-WS-xinyang-assembly-formation	queuePressure	measured
obj_process_LINE-WS-xinyang-assembly-winding	queuePressure	measured
obj_process_LINE-WS-xinyang-calendering-aging	queuePressure	measured
obj_process_LINE-WS-xinyang-calendering-assembly	queuePressure	measured
obj_process_LINE-WS-xinyang-calendering-coating	queuePressure	measured
obj_process_LINE-WS-xinyang-calendering-formation	queuePressure	measured
obj_process_LINE-WS-xinyang-calendering-winding	queuePressure	measured
obj_process_LINE-WS-xinyang-coating-aging	queuePressure	measured
obj_process_LINE-WS-xinyang-coating-assembly	queuePressure	measured
obj_process_LINE-WS-xinyang-coating-coating	queuePressure	measured
obj_process_LINE-WS-xinyang-coating-formation	queuePressure	measured
obj_process_LINE-WS-xinyang-coating-winding	queuePressure	measured
obj_process_LINE-WS-xinyang-filling-aging	queuePressure	measured
obj_process_LINE-WS-xinyang-filling-assembly	queuePressure	measured
obj_process_LINE-WS-xinyang-filling-coating	queuePressure	measured
obj_process_LINE-WS-xinyang-filling-formation	queuePressure	measured
obj_process_LINE-WS-xinyang-filling-winding	queuePressure	measured
obj_process_LINE-WS-xinyang-formation-aging	queuePressure	measured
obj_process_LINE-WS-xinyang-formation-assembly	queuePressure	measured
obj_process_LINE-WS-xinyang-formation-coating	queuePressure	measured
obj_process_LINE-WS-xinyang-formation-formation	queuePressure	measured
obj_process_LINE-WS-xinyang-formation-winding	queuePressure	measured
obj_process_LINE-WS-xinyang-grading-aging	queuePressure	measured
obj_process_LINE-WS-xinyang-grading-assembly	queuePressure	measured
obj_process_LINE-WS-xinyang-grading-coating	queuePressure	measured
obj_process_LINE-WS-xinyang-grading-formation	queuePressure	measured
obj_process_LINE-WS-xinyang-grading-winding	queuePressure	measured
obj_process_LINE-WS-xinyang-pack-aging	queuePressure	measured
obj_process_LINE-WS-xinyang-pack-assembly	queuePressure	measured
obj_process_LINE-WS-xinyang-pack-coating	queuePressure	measured
obj_process_LINE-WS-xinyang-pack-formation	queuePressure	measured
obj_process_LINE-WS-xinyang-pack-winding	queuePressure	measured
obj_process_LINE-WS-xinyang-slitting-aging	queuePressure	measured
obj_process_LINE-WS-xinyang-slitting-assembly	queuePressure	measured
obj_process_LINE-WS-xinyang-slitting-coating	queuePressure	measured
obj_process_LINE-WS-xinyang-slitting-formation	queuePressure	measured
obj_process_LINE-WS-xinyang-slitting-winding	queuePressure	measured
obj_process_LINE-WS-xinyang-slurry-aging	queuePressure	measured
obj_process_LINE-WS-xinyang-slurry-assembly	queuePressure	measured
obj_process_LINE-WS-xinyang-slurry-coating	queuePressure	measured
obj_process_LINE-WS-xinyang-slurry-formation	queuePressure	measured
obj_process_LINE-WS-xinyang-slurry-winding	queuePressure	measured
obj_process_LINE-WS-xinyang-winding-aging	queuePressure	measured
obj_process_LINE-WS-xinyang-winding-assembly	queuePressure	measured
obj_process_LINE-WS-xinyang-winding-coating	queuePressure	measured
obj_process_LINE-WS-xinyang-winding-formation	queuePressure	measured
obj_process_LINE-WS-xinyang-winding-winding	queuePressure	measured
obj_process_LINE-WS-yangzhou-assembly-aging	queuePressure	measured
obj_process_LINE-WS-yangzhou-assembly-assembly	queuePressure	measured
obj_process_LINE-WS-yangzhou-assembly-coating	queuePressure	measured
obj_process_LINE-WS-yangzhou-assembly-formation	queuePressure	measured
obj_process_LINE-WS-yangzhou-assembly-winding	queuePressure	measured
obj_process_LINE-WS-yangzhou-calendering-aging	queuePressure	measured
obj_process_LINE-WS-yangzhou-calendering-assembly	queuePressure	measured
obj_process_LINE-WS-yangzhou-calendering-coating	queuePressure	measured
obj_process_LINE-WS-yangzhou-calendering-formation	queuePressure	measured
obj_process_LINE-WS-yangzhou-calendering-winding	queuePressure	measured
obj_process_LINE-WS-yangzhou-coating-aging	queuePressure	measured
obj_process_LINE-WS-yangzhou-coating-assembly	queuePressure	measured
obj_process_LINE-WS-yangzhou-coating-coating	queuePressure	measured
obj_process_LINE-WS-yangzhou-coating-formation	queuePressure	measured
obj_process_LINE-WS-yangzhou-coating-winding	queuePressure	measured
obj_process_LINE-WS-yangzhou-filling-aging	queuePressure	measured
obj_process_LINE-WS-yangzhou-filling-assembly	queuePressure	measured
obj_process_LINE-WS-yangzhou-filling-coating	queuePressure	measured
obj_process_LINE-WS-yangzhou-filling-formation	queuePressure	measured
obj_process_LINE-WS-yangzhou-filling-winding	queuePressure	measured
obj_process_LINE-WS-yangzhou-formation-aging	queuePressure	measured
obj_process_LINE-WS-yangzhou-formation-assembly	queuePressure	measured
obj_process_LINE-WS-yangzhou-formation-coating	queuePressure	measured
obj_process_LINE-WS-yangzhou-formation-formation	queuePressure	measured
obj_process_LINE-WS-yangzhou-formation-winding	queuePressure	measured
obj_process_LINE-WS-yangzhou-grading-aging	queuePressure	measured
obj_process_LINE-WS-yangzhou-grading-assembly	queuePressure	measured
obj_process_LINE-WS-yangzhou-grading-coating	queuePressure	measured
obj_process_LINE-WS-yangzhou-grading-formation	queuePressure	measured
obj_process_LINE-WS-yangzhou-grading-winding	queuePressure	measured
obj_process_LINE-WS-yangzhou-pack-aging	queuePressure	measured
obj_process_LINE-WS-yangzhou-pack-assembly	queuePressure	measured
obj_process_LINE-WS-yangzhou-pack-coating	queuePressure	measured
obj_process_LINE-WS-yangzhou-pack-formation	queuePressure	measured
obj_process_LINE-WS-yangzhou-pack-winding	queuePressure	measured
obj_process_LINE-WS-yangzhou-slitting-aging	queuePressure	measured
obj_process_LINE-WS-yangzhou-slitting-assembly	queuePressure	measured
obj_process_LINE-WS-yangzhou-slitting-coating	queuePressure	measured
obj_process_LINE-WS-yangzhou-slitting-formation	queuePressure	measured
obj_process_LINE-WS-yangzhou-slitting-winding	queuePressure	measured
obj_process_LINE-WS-yangzhou-slurry-aging	queuePressure	measured
obj_process_LINE-WS-yangzhou-slurry-assembly	queuePressure	measured
obj_process_LINE-WS-yangzhou-slurry-coating	queuePressure	measured
obj_process_LINE-WS-yangzhou-slurry-formation	queuePressure	measured
obj_process_LINE-WS-yangzhou-slurry-winding	queuePressure	measured
obj_process_LINE-WS-yangzhou-winding-aging	queuePressure	measured
obj_process_LINE-WS-yangzhou-winding-assembly	queuePressure	measured
obj_process_LINE-WS-yangzhou-winding-coating	queuePressure	measured
obj_process_LINE-WS-yangzhou-winding-formation	queuePressure	measured
obj_process_LINE-WS-yangzhou-winding-winding	queuePressure	measured
obj_process_LINE-WS-zaozhuang-assembly-aging	queuePressure	measured
obj_process_LINE-WS-zaozhuang-assembly-assembly	queuePressure	measured
obj_process_LINE-WS-zaozhuang-assembly-coating	queuePressure	measured
obj_process_LINE-WS-zaozhuang-assembly-formation	queuePressure	measured
obj_process_LINE-WS-zaozhuang-assembly-winding	queuePressure	measured
obj_process_LINE-WS-zaozhuang-calendering-aging	queuePressure	measured
obj_process_LINE-WS-zaozhuang-calendering-assembly	queuePressure	measured
obj_process_LINE-WS-zaozhuang-calendering-coating	queuePressure	measured
obj_process_LINE-WS-zaozhuang-calendering-formation	queuePressure	measured
obj_process_LINE-WS-zaozhuang-calendering-winding	queuePressure	measured
obj_process_LINE-WS-zaozhuang-coating-aging	queuePressure	measured
obj_process_LINE-WS-zaozhuang-coating-assembly	queuePressure	measured
obj_process_LINE-WS-zaozhuang-coating-coating	queuePressure	measured
obj_process_LINE-WS-zaozhuang-coating-formation	queuePressure	measured
obj_process_LINE-WS-zaozhuang-coating-winding	queuePressure	measured
obj_process_LINE-WS-zaozhuang-filling-aging	queuePressure	measured
obj_process_LINE-WS-zaozhuang-filling-assembly	queuePressure	measured
obj_process_LINE-WS-zaozhuang-filling-coating	queuePressure	measured
obj_process_LINE-WS-zaozhuang-filling-formation	queuePressure	measured
obj_process_LINE-WS-zaozhuang-filling-winding	queuePressure	measured
obj_process_LINE-WS-zaozhuang-formation-aging	queuePressure	measured
obj_process_LINE-WS-zaozhuang-formation-assembly	queuePressure	measured
obj_process_LINE-WS-zaozhuang-formation-coating	queuePressure	measured
obj_process_LINE-WS-zaozhuang-formation-formation	queuePressure	measured
obj_process_LINE-WS-zaozhuang-formation-winding	queuePressure	measured
obj_process_LINE-WS-zaozhuang-grading-aging	queuePressure	measured
obj_process_LINE-WS-zaozhuang-grading-assembly	queuePressure	measured
obj_process_LINE-WS-zaozhuang-grading-coating	queuePressure	measured
obj_process_LINE-WS-zaozhuang-grading-formation	queuePressure	measured
obj_process_LINE-WS-zaozhuang-grading-winding	queuePressure	measured
obj_process_LINE-WS-zaozhuang-pack-aging	queuePressure	measured
obj_process_LINE-WS-zaozhuang-pack-assembly	queuePressure	measured
obj_process_LINE-WS-zaozhuang-pack-coating	queuePressure	measured
obj_process_LINE-WS-zaozhuang-pack-formation	queuePressure	measured
obj_process_LINE-WS-zaozhuang-pack-winding	queuePressure	measured
obj_process_LINE-WS-zaozhuang-slitting-aging	queuePressure	measured
obj_process_LINE-WS-zaozhuang-slitting-assembly	queuePressure	measured
obj_process_LINE-WS-zaozhuang-slitting-coating	queuePressure	measured
obj_process_LINE-WS-zaozhuang-slitting-formation	queuePressure	measured
obj_process_LINE-WS-zaozhuang-slitting-winding	queuePressure	measured
obj_process_LINE-WS-zaozhuang-slurry-aging	queuePressure	measured
obj_process_LINE-WS-zaozhuang-slurry-assembly	queuePressure	measured
obj_process_LINE-WS-zaozhuang-slurry-coating	queuePressure	measured
obj_process_LINE-WS-zaozhuang-slurry-formation	queuePressure	measured
obj_process_LINE-WS-zaozhuang-slurry-winding	queuePressure	measured
obj_process_LINE-WS-zaozhuang-winding-aging	queuePressure	measured
obj_process_LINE-WS-zaozhuang-winding-assembly	queuePressure	measured
obj_process_LINE-WS-zaozhuang-winding-coating	queuePressure	measured
obj_process_LINE-WS-zaozhuang-winding-formation	queuePressure	measured
obj_process_LINE-WS-zaozhuang-winding-winding	queuePressure	measured
obj_process_LINE-WS-zigong-assembly-aging	queuePressure	measured
obj_process_LINE-WS-zigong-assembly-assembly	queuePressure	measured
obj_process_LINE-WS-zigong-assembly-coating	queuePressure	measured
obj_process_LINE-WS-zigong-assembly-formation	queuePressure	measured
obj_process_LINE-WS-zigong-assembly-winding	queuePressure	measured
obj_process_LINE-WS-zigong-calendering-aging	queuePressure	measured
obj_process_LINE-WS-zigong-calendering-assembly	queuePressure	measured
obj_process_LINE-WS-zigong-calendering-coating	queuePressure	measured
obj_process_LINE-WS-zigong-calendering-formation	queuePressure	measured
obj_process_LINE-WS-zigong-calendering-winding	queuePressure	measured
obj_process_LINE-WS-zigong-coating-aging	queuePressure	measured
obj_process_LINE-WS-zigong-coating-assembly	queuePressure	measured
obj_process_LINE-WS-zigong-coating-coating	queuePressure	measured
obj_process_LINE-WS-zigong-coating-formation	queuePressure	measured
obj_process_LINE-WS-zigong-coating-winding	queuePressure	measured
obj_process_LINE-WS-zigong-filling-aging	queuePressure	measured
obj_process_LINE-WS-zigong-filling-assembly	queuePressure	measured
obj_process_LINE-WS-zigong-filling-coating	queuePressure	measured
obj_process_LINE-WS-zigong-filling-formation	queuePressure	measured
obj_process_LINE-WS-zigong-filling-winding	queuePressure	measured
obj_process_LINE-WS-zigong-formation-aging	queuePressure	measured
obj_process_LINE-WS-zigong-formation-assembly	queuePressure	measured
obj_process_LINE-WS-zigong-formation-coating	queuePressure	measured
obj_process_LINE-WS-zigong-formation-formation	queuePressure	measured
obj_process_LINE-WS-zigong-formation-winding	queuePressure	measured
obj_process_LINE-WS-zigong-grading-aging	queuePressure	measured
obj_process_LINE-WS-zigong-grading-assembly	queuePressure	measured
obj_process_LINE-WS-zigong-grading-coating	queuePressure	measured
obj_process_LINE-WS-zigong-grading-formation	queuePressure	measured
obj_process_LINE-WS-zigong-grading-winding	queuePressure	measured
obj_process_LINE-WS-zigong-pack-aging	queuePressure	measured
obj_process_LINE-WS-zigong-pack-assembly	queuePressure	measured
obj_process_LINE-WS-zigong-pack-coating	queuePressure	measured
obj_process_LINE-WS-zigong-pack-formation	queuePressure	measured
obj_process_LINE-WS-zigong-pack-winding	queuePressure	measured
obj_process_LINE-WS-zigong-slitting-aging	queuePressure	measured
obj_process_LINE-WS-zigong-slitting-assembly	queuePressure	measured
obj_process_LINE-WS-zigong-slitting-coating	queuePressure	measured
obj_process_LINE-WS-zigong-slitting-formation	queuePressure	measured
obj_process_LINE-WS-zigong-slitting-winding	queuePressure	measured
obj_process_LINE-WS-zigong-slurry-aging	queuePressure	measured
obj_process_LINE-WS-zigong-slurry-assembly	queuePressure	measured
obj_process_LINE-WS-zigong-slurry-coating	queuePressure	measured
obj_process_LINE-WS-zigong-slurry-formation	queuePressure	measured
obj_process_LINE-WS-zigong-slurry-winding	queuePressure	measured
obj_process_LINE-WS-zigong-winding-aging	queuePressure	measured
obj_process_LINE-WS-zigong-winding-assembly	queuePressure	measured
obj_process_LINE-WS-zigong-winding-coating	queuePressure	measured
obj_process_LINE-WS-zigong-winding-formation	queuePressure	measured
obj_process_LINE-WS-zigong-winding-winding	queuePressure	measured
obj_purchaseorder_po_0	expeditePressure	measured
obj_purchaseorder_po_0	procurementDelay	measured
obj_purchaseorder_po_1	expeditePressure	measured
obj_purchaseorder_po_1	procurementDelay	measured
obj_purchaseorder_po_10	expeditePressure	measured
obj_purchaseorder_po_10	procurementDelay	measured
obj_purchaseorder_po_11	expeditePressure	measured
obj_purchaseorder_po_11	procurementDelay	measured
obj_purchaseorder_po_12	expeditePressure	measured
obj_purchaseorder_po_12	procurementDelay	measured
obj_purchaseorder_po_13	expeditePressure	measured
obj_purchaseorder_po_13	procurementDelay	measured
obj_purchaseorder_po_14	expeditePressure	measured
obj_purchaseorder_po_14	procurementDelay	measured
obj_purchaseorder_po_15	expeditePressure	measured
obj_purchaseorder_po_15	procurementDelay	measured
obj_purchaseorder_po_16	expeditePressure	measured
obj_purchaseorder_po_16	procurementDelay	measured
obj_purchaseorder_po_17	expeditePressure	measured
obj_purchaseorder_po_17	procurementDelay	measured
obj_purchaseorder_po_18	expeditePressure	measured
obj_purchaseorder_po_18	procurementDelay	measured
obj_purchaseorder_po_19	expeditePressure	measured
obj_purchaseorder_po_19	procurementDelay	measured
obj_purchaseorder_po_2	expeditePressure	measured
obj_purchaseorder_po_2	procurementDelay	measured
obj_purchaseorder_po_20	expeditePressure	measured
obj_purchaseorder_po_20	procurementDelay	measured
obj_purchaseorder_po_21	expeditePressure	measured
obj_purchaseorder_po_21	procurementDelay	measured
obj_purchaseorder_po_22	expeditePressure	measured
obj_purchaseorder_po_22	procurementDelay	measured
obj_purchaseorder_po_23	expeditePressure	measured
obj_purchaseorder_po_23	procurementDelay	measured
obj_purchaseorder_po_24	expeditePressure	measured
obj_purchaseorder_po_24	procurementDelay	measured
obj_purchaseorder_po_25	expeditePressure	measured
obj_purchaseorder_po_25	procurementDelay	measured
obj_purchaseorder_po_26	expeditePressure	measured
obj_purchaseorder_po_26	procurementDelay	measured
obj_purchaseorder_po_27	expeditePressure	measured
obj_purchaseorder_po_27	procurementDelay	measured
obj_purchaseorder_po_28	expeditePressure	measured
obj_purchaseorder_po_28	procurementDelay	measured
obj_purchaseorder_po_29	expeditePressure	measured
obj_purchaseorder_po_29	procurementDelay	measured
obj_purchaseorder_po_3	expeditePressure	measured
obj_purchaseorder_po_3	procurementDelay	measured
obj_purchaseorder_po_4	expeditePressure	measured
obj_purchaseorder_po_4	procurementDelay	measured
obj_purchaseorder_po_5	expeditePressure	measured
obj_purchaseorder_po_5	procurementDelay	measured
obj_purchaseorder_po_6	expeditePressure	measured
obj_purchaseorder_po_6	procurementDelay	measured
obj_purchaseorder_po_7	expeditePressure	measured
obj_purchaseorder_po_7	procurementDelay	measured
obj_purchaseorder_po_8	expeditePressure	measured
obj_purchaseorder_po_8	procurementDelay	measured
obj_purchaseorder_po_9	expeditePressure	measured
obj_purchaseorder_po_9	procurementDelay	measured
obj_qualitylot_QLOT-WO-LINE-WS-changzhou-assembly-0	inspectBacklog	derived
obj_qualitylot_QLOT-WO-LINE-WS-changzhou-assembly-1	inspectBacklog	derived
obj_qualitylot_QLOT-WO-LINE-WS-changzhou-calendering-0	inspectBacklog	derived
obj_qualitylot_QLOT-WO-LINE-WS-changzhou-calendering-1	inspectBacklog	derived
obj_qualitylot_QLOT-WO-LINE-WS-changzhou-coating-0	inspectBacklog	derived
obj_qualitylot_QLOT-WO-LINE-WS-changzhou-coating-1	inspectBacklog	derived
obj_qualitylot_QLOT-WO-LINE-WS-changzhou-filling-0	inspectBacklog	derived
obj_qualitylot_QLOT-WO-LINE-WS-changzhou-filling-1	inspectBacklog	derived
obj_qualitylot_QLOT-WO-LINE-WS-changzhou-formation-0	inspectBacklog	derived
obj_qualitylot_QLOT-WO-LINE-WS-changzhou-formation-1	inspectBacklog	derived
obj_qualitylot_QLOT-WO-LINE-WS-changzhou-grading-0	inspectBacklog	derived
obj_qualitylot_QLOT-WO-LINE-WS-changzhou-grading-1	inspectBacklog	derived
obj_qualitylot_QLOT-WO-LINE-WS-changzhou-pack-0	inspectBacklog	derived
obj_qualitylot_QLOT-WO-LINE-WS-changzhou-pack-1	inspectBacklog	derived
obj_qualitylot_QLOT-WO-LINE-WS-changzhou-slitting-0	inspectBacklog	derived
obj_qualitylot_QLOT-WO-LINE-WS-changzhou-slitting-1	inspectBacklog	derived
obj_qualitylot_QLOT-WO-LINE-WS-changzhou-slurry-0	inspectBacklog	derived
obj_qualitylot_QLOT-WO-LINE-WS-changzhou-slurry-1	inspectBacklog	derived
obj_qualitylot_QLOT-WO-LINE-WS-changzhou-winding-0	inspectBacklog	derived
obj_qualitylot_QLOT-WO-LINE-WS-changzhou-winding-1	inspectBacklog	derived
obj_qualitylot_QLOT-WO-LINE-WS-chengdu-assembly-0	inspectBacklog	derived
obj_qualitylot_QLOT-WO-LINE-WS-chengdu-assembly-1	inspectBacklog	derived
obj_qualitylot_QLOT-WO-LINE-WS-chengdu-calendering-0	inspectBacklog	derived
obj_qualitylot_QLOT-WO-LINE-WS-chengdu-calendering-1	inspectBacklog	derived
obj_qualitylot_QLOT-WO-LINE-WS-chengdu-coating-0	inspectBacklog	derived
obj_qualitylot_QLOT-WO-LINE-WS-chengdu-coating-1	inspectBacklog	derived
obj_qualitylot_QLOT-WO-LINE-WS-chengdu-filling-0	inspectBacklog	derived
obj_qualitylot_QLOT-WO-LINE-WS-chengdu-filling-1	inspectBacklog	derived
obj_qualitylot_QLOT-WO-LINE-WS-chengdu-formation-0	inspectBacklog	derived
obj_qualitylot_QLOT-WO-LINE-WS-chengdu-formation-1	inspectBacklog	derived
obj_qualitylot_QLOT-WO-LINE-WS-chengdu-grading-0	inspectBacklog	derived
obj_qualitylot_QLOT-WO-LINE-WS-chengdu-grading-1	inspectBacklog	derived
obj_qualitylot_QLOT-WO-LINE-WS-chengdu-pack-0	inspectBacklog	derived
obj_qualitylot_QLOT-WO-LINE-WS-chengdu-pack-1	inspectBacklog	derived
obj_qualitylot_QLOT-WO-LINE-WS-chengdu-slitting-0	inspectBacklog	derived
obj_qualitylot_QLOT-WO-LINE-WS-chengdu-slitting-1	inspectBacklog	derived
obj_qualitylot_QLOT-WO-LINE-WS-chengdu-slurry-0	inspectBacklog	derived
obj_qualitylot_QLOT-WO-LINE-WS-chengdu-slurry-1	inspectBacklog	derived
obj_qualitylot_QLOT-WO-LINE-WS-chengdu-winding-0	inspectBacklog	derived
obj_qualitylot_QLOT-WO-LINE-WS-chengdu-winding-1	inspectBacklog	derived
obj_qualitylot_QLOT-WO-LINE-WS-handan-assembly-0	inspectBacklog	derived
obj_qualitylot_QLOT-WO-LINE-WS-handan-assembly-1	inspectBacklog	derived
obj_qualitylot_QLOT-WO-LINE-WS-handan-calendering-0	inspectBacklog	derived
obj_qualitylot_QLOT-WO-LINE-WS-handan-calendering-1	inspectBacklog	derived
obj_qualitylot_QLOT-WO-LINE-WS-handan-coating-0	inspectBacklog	derived
obj_qualitylot_QLOT-WO-LINE-WS-handan-coating-1	inspectBacklog	derived
obj_qualitylot_QLOT-WO-LINE-WS-handan-filling-0	inspectBacklog	derived
obj_qualitylot_QLOT-WO-LINE-WS-handan-filling-1	inspectBacklog	derived
obj_qualitylot_QLOT-WO-LINE-WS-handan-formation-0	inspectBacklog	derived
obj_qualitylot_QLOT-WO-LINE-WS-handan-formation-1	inspectBacklog	derived
obj_qualitylot_QLOT-WO-LINE-WS-handan-grading-0	inspectBacklog	derived
obj_qualitylot_QLOT-WO-LINE-WS-handan-grading-1	inspectBacklog	derived
obj_qualitylot_QLOT-WO-LINE-WS-handan-pack-0	inspectBacklog	derived
obj_qualitylot_QLOT-WO-LINE-WS-handan-pack-1	inspectBacklog	derived
obj_qualitylot_QLOT-WO-LINE-WS-handan-slitting-0	inspectBacklog	derived
obj_qualitylot_QLOT-WO-LINE-WS-handan-slitting-1	inspectBacklog	derived
obj_qualitylot_QLOT-WO-LINE-WS-handan-slurry-0	inspectBacklog	derived
obj_qualitylot_QLOT-WO-LINE-WS-handan-slurry-1	inspectBacklog	derived
obj_qualitylot_QLOT-WO-LINE-WS-handan-winding-0	inspectBacklog	derived
obj_qualitylot_QLOT-WO-LINE-WS-handan-winding-1	inspectBacklog	derived
obj_qualitylot_QLOT-WO-LINE-WS-hefei-assembly-0	inspectBacklog	derived
obj_qualitylot_QLOT-WO-LINE-WS-hefei-assembly-1	inspectBacklog	derived
obj_qualitylot_QLOT-WO-LINE-WS-hefei-calendering-0	inspectBacklog	derived
obj_qualitylot_QLOT-WO-LINE-WS-hefei-calendering-1	inspectBacklog	derived
obj_qualitylot_QLOT-WO-LINE-WS-hefei-coating-0	inspectBacklog	derived
obj_qualitylot_QLOT-WO-LINE-WS-hefei-coating-1	inspectBacklog	derived
obj_qualitylot_QLOT-WO-LINE-WS-hefei-filling-0	inspectBacklog	derived
obj_qualitylot_QLOT-WO-LINE-WS-hefei-filling-1	inspectBacklog	derived
obj_qualitylot_QLOT-WO-LINE-WS-hefei-formation-0	inspectBacklog	derived
obj_qualitylot_QLOT-WO-LINE-WS-hefei-formation-1	inspectBacklog	derived
obj_qualitylot_QLOT-WO-LINE-WS-hefei-grading-0	inspectBacklog	derived
obj_qualitylot_QLOT-WO-LINE-WS-hefei-grading-1	inspectBacklog	derived
obj_qualitylot_QLOT-WO-LINE-WS-hefei-pack-0	inspectBacklog	derived
obj_qualitylot_QLOT-WO-LINE-WS-hefei-pack-1	inspectBacklog	derived
obj_qualitylot_QLOT-WO-LINE-WS-hefei-slitting-0	inspectBacklog	derived
obj_qualitylot_QLOT-WO-LINE-WS-hefei-slitting-1	inspectBacklog	derived
obj_qualitylot_QLOT-WO-LINE-WS-hefei-slurry-0	inspectBacklog	derived
obj_qualitylot_QLOT-WO-LINE-WS-hefei-slurry-1	inspectBacklog	derived
obj_qualitylot_QLOT-WO-LINE-WS-hefei-winding-0	inspectBacklog	derived
obj_qualitylot_QLOT-WO-LINE-WS-hefei-winding-1	inspectBacklog	derived
obj_qualitylot_QLOT-WO-LINE-WS-jiangmen-assembly-0	inspectBacklog	derived
obj_qualitylot_QLOT-WO-LINE-WS-jiangmen-assembly-1	inspectBacklog	derived
obj_qualitylot_QLOT-WO-LINE-WS-jiangmen-calendering-0	inspectBacklog	derived
obj_qualitylot_QLOT-WO-LINE-WS-jiangmen-calendering-1	inspectBacklog	derived
obj_qualitylot_QLOT-WO-LINE-WS-jiangmen-coating-0	inspectBacklog	derived
obj_qualitylot_QLOT-WO-LINE-WS-jiangmen-coating-1	inspectBacklog	derived
obj_qualitylot_QLOT-WO-LINE-WS-jiangmen-filling-0	inspectBacklog	derived
obj_qualitylot_QLOT-WO-LINE-WS-jiangmen-filling-1	inspectBacklog	derived
obj_qualitylot_QLOT-WO-LINE-WS-jiangmen-formation-0	inspectBacklog	derived
obj_qualitylot_QLOT-WO-LINE-WS-jiangmen-formation-1	inspectBacklog	derived
obj_qualitylot_QLOT-WO-LINE-WS-jiangmen-grading-0	inspectBacklog	derived
obj_qualitylot_QLOT-WO-LINE-WS-jiangmen-grading-1	inspectBacklog	derived
obj_qualitylot_QLOT-WO-LINE-WS-jiangmen-pack-0	inspectBacklog	derived
obj_qualitylot_QLOT-WO-LINE-WS-jiangmen-pack-1	inspectBacklog	derived
obj_qualitylot_QLOT-WO-LINE-WS-jiangmen-slitting-0	inspectBacklog	derived
obj_qualitylot_QLOT-WO-LINE-WS-jiangmen-slitting-1	inspectBacklog	derived
obj_qualitylot_QLOT-WO-LINE-WS-jiangmen-slurry-0	inspectBacklog	derived
obj_qualitylot_QLOT-WO-LINE-WS-jiangmen-slurry-1	inspectBacklog	derived
obj_qualitylot_QLOT-WO-LINE-WS-jiangmen-winding-0	inspectBacklog	derived
obj_qualitylot_QLOT-WO-LINE-WS-jiangmen-winding-1	inspectBacklog	derived
obj_qualitylot_QLOT-WO-LINE-WS-jinhua-assembly-0	inspectBacklog	derived
obj_qualitylot_QLOT-WO-LINE-WS-jinhua-assembly-1	inspectBacklog	derived
obj_qualitylot_QLOT-WO-LINE-WS-jinhua-calendering-0	inspectBacklog	derived
obj_qualitylot_QLOT-WO-LINE-WS-jinhua-calendering-1	inspectBacklog	derived
obj_qualitylot_QLOT-WO-LINE-WS-jinhua-coating-0	inspectBacklog	derived
obj_qualitylot_QLOT-WO-LINE-WS-jinhua-coating-1	inspectBacklog	derived
obj_qualitylot_QLOT-WO-LINE-WS-jinhua-filling-0	inspectBacklog	derived
obj_qualitylot_QLOT-WO-LINE-WS-jinhua-filling-1	inspectBacklog	derived
obj_qualitylot_QLOT-WO-LINE-WS-jinhua-formation-0	inspectBacklog	derived
obj_qualitylot_QLOT-WO-LINE-WS-jinhua-formation-1	inspectBacklog	derived
obj_qualitylot_QLOT-WO-LINE-WS-jinhua-grading-0	inspectBacklog	derived
obj_qualitylot_QLOT-WO-LINE-WS-jinhua-grading-1	inspectBacklog	derived
obj_qualitylot_QLOT-WO-LINE-WS-jinhua-pack-0	inspectBacklog	derived
obj_qualitylot_QLOT-WO-LINE-WS-jinhua-pack-1	inspectBacklog	derived
obj_qualitylot_QLOT-WO-LINE-WS-jinhua-slitting-0	inspectBacklog	derived
obj_qualitylot_QLOT-WO-LINE-WS-jinhua-slitting-1	inspectBacklog	derived
obj_qualitylot_QLOT-WO-LINE-WS-jinhua-slurry-0	inspectBacklog	derived
obj_qualitylot_QLOT-WO-LINE-WS-jinhua-slurry-1	inspectBacklog	derived
obj_qualitylot_QLOT-WO-LINE-WS-jinhua-winding-0	inspectBacklog	derived
obj_qualitylot_QLOT-WO-LINE-WS-jinhua-winding-1	inspectBacklog	derived
obj_qualitylot_QLOT-WO-LINE-WS-meishan-assembly-0	inspectBacklog	derived
obj_qualitylot_QLOT-WO-LINE-WS-meishan-assembly-1	inspectBacklog	derived
obj_qualitylot_QLOT-WO-LINE-WS-meishan-calendering-0	inspectBacklog	derived
obj_qualitylot_QLOT-WO-LINE-WS-meishan-calendering-1	inspectBacklog	derived
obj_qualitylot_QLOT-WO-LINE-WS-meishan-coating-0	inspectBacklog	derived
obj_qualitylot_QLOT-WO-LINE-WS-meishan-coating-1	inspectBacklog	derived
obj_qualitylot_QLOT-WO-LINE-WS-meishan-filling-0	inspectBacklog	derived
obj_qualitylot_QLOT-WO-LINE-WS-meishan-filling-1	inspectBacklog	derived
obj_qualitylot_QLOT-WO-LINE-WS-meishan-formation-0	inspectBacklog	derived
obj_qualitylot_QLOT-WO-LINE-WS-meishan-formation-1	inspectBacklog	derived
obj_qualitylot_QLOT-WO-LINE-WS-meishan-grading-0	inspectBacklog	derived
obj_qualitylot_QLOT-WO-LINE-WS-meishan-grading-1	inspectBacklog	derived
obj_qualitylot_QLOT-WO-LINE-WS-meishan-pack-0	inspectBacklog	derived
obj_qualitylot_QLOT-WO-LINE-WS-meishan-pack-1	inspectBacklog	derived
obj_qualitylot_QLOT-WO-LINE-WS-meishan-slitting-0	inspectBacklog	derived
obj_qualitylot_QLOT-WO-LINE-WS-meishan-slitting-1	inspectBacklog	derived
obj_qualitylot_QLOT-WO-LINE-WS-meishan-slurry-0	inspectBacklog	derived
obj_qualitylot_QLOT-WO-LINE-WS-meishan-slurry-1	inspectBacklog	derived
obj_qualitylot_QLOT-WO-LINE-WS-meishan-winding-0	inspectBacklog	derived
obj_qualitylot_QLOT-WO-LINE-WS-meishan-winding-1	inspectBacklog	derived
obj_qualitylot_QLOT-WO-LINE-WS-wuhan-assembly-0	inspectBacklog	derived
obj_qualitylot_QLOT-WO-LINE-WS-wuhan-assembly-1	inspectBacklog	derived
obj_qualitylot_QLOT-WO-LINE-WS-wuhan-calendering-0	inspectBacklog	derived
obj_qualitylot_QLOT-WO-LINE-WS-wuhan-calendering-1	inspectBacklog	derived
obj_qualitylot_QLOT-WO-LINE-WS-wuhan-coating-0	inspectBacklog	derived
obj_qualitylot_QLOT-WO-LINE-WS-wuhan-coating-1	inspectBacklog	derived
obj_qualitylot_QLOT-WO-LINE-WS-wuhan-filling-0	inspectBacklog	derived
obj_qualitylot_QLOT-WO-LINE-WS-wuhan-filling-1	inspectBacklog	derived
obj_qualitylot_QLOT-WO-LINE-WS-wuhan-formation-0	inspectBacklog	derived
obj_qualitylot_QLOT-WO-LINE-WS-wuhan-formation-1	inspectBacklog	derived
obj_qualitylot_QLOT-WO-LINE-WS-wuhan-grading-0	inspectBacklog	derived
obj_qualitylot_QLOT-WO-LINE-WS-wuhan-grading-1	inspectBacklog	derived
obj_qualitylot_QLOT-WO-LINE-WS-wuhan-pack-0	inspectBacklog	derived
obj_qualitylot_QLOT-WO-LINE-WS-wuhan-pack-1	inspectBacklog	derived
obj_qualitylot_QLOT-WO-LINE-WS-wuhan-slitting-0	inspectBacklog	derived
obj_qualitylot_QLOT-WO-LINE-WS-wuhan-slitting-1	inspectBacklog	derived
obj_qualitylot_QLOT-WO-LINE-WS-wuhan-slurry-0	inspectBacklog	derived
obj_qualitylot_QLOT-WO-LINE-WS-wuhan-slurry-1	inspectBacklog	derived
obj_qualitylot_QLOT-WO-LINE-WS-wuhan-winding-0	inspectBacklog	derived
obj_qualitylot_QLOT-WO-LINE-WS-wuhan-winding-1	inspectBacklog	derived
obj_qualitylot_QLOT-WO-LINE-WS-xiamen-assembly-0	inspectBacklog	derived
obj_qualitylot_QLOT-WO-LINE-WS-xiamen-assembly-1	inspectBacklog	derived
obj_qualitylot_QLOT-WO-LINE-WS-xiamen-calendering-0	inspectBacklog	derived
obj_qualitylot_QLOT-WO-LINE-WS-xiamen-calendering-1	inspectBacklog	derived
obj_qualitylot_QLOT-WO-LINE-WS-xiamen-coating-0	inspectBacklog	derived
obj_qualitylot_QLOT-WO-LINE-WS-xiamen-coating-1	inspectBacklog	derived
obj_qualitylot_QLOT-WO-LINE-WS-xiamen-filling-0	inspectBacklog	derived
obj_qualitylot_QLOT-WO-LINE-WS-xiamen-filling-1	inspectBacklog	derived
obj_qualitylot_QLOT-WO-LINE-WS-xiamen-formation-0	inspectBacklog	derived
obj_qualitylot_QLOT-WO-LINE-WS-xiamen-formation-1	inspectBacklog	derived
obj_qualitylot_QLOT-WO-LINE-WS-xiamen-grading-0	inspectBacklog	derived
obj_qualitylot_QLOT-WO-LINE-WS-xiamen-grading-1	inspectBacklog	derived
obj_qualitylot_QLOT-WO-LINE-WS-xiamen-pack-0	inspectBacklog	derived
obj_qualitylot_QLOT-WO-LINE-WS-xiamen-pack-1	inspectBacklog	derived
obj_qualitylot_QLOT-WO-LINE-WS-xiamen-slitting-0	inspectBacklog	derived
obj_qualitylot_QLOT-WO-LINE-WS-xiamen-slitting-1	inspectBacklog	derived
obj_qualitylot_QLOT-WO-LINE-WS-xiamen-slurry-0	inspectBacklog	derived
obj_qualitylot_QLOT-WO-LINE-WS-xiamen-slurry-1	inspectBacklog	derived
obj_qualitylot_QLOT-WO-LINE-WS-xiamen-winding-0	inspectBacklog	derived
obj_qualitylot_QLOT-WO-LINE-WS-xiamen-winding-1	inspectBacklog	derived
obj_qualitylot_QLOT-WO-LINE-WS-xinyang-assembly-0	inspectBacklog	derived
obj_qualitylot_QLOT-WO-LINE-WS-xinyang-assembly-1	inspectBacklog	derived
obj_qualitylot_QLOT-WO-LINE-WS-xinyang-calendering-0	inspectBacklog	derived
obj_qualitylot_QLOT-WO-LINE-WS-xinyang-calendering-1	inspectBacklog	derived
obj_qualitylot_QLOT-WO-LINE-WS-xinyang-coating-0	inspectBacklog	derived
obj_qualitylot_QLOT-WO-LINE-WS-xinyang-coating-1	inspectBacklog	derived
obj_qualitylot_QLOT-WO-LINE-WS-xinyang-filling-0	inspectBacklog	derived
obj_qualitylot_QLOT-WO-LINE-WS-xinyang-filling-1	inspectBacklog	derived
obj_qualitylot_QLOT-WO-LINE-WS-xinyang-formation-0	inspectBacklog	derived
obj_qualitylot_QLOT-WO-LINE-WS-xinyang-formation-1	inspectBacklog	derived
obj_qualitylot_QLOT-WO-LINE-WS-xinyang-grading-0	inspectBacklog	derived
obj_qualitylot_QLOT-WO-LINE-WS-xinyang-grading-1	inspectBacklog	derived
obj_qualitylot_QLOT-WO-LINE-WS-xinyang-pack-0	inspectBacklog	derived
obj_qualitylot_QLOT-WO-LINE-WS-xinyang-pack-1	inspectBacklog	derived
obj_qualitylot_QLOT-WO-LINE-WS-xinyang-slitting-0	inspectBacklog	derived
obj_qualitylot_QLOT-WO-LINE-WS-xinyang-slitting-1	inspectBacklog	derived
obj_qualitylot_QLOT-WO-LINE-WS-xinyang-slurry-0	inspectBacklog	derived
obj_qualitylot_QLOT-WO-LINE-WS-xinyang-slurry-1	inspectBacklog	derived
obj_qualitylot_QLOT-WO-LINE-WS-xinyang-winding-0	inspectBacklog	derived
obj_qualitylot_QLOT-WO-LINE-WS-xinyang-winding-1	inspectBacklog	derived
obj_qualitylot_QLOT-WO-LINE-WS-yangzhou-assembly-0	inspectBacklog	derived
obj_qualitylot_QLOT-WO-LINE-WS-yangzhou-assembly-1	inspectBacklog	derived
obj_qualitylot_QLOT-WO-LINE-WS-yangzhou-calendering-0	inspectBacklog	derived
obj_qualitylot_QLOT-WO-LINE-WS-yangzhou-calendering-1	inspectBacklog	derived
obj_qualitylot_QLOT-WO-LINE-WS-yangzhou-coating-0	inspectBacklog	derived
obj_qualitylot_QLOT-WO-LINE-WS-yangzhou-coating-1	inspectBacklog	derived
obj_qualitylot_QLOT-WO-LINE-WS-yangzhou-filling-0	inspectBacklog	derived
obj_qualitylot_QLOT-WO-LINE-WS-yangzhou-filling-1	inspectBacklog	derived
obj_qualitylot_QLOT-WO-LINE-WS-yangzhou-formation-0	inspectBacklog	derived
obj_qualitylot_QLOT-WO-LINE-WS-yangzhou-formation-1	inspectBacklog	derived
obj_qualitylot_QLOT-WO-LINE-WS-yangzhou-grading-0	inspectBacklog	derived
obj_qualitylot_QLOT-WO-LINE-WS-yangzhou-grading-1	inspectBacklog	derived
obj_qualitylot_QLOT-WO-LINE-WS-yangzhou-pack-0	inspectBacklog	derived
obj_qualitylot_QLOT-WO-LINE-WS-yangzhou-pack-1	inspectBacklog	derived
obj_qualitylot_QLOT-WO-LINE-WS-yangzhou-slitting-0	inspectBacklog	derived
obj_qualitylot_QLOT-WO-LINE-WS-yangzhou-slitting-1	inspectBacklog	derived
obj_qualitylot_QLOT-WO-LINE-WS-yangzhou-slurry-0	inspectBacklog	derived
obj_qualitylot_QLOT-WO-LINE-WS-yangzhou-slurry-1	inspectBacklog	derived
obj_qualitylot_QLOT-WO-LINE-WS-yangzhou-winding-0	inspectBacklog	derived
obj_qualitylot_QLOT-WO-LINE-WS-yangzhou-winding-1	inspectBacklog	derived
obj_qualitylot_QLOT-WO-LINE-WS-zaozhuang-assembly-0	inspectBacklog	derived
obj_qualitylot_QLOT-WO-LINE-WS-zaozhuang-assembly-1	inspectBacklog	derived
obj_qualitylot_QLOT-WO-LINE-WS-zaozhuang-calendering-0	inspectBacklog	derived
obj_qualitylot_QLOT-WO-LINE-WS-zaozhuang-calendering-1	inspectBacklog	derived
obj_qualitylot_QLOT-WO-LINE-WS-zaozhuang-coating-0	inspectBacklog	derived
obj_qualitylot_QLOT-WO-LINE-WS-zaozhuang-coating-1	inspectBacklog	derived
obj_qualitylot_QLOT-WO-LINE-WS-zaozhuang-filling-0	inspectBacklog	derived
obj_qualitylot_QLOT-WO-LINE-WS-zaozhuang-filling-1	inspectBacklog	derived
obj_qualitylot_QLOT-WO-LINE-WS-zaozhuang-formation-0	inspectBacklog	derived
obj_qualitylot_QLOT-WO-LINE-WS-zaozhuang-formation-1	inspectBacklog	derived
obj_qualitylot_QLOT-WO-LINE-WS-zaozhuang-grading-0	inspectBacklog	derived
obj_qualitylot_QLOT-WO-LINE-WS-zaozhuang-grading-1	inspectBacklog	derived
obj_qualitylot_QLOT-WO-LINE-WS-zaozhuang-pack-0	inspectBacklog	derived
obj_qualitylot_QLOT-WO-LINE-WS-zaozhuang-pack-1	inspectBacklog	derived
obj_qualitylot_QLOT-WO-LINE-WS-zaozhuang-slitting-0	inspectBacklog	derived
obj_qualitylot_QLOT-WO-LINE-WS-zaozhuang-slitting-1	inspectBacklog	derived
obj_qualitylot_QLOT-WO-LINE-WS-zaozhuang-slurry-0	inspectBacklog	derived
obj_qualitylot_QLOT-WO-LINE-WS-zaozhuang-slurry-1	inspectBacklog	derived
obj_qualitylot_QLOT-WO-LINE-WS-zaozhuang-winding-0	inspectBacklog	derived
obj_qualitylot_QLOT-WO-LINE-WS-zaozhuang-winding-1	inspectBacklog	derived
obj_qualitylot_QLOT-WO-LINE-WS-zigong-assembly-0	inspectBacklog	derived
obj_qualitylot_QLOT-WO-LINE-WS-zigong-assembly-1	inspectBacklog	derived
obj_qualitylot_QLOT-WO-LINE-WS-zigong-calendering-0	inspectBacklog	derived
obj_qualitylot_QLOT-WO-LINE-WS-zigong-calendering-1	inspectBacklog	derived
obj_qualitylot_QLOT-WO-LINE-WS-zigong-coating-0	inspectBacklog	derived
obj_qualitylot_QLOT-WO-LINE-WS-zigong-coating-1	inspectBacklog	derived
obj_qualitylot_QLOT-WO-LINE-WS-zigong-filling-0	inspectBacklog	derived
obj_qualitylot_QLOT-WO-LINE-WS-zigong-filling-1	inspectBacklog	derived
obj_qualitylot_QLOT-WO-LINE-WS-zigong-formation-0	inspectBacklog	derived
obj_qualitylot_QLOT-WO-LINE-WS-zigong-formation-1	inspectBacklog	derived
obj_qualitylot_QLOT-WO-LINE-WS-zigong-grading-0	inspectBacklog	derived
obj_qualitylot_QLOT-WO-LINE-WS-zigong-grading-1	inspectBacklog	derived
obj_qualitylot_QLOT-WO-LINE-WS-zigong-pack-0	inspectBacklog	derived
obj_qualitylot_QLOT-WO-LINE-WS-zigong-pack-1	inspectBacklog	derived
obj_qualitylot_QLOT-WO-LINE-WS-zigong-slitting-0	inspectBacklog	derived
obj_qualitylot_QLOT-WO-LINE-WS-zigong-slitting-1	inspectBacklog	derived
obj_qualitylot_QLOT-WO-LINE-WS-zigong-slurry-0	inspectBacklog	derived
obj_qualitylot_QLOT-WO-LINE-WS-zigong-slurry-1	inspectBacklog	derived
obj_qualitylot_QLOT-WO-LINE-WS-zigong-winding-0	inspectBacklog	derived
obj_qualitylot_QLOT-WO-LINE-WS-zigong-winding-1	inspectBacklog	derived
obj_shipment_SHIP-changzhou	inboundExpeditePressure	derived
obj_shipment_SHIP-chengdu	inboundExpeditePressure	derived
obj_shipment_SHIP-handan	inboundExpeditePressure	derived
obj_shipment_SHIP-hefei	inboundExpeditePressure	derived
obj_shipment_SHIP-jiangmen	inboundExpeditePressure	derived
obj_shipment_SHIP-jinhua	inboundExpeditePressure	derived
obj_shipment_SHIP-meishan	inboundExpeditePressure	derived
obj_shipment_SHIP-wuhan	inboundExpeditePressure	derived
obj_shipment_SHIP-xiamen	inboundExpeditePressure	derived
obj_shipment_SHIP-xinyang	inboundExpeditePressure	derived
obj_shipment_SHIP-yangzhou	inboundExpeditePressure	derived
obj_shipment_SHIP-zaozhuang	inboundExpeditePressure	derived
obj_shipment_SHIP-zigong	inboundExpeditePressure	derived
obj_supplier_SUP-001	deliveryDelay	measured
obj_supplier_SUP-001	procurementDelay	measured
obj_supplier_SUP-001	reviewPressure	derived
obj_supplier_SUP-002	deliveryDelay	measured
obj_supplier_SUP-002	procurementDelay	measured
obj_supplier_SUP-002	reviewPressure	derived
obj_supplier_SUP-003	deliveryDelay	measured
obj_supplier_SUP-003	procurementDelay	measured
obj_supplier_SUP-003	reviewPressure	derived
obj_supplier_SUP-004	deliveryDelay	measured
obj_supplier_SUP-004	procurementDelay	measured
obj_supplier_SUP-004	reviewPressure	derived
obj_supplier_SUP-005	deliveryDelay	measured
obj_supplier_SUP-005	procurementDelay	measured
obj_supplier_SUP-005	reviewPressure	derived
obj_supplier_SUP-006	deliveryDelay	measured
obj_supplier_SUP-006	procurementDelay	measured
obj_supplier_SUP-006	reviewPressure	derived
obj_supplier_SUP-007	deliveryDelay	measured
obj_supplier_SUP-007	procurementDelay	measured
obj_supplier_SUP-007	reviewPressure	derived
obj_supplier_SUP-008	deliveryDelay	measured
obj_supplier_SUP-008	procurementDelay	measured
obj_supplier_SUP-008	reviewPressure	derived
obj_supplier_SUP-009	deliveryDelay	measured
obj_supplier_SUP-009	procurementDelay	measured
obj_supplier_SUP-009	reviewPressure	derived
obj_supplier_SUP-010	deliveryDelay	measured
obj_supplier_SUP-010	procurementDelay	measured
obj_supplier_SUP-010	reviewPressure	derived
obj_supplier_SUP-011	deliveryDelay	measured
obj_supplier_SUP-011	procurementDelay	measured
obj_supplier_SUP-011	reviewPressure	derived
obj_supplier_SUP-012	deliveryDelay	measured
obj_supplier_SUP-012	procurementDelay	measured
obj_supplier_SUP-012	reviewPressure	derived
obj_supplier_SUP-013	deliveryDelay	measured
obj_supplier_SUP-013	procurementDelay	measured
obj_supplier_SUP-013	reviewPressure	derived
obj_supplier_SUP-014	deliveryDelay	measured
obj_supplier_SUP-014	procurementDelay	measured
obj_supplier_SUP-014	reviewPressure	derived
obj_supplier_SUP-015	deliveryDelay	measured
obj_supplier_SUP-015	procurementDelay	measured
obj_supplier_SUP-015	reviewPressure	derived
obj_wiplot_LOT-WO-LINE-WS-changzhou-assembly-0	feedPressure	measured
obj_wiplot_LOT-WO-LINE-WS-changzhou-assembly-1	feedPressure	measured
obj_wiplot_LOT-WO-LINE-WS-changzhou-calendering-0	feedPressure	measured
obj_wiplot_LOT-WO-LINE-WS-changzhou-calendering-1	feedPressure	measured
obj_wiplot_LOT-WO-LINE-WS-changzhou-coating-0	feedPressure	measured
obj_wiplot_LOT-WO-LINE-WS-changzhou-coating-1	feedPressure	measured
obj_wiplot_LOT-WO-LINE-WS-changzhou-filling-0	feedPressure	measured
obj_wiplot_LOT-WO-LINE-WS-changzhou-filling-1	feedPressure	measured
obj_wiplot_LOT-WO-LINE-WS-changzhou-formation-0	feedPressure	measured
obj_wiplot_LOT-WO-LINE-WS-changzhou-formation-1	feedPressure	measured
obj_wiplot_LOT-WO-LINE-WS-changzhou-grading-0	feedPressure	measured
obj_wiplot_LOT-WO-LINE-WS-changzhou-grading-1	feedPressure	measured
obj_wiplot_LOT-WO-LINE-WS-changzhou-pack-0	feedPressure	measured
obj_wiplot_LOT-WO-LINE-WS-changzhou-pack-1	feedPressure	measured
obj_wiplot_LOT-WO-LINE-WS-changzhou-slitting-0	feedPressure	measured
obj_wiplot_LOT-WO-LINE-WS-changzhou-slitting-1	feedPressure	measured
obj_wiplot_LOT-WO-LINE-WS-changzhou-slurry-0	feedPressure	measured
obj_wiplot_LOT-WO-LINE-WS-changzhou-slurry-1	feedPressure	measured
obj_wiplot_LOT-WO-LINE-WS-changzhou-winding-0	feedPressure	measured
obj_wiplot_LOT-WO-LINE-WS-changzhou-winding-1	feedPressure	measured
obj_wiplot_LOT-WO-LINE-WS-chengdu-assembly-0	feedPressure	measured
obj_wiplot_LOT-WO-LINE-WS-chengdu-assembly-1	feedPressure	measured
obj_wiplot_LOT-WO-LINE-WS-chengdu-calendering-0	feedPressure	measured
obj_wiplot_LOT-WO-LINE-WS-chengdu-calendering-1	feedPressure	measured
obj_wiplot_LOT-WO-LINE-WS-chengdu-coating-0	feedPressure	measured
obj_wiplot_LOT-WO-LINE-WS-chengdu-coating-1	feedPressure	measured
obj_wiplot_LOT-WO-LINE-WS-chengdu-filling-0	feedPressure	measured
obj_wiplot_LOT-WO-LINE-WS-chengdu-filling-1	feedPressure	measured
obj_wiplot_LOT-WO-LINE-WS-chengdu-formation-0	feedPressure	measured
obj_wiplot_LOT-WO-LINE-WS-chengdu-formation-1	feedPressure	measured
obj_wiplot_LOT-WO-LINE-WS-chengdu-grading-0	feedPressure	measured
obj_wiplot_LOT-WO-LINE-WS-chengdu-grading-1	feedPressure	measured
obj_wiplot_LOT-WO-LINE-WS-chengdu-pack-0	feedPressure	measured
obj_wiplot_LOT-WO-LINE-WS-chengdu-pack-1	feedPressure	measured
obj_wiplot_LOT-WO-LINE-WS-chengdu-slitting-0	feedPressure	measured
obj_wiplot_LOT-WO-LINE-WS-chengdu-slitting-1	feedPressure	measured
obj_wiplot_LOT-WO-LINE-WS-chengdu-slurry-0	feedPressure	measured
obj_wiplot_LOT-WO-LINE-WS-chengdu-slurry-1	feedPressure	measured
obj_wiplot_LOT-WO-LINE-WS-chengdu-winding-0	feedPressure	measured
obj_wiplot_LOT-WO-LINE-WS-chengdu-winding-1	feedPressure	measured
obj_wiplot_LOT-WO-LINE-WS-handan-assembly-0	feedPressure	measured
obj_wiplot_LOT-WO-LINE-WS-handan-assembly-1	feedPressure	measured
obj_wiplot_LOT-WO-LINE-WS-handan-calendering-0	feedPressure	measured
obj_wiplot_LOT-WO-LINE-WS-handan-calendering-1	feedPressure	measured
obj_wiplot_LOT-WO-LINE-WS-handan-coating-0	feedPressure	measured
obj_wiplot_LOT-WO-LINE-WS-handan-coating-1	feedPressure	measured
obj_wiplot_LOT-WO-LINE-WS-handan-filling-0	feedPressure	measured
obj_wiplot_LOT-WO-LINE-WS-handan-filling-1	feedPressure	measured
obj_wiplot_LOT-WO-LINE-WS-handan-formation-0	feedPressure	measured
obj_wiplot_LOT-WO-LINE-WS-handan-formation-1	feedPressure	measured
obj_wiplot_LOT-WO-LINE-WS-handan-grading-0	feedPressure	measured
obj_wiplot_LOT-WO-LINE-WS-handan-grading-1	feedPressure	measured
obj_wiplot_LOT-WO-LINE-WS-handan-pack-0	feedPressure	measured
obj_wiplot_LOT-WO-LINE-WS-handan-pack-1	feedPressure	measured
obj_wiplot_LOT-WO-LINE-WS-handan-slitting-0	feedPressure	measured
obj_wiplot_LOT-WO-LINE-WS-handan-slitting-1	feedPressure	measured
obj_wiplot_LOT-WO-LINE-WS-handan-slurry-0	feedPressure	measured
obj_wiplot_LOT-WO-LINE-WS-handan-slurry-1	feedPressure	measured
obj_wiplot_LOT-WO-LINE-WS-handan-winding-0	feedPressure	measured
obj_wiplot_LOT-WO-LINE-WS-handan-winding-1	feedPressure	measured
obj_wiplot_LOT-WO-LINE-WS-hefei-assembly-0	feedPressure	measured
obj_wiplot_LOT-WO-LINE-WS-hefei-assembly-1	feedPressure	measured
obj_wiplot_LOT-WO-LINE-WS-hefei-calendering-0	feedPressure	measured
obj_wiplot_LOT-WO-LINE-WS-hefei-calendering-1	feedPressure	measured
obj_wiplot_LOT-WO-LINE-WS-hefei-coating-0	feedPressure	measured
obj_wiplot_LOT-WO-LINE-WS-hefei-coating-1	feedPressure	measured
obj_wiplot_LOT-WO-LINE-WS-hefei-filling-0	feedPressure	measured
obj_wiplot_LOT-WO-LINE-WS-hefei-filling-1	feedPressure	measured
obj_wiplot_LOT-WO-LINE-WS-hefei-formation-0	feedPressure	measured
obj_wiplot_LOT-WO-LINE-WS-hefei-formation-1	feedPressure	measured
obj_wiplot_LOT-WO-LINE-WS-hefei-grading-0	feedPressure	measured
obj_wiplot_LOT-WO-LINE-WS-hefei-grading-1	feedPressure	measured
obj_wiplot_LOT-WO-LINE-WS-hefei-pack-0	feedPressure	measured
obj_wiplot_LOT-WO-LINE-WS-hefei-pack-1	feedPressure	measured
obj_wiplot_LOT-WO-LINE-WS-hefei-slitting-0	feedPressure	measured
obj_wiplot_LOT-WO-LINE-WS-hefei-slitting-1	feedPressure	measured
obj_wiplot_LOT-WO-LINE-WS-hefei-slurry-0	feedPressure	measured
obj_wiplot_LOT-WO-LINE-WS-hefei-slurry-1	feedPressure	measured
obj_wiplot_LOT-WO-LINE-WS-hefei-winding-0	feedPressure	measured
obj_wiplot_LOT-WO-LINE-WS-hefei-winding-1	feedPressure	measured
obj_wiplot_LOT-WO-LINE-WS-jiangmen-assembly-0	feedPressure	measured
obj_wiplot_LOT-WO-LINE-WS-jiangmen-assembly-1	feedPressure	measured
obj_wiplot_LOT-WO-LINE-WS-jiangmen-calendering-0	feedPressure	measured
obj_wiplot_LOT-WO-LINE-WS-jiangmen-calendering-1	feedPressure	measured
obj_wiplot_LOT-WO-LINE-WS-jiangmen-coating-0	feedPressure	measured
obj_wiplot_LOT-WO-LINE-WS-jiangmen-coating-1	feedPressure	measured
obj_wiplot_LOT-WO-LINE-WS-jiangmen-filling-0	feedPressure	measured
obj_wiplot_LOT-WO-LINE-WS-jiangmen-filling-1	feedPressure	measured
obj_wiplot_LOT-WO-LINE-WS-jiangmen-formation-0	feedPressure	measured
obj_wiplot_LOT-WO-LINE-WS-jiangmen-formation-1	feedPressure	measured
obj_wiplot_LOT-WO-LINE-WS-jiangmen-grading-0	feedPressure	measured
obj_wiplot_LOT-WO-LINE-WS-jiangmen-grading-1	feedPressure	measured
obj_wiplot_LOT-WO-LINE-WS-jiangmen-pack-0	feedPressure	measured
obj_wiplot_LOT-WO-LINE-WS-jiangmen-pack-1	feedPressure	measured
obj_wiplot_LOT-WO-LINE-WS-jiangmen-slitting-0	feedPressure	measured
obj_wiplot_LOT-WO-LINE-WS-jiangmen-slitting-1	feedPressure	measured
obj_wiplot_LOT-WO-LINE-WS-jiangmen-slurry-0	feedPressure	measured
obj_wiplot_LOT-WO-LINE-WS-jiangmen-slurry-1	feedPressure	measured
obj_wiplot_LOT-WO-LINE-WS-jiangmen-winding-0	feedPressure	measured
obj_wiplot_LOT-WO-LINE-WS-jiangmen-winding-1	feedPressure	measured
obj_wiplot_LOT-WO-LINE-WS-jinhua-assembly-0	feedPressure	measured
obj_wiplot_LOT-WO-LINE-WS-jinhua-assembly-1	feedPressure	measured
obj_wiplot_LOT-WO-LINE-WS-jinhua-calendering-0	feedPressure	measured
obj_wiplot_LOT-WO-LINE-WS-jinhua-calendering-1	feedPressure	measured
obj_wiplot_LOT-WO-LINE-WS-jinhua-coating-0	feedPressure	measured
obj_wiplot_LOT-WO-LINE-WS-jinhua-coating-1	feedPressure	measured
obj_wiplot_LOT-WO-LINE-WS-jinhua-filling-0	feedPressure	measured
obj_wiplot_LOT-WO-LINE-WS-jinhua-filling-1	feedPressure	measured
obj_wiplot_LOT-WO-LINE-WS-jinhua-formation-0	feedPressure	measured
obj_wiplot_LOT-WO-LINE-WS-jinhua-formation-1	feedPressure	measured
obj_wiplot_LOT-WO-LINE-WS-jinhua-grading-0	feedPressure	measured
obj_wiplot_LOT-WO-LINE-WS-jinhua-grading-1	feedPressure	measured
obj_wiplot_LOT-WO-LINE-WS-jinhua-pack-0	feedPressure	measured
obj_wiplot_LOT-WO-LINE-WS-jinhua-pack-1	feedPressure	measured
obj_wiplot_LOT-WO-LINE-WS-jinhua-slitting-0	feedPressure	measured
obj_wiplot_LOT-WO-LINE-WS-jinhua-slitting-1	feedPressure	measured
obj_wiplot_LOT-WO-LINE-WS-jinhua-slurry-0	feedPressure	measured
obj_wiplot_LOT-WO-LINE-WS-jinhua-slurry-1	feedPressure	measured
obj_wiplot_LOT-WO-LINE-WS-jinhua-winding-0	feedPressure	measured
obj_wiplot_LOT-WO-LINE-WS-jinhua-winding-1	feedPressure	measured
obj_wiplot_LOT-WO-LINE-WS-meishan-assembly-0	feedPressure	measured
obj_wiplot_LOT-WO-LINE-WS-meishan-assembly-1	feedPressure	measured
obj_wiplot_LOT-WO-LINE-WS-meishan-calendering-0	feedPressure	measured
obj_wiplot_LOT-WO-LINE-WS-meishan-calendering-1	feedPressure	measured
obj_wiplot_LOT-WO-LINE-WS-meishan-coating-0	feedPressure	measured
obj_wiplot_LOT-WO-LINE-WS-meishan-coating-1	feedPressure	measured
obj_wiplot_LOT-WO-LINE-WS-meishan-filling-0	feedPressure	measured
obj_wiplot_LOT-WO-LINE-WS-meishan-filling-1	feedPressure	measured
obj_wiplot_LOT-WO-LINE-WS-meishan-formation-0	feedPressure	measured
obj_wiplot_LOT-WO-LINE-WS-meishan-formation-1	feedPressure	measured
obj_wiplot_LOT-WO-LINE-WS-meishan-grading-0	feedPressure	measured
obj_wiplot_LOT-WO-LINE-WS-meishan-grading-1	feedPressure	measured
obj_wiplot_LOT-WO-LINE-WS-meishan-pack-0	feedPressure	measured
obj_wiplot_LOT-WO-LINE-WS-meishan-pack-1	feedPressure	measured
obj_wiplot_LOT-WO-LINE-WS-meishan-slitting-0	feedPressure	measured
obj_wiplot_LOT-WO-LINE-WS-meishan-slitting-1	feedPressure	measured
obj_wiplot_LOT-WO-LINE-WS-meishan-slurry-0	feedPressure	measured
obj_wiplot_LOT-WO-LINE-WS-meishan-slurry-1	feedPressure	measured
obj_wiplot_LOT-WO-LINE-WS-meishan-winding-0	feedPressure	measured
obj_wiplot_LOT-WO-LINE-WS-meishan-winding-1	feedPressure	measured
obj_wiplot_LOT-WO-LINE-WS-wuhan-assembly-0	feedPressure	measured
obj_wiplot_LOT-WO-LINE-WS-wuhan-assembly-1	feedPressure	measured
obj_wiplot_LOT-WO-LINE-WS-wuhan-calendering-0	feedPressure	measured
obj_wiplot_LOT-WO-LINE-WS-wuhan-calendering-1	feedPressure	measured
obj_wiplot_LOT-WO-LINE-WS-wuhan-coating-0	feedPressure	measured
obj_wiplot_LOT-WO-LINE-WS-wuhan-coating-1	feedPressure	measured
obj_wiplot_LOT-WO-LINE-WS-wuhan-filling-0	feedPressure	measured
obj_wiplot_LOT-WO-LINE-WS-wuhan-filling-1	feedPressure	measured
obj_wiplot_LOT-WO-LINE-WS-wuhan-formation-0	feedPressure	measured
obj_wiplot_LOT-WO-LINE-WS-wuhan-formation-1	feedPressure	measured
obj_wiplot_LOT-WO-LINE-WS-wuhan-grading-0	feedPressure	measured
obj_wiplot_LOT-WO-LINE-WS-wuhan-grading-1	feedPressure	measured
obj_wiplot_LOT-WO-LINE-WS-wuhan-pack-0	feedPressure	measured
obj_wiplot_LOT-WO-LINE-WS-wuhan-pack-1	feedPressure	measured
obj_wiplot_LOT-WO-LINE-WS-wuhan-slitting-0	feedPressure	measured
obj_wiplot_LOT-WO-LINE-WS-wuhan-slitting-1	feedPressure	measured
obj_wiplot_LOT-WO-LINE-WS-wuhan-slurry-0	feedPressure	measured
obj_wiplot_LOT-WO-LINE-WS-wuhan-slurry-1	feedPressure	measured
obj_wiplot_LOT-WO-LINE-WS-wuhan-winding-0	feedPressure	measured
obj_wiplot_LOT-WO-LINE-WS-wuhan-winding-1	feedPressure	measured
obj_wiplot_LOT-WO-LINE-WS-xiamen-assembly-0	feedPressure	measured
obj_wiplot_LOT-WO-LINE-WS-xiamen-assembly-1	feedPressure	measured
obj_wiplot_LOT-WO-LINE-WS-xiamen-calendering-0	feedPressure	measured
obj_wiplot_LOT-WO-LINE-WS-xiamen-calendering-1	feedPressure	measured
obj_wiplot_LOT-WO-LINE-WS-xiamen-coating-0	feedPressure	measured
obj_wiplot_LOT-WO-LINE-WS-xiamen-coating-1	feedPressure	measured
obj_wiplot_LOT-WO-LINE-WS-xiamen-filling-0	feedPressure	measured
obj_wiplot_LOT-WO-LINE-WS-xiamen-filling-1	feedPressure	measured
obj_wiplot_LOT-WO-LINE-WS-xiamen-formation-0	feedPressure	measured
obj_wiplot_LOT-WO-LINE-WS-xiamen-formation-1	feedPressure	measured
obj_wiplot_LOT-WO-LINE-WS-xiamen-grading-0	feedPressure	measured
obj_wiplot_LOT-WO-LINE-WS-xiamen-grading-1	feedPressure	measured
obj_wiplot_LOT-WO-LINE-WS-xiamen-pack-0	feedPressure	measured
obj_wiplot_LOT-WO-LINE-WS-xiamen-pack-1	feedPressure	measured
obj_wiplot_LOT-WO-LINE-WS-xiamen-slitting-0	feedPressure	measured
obj_wiplot_LOT-WO-LINE-WS-xiamen-slitting-1	feedPressure	measured
obj_wiplot_LOT-WO-LINE-WS-xiamen-slurry-0	feedPressure	measured
obj_wiplot_LOT-WO-LINE-WS-xiamen-slurry-1	feedPressure	measured
obj_wiplot_LOT-WO-LINE-WS-xiamen-winding-0	feedPressure	measured
obj_wiplot_LOT-WO-LINE-WS-xiamen-winding-1	feedPressure	measured
obj_wiplot_LOT-WO-LINE-WS-xinyang-assembly-0	feedPressure	measured
obj_wiplot_LOT-WO-LINE-WS-xinyang-assembly-1	feedPressure	measured
obj_wiplot_LOT-WO-LINE-WS-xinyang-calendering-0	feedPressure	measured
obj_wiplot_LOT-WO-LINE-WS-xinyang-calendering-1	feedPressure	measured
obj_wiplot_LOT-WO-LINE-WS-xinyang-coating-0	feedPressure	measured
obj_wiplot_LOT-WO-LINE-WS-xinyang-coating-1	feedPressure	measured
obj_wiplot_LOT-WO-LINE-WS-xinyang-filling-0	feedPressure	measured
obj_wiplot_LOT-WO-LINE-WS-xinyang-filling-1	feedPressure	measured
obj_wiplot_LOT-WO-LINE-WS-xinyang-formation-0	feedPressure	measured
obj_wiplot_LOT-WO-LINE-WS-xinyang-formation-1	feedPressure	measured
obj_wiplot_LOT-WO-LINE-WS-xinyang-grading-0	feedPressure	measured
obj_wiplot_LOT-WO-LINE-WS-xinyang-grading-1	feedPressure	measured
obj_wiplot_LOT-WO-LINE-WS-xinyang-pack-0	feedPressure	measured
obj_wiplot_LOT-WO-LINE-WS-xinyang-pack-1	feedPressure	measured
obj_wiplot_LOT-WO-LINE-WS-xinyang-slitting-0	feedPressure	measured
obj_wiplot_LOT-WO-LINE-WS-xinyang-slitting-1	feedPressure	measured
obj_wiplot_LOT-WO-LINE-WS-xinyang-slurry-0	feedPressure	measured
obj_wiplot_LOT-WO-LINE-WS-xinyang-slurry-1	feedPressure	measured
obj_wiplot_LOT-WO-LINE-WS-xinyang-winding-0	feedPressure	measured
obj_wiplot_LOT-WO-LINE-WS-xinyang-winding-1	feedPressure	measured
obj_wiplot_LOT-WO-LINE-WS-yangzhou-assembly-0	feedPressure	measured
obj_wiplot_LOT-WO-LINE-WS-yangzhou-assembly-1	feedPressure	measured
obj_wiplot_LOT-WO-LINE-WS-yangzhou-calendering-0	feedPressure	measured
obj_wiplot_LOT-WO-LINE-WS-yangzhou-calendering-1	feedPressure	measured
obj_wiplot_LOT-WO-LINE-WS-yangzhou-coating-0	feedPressure	measured
obj_wiplot_LOT-WO-LINE-WS-yangzhou-coating-1	feedPressure	measured
obj_wiplot_LOT-WO-LINE-WS-yangzhou-filling-0	feedPressure	measured
obj_wiplot_LOT-WO-LINE-WS-yangzhou-filling-1	feedPressure	measured
obj_wiplot_LOT-WO-LINE-WS-yangzhou-formation-0	feedPressure	measured
obj_wiplot_LOT-WO-LINE-WS-yangzhou-formation-1	feedPressure	measured
obj_wiplot_LOT-WO-LINE-WS-yangzhou-grading-0	feedPressure	measured
obj_wiplot_LOT-WO-LINE-WS-yangzhou-grading-1	feedPressure	measured
obj_wiplot_LOT-WO-LINE-WS-yangzhou-pack-0	feedPressure	measured
obj_wiplot_LOT-WO-LINE-WS-yangzhou-pack-1	feedPressure	measured
obj_wiplot_LOT-WO-LINE-WS-yangzhou-slitting-0	feedPressure	measured
obj_wiplot_LOT-WO-LINE-WS-yangzhou-slitting-1	feedPressure	measured
obj_wiplot_LOT-WO-LINE-WS-yangzhou-slurry-0	feedPressure	measured
obj_wiplot_LOT-WO-LINE-WS-yangzhou-slurry-1	feedPressure	measured
obj_wiplot_LOT-WO-LINE-WS-yangzhou-winding-0	feedPressure	measured
obj_wiplot_LOT-WO-LINE-WS-yangzhou-winding-1	feedPressure	measured
obj_wiplot_LOT-WO-LINE-WS-zaozhuang-assembly-0	feedPressure	measured
obj_wiplot_LOT-WO-LINE-WS-zaozhuang-assembly-1	feedPressure	measured
obj_wiplot_LOT-WO-LINE-WS-zaozhuang-calendering-0	feedPressure	measured
obj_wiplot_LOT-WO-LINE-WS-zaozhuang-calendering-1	feedPressure	measured
obj_wiplot_LOT-WO-LINE-WS-zaozhuang-coating-0	feedPressure	measured
obj_wiplot_LOT-WO-LINE-WS-zaozhuang-coating-1	feedPressure	measured
obj_wiplot_LOT-WO-LINE-WS-zaozhuang-filling-0	feedPressure	measured
obj_wiplot_LOT-WO-LINE-WS-zaozhuang-filling-1	feedPressure	measured
obj_wiplot_LOT-WO-LINE-WS-zaozhuang-formation-0	feedPressure	measured
obj_wiplot_LOT-WO-LINE-WS-zaozhuang-formation-1	feedPressure	measured
obj_wiplot_LOT-WO-LINE-WS-zaozhuang-grading-0	feedPressure	measured
obj_wiplot_LOT-WO-LINE-WS-zaozhuang-grading-1	feedPressure	measured
obj_wiplot_LOT-WO-LINE-WS-zaozhuang-pack-0	feedPressure	measured
obj_wiplot_LOT-WO-LINE-WS-zaozhuang-pack-1	feedPressure	measured
obj_wiplot_LOT-WO-LINE-WS-zaozhuang-slitting-0	feedPressure	measured
obj_wiplot_LOT-WO-LINE-WS-zaozhuang-slitting-1	feedPressure	measured
obj_wiplot_LOT-WO-LINE-WS-zaozhuang-slurry-0	feedPressure	measured
obj_wiplot_LOT-WO-LINE-WS-zaozhuang-slurry-1	feedPressure	measured
obj_wiplot_LOT-WO-LINE-WS-zaozhuang-winding-0	feedPressure	measured
obj_wiplot_LOT-WO-LINE-WS-zaozhuang-winding-1	feedPressure	measured
obj_wiplot_LOT-WO-LINE-WS-zigong-assembly-0	feedPressure	measured
obj_wiplot_LOT-WO-LINE-WS-zigong-assembly-1	feedPressure	measured
obj_wiplot_LOT-WO-LINE-WS-zigong-calendering-0	feedPressure	measured
obj_wiplot_LOT-WO-LINE-WS-zigong-calendering-1	feedPressure	measured
obj_wiplot_LOT-WO-LINE-WS-zigong-coating-0	feedPressure	measured
obj_wiplot_LOT-WO-LINE-WS-zigong-coating-1	feedPressure	measured
obj_wiplot_LOT-WO-LINE-WS-zigong-filling-0	feedPressure	measured
obj_wiplot_LOT-WO-LINE-WS-zigong-filling-1	feedPressure	measured
obj_wiplot_LOT-WO-LINE-WS-zigong-formation-0	feedPressure	measured
obj_wiplot_LOT-WO-LINE-WS-zigong-formation-1	feedPressure	measured
obj_wiplot_LOT-WO-LINE-WS-zigong-grading-0	feedPressure	measured
obj_wiplot_LOT-WO-LINE-WS-zigong-grading-1	feedPressure	measured
obj_wiplot_LOT-WO-LINE-WS-zigong-pack-0	feedPressure	measured
obj_wiplot_LOT-WO-LINE-WS-zigong-pack-1	feedPressure	measured
obj_wiplot_LOT-WO-LINE-WS-zigong-slitting-0	feedPressure	measured
obj_wiplot_LOT-WO-LINE-WS-zigong-slitting-1	feedPressure	measured
obj_wiplot_LOT-WO-LINE-WS-zigong-slurry-0	feedPressure	measured
obj_wiplot_LOT-WO-LINE-WS-zigong-slurry-1	feedPressure	measured
obj_wiplot_LOT-WO-LINE-WS-zigong-winding-0	feedPressure	measured
obj_wiplot_LOT-WO-LINE-WS-zigong-winding-1	feedPressure	measured
obj_workorder_WO-LINE-WS-changzhou-assembly-0	releasePressure	measured
obj_workorder_WO-LINE-WS-changzhou-assembly-1	releasePressure	measured
obj_workorder_WO-LINE-WS-changzhou-calendering-0	releasePressure	measured
obj_workorder_WO-LINE-WS-changzhou-calendering-1	releasePressure	measured
obj_workorder_WO-LINE-WS-changzhou-coating-0	releasePressure	measured
obj_workorder_WO-LINE-WS-changzhou-coating-1	releasePressure	measured
obj_workorder_WO-LINE-WS-changzhou-filling-0	releasePressure	measured
obj_workorder_WO-LINE-WS-changzhou-filling-1	releasePressure	measured
obj_workorder_WO-LINE-WS-changzhou-formation-0	releasePressure	measured
obj_workorder_WO-LINE-WS-changzhou-formation-1	releasePressure	measured
obj_workorder_WO-LINE-WS-changzhou-grading-0	releasePressure	measured
obj_workorder_WO-LINE-WS-changzhou-grading-1	releasePressure	measured
obj_workorder_WO-LINE-WS-changzhou-pack-0	releasePressure	measured
obj_workorder_WO-LINE-WS-changzhou-pack-1	releasePressure	measured
obj_workorder_WO-LINE-WS-changzhou-slitting-0	releasePressure	measured
obj_workorder_WO-LINE-WS-changzhou-slitting-1	releasePressure	measured
obj_workorder_WO-LINE-WS-changzhou-slurry-0	releasePressure	measured
obj_workorder_WO-LINE-WS-changzhou-slurry-1	releasePressure	measured
obj_workorder_WO-LINE-WS-changzhou-winding-0	releasePressure	measured
obj_workorder_WO-LINE-WS-changzhou-winding-1	releasePressure	measured
obj_workorder_WO-LINE-WS-chengdu-assembly-0	releasePressure	measured
obj_workorder_WO-LINE-WS-chengdu-assembly-1	releasePressure	measured
obj_workorder_WO-LINE-WS-chengdu-calendering-0	releasePressure	measured
obj_workorder_WO-LINE-WS-chengdu-calendering-1	releasePressure	measured
obj_workorder_WO-LINE-WS-chengdu-coating-0	releasePressure	measured
obj_workorder_WO-LINE-WS-chengdu-coating-1	releasePressure	measured
obj_workorder_WO-LINE-WS-chengdu-filling-0	releasePressure	measured
obj_workorder_WO-LINE-WS-chengdu-filling-1	releasePressure	measured
obj_workorder_WO-LINE-WS-chengdu-formation-0	releasePressure	measured
obj_workorder_WO-LINE-WS-chengdu-formation-1	releasePressure	measured
obj_workorder_WO-LINE-WS-chengdu-grading-0	releasePressure	measured
obj_workorder_WO-LINE-WS-chengdu-grading-1	releasePressure	measured
obj_workorder_WO-LINE-WS-chengdu-pack-0	releasePressure	measured
obj_workorder_WO-LINE-WS-chengdu-pack-1	releasePressure	measured
obj_workorder_WO-LINE-WS-chengdu-slitting-0	releasePressure	measured
obj_workorder_WO-LINE-WS-chengdu-slitting-1	releasePressure	measured
obj_workorder_WO-LINE-WS-chengdu-slurry-0	releasePressure	measured
obj_workorder_WO-LINE-WS-chengdu-slurry-1	releasePressure	measured
obj_workorder_WO-LINE-WS-chengdu-winding-0	releasePressure	measured
obj_workorder_WO-LINE-WS-chengdu-winding-1	releasePressure	measured
obj_workorder_WO-LINE-WS-handan-assembly-0	releasePressure	measured
obj_workorder_WO-LINE-WS-handan-assembly-1	releasePressure	measured
obj_workorder_WO-LINE-WS-handan-calendering-0	releasePressure	measured
obj_workorder_WO-LINE-WS-handan-calendering-1	releasePressure	measured
obj_workorder_WO-LINE-WS-handan-coating-0	releasePressure	measured
obj_workorder_WO-LINE-WS-handan-coating-1	releasePressure	measured
obj_workorder_WO-LINE-WS-handan-filling-0	releasePressure	measured
obj_workorder_WO-LINE-WS-handan-filling-1	releasePressure	measured
obj_workorder_WO-LINE-WS-handan-formation-0	releasePressure	measured
obj_workorder_WO-LINE-WS-handan-formation-1	releasePressure	measured
obj_workorder_WO-LINE-WS-handan-grading-0	releasePressure	measured
obj_workorder_WO-LINE-WS-handan-grading-1	releasePressure	measured
obj_workorder_WO-LINE-WS-handan-pack-0	releasePressure	measured
obj_workorder_WO-LINE-WS-handan-pack-1	releasePressure	measured
obj_workorder_WO-LINE-WS-handan-slitting-0	releasePressure	measured
obj_workorder_WO-LINE-WS-handan-slitting-1	releasePressure	measured
obj_workorder_WO-LINE-WS-handan-slurry-0	releasePressure	measured
obj_workorder_WO-LINE-WS-handan-slurry-1	releasePressure	measured
obj_workorder_WO-LINE-WS-handan-winding-0	releasePressure	measured
obj_workorder_WO-LINE-WS-handan-winding-1	releasePressure	measured
obj_workorder_WO-LINE-WS-hefei-assembly-0	releasePressure	measured
obj_workorder_WO-LINE-WS-hefei-assembly-1	releasePressure	measured
obj_workorder_WO-LINE-WS-hefei-calendering-0	releasePressure	measured
obj_workorder_WO-LINE-WS-hefei-calendering-1	releasePressure	measured
obj_workorder_WO-LINE-WS-hefei-coating-0	releasePressure	measured
obj_workorder_WO-LINE-WS-hefei-coating-1	releasePressure	measured
obj_workorder_WO-LINE-WS-hefei-filling-0	releasePressure	measured
obj_workorder_WO-LINE-WS-hefei-filling-1	releasePressure	measured
obj_workorder_WO-LINE-WS-hefei-formation-0	releasePressure	measured
obj_workorder_WO-LINE-WS-hefei-formation-1	releasePressure	measured
obj_workorder_WO-LINE-WS-hefei-grading-0	releasePressure	measured
obj_workorder_WO-LINE-WS-hefei-grading-1	releasePressure	measured
obj_workorder_WO-LINE-WS-hefei-pack-0	releasePressure	measured
obj_workorder_WO-LINE-WS-hefei-pack-1	releasePressure	measured
obj_workorder_WO-LINE-WS-hefei-slitting-0	releasePressure	measured
obj_workorder_WO-LINE-WS-hefei-slitting-1	releasePressure	measured
obj_workorder_WO-LINE-WS-hefei-slurry-0	releasePressure	measured
obj_workorder_WO-LINE-WS-hefei-slurry-1	releasePressure	measured
obj_workorder_WO-LINE-WS-hefei-winding-0	releasePressure	measured
obj_workorder_WO-LINE-WS-hefei-winding-1	releasePressure	measured
obj_workorder_WO-LINE-WS-jiangmen-assembly-0	releasePressure	measured
obj_workorder_WO-LINE-WS-jiangmen-assembly-1	releasePressure	measured
obj_workorder_WO-LINE-WS-jiangmen-calendering-0	releasePressure	measured
obj_workorder_WO-LINE-WS-jiangmen-calendering-1	releasePressure	measured
obj_workorder_WO-LINE-WS-jiangmen-coating-0	releasePressure	measured
obj_workorder_WO-LINE-WS-jiangmen-coating-1	releasePressure	measured
obj_workorder_WO-LINE-WS-jiangmen-filling-0	releasePressure	measured
obj_workorder_WO-LINE-WS-jiangmen-filling-1	releasePressure	measured
obj_workorder_WO-LINE-WS-jiangmen-formation-0	releasePressure	measured
obj_workorder_WO-LINE-WS-jiangmen-formation-1	releasePressure	measured
obj_workorder_WO-LINE-WS-jiangmen-grading-0	releasePressure	measured
obj_workorder_WO-LINE-WS-jiangmen-grading-1	releasePressure	measured
obj_workorder_WO-LINE-WS-jiangmen-pack-0	releasePressure	measured
obj_workorder_WO-LINE-WS-jiangmen-pack-1	releasePressure	measured
obj_workorder_WO-LINE-WS-jiangmen-slitting-0	releasePressure	measured
obj_workorder_WO-LINE-WS-jiangmen-slitting-1	releasePressure	measured
obj_workorder_WO-LINE-WS-jiangmen-slurry-0	releasePressure	measured
obj_workorder_WO-LINE-WS-jiangmen-slurry-1	releasePressure	measured
obj_workorder_WO-LINE-WS-jiangmen-winding-0	releasePressure	measured
obj_workorder_WO-LINE-WS-jiangmen-winding-1	releasePressure	measured
obj_workorder_WO-LINE-WS-jinhua-assembly-0	releasePressure	measured
obj_workorder_WO-LINE-WS-jinhua-assembly-1	releasePressure	measured
obj_workorder_WO-LINE-WS-jinhua-calendering-0	releasePressure	measured
obj_workorder_WO-LINE-WS-jinhua-calendering-1	releasePressure	measured
obj_workorder_WO-LINE-WS-jinhua-coating-0	releasePressure	measured
obj_workorder_WO-LINE-WS-jinhua-coating-1	releasePressure	measured
obj_workorder_WO-LINE-WS-jinhua-filling-0	releasePressure	measured
obj_workorder_WO-LINE-WS-jinhua-filling-1	releasePressure	measured
obj_workorder_WO-LINE-WS-jinhua-formation-0	releasePressure	measured
obj_workorder_WO-LINE-WS-jinhua-formation-1	releasePressure	measured
obj_workorder_WO-LINE-WS-jinhua-grading-0	releasePressure	measured
obj_workorder_WO-LINE-WS-jinhua-grading-1	releasePressure	measured
obj_workorder_WO-LINE-WS-jinhua-pack-0	releasePressure	measured
obj_workorder_WO-LINE-WS-jinhua-pack-1	releasePressure	measured
obj_workorder_WO-LINE-WS-jinhua-slitting-0	releasePressure	measured
obj_workorder_WO-LINE-WS-jinhua-slitting-1	releasePressure	measured
obj_workorder_WO-LINE-WS-jinhua-slurry-0	releasePressure	measured
obj_workorder_WO-LINE-WS-jinhua-slurry-1	releasePressure	measured
obj_workorder_WO-LINE-WS-jinhua-winding-0	releasePressure	measured
obj_workorder_WO-LINE-WS-jinhua-winding-1	releasePressure	measured
obj_workorder_WO-LINE-WS-meishan-assembly-0	releasePressure	measured
obj_workorder_WO-LINE-WS-meishan-assembly-1	releasePressure	measured
obj_workorder_WO-LINE-WS-meishan-calendering-0	releasePressure	measured
obj_workorder_WO-LINE-WS-meishan-calendering-1	releasePressure	measured
obj_workorder_WO-LINE-WS-meishan-coating-0	releasePressure	measured
obj_workorder_WO-LINE-WS-meishan-coating-1	releasePressure	measured
obj_workorder_WO-LINE-WS-meishan-filling-0	releasePressure	measured
obj_workorder_WO-LINE-WS-meishan-filling-1	releasePressure	measured
obj_workorder_WO-LINE-WS-meishan-formation-0	releasePressure	measured
obj_workorder_WO-LINE-WS-meishan-formation-1	releasePressure	measured
obj_workorder_WO-LINE-WS-meishan-grading-0	releasePressure	measured
obj_workorder_WO-LINE-WS-meishan-grading-1	releasePressure	measured
obj_workorder_WO-LINE-WS-meishan-pack-0	releasePressure	measured
obj_workorder_WO-LINE-WS-meishan-pack-1	releasePressure	measured
obj_workorder_WO-LINE-WS-meishan-slitting-0	releasePressure	measured
obj_workorder_WO-LINE-WS-meishan-slitting-1	releasePressure	measured
obj_workorder_WO-LINE-WS-meishan-slurry-0	releasePressure	measured
obj_workorder_WO-LINE-WS-meishan-slurry-1	releasePressure	measured
obj_workorder_WO-LINE-WS-meishan-winding-0	releasePressure	measured
obj_workorder_WO-LINE-WS-meishan-winding-1	releasePressure	measured
obj_workorder_WO-LINE-WS-wuhan-assembly-0	releasePressure	measured
obj_workorder_WO-LINE-WS-wuhan-assembly-1	releasePressure	measured
obj_workorder_WO-LINE-WS-wuhan-calendering-0	releasePressure	measured
obj_workorder_WO-LINE-WS-wuhan-calendering-1	releasePressure	measured
obj_workorder_WO-LINE-WS-wuhan-coating-0	releasePressure	measured
obj_workorder_WO-LINE-WS-wuhan-coating-1	releasePressure	measured
obj_workorder_WO-LINE-WS-wuhan-filling-0	releasePressure	measured
obj_workorder_WO-LINE-WS-wuhan-filling-1	releasePressure	measured
obj_workorder_WO-LINE-WS-wuhan-formation-0	releasePressure	measured
obj_workorder_WO-LINE-WS-wuhan-formation-1	releasePressure	measured
obj_workorder_WO-LINE-WS-wuhan-grading-0	releasePressure	measured
obj_workorder_WO-LINE-WS-wuhan-grading-1	releasePressure	measured
obj_workorder_WO-LINE-WS-wuhan-pack-0	releasePressure	measured
obj_workorder_WO-LINE-WS-wuhan-pack-1	releasePressure	measured
obj_workorder_WO-LINE-WS-wuhan-slitting-0	releasePressure	measured
obj_workorder_WO-LINE-WS-wuhan-slitting-1	releasePressure	measured
obj_workorder_WO-LINE-WS-wuhan-slurry-0	releasePressure	measured
obj_workorder_WO-LINE-WS-wuhan-slurry-1	releasePressure	measured
obj_workorder_WO-LINE-WS-wuhan-winding-0	releasePressure	measured
obj_workorder_WO-LINE-WS-wuhan-winding-1	releasePressure	measured
obj_workorder_WO-LINE-WS-xiamen-assembly-0	releasePressure	measured
obj_workorder_WO-LINE-WS-xiamen-assembly-1	releasePressure	measured
obj_workorder_WO-LINE-WS-xiamen-calendering-0	releasePressure	measured
obj_workorder_WO-LINE-WS-xiamen-calendering-1	releasePressure	measured
obj_workorder_WO-LINE-WS-xiamen-coating-0	releasePressure	measured
obj_workorder_WO-LINE-WS-xiamen-coating-1	releasePressure	measured
obj_workorder_WO-LINE-WS-xiamen-filling-0	releasePressure	measured
obj_workorder_WO-LINE-WS-xiamen-filling-1	releasePressure	measured
obj_workorder_WO-LINE-WS-xiamen-formation-0	releasePressure	measured
obj_workorder_WO-LINE-WS-xiamen-formation-1	releasePressure	measured
obj_workorder_WO-LINE-WS-xiamen-grading-0	releasePressure	measured
obj_workorder_WO-LINE-WS-xiamen-grading-1	releasePressure	measured
obj_workorder_WO-LINE-WS-xiamen-pack-0	releasePressure	measured
obj_workorder_WO-LINE-WS-xiamen-pack-1	releasePressure	measured
obj_workorder_WO-LINE-WS-xiamen-slitting-0	releasePressure	measured
obj_workorder_WO-LINE-WS-xiamen-slitting-1	releasePressure	measured
obj_workorder_WO-LINE-WS-xiamen-slurry-0	releasePressure	measured
obj_workorder_WO-LINE-WS-xiamen-slurry-1	releasePressure	measured
obj_workorder_WO-LINE-WS-xiamen-winding-0	releasePressure	measured
obj_workorder_WO-LINE-WS-xiamen-winding-1	releasePressure	measured
obj_workorder_WO-LINE-WS-xinyang-assembly-0	releasePressure	measured
obj_workorder_WO-LINE-WS-xinyang-assembly-1	releasePressure	measured
obj_workorder_WO-LINE-WS-xinyang-calendering-0	releasePressure	measured
obj_workorder_WO-LINE-WS-xinyang-calendering-1	releasePressure	measured
obj_workorder_WO-LINE-WS-xinyang-coating-0	releasePressure	measured
obj_workorder_WO-LINE-WS-xinyang-coating-1	releasePressure	measured
obj_workorder_WO-LINE-WS-xinyang-filling-0	releasePressure	measured
obj_workorder_WO-LINE-WS-xinyang-filling-1	releasePressure	measured
obj_workorder_WO-LINE-WS-xinyang-formation-0	releasePressure	measured
obj_workorder_WO-LINE-WS-xinyang-formation-1	releasePressure	measured
obj_workorder_WO-LINE-WS-xinyang-grading-0	releasePressure	measured
obj_workorder_WO-LINE-WS-xinyang-grading-1	releasePressure	measured
obj_workorder_WO-LINE-WS-xinyang-pack-0	releasePressure	measured
obj_workorder_WO-LINE-WS-xinyang-pack-1	releasePressure	measured
obj_workorder_WO-LINE-WS-xinyang-slitting-0	releasePressure	measured
obj_workorder_WO-LINE-WS-xinyang-slitting-1	releasePressure	measured
obj_workorder_WO-LINE-WS-xinyang-slurry-0	releasePressure	measured
obj_workorder_WO-LINE-WS-xinyang-slurry-1	releasePressure	measured
obj_workorder_WO-LINE-WS-xinyang-winding-0	releasePressure	measured
obj_workorder_WO-LINE-WS-xinyang-winding-1	releasePressure	measured
obj_workorder_WO-LINE-WS-yangzhou-assembly-0	releasePressure	measured
obj_workorder_WO-LINE-WS-yangzhou-assembly-1	releasePressure	measured
obj_workorder_WO-LINE-WS-yangzhou-calendering-0	releasePressure	measured
obj_workorder_WO-LINE-WS-yangzhou-calendering-1	releasePressure	measured
obj_workorder_WO-LINE-WS-yangzhou-coating-0	releasePressure	measured
obj_workorder_WO-LINE-WS-yangzhou-coating-1	releasePressure	measured
obj_workorder_WO-LINE-WS-yangzhou-filling-0	releasePressure	measured
obj_workorder_WO-LINE-WS-yangzhou-filling-1	releasePressure	measured
obj_workorder_WO-LINE-WS-yangzhou-formation-0	releasePressure	measured
obj_workorder_WO-LINE-WS-yangzhou-formation-1	releasePressure	measured
obj_workorder_WO-LINE-WS-yangzhou-grading-0	releasePressure	measured
obj_workorder_WO-LINE-WS-yangzhou-grading-1	releasePressure	measured
obj_workorder_WO-LINE-WS-yangzhou-pack-0	releasePressure	measured
obj_workorder_WO-LINE-WS-yangzhou-pack-1	releasePressure	measured
obj_workorder_WO-LINE-WS-yangzhou-slitting-0	releasePressure	measured
obj_workorder_WO-LINE-WS-yangzhou-slitting-1	releasePressure	measured
obj_workorder_WO-LINE-WS-yangzhou-slurry-0	releasePressure	measured
obj_workorder_WO-LINE-WS-yangzhou-slurry-1	releasePressure	measured
obj_workorder_WO-LINE-WS-yangzhou-winding-0	releasePressure	measured
obj_workorder_WO-LINE-WS-yangzhou-winding-1	releasePressure	measured
obj_workorder_WO-LINE-WS-zaozhuang-assembly-0	releasePressure	measured
obj_workorder_WO-LINE-WS-zaozhuang-assembly-1	releasePressure	measured
obj_workorder_WO-LINE-WS-zaozhuang-calendering-0	releasePressure	measured
obj_workorder_WO-LINE-WS-zaozhuang-calendering-1	releasePressure	measured
obj_workorder_WO-LINE-WS-zaozhuang-coating-0	releasePressure	measured
obj_workorder_WO-LINE-WS-zaozhuang-coating-1	releasePressure	measured
obj_workorder_WO-LINE-WS-zaozhuang-filling-0	releasePressure	measured
obj_workorder_WO-LINE-WS-zaozhuang-filling-1	releasePressure	measured
obj_workorder_WO-LINE-WS-zaozhuang-formation-0	releasePressure	measured
obj_workorder_WO-LINE-WS-zaozhuang-formation-1	releasePressure	measured
obj_workorder_WO-LINE-WS-zaozhuang-grading-0	releasePressure	measured
obj_workorder_WO-LINE-WS-zaozhuang-grading-1	releasePressure	measured
obj_workorder_WO-LINE-WS-zaozhuang-pack-0	releasePressure	measured
obj_workorder_WO-LINE-WS-zaozhuang-pack-1	releasePressure	measured
obj_workorder_WO-LINE-WS-zaozhuang-slitting-0	releasePressure	measured
obj_workorder_WO-LINE-WS-zaozhuang-slitting-1	releasePressure	measured
obj_workorder_WO-LINE-WS-zaozhuang-slurry-0	releasePressure	measured
obj_workorder_WO-LINE-WS-zaozhuang-slurry-1	releasePressure	measured
obj_workorder_WO-LINE-WS-zaozhuang-winding-0	releasePressure	measured
obj_workorder_WO-LINE-WS-zaozhuang-winding-1	releasePressure	measured
obj_workorder_WO-LINE-WS-zigong-assembly-0	releasePressure	measured
obj_workorder_WO-LINE-WS-zigong-assembly-1	releasePressure	measured
obj_workorder_WO-LINE-WS-zigong-calendering-0	releasePressure	measured
obj_workorder_WO-LINE-WS-zigong-calendering-1	releasePressure	measured
obj_workorder_WO-LINE-WS-zigong-coating-0	releasePressure	measured
obj_workorder_WO-LINE-WS-zigong-coating-1	releasePressure	measured
obj_workorder_WO-LINE-WS-zigong-filling-0	releasePressure	measured
obj_workorder_WO-LINE-WS-zigong-filling-1	releasePressure	measured
obj_workorder_WO-LINE-WS-zigong-formation-0	releasePressure	measured
obj_workorder_WO-LINE-WS-zigong-formation-1	releasePressure	measured
obj_workorder_WO-LINE-WS-zigong-grading-0	releasePressure	measured
obj_workorder_WO-LINE-WS-zigong-grading-1	releasePressure	measured
obj_workorder_WO-LINE-WS-zigong-pack-0	releasePressure	measured
obj_workorder_WO-LINE-WS-zigong-pack-1	releasePressure	measured
obj_workorder_WO-LINE-WS-zigong-slitting-0	releasePressure	measured
obj_workorder_WO-LINE-WS-zigong-slitting-1	releasePressure	measured
obj_workorder_WO-LINE-WS-zigong-slurry-0	releasePressure	measured
obj_workorder_WO-LINE-WS-zigong-slurry-1	releasePressure	measured
obj_workorder_WO-LINE-WS-zigong-winding-0	releasePressure	measured
obj_workorder_WO-LINE-WS-zigong-winding-1	releasePressure	measured
