## WO-MULTIPERT · 多扰动验收探针 + 修前基线
> 树龄探针 wc -l apps/datacore/src/sim/propagation.ts =     1164
> base=http://127.0.0.1:4041 ticks=40 tenant=demo arms=zero,A,B,AB
> 取证时刻(UTC) = 2026-10-05T04:22:10.421Z

══ ⓪ 环境自证 ══
回显 base（端口） = http://127.0.0.1:4041
GET /a/v1/sim/sessions → HTTP 200（活服务）
实例身份自证 session=sims_nkzj98x18v5qkmtx → GET /world HTTP 200
  /world 顶层键 = ["baseProvenance","baseStateVarReport","state","tick"]
  state 对象数 = 4425 · 格数 = 6375
  树鉴别键（必须全含）= ["baseProvenance","baseStateVarReport","state","tick"] ⇒ 缺失 = []

════════════════════════════════════════════════════════
══ 臂 zero ══
session=sims_np7je9c93tc4c27b status=READY 用时=216257ms
扰动回执形状 = []（线索说裸对象 {perturbation,curTick,state}）
扰动定序（listPerturbations）= []

── 逐拍读数表 · 臂 zero（session=sims_np7je9c93tc4c27b）──
t    worldTick cells   avail  MARGIN.rolling  MARGIN.projected  MARGIN.delta   COST.projected  costPressure  carriers/univ 
0    0         6375    true   118.9000        -14.9700          -133.8700      714.9700        23.0367       150/500       
1    1         6375    true   118.9000        -13.7500          -132.6500      713.7500        22.8280       150/500       
2    2         6375    true   118.9000        -12.8000          -131.7000      712.8000        22.6633       150/500       
3    3         6375    true   118.9000        -12.2200          -131.1200      712.2200        22.5634       150/500       
4    4         6375    true   118.9000        -12.6100          -131.5100      712.6100        22.6319       150/500       
5    5         6375    true   118.9000        -13.8800          -132.7800      713.8800        22.8493       150/500       
6    6         6375    true   118.9000        -15.6100          -134.5100      715.6100        23.1472       150/500       
7    7         6375    true   118.9000        -17.4600          -136.3600      717.4600        23.4652       150/500       
8    8         6375    true   118.9000        -19.1900          -138.0900      719.1900        23.7638       150/500       
9    9         6375    true   118.9000        -20.7000          -139.6000      720.7000        24.0230       150/500       
10   10        6375    true   118.9000        -21.9300          -140.8300      721.9300        24.2358       150/500       
11   11        6375    true   118.9000        -22.9100          -141.8100      722.9100        24.4038       150/500       
12   12        6375    true   118.9000        -23.6600          -142.5600      723.6600        24.5328       150/500       
13   13        6375    true   118.9000        -24.2200          -143.1200      724.2200        24.6297       150/500       
14   14        6375    true   118.9000        -24.6400          -143.5400      724.6400        24.7014       150/500       
15   15        6375    true   118.9000        -24.9400          -143.8400      724.9400        24.7536       150/500       
16   16        6375    true   118.9000        -25.1600          -144.0600      725.1600        24.7912       150/500       
17   17        6375    true   118.9000        -25.3200          -144.2200      725.3200        24.8181       150/500       
18   18        6375    true   118.9000        -25.4300          -144.3300      725.4300        24.8372       150/500       
19   19        6375    true   118.9000        -25.5100          -144.4100      725.5100        24.8505       150/500       
20   20        6375    true   118.9000        -25.5600          -144.4600      725.5600        24.8599       150/500       
21   21        6375    true   118.9000        -25.6000          -144.5000      725.6000        24.8664       150/500       
22   22        6375    true   118.9000        -25.6200          -144.5200      725.6200        24.8709       150/500       
23   23        6375    true   118.9000        -25.6400          -144.5400      725.6400        24.8740       150/500       
24   24        6375    true   118.9000        -25.6600          -144.5600      725.6600        24.8761       150/500       
25   25        6375    true   118.9000        -25.6600          -144.5600      725.6600        24.8776       150/500       
26   26        6375    true   118.9000        -25.6700          -144.5700      725.6700        24.8785       150/500       
27   27        6375    true   118.9000        -25.6700          -144.5700      725.6700        24.8792       150/500       
28   28        6375    true   118.9000        -25.6800          -144.5800      725.6800        24.8797       150/500       
29   29        6375    true   118.9000        -25.6800          -144.5800      725.6800        24.8800       150/500       
30   30        6375    true   118.9000        -25.6800          -144.5800      725.6800        24.8802       150/500       
31   31        6375    true   118.9000        -25.6800          -144.5800      725.6800        24.8803       150/500       
32   32        6375    true   118.9000        -25.6800          -144.5800      725.6800        24.8804       150/500       
33   33        6375    true   118.9000        -25.6800          -144.5800      725.6800        24.8805       150/500       
34   34        6375    true   118.9000        -25.6800          -144.5800      725.6800        24.8805       150/500       
35   35        6375    true   118.9000        -25.6800          -144.5800      725.6800        24.8805       150/500       
36   36        6375    true   118.9000        -25.6800          -144.5800      725.6800        24.8805       150/500       
37   37        6375    true   118.9000        -25.6800          -144.5800      725.6800        24.8806       150/500       
38   38        6375    true   118.9000        -25.6800          -144.5800      725.6800        24.8806       150/500       
39   39        6375    true   118.9000        -25.6800          -144.5800      725.6800        24.8806       150/500       
40   40        6375    true   118.9000        -25.6800          -144.5800      725.6800        24.8806       150/500       
── 链条实测格 · 臂 zero（逐拍原值；看「是不是撞了 saturateToDomain 边界」）──
t    obj_order_SO-3391.leadDays     obj_order_SO-3391.costPressure obj_model_4680-NCM.costPressure obj_customer_cust_14.receivablePressure obj_material_pos_ncm.priceShock
0    14.000000                      90.384615                      2.926300                       15.745200                      8.000000                      
1    14.000000                      84.828869                      0.951110                       40.529585                      8.000000                      
2    14.000000                      83.175600                      0.423322                       55.898320                      8.000000                      
3    14.000000                      82.619774                      2.038074                       65.402956                      8.000000                      
4    14.000000                      82.666974                      4.369089                       71.284247                      8.000000                      
5    14.000000                      82.986217                      6.671743                       75.068508                      8.000000                      
6    14.000000                      83.366615                      8.655250                       77.431827                      8.000000                      
7    14.000000                      83.709155                      10.244032                      78.822795                      8.000000                      
8    14.000000                      83.983310                      11.458248                      79.671176                      8.000000                      
9    14.000000                      84.189806                      12.354307                      80.231993                      8.000000                      
10   14.000000                      84.339845                      12.997774                      80.626672                      8.000000                      
11   14.000000                      84.446272                      13.450155                      80.912349                      8.000000                      
12   14.000000                      84.520460                      13.763104                      81.120426                      8.000000                      
13   14.000000                      84.571505                      13.976948                      81.271586                      8.000000                      
14   14.000000                      84.606275                      14.121694                      81.380848                      8.000000                      
15   14.000000                      84.629773                      14.218945                      81.459412                      8.000000                      
16   14.000000                      84.645554                      14.283901                      81.515619                      8.000000                      
17   14.000000                      84.656096                      14.327079                      81.555634                      8.000000                      
18   14.000000                      84.663108                      14.355669                      81.583980                      8.000000                      
19   14.000000                      84.667755                      14.374536                      81.603963                      8.000000                      
20   14.000000                      84.670825                      14.386953                      81.617981                      8.000000                      
21   14.000000                      84.672848                      14.395104                      81.627768                      8.000000                      
22   14.000000                      84.674177                      14.400445                      81.634570                      8.000000                      
23   14.000000                      84.675048                      14.403937                      81.639277                      8.000000                      
24   14.000000                      84.675619                      14.406216                      81.642520                      8.000000                      
25   14.000000                      84.675991                      14.407703                      81.644746                      8.000000                      
26   14.000000                      84.676234                      14.408670                      81.646268                      8.000000                      
27   14.000000                      84.676393                      14.409299                      81.647306                      8.000000                      
28   14.000000                      84.676496                      14.409708                      81.648011                      8.000000                      
29   14.000000                      84.676563                      14.409973                      81.648488                      8.000000                      
30   14.000000                      84.676606                      14.410145                      81.648811                      8.000000                      
31   14.000000                      84.676635                      14.410256                      81.649028                      8.000000                      
32   14.000000                      84.676653                      14.410328                      81.649174                      8.000000                      
33   14.000000                      84.676665                      14.410375                      81.649272                      8.000000                      
34   14.000000                      84.676672                      14.410405                      81.649338                      8.000000                      
35   14.000000                      84.676677                      14.410424                      81.649381                      8.000000                      
36   14.000000                      84.676681                      14.410437                      81.649411                      8.000000                      
37   14.000000                      84.676683                      14.410445                      81.649430                      8.000000                      
38   14.000000                      84.676684                      14.410450                      81.649443                      8.000000                      
39   14.000000                      84.676685                      14.410453                      81.649451                      8.000000                      
40   14.000000                      84.676685                      14.410456                      81.649457                      8.000000                      
── 基值比值表 · 臂 zero（逐拍 = 读数 ÷ baseSnapshot 值；1=正常，→2=基值加两次）──
t    obj_model_4680-NCM.costPressure[base=2.926300] obj_order_SO-3391.costPressure[base=90.384615] obj_customer_cust_14.receivablePressure[base=15.745200]
0    2.926300 (×1.000000)               90.384615 (×1.000000)              15.745200 (×1.000000)             
1    0.951110 (×0.325021)               84.828869 (×0.938532)              40.529585 (×2.574091)             
2    0.423322 (×0.144661)               83.175600 (×0.920241)              55.898320 (×3.550182)             
3    2.038074 (×0.696468)               82.619774 (×0.914091)              65.402956 (×4.153835)             
4    4.369089 (×1.493042)               82.666974 (×0.914613)              71.284247 (×4.527364)             
5    6.671743 (×2.279925)               82.986217 (×0.918145)              75.068508 (×4.767708)             
6    8.655250 (×2.957745)               83.366615 (×0.922354)              77.431827 (×4.917805)             
7    10.244032 (×3.500677)              83.709155 (×0.926144)              78.822795 (×5.006148)             
8    11.458248 (×3.915610)              83.983310 (×0.929177)              79.671176 (×5.060029)             
9    12.354307 (×4.221818)              84.189806 (×0.931462)              80.231993 (×5.095648)             
10   12.997774 (×4.441709)              84.339845 (×0.933122)              80.626672 (×5.120714)             
11   13.450155 (×4.596301)              84.446272 (×0.934299)              80.912349 (×5.138858)             
12   13.763104 (×4.703244)              84.520460 (×0.935120)              81.120426 (×5.152073)             
13   13.976948 (×4.776321)              84.571505 (×0.935685)              81.271586 (×5.161674)             
14   14.121694 (×4.825785)              84.606275 (×0.936069)              81.380848 (×5.168613)             
15   14.218945 (×4.859018)              84.629773 (×0.936329)              81.459412 (×5.173603)             
16   14.283901 (×4.881215)              84.645554 (×0.936504)              81.515619 (×5.177173)             
17   14.327079 (×4.895971)              84.656096 (×0.936621)              81.555634 (×5.179714)             
18   14.355669 (×4.905741)              84.663108 (×0.936698)              81.583980 (×5.181514)             
19   14.374536 (×4.912188)              84.667755 (×0.936750)              81.603963 (×5.182783)             
20   14.386953 (×4.916431)              84.670825 (×0.936784)              81.617981 (×5.183674)             
21   14.395104 (×4.919217)              84.672848 (×0.936806)              81.627768 (×5.184295)             
22   14.400445 (×4.921042)              84.674177 (×0.936821)              81.634570 (×5.184727)             
23   14.403937 (×4.922235)              84.675048 (×0.936830)              81.639277 (×5.185026)             
24   14.406216 (×4.923014)              84.675619 (×0.936837)              81.642520 (×5.185232)             
25   14.407703 (×4.923522)              84.675991 (×0.936841)              81.644746 (×5.185374)             
26   14.408670 (×4.923853)              84.676234 (×0.936843)              81.646268 (×5.185470)             
27   14.409299 (×4.924068)              84.676393 (×0.936845)              81.647306 (×5.185536)             
28   14.409708 (×4.924207)              84.676496 (×0.936846)              81.648011 (×5.185581)             
29   14.409973 (×4.924298)              84.676563 (×0.936847)              81.648488 (×5.185611)             
30   14.410145 (×4.924357)              84.676606 (×0.936848)              81.648811 (×5.185632)             
31   14.410256 (×4.924395)              84.676635 (×0.936848)              81.649028 (×5.185646)             
32   14.410328 (×4.924419)              84.676653 (×0.936848)              81.649174 (×5.185655)             
33   14.410375 (×4.924435)              84.676665 (×0.936848)              81.649272 (×5.185661)             
34   14.410405 (×4.924445)              84.676672 (×0.936848)              81.649338 (×5.185665)             
35   14.410424 (×4.924452)              84.676677 (×0.936848)              81.649381 (×5.185668)             
36   14.410437 (×4.924456)              84.676681 (×0.936848)              81.649411 (×5.185670)             
37   14.410445 (×4.924459)              84.676683 (×0.936848)              81.649430 (×5.185671)             
38   14.410450 (×4.924461)              84.676684 (×0.936848)              81.649443 (×5.185672)             
39   14.410453 (×4.924462)              84.676685 (×0.936848)              81.649451 (×5.185673)             
40   14.410456 (×4.924463)              84.676685 (×0.936848)              81.649457 (×5.185673)             

════════════════════════════════════════════════════════
══ 臂 A ══
session=sims_y9q2dpqtcswr91mq status=READY 用时=139873ms
扰动回执形状 = [["perturbation","curTick","state"]]（线索说裸对象 {perturbation,curTick,state}）
扰动定序（listPerturbations）= ["obj_order_SO-3391.leadDays@0/delta-3"]

── 逐拍读数表 · 臂 A（session=sims_y9q2dpqtcswr91mq）──
t    worldTick cells   avail  MARGIN.rolling  MARGIN.projected  MARGIN.delta   COST.projected  costPressure  carriers/univ 
0    0         6375    true   118.9000        -14.9700          -133.8700      714.9700        23.0367       150/500       
1    1         6375    true   118.9000        -13.7500          -132.6500      713.7500        22.8280       150/500       
2    2         6375    true   118.9000        -12.8000          -131.7000      712.8000        22.6635       150/500       
3    3         6375    true   118.9000        -12.2200          -131.1200      712.2200        22.5638       150/500       
4    4         6375    true   118.9000        -12.6200          -131.5200      712.6200        22.6326       150/500       
5    5         6375    true   118.9000        -13.8800          -132.7800      713.8800        22.8502       150/500       
6    6         6375    true   118.9000        -15.6100          -134.5100      715.6100        23.1482       150/500       
7    7         6375    true   118.9000        -17.4600          -136.3600      717.4600        23.4662       150/500       
8    8         6375    true   118.9000        -19.2000          -138.1000      719.2000        23.7649       150/500       
9    9         6375    true   118.9000        -20.7000          -139.6000      720.7000        24.0241       150/500       
10   10        6375    true   118.9000        -21.9400          -140.8400      721.9400        24.2368       150/500       
11   11        6375    true   118.9000        -22.9200          -141.8200      722.9200        24.4048       150/500       
12   12        6375    true   118.9000        -23.6700          -142.5700      723.6700        24.5338       150/500       
13   13        6375    true   118.9000        -24.2300          -143.1300      724.2300        24.6308       150/500       
14   14        6375    true   118.9000        -24.6500          -143.5500      724.6500        24.7024       150/500       
15   15        6375    true   118.9000        -24.9500          -143.8500      724.9500        24.7546       150/500       
16   16        6375    true   118.9000        -25.1700          -144.0700      725.1700        24.7923       150/500       
17   17        6375    true   118.9000        -25.3200          -144.2200      725.3200        24.8191       150/500       
18   18        6375    true   118.9000        -25.4300          -144.3300      725.4300        24.8382       150/500       
19   19        6375    true   118.9000        -25.5100          -144.4100      725.5100        24.8516       150/500       
20   20        6375    true   118.9000        -25.5700          -144.4700      725.5700        24.8609       150/500       
21   21        6375    true   118.9000        -25.6000          -144.5000      725.6000        24.8674       150/500       
22   22        6375    true   118.9000        -25.6300          -144.5300      725.6300        24.8719       150/500       
23   23        6375    true   118.9000        -25.6500          -144.5500      725.6500        24.8750       150/500       
24   24        6375    true   118.9000        -25.6600          -144.5600      725.6600        24.8771       150/500       
25   25        6375    true   118.9000        -25.6700          -144.5700      725.6700        24.8786       150/500       
26   26        6375    true   118.9000        -25.6800          -144.5800      725.6800        24.8796       150/500       
27   27        6375    true   118.9000        -25.6800          -144.5800      725.6800        24.8802       150/500       
28   28        6375    true   118.9000        -25.6800          -144.5800      725.6800        24.8807       150/500       
29   29        6375    true   118.9000        -25.6800          -144.5800      725.6800        24.8810       150/500       
30   30        6375    true   118.9000        -25.6800          -144.5800      725.6800        24.8812       150/500       
31   31        6375    true   118.9000        -25.6900          -144.5900      725.6900        24.8813       150/500       
32   32        6375    true   118.9000        -25.6900          -144.5900      725.6900        24.8814       150/500       
33   33        6375    true   118.9000        -25.6900          -144.5900      725.6900        24.8815       150/500       
34   34        6375    true   118.9000        -25.6900          -144.5900      725.6900        24.8815       150/500       
35   35        6375    true   118.9000        -25.6900          -144.5900      725.6900        24.8816       150/500       
36   36        6375    true   118.9000        -25.6900          -144.5900      725.6900        24.8816       150/500       
37   37        6375    true   118.9000        -25.6900          -144.5900      725.6900        24.8816       150/500       
38   38        6375    true   118.9000        -25.6900          -144.5900      725.6900        24.8816       150/500       
39   39        6375    true   118.9000        -25.6900          -144.5900      725.6900        24.8816       150/500       
40   40        6375    true   118.9000        -25.6900          -144.5900      725.6900        24.8816       150/500       
── 链条实测格 · 臂 A（逐拍原值；看「是不是撞了 saturateToDomain 边界」）──
t    obj_order_SO-3391.leadDays     obj_order_SO-3391.costPressure obj_model_4680-NCM.costPressure obj_customer_cust_14.receivablePressure obj_material_pos_ncm.priceShock
0    11.000000                      90.384615                      2.926300                       15.745200                      8.000000                      
1    11.000000                      84.828869                      0.961622                       40.529585                      8.000000                      
2    11.000000                      83.176921                      0.440456                       55.898320                      8.000000                      
3    11.000000                      82.622474                      2.059380                       65.403526                      8.000000                      
4    11.000000                      82.670633                      4.393023                       71.285877                      8.000000                      
5    11.000000                      82.990360                      6.697333                       75.071435                      8.000000                      
6    11.000000                      83.370913                      8.681883                       77.435317                      8.000000                      
7    11.000000                      83.713442                      10.271322                      78.826408                      8.000000                      
8    11.000000                      83.987525                      11.485953                      79.674753                      8.000000                      
9    11.000000                      84.193942                      12.382272                      80.235449                      8.000000                      
10   11.000000                      84.343912                      13.025903                      80.629929                      8.000000                      
11   11.000000                      84.450284                      13.478388                      80.915383                      8.000000                      
12   11.000000                      84.524432                      13.791402                      81.123261                      8.000000                      
13   11.000000                      84.575447                      14.005287                      81.274262                      8.000000                      
14   11.000000                      84.610197                      14.150059                      81.383408                      8.000000                      
15   11.000000                      84.633682                      14.247326                      81.461891                      8.000000                      
16   11.000000                      84.649452                      14.312292                      81.518043                      8.000000                      
17   11.000000                      84.659988                      14.355478                      81.558020                      8.000000                      
18   11.000000                      84.666996                      14.384071                      81.586342                      8.000000                      
19   11.000000                      84.671640                      14.402941                      81.606308                      8.000000                      
20   11.000000                      84.674708                      14.415359                      81.620314                      8.000000                      
21   11.000000                      84.676729                      14.423512                      81.630094                      8.000000                      
22   11.000000                      84.678057                      14.428853                      81.636891                      8.000000                      
23   11.000000                      84.678928                      14.432345                      81.641594                      8.000000                      
24   11.000000                      84.679498                      14.434625                      81.644835                      8.000000                      
25   11.000000                      84.679871                      14.436111                      81.647059                      8.000000                      
26   11.000000                      84.680114                      14.437079                      81.648581                      8.000000                      
27   11.000000                      84.680272                      14.437708                      81.649617                      8.000000                      
28   11.000000                      84.680375                      14.438117                      81.650322                      8.000000                      
29   11.000000                      84.680442                      14.438382                      81.650799                      8.000000                      
30   11.000000                      84.680485                      14.438554                      81.651121                      8.000000                      
31   11.000000                      84.680513                      14.438665                      81.651338                      8.000000                      
32   11.000000                      84.680532                      14.438737                      81.651484                      8.000000                      
33   11.000000                      84.680544                      14.438784                      81.651582                      8.000000                      
34   11.000000                      84.680551                      14.438814                      81.651648                      8.000000                      
35   11.000000                      84.680556                      14.438833                      81.651692                      8.000000                      
36   11.000000                      84.680559                      14.438846                      81.651721                      8.000000                      
37   11.000000                      84.680561                      14.438854                      81.651740                      8.000000                      
38   11.000000                      84.680563                      14.438859                      81.651753                      8.000000                      
39   11.000000                      84.680564                      14.438862                      81.651762                      8.000000                      
40   11.000000                      84.680564                      14.438865                      81.651767                      8.000000                      
── 基值比值表 · 臂 A（逐拍 = 读数 ÷ baseSnapshot 值；1=正常，→2=基值加两次）──
t    obj_model_4680-NCM.costPressure[base=2.926300] obj_order_SO-3391.costPressure[base=90.384615] obj_customer_cust_14.receivablePressure[base=15.745200]
0    2.926300 (×1.000000)               90.384615 (×1.000000)              15.745200 (×1.000000)             
1    0.961622 (×0.328614)               84.828869 (×0.938532)              40.529585 (×2.574091)             
2    0.440456 (×0.150516)               83.176921 (×0.920255)              55.898320 (×3.550182)             
3    2.059380 (×0.703749)               82.622474 (×0.914121)              65.403526 (×4.153871)             
4    4.393023 (×1.501221)               82.670633 (×0.914654)              71.285877 (×4.527467)             
5    6.697333 (×2.288669)               82.990360 (×0.918191)              75.071435 (×4.767893)             
6    8.681883 (×2.966846)               83.370913 (×0.922402)              77.435317 (×4.918027)             
7    10.271322 (×3.510003)              83.713442 (×0.926191)              78.826408 (×5.006377)             
8    11.485953 (×3.925077)              83.987525 (×0.929224)              79.674753 (×5.060257)             
9    12.382272 (×4.231375)              84.193942 (×0.931507)              80.235449 (×5.095867)             
10   13.025903 (×4.451322)              84.343912 (×0.933167)              80.629929 (×5.120921)             
11   13.478388 (×4.605949)              84.450284 (×0.934344)              80.915383 (×5.139051)             
12   13.791402 (×4.712915)              84.524432 (×0.935164)              81.123261 (×5.152253)             
13   14.005287 (×4.786005)              84.575447 (×0.935728)              81.274262 (×5.161844)             
14   14.150059 (×4.835478)              84.610197 (×0.936113)              81.383408 (×5.168776)             
15   14.247326 (×4.868717)              84.633682 (×0.936373)              81.461891 (×5.173760)             
16   14.312292 (×4.890918)              84.649452 (×0.936547)              81.518043 (×5.177327)             
17   14.355478 (×4.905675)              84.659988 (×0.936664)              81.558020 (×5.179866)             
18   14.384071 (×4.915447)              84.666996 (×0.936741)              81.586342 (×5.181664)             
19   14.402941 (×4.921895)              84.671640 (×0.936793)              81.606308 (×5.182932)             
20   14.415359 (×4.926139)              84.674708 (×0.936827)              81.620314 (×5.183822)             
21   14.423512 (×4.928925)              84.676729 (×0.936849)              81.630094 (×5.184443)             
22   14.428853 (×4.930750)              84.678057 (×0.936864)              81.636891 (×5.184875)             
23   14.432345 (×4.931943)              84.678928 (×0.936873)              81.641594 (×5.185174)             
24   14.434625 (×4.932722)              84.679498 (×0.936880)              81.644835 (×5.185379)             
25   14.436111 (×4.933230)              84.679871 (×0.936884)              81.647059 (×5.185521)             
26   14.437079 (×4.933561)              84.680114 (×0.936886)              81.648581 (×5.185617)             
27   14.437708 (×4.933776)              84.680272 (×0.936888)              81.649617 (×5.185683)             
28   14.438117 (×4.933915)              84.680375 (×0.936889)              81.650322 (×5.185728)             
29   14.438382 (×4.934006)              84.680442 (×0.936890)              81.650799 (×5.185758)             
30   14.438554 (×4.934065)              84.680485 (×0.936890)              81.651121 (×5.185779)             
31   14.438665 (×4.934103)              84.680513 (×0.936891)              81.651338 (×5.185792)             
32   14.438737 (×4.934127)              84.680532 (×0.936891)              81.651484 (×5.185802)             
33   14.438784 (×4.934143)              84.680544 (×0.936891)              81.651582 (×5.185808)             
34   14.438814 (×4.934154)              84.680551 (×0.936891)              81.651648 (×5.185812)             
35   14.438833 (×4.934160)              84.680556 (×0.936891)              81.651692 (×5.185815)             
36   14.438846 (×4.934165)              84.680559 (×0.936891)              81.651721 (×5.185817)             
37   14.438854 (×4.934167)              84.680561 (×0.936891)              81.651740 (×5.185818)             
38   14.438859 (×4.934169)              84.680563 (×0.936891)              81.651753 (×5.185819)             
39   14.438862 (×4.934170)              84.680564 (×0.936891)              81.651762 (×5.185819)             
40   14.438865 (×4.934171)              84.680564 (×0.936891)              81.651767 (×5.185820)             

════════════════════════════════════════════════════════
══ 臂 B ══
session=sims_tk6qmfnw0hchhebv status=READY 用时=126658ms
扰动回执形状 = [["perturbation","curTick","state"]]（线索说裸对象 {perturbation,curTick,state}）
扰动定序（listPerturbations）= ["obj_material_pos_ncm.priceShock@0/delta15"]

── 逐拍读数表 · 臂 B（session=sims_tk6qmfnw0hchhebv）──
t    worldTick cells   avail  MARGIN.rolling  MARGIN.projected  MARGIN.delta   COST.projected  costPressure  carriers/univ 
0    0         6375    true   118.9000        -14.9700          -133.8700      714.9700        23.0367       150/500       
1    1         6375    true   118.9000        -13.7500          -132.6500      713.7500        22.8280       150/500       
2    2         6375    true   118.9000        -12.9200          -131.8200      712.9200        22.6845       150/500       
3    3         6375    true   118.9000        -12.4700          -131.3700      712.4700        22.6078       150/500       
4    4         6375    true   118.9000        -13.0100          -131.9100      713.0100        22.6992       150/500       
5    5         6375    true   118.9000        -14.3800          -133.2800      714.3800        22.9354       150/500       
6    6         6375    true   118.9000        -16.1900          -135.0900      716.1900        23.2472       150/500       
7    7         6375    true   118.9000        -18.0900          -136.9900      718.0900        23.5744       150/500       
8    8         6375    true   118.9000        -19.8600          -138.7600      719.8600        23.8784       150/500       
9    9         6375    true   118.9000        -21.3800          -140.2800      721.3800        24.1400       150/500       
10   10        6375    true   118.9000        -22.6200          -141.5200      722.6200        24.3536       150/500       
11   11        6375    true   118.9000        -23.6000          -142.5000      723.6000        24.5218       150/500       
12   12        6375    true   118.9000        -24.3400          -143.2400      724.3400        24.6506       150/500       
13   13        6375    true   118.9000        -24.9100          -143.8100      724.9100        24.7473       150/500       
14   14        6375    true   118.9000        -25.3200          -144.2200      725.3200        24.8187       150/500       
15   15        6375    true   118.9000        -25.6200          -144.5200      725.6200        24.8708       150/500       
16   16        6375    true   118.9000        -25.8400          -144.7400      725.8400        24.9083       150/500       
17   17        6375    true   118.9000        -26.0000          -144.9000      726.0000        24.9350       150/500       
18   18        6375    true   118.9000        -26.1100          -145.0100      726.1100        24.9540       150/500       
19   19        6375    true   118.9000        -26.1900          -145.0900      726.1900        24.9673       150/500       
20   20        6375    true   118.9000        -26.2400          -145.1400      726.2400        24.9767       150/500       
21   21        6375    true   118.9000        -26.2800          -145.1800      726.2800        24.9831       150/500       
22   22        6375    true   118.9000        -26.3000          -145.2000      726.3000        24.9876       150/500       
23   23        6375    true   118.9000        -26.3200          -145.2200      726.3200        24.9907       150/500       
24   24        6375    true   118.9000        -26.3300          -145.2300      726.3300        24.9928       150/500       
25   25        6375    true   118.9000        -26.3400          -145.2400      726.3400        24.9943       150/500       
26   26        6375    true   118.9000        -26.3500          -145.2500      726.3500        24.9953       150/500       
27   27        6375    true   118.9000        -26.3500          -145.2500      726.3500        24.9959       150/500       
28   28        6375    true   118.9000        -26.3500          -145.2500      726.3500        24.9964       150/500       
29   29        6375    true   118.9000        -26.3600          -145.2600      726.3600        24.9967       150/500       
30   30        6375    true   118.9000        -26.3600          -145.2600      726.3600        24.9969       150/500       
31   31        6375    true   118.9000        -26.3600          -145.2600      726.3600        24.9970       150/500       
32   32        6375    true   118.9000        -26.3600          -145.2600      726.3600        24.9971       150/500       
33   33        6375    true   118.9000        -26.3600          -145.2600      726.3600        24.9972       150/500       
34   34        6375    true   118.9000        -26.3600          -145.2600      726.3600        24.9972       150/500       
35   35        6375    true   118.9000        -26.3600          -145.2600      726.3600        24.9972       150/500       
36   36        6375    true   118.9000        -26.3600          -145.2600      726.3600        24.9973       150/500       
37   37        6375    true   118.9000        -26.3600          -145.2600      726.3600        24.9973       150/500       
38   38        6375    true   118.9000        -26.3600          -145.2600      726.3600        24.9973       150/500       
39   39        6375    true   118.9000        -26.3600          -145.2600      726.3600        24.9973       150/500       
40   40        6375    true   118.9000        -26.3600          -145.2600      726.3600        24.9973       150/500       
── 链条实测格 · 臂 B（逐拍原值；看「是不是撞了 saturateToDomain 边界」）──
t    obj_order_SO-3391.leadDays     obj_order_SO-3391.costPressure obj_model_4680-NCM.costPressure obj_customer_cust_14.receivablePressure obj_material_pos_ncm.priceShock
0    14.000000                      90.384615                      2.926300                       15.745200                      23.000000                     
1    14.000000                      84.828869                      1.440504                       40.529585                      23.000000                     
2    14.000000                      83.236883                      1.221033                       55.898320                      23.000000                     
3    14.000000                      82.744521                      3.030026                       65.438943                      23.000000                     
4    14.000000                      82.835418                      5.483412                       71.383062                      23.000000                     
5    14.000000                      83.176433                      7.863160                       75.243531                      23.000000                     
6    14.000000                      83.563656                      9.895236                       77.639095                      23.000000                     
7    14.000000                      83.905582                      11.514617                      79.036227                      23.000000                     
8    14.000000                      84.176466                      12.748110                      79.881345                      23.000000                     
9    14.000000                      84.379328                      13.656313                      80.433359                      23.000000                     
10   14.000000                      84.526222                      14.307431                      80.816218                      23.000000                     
11   14.000000                      84.630192                      14.764633                      81.090070                      23.000000                     
12   14.000000                      84.702562                      15.080618                      81.288143                      23.000000                     
13   14.000000                      84.752302                      15.296375                      81.431656                      23.000000                     
14   14.000000                      84.786155                      15.442326                      81.535416                      23.000000                     
15   14.000000                      84.809018                      15.540337                      81.610157                      23.000000                     
16   14.000000                      84.824363                      15.605771                      81.663752                      23.000000                     
17   14.000000                      84.834609                      15.649251                      81.701995                      23.000000                     
18   14.000000                      84.841421                      15.678030                      81.729141                      23.000000                     
19   14.000000                      84.845934                      15.697017                      81.748309                      23.000000                     
20   14.000000                      84.848914                      15.709509                      81.761773                      23.000000                     
21   14.000000                      84.850877                      15.717708                      81.771184                      23.000000                     
22   14.000000                      84.852166                      15.723078                      81.777729                      23.000000                     
23   14.000000                      84.853011                      15.726589                      81.782260                      23.000000                     
24   14.000000                      84.853564                      15.728881                      81.785384                      23.000000                     
25   14.000000                      84.853926                      15.730375                      81.787529                      23.000000                     
26   14.000000                      84.854161                      15.731347                      81.788996                      23.000000                     
27   14.000000                      84.854315                      15.731979                      81.789996                      23.000000                     
28   14.000000                      84.854415                      15.732389                      81.790676                      23.000000                     
29   14.000000                      84.854479                      15.732655                      81.791136                      23.000000                     
30   14.000000                      84.854522                      15.732828                      81.791447                      23.000000                     
31   14.000000                      84.854549                      15.732940                      81.791657                      23.000000                     
32   14.000000                      84.854567                      15.733012                      81.791797                      23.000000                     
33   14.000000                      84.854578                      15.733059                      81.791892                      23.000000                     
34   14.000000                      84.854586                      15.733089                      81.791955                      23.000000                     
35   14.000000                      84.854590                      15.733109                      81.791998                      23.000000                     
36   14.000000                      84.854593                      15.733121                      81.792026                      23.000000                     
37   14.000000                      84.854595                      15.733129                      81.792044                      23.000000                     
38   14.000000                      84.854597                      15.733135                      81.792057                      23.000000                     
39   14.000000                      84.854598                      15.733138                      81.792065                      23.000000                     
40   14.000000                      84.854598                      15.733140                      81.792071                      23.000000                     
── 基值比值表 · 臂 B（逐拍 = 读数 ÷ baseSnapshot 值；1=正常，→2=基值加两次）──
t    obj_model_4680-NCM.costPressure[base=2.926300] obj_order_SO-3391.costPressure[base=90.384615] obj_customer_cust_14.receivablePressure[base=15.745200]
0    2.926300 (×1.000000)               90.384615 (×1.000000)              15.745200 (×1.000000)             
1    1.440504 (×0.492261)               84.828869 (×0.938532)              40.529585 (×2.574091)             
2    1.221033 (×0.417262)               83.236883 (×0.920919)              55.898320 (×3.550182)             
3    3.030026 (×1.035446)               82.744521 (×0.915471)              65.438943 (×4.156120)             
4    5.483412 (×1.873838)               82.835418 (×0.916477)              71.383062 (×4.533640)             
5    7.863160 (×2.687066)               83.176433 (×0.920250)              75.243531 (×4.778823)             
6    9.895236 (×3.381484)               83.563656 (×0.924534)              77.639095 (×4.930969)             
7    11.514617 (×3.934872)              83.905582 (×0.928317)              79.036227 (×5.019703)             
8    12.748110 (×4.356392)              84.176466 (×0.931314)              79.881345 (×5.073378)             
9    13.656313 (×4.666751)              84.379328 (×0.933559)              80.433359 (×5.108437)             
10   14.307431 (×4.889256)              84.526222 (×0.935184)              80.816218 (×5.132753)             
11   14.764633 (×5.045495)              84.630192 (×0.936334)              81.090070 (×5.150145)             
12   15.080618 (×5.153476)              84.702562 (×0.937135)              81.288143 (×5.162725)             
13   15.296375 (×5.227207)              84.752302 (×0.937685)              81.431656 (×5.171840)             
14   15.442326 (×5.277082)              84.786155 (×0.938060)              81.535416 (×5.178430)             
15   15.540337 (×5.310575)              84.809018 (×0.938313)              81.610157 (×5.183177)             
16   15.605771 (×5.332936)              84.824363 (×0.938482)              81.663752 (×5.186581)             
17   15.649251 (×5.347794)              84.834609 (×0.938596)              81.701995 (×5.189010)             
18   15.678030 (×5.357629)              84.841421 (×0.938671)              81.729141 (×5.190734)             
19   15.697017 (×5.364118)              84.845934 (×0.938721)              81.748309 (×5.191951)             
20   15.709509 (×5.368386)              84.848914 (×0.938754)              81.761773 (×5.192806)             
21   15.717708 (×5.371188)              84.850877 (×0.938776)              81.771184 (×5.193404)             
22   15.723078 (×5.373023)              84.852166 (×0.938790)              81.777729 (×5.193820)             
23   15.726589 (×5.374223)              84.853011 (×0.938799)              81.782260 (×5.194107)             
24   15.728881 (×5.375006)              84.853564 (×0.938805)              81.785384 (×5.194306)             
25   15.730375 (×5.375517)              84.853926 (×0.938809)              81.787529 (×5.194442)             
26   15.731347 (×5.375849)              84.854161 (×0.938812)              81.788996 (×5.194535)             
27   15.731979 (×5.376065)              84.854315 (×0.938814)              81.789996 (×5.194599)             
28   15.732389 (×5.376205)              84.854415 (×0.938815)              81.790676 (×5.194642)             
29   15.732655 (×5.376296)              84.854479 (×0.938816)              81.791136 (×5.194671)             
30   15.732828 (×5.376355)              84.854522 (×0.938816)              81.791447 (×5.194691)             
31   15.732940 (×5.376393)              84.854549 (×0.938816)              81.791657 (×5.194704)             
32   15.733012 (×5.376418)              84.854567 (×0.938816)              81.791797 (×5.194713)             
33   15.733059 (×5.376434)              84.854578 (×0.938817)              81.791892 (×5.194719)             
34   15.733089 (×5.376444)              84.854586 (×0.938817)              81.791955 (×5.194723)             
35   15.733109 (×5.376451)              84.854590 (×0.938817)              81.791998 (×5.194726)             
36   15.733121 (×5.376455)              84.854593 (×0.938817)              81.792026 (×5.194728)             
37   15.733129 (×5.376458)              84.854595 (×0.938817)              81.792044 (×5.194729)             
38   15.733135 (×5.376460)              84.854597 (×0.938817)              81.792057 (×5.194730)             
39   15.733138 (×5.376461)              84.854598 (×0.938817)              81.792065 (×5.194730)             
40   15.733140 (×5.376462)              84.854598 (×0.938817)              81.792071 (×5.194731)             

════════════════════════════════════════════════════════
══ 臂 AB ══
session=sims_84rx9zzjj5k5n5za status=READY 用时=264777ms
扰动回执形状 = [["perturbation","curTick","state"],["perturbation","curTick","state"]]（线索说裸对象 {perturbation,curTick,state}）
扰动定序（listPerturbations）= ["obj_order_SO-3391.leadDays@0/delta-3","obj_material_pos_ncm.priceShock@0/delta15"]

── 逐拍读数表 · 臂 AB（session=sims_84rx9zzjj5k5n5za）──
t    worldTick cells   avail  MARGIN.rolling  MARGIN.projected  MARGIN.delta   COST.projected  costPressure  carriers/univ 
0    0         6375    true   118.9000        -14.9700          -133.8700      714.9700        23.0367       150/500       
1    1         6375    true   118.9000        -13.7500          -132.6500      713.7500        22.8280       150/500       
2    2         6375    true   118.9000        -12.9200          -131.8200      712.9200        22.6847       150/500       
3    3         6375    true   118.9000        -12.4800          -131.3800      712.4800        22.6082       150/500       
4    4         6375    true   118.9000        -13.0100          -131.9100      713.0100        22.6999       150/500       
5    5         6375    true   118.9000        -14.3800          -133.2800      714.3800        22.9362       150/500       
6    6         6375    true   118.9000        -16.1900          -135.0900      716.1900        23.2481       150/500       
7    7         6375    true   118.9000        -18.1000          -137.0000      718.1000        23.5754       150/500       
8    8         6375    true   118.9000        -19.8600          -138.7600      719.8600        23.8794       150/500       
9    9         6375    true   118.9000        -21.3800          -140.2800      721.3800        24.1410       150/500       
10   10        6375    true   118.9000        -22.6200          -141.5200      722.6200        24.3546       150/500       
11   11        6375    true   118.9000        -23.6000          -142.5000      723.6000        24.5228       150/500       
12   12        6375    true   118.9000        -24.3500          -143.2500      724.3500        24.6516       150/500       
13   13        6375    true   118.9000        -24.9100          -143.8100      724.9100        24.7483       150/500       
14   14        6375    true   118.9000        -25.3300          -144.2300      725.3300        24.8197       150/500       
15   15        6375    true   118.9000        -25.6300          -144.5300      725.6300        24.8718       150/500       
16   16        6375    true   118.9000        -25.8500          -144.7500      725.8500        24.9093       150/500       
17   17        6375    true   118.9000        -26.0000          -144.9000      726.0000        24.9361       150/500       
18   18        6375    true   118.9000        -26.1100          -145.0100      726.1100        24.9550       150/500       
19   19        6375    true   118.9000        -26.1900          -145.0900      726.1900        24.9684       150/500       
20   20        6375    true   118.9000        -26.2500          -145.1500      726.2500        24.9777       150/500       
21   21        6375    true   118.9000        -26.2800          -145.1800      726.2800        24.9842       150/500       
22   22        6375    true   118.9000        -26.3100          -145.2100      726.3100        24.9886       150/500       
23   23        6375    true   118.9000        -26.3300          -145.2300      726.3300        24.9917       150/500       
24   24        6375    true   118.9000        -26.3400          -145.2400      726.3400        24.9938       150/500       
25   25        6375    true   118.9000        -26.3500          -145.2500      726.3500        24.9953       150/500       
26   26        6375    true   118.9000        -26.3500          -145.2500      726.3500        24.9963       150/500       
27   27        6375    true   118.9000        -26.3600          -145.2600      726.3600        24.9969       150/500       
28   28        6375    true   118.9000        -26.3600          -145.2600      726.3600        24.9974       150/500       
29   29        6375    true   118.9000        -26.3600          -145.2600      726.3600        24.9977       150/500       
30   30        6375    true   118.9000        -26.3600          -145.2600      726.3600        24.9979       150/500       
31   31        6375    true   118.9000        -26.3600          -145.2600      726.3600        24.9980       150/500       
32   32        6375    true   118.9000        -26.3600          -145.2600      726.3600        24.9981       150/500       
33   33        6375    true   118.9000        -26.3600          -145.2600      726.3600        24.9982       150/500       
34   34        6375    true   118.9000        -26.3600          -145.2600      726.3600        24.9982       150/500       
35   35        6375    true   118.9000        -26.3600          -145.2600      726.3600        24.9983       150/500       
36   36        6375    true   118.9000        -26.3600          -145.2600      726.3600        24.9983       150/500       
37   37        6375    true   118.9000        -26.3700          -145.2700      726.3700        24.9983       150/500       
38   38        6375    true   118.9000        -26.3700          -145.2700      726.3700        24.9983       150/500       
39   39        6375    true   118.9000        -26.3700          -145.2700      726.3700        24.9983       150/500       
40   40        6375    true   118.9000        -26.3700          -145.2700      726.3700        24.9983       150/500       
── 链条实测格 · 臂 AB（逐拍原值；看「是不是撞了 saturateToDomain 边界」）──
t    obj_order_SO-3391.leadDays     obj_order_SO-3391.costPressure obj_model_4680-NCM.costPressure obj_customer_cust_14.receivablePressure obj_material_pos_ncm.priceShock
0    11.000000                      90.384615                      2.926300                       15.745200                      23.000000                     
1    11.000000                      84.828869                      1.451015                       40.529585                      23.000000                     
2    11.000000                      83.238194                      1.238167                       55.898320                      23.000000                     
3    11.000000                      82.747180                      3.051331                       65.439512                      23.000000                     
4    11.000000                      82.838994                      5.507346                       71.384690                      23.000000                     
5    11.000000                      83.180460                      7.888750                       75.246410                      23.000000                     
6    11.000000                      83.567821                      9.921869                       77.642491                      23.000000                     
7    11.000000                      83.909731                      11.541907                      79.039722                      23.000000                     
8    11.000000                      84.180546                      12.775814                      79.884787                      23.000000                     
9    11.000000                      84.383332                      13.684278                      80.436623                      23.000000                     
10   11.000000                      84.530160                      14.335560                      80.819250                      23.000000                     
11   11.000000                      84.634080                      14.792865                      81.092877                      23.000000                     
12   11.000000                      84.706411                      15.108916                      81.290768                      23.000000                     
13   11.000000                      84.756124                      15.324714                      81.434146                      23.000000                     
14   11.000000                      84.789958                      15.470691                      81.537811                      23.000000                     
15   11.000000                      84.812808                      15.568718                      81.612487                      23.000000                     
16   11.000000                      84.828144                      15.634163                      81.666038                      23.000000                     
17   11.000000                      84.838384                      15.677649                      81.704251                      23.000000                     
18   11.000000                      84.845192                      15.706433                      81.731378                      23.000000                     
19   11.000000                      84.849702                      15.725422                      81.750533                      23.000000                     
20   11.000000                      84.852680                      15.737916                      81.763988                      23.000000                     
21   11.000000                      84.854641                      15.746116                      81.773392                      23.000000                     
22   11.000000                      84.855930                      15.751486                      81.779933                      23.000000                     
23   11.000000                      84.856774                      15.754998                      81.784462                      23.000000                     
24   11.000000                      84.857327                      15.757290                      81.787584                      23.000000                     
25   11.000000                      84.857688                      15.758783                      81.789727                      23.000000                     
26   11.000000                      84.857924                      15.759756                      81.791194                      23.000000                     
27   11.000000                      84.858077                      15.760388                      81.792193                      23.000000                     
28   11.000000                      84.858177                      15.760798                      81.792872                      23.000000                     
29   11.000000                      84.858242                      15.761065                      81.793332                      23.000000                     
30   11.000000                      84.858284                      15.761237                      81.793643                      23.000000                     
31   11.000000                      84.858311                      15.761349                      81.793853                      23.000000                     
32   11.000000                      84.858329                      15.761421                      81.793993                      23.000000                     
33   11.000000                      84.858340                      15.761468                      81.794088                      23.000000                     
34   11.000000                      84.858348                      15.761498                      81.794151                      23.000000                     
35   11.000000                      84.858353                      15.761518                      81.794193                      23.000000                     
36   11.000000                      84.858356                      15.761530                      81.794222                      23.000000                     
37   11.000000                      84.858358                      15.761538                      81.794240                      23.000000                     
38   11.000000                      84.858359                      15.761544                      81.794253                      23.000000                     
39   11.000000                      84.858360                      15.761547                      81.794261                      23.000000                     
40   11.000000                      84.858360                      15.761549                      81.794266                      23.000000                     
── 基值比值表 · 臂 AB（逐拍 = 读数 ÷ baseSnapshot 值；1=正常，→2=基值加两次）──
t    obj_model_4680-NCM.costPressure[base=2.926300] obj_order_SO-3391.costPressure[base=90.384615] obj_customer_cust_14.receivablePressure[base=15.745200]
0    2.926300 (×1.000000)               90.384615 (×1.000000)              15.745200 (×1.000000)             
1    1.451015 (×0.495853)               84.828869 (×0.938532)              40.529585 (×2.574091)             
2    1.238167 (×0.423117)               83.238194 (×0.920933)              55.898320 (×3.550182)             
3    3.051331 (×1.042727)               82.747180 (×0.915501)              65.439512 (×4.156156)             
4    5.507346 (×1.882017)               82.838994 (×0.916517)              71.384690 (×4.533743)             
5    7.888750 (×2.695810)               83.180460 (×0.920294)              75.246410 (×4.779006)             
6    9.921869 (×3.390585)               83.567821 (×0.924580)              77.642491 (×4.931185)             
7    11.541907 (×3.944198)              83.909731 (×0.928363)              79.039722 (×5.019925)             
8    12.775814 (×4.365859)              84.180546 (×0.931359)              79.884787 (×5.073596)             
9    13.684278 (×4.676307)              84.383332 (×0.933603)              80.436623 (×5.108644)             
10   14.335560 (×4.898869)              84.530160 (×0.935227)              80.819250 (×5.132945)             
11   14.792865 (×5.055143)              84.634080 (×0.936377)              81.092877 (×5.150324)             
12   15.108916 (×5.163147)              84.706411 (×0.937177)              81.290768 (×5.162892)             
13   15.324714 (×5.236891)              84.756124 (×0.937727)              81.434146 (×5.171998)             
14   15.470691 (×5.286776)              84.789958 (×0.938102)              81.537811 (×5.178582)             
15   15.568718 (×5.320274)              84.812808 (×0.938354)              81.612487 (×5.183325)             
16   15.634163 (×5.342638)              84.828144 (×0.938524)              81.666038 (×5.186726)             
17   15.677649 (×5.357499)              84.838384 (×0.938637)              81.704251 (×5.189153)             
18   15.706433 (×5.367335)              84.845192 (×0.938713)              81.731378 (×5.190876)             
19   15.725422 (×5.373824)              84.849702 (×0.938763)              81.750533 (×5.192092)             
20   15.737916 (×5.378094)              84.852680 (×0.938796)              81.763988 (×5.192947)             
21   15.746116 (×5.380896)              84.854641 (×0.938817)              81.773392 (×5.193544)             
22   15.751486 (×5.382731)              84.855930 (×0.938832)              81.779933 (×5.193960)             
23   15.754998 (×5.383931)              84.856774 (×0.938841)              81.784462 (×5.194247)             
24   15.757290 (×5.384714)              84.857327 (×0.938847)              81.787584 (×5.194446)             
25   15.758783 (×5.385225)              84.857688 (×0.938851)              81.789727 (×5.194582)             
26   15.759756 (×5.385557)              84.857924 (×0.938854)              81.791194 (×5.194675)             
27   15.760388 (×5.385773)              84.858077 (×0.938855)              81.792193 (×5.194738)             
28   15.760798 (×5.385913)              84.858177 (×0.938856)              81.792872 (×5.194781)             
29   15.761065 (×5.386004)              84.858242 (×0.938857)              81.793332 (×5.194811)             
30   15.761237 (×5.386063)              84.858284 (×0.938858)              81.793643 (×5.194830)             
31   15.761349 (×5.386102)              84.858311 (×0.938858)              81.793853 (×5.194844)             
32   15.761421 (×5.386126)              84.858329 (×0.938858)              81.793993 (×5.194853)             
33   15.761468 (×5.386142)              84.858340 (×0.938858)              81.794088 (×5.194859)             
34   15.761498 (×5.386153)              84.858348 (×0.938858)              81.794151 (×5.194863)             
35   15.761518 (×5.386159)              84.858353 (×0.938858)              81.794193 (×5.194865)             
36   15.761530 (×5.386164)              84.858356 (×0.938858)              81.794222 (×5.194867)             
37   15.761538 (×5.386166)              84.858358 (×0.938858)              81.794240 (×5.194868)             
38   15.761544 (×5.386168)              84.858359 (×0.938858)              81.794253 (×5.194869)             
39   15.761547 (×5.386169)              84.858360 (×0.938858)              81.794261 (×5.194870)             
40   15.761549 (×5.386170)              84.858360 (×0.938858)              81.794266 (×5.194870)             

══ 跨臂链条对照（逐拍 · 四臂并排）══
t	zero:obj_order_SO-3391.leadDays	zero:obj_order_SO-3391.costPressure	zero:obj_model_4680-NCM.costPressure	zero:obj_customer_cust_14.receivablePressure	zero:obj_material_pos_ncm.priceShock	A:obj_order_SO-3391.leadDays	A:obj_order_SO-3391.costPressure	A:obj_model_4680-NCM.costPressure	A:obj_customer_cust_14.receivablePressure	A:obj_material_pos_ncm.priceShock	B:obj_order_SO-3391.leadDays	B:obj_order_SO-3391.costPressure	B:obj_model_4680-NCM.costPressure	B:obj_customer_cust_14.receivablePressure	B:obj_material_pos_ncm.priceShock	AB:obj_order_SO-3391.leadDays	AB:obj_order_SO-3391.costPressure	AB:obj_model_4680-NCM.costPressure	AB:obj_customer_cust_14.receivablePressure	AB:obj_material_pos_ncm.priceShock
0	14.000000	90.384615	2.926300	15.745200	8.000000	11.000000	90.384615	2.926300	15.745200	8.000000	14.000000	90.384615	2.926300	15.745200	23.000000	11.000000	90.384615	2.926300	15.745200	23.000000
1	14.000000	84.828869	0.951110	40.529585	8.000000	11.000000	84.828869	0.961622	40.529585	8.000000	14.000000	84.828869	1.440504	40.529585	23.000000	11.000000	84.828869	1.451015	40.529585	23.000000
2	14.000000	83.175600	0.423322	55.898320	8.000000	11.000000	83.176921	0.440456	55.898320	8.000000	14.000000	83.236883	1.221033	55.898320	23.000000	11.000000	83.238194	1.238167	55.898320	23.000000
3	14.000000	82.619774	2.038074	65.402956	8.000000	11.000000	82.622474	2.059380	65.403526	8.000000	14.000000	82.744521	3.030026	65.438943	23.000000	11.000000	82.747180	3.051331	65.439512	23.000000
4	14.000000	82.666974	4.369089	71.284247	8.000000	11.000000	82.670633	4.393023	71.285877	8.000000	14.000000	82.835418	5.483412	71.383062	23.000000	11.000000	82.838994	5.507346	71.384690	23.000000
5	14.000000	82.986217	6.671743	75.068508	8.000000	11.000000	82.990360	6.697333	75.071435	8.000000	14.000000	83.176433	7.863160	75.243531	23.000000	11.000000	83.180460	7.888750	75.246410	23.000000
6	14.000000	83.366615	8.655250	77.431827	8.000000	11.000000	83.370913	8.681883	77.435317	8.000000	14.000000	83.563656	9.895236	77.639095	23.000000	11.000000	83.567821	9.921869	77.642491	23.000000
7	14.000000	83.709155	10.244032	78.822795	8.000000	11.000000	83.713442	10.271322	78.826408	8.000000	14.000000	83.905582	11.514617	79.036227	23.000000	11.000000	83.909731	11.541907	79.039722	23.000000
8	14.000000	83.983310	11.458248	79.671176	8.000000	11.000000	83.987525	11.485953	79.674753	8.000000	14.000000	84.176466	12.748110	79.881345	23.000000	11.000000	84.180546	12.775814	79.884787	23.000000
9	14.000000	84.189806	12.354307	80.231993	8.000000	11.000000	84.193942	12.382272	80.235449	8.000000	14.000000	84.379328	13.656313	80.433359	23.000000	11.000000	84.383332	13.684278	80.436623	23.000000
10	14.000000	84.339845	12.997774	80.626672	8.000000	11.000000	84.343912	13.025903	80.629929	8.000000	14.000000	84.526222	14.307431	80.816218	23.000000	11.000000	84.530160	14.335560	80.819250	23.000000
11	14.000000	84.446272	13.450155	80.912349	8.000000	11.000000	84.450284	13.478388	80.915383	8.000000	14.000000	84.630192	14.764633	81.090070	23.000000	11.000000	84.634080	14.792865	81.092877	23.000000
12	14.000000	84.520460	13.763104	81.120426	8.000000	11.000000	84.524432	13.791402	81.123261	8.000000	14.000000	84.702562	15.080618	81.288143	23.000000	11.000000	84.706411	15.108916	81.290768	23.000000
13	14.000000	84.571505	13.976948	81.271586	8.000000	11.000000	84.575447	14.005287	81.274262	8.000000	14.000000	84.752302	15.296375	81.431656	23.000000	11.000000	84.756124	15.324714	81.434146	23.000000
14	14.000000	84.606275	14.121694	81.380848	8.000000	11.000000	84.610197	14.150059	81.383408	8.000000	14.000000	84.786155	15.442326	81.535416	23.000000	11.000000	84.789958	15.470691	81.537811	23.000000
15	14.000000	84.629773	14.218945	81.459412	8.000000	11.000000	84.633682	14.247326	81.461891	8.000000	14.000000	84.809018	15.540337	81.610157	23.000000	11.000000	84.812808	15.568718	81.612487	23.000000
16	14.000000	84.645554	14.283901	81.515619	8.000000	11.000000	84.649452	14.312292	81.518043	8.000000	14.000000	84.824363	15.605771	81.663752	23.000000	11.000000	84.828144	15.634163	81.666038	23.000000
17	14.000000	84.656096	14.327079	81.555634	8.000000	11.000000	84.659988	14.355478	81.558020	8.000000	14.000000	84.834609	15.649251	81.701995	23.000000	11.000000	84.838384	15.677649	81.704251	23.000000
18	14.000000	84.663108	14.355669	81.583980	8.000000	11.000000	84.666996	14.384071	81.586342	8.000000	14.000000	84.841421	15.678030	81.729141	23.000000	11.000000	84.845192	15.706433	81.731378	23.000000
19	14.000000	84.667755	14.374536	81.603963	8.000000	11.000000	84.671640	14.402941	81.606308	8.000000	14.000000	84.845934	15.697017	81.748309	23.000000	11.000000	84.849702	15.725422	81.750533	23.000000
20	14.000000	84.670825	14.386953	81.617981	8.000000	11.000000	84.674708	14.415359	81.620314	8.000000	14.000000	84.848914	15.709509	81.761773	23.000000	11.000000	84.852680	15.737916	81.763988	23.000000
21	14.000000	84.672848	14.395104	81.627768	8.000000	11.000000	84.676729	14.423512	81.630094	8.000000	14.000000	84.850877	15.717708	81.771184	23.000000	11.000000	84.854641	15.746116	81.773392	23.000000
22	14.000000	84.674177	14.400445	81.634570	8.000000	11.000000	84.678057	14.428853	81.636891	8.000000	14.000000	84.852166	15.723078	81.777729	23.000000	11.000000	84.855930	15.751486	81.779933	23.000000
23	14.000000	84.675048	14.403937	81.639277	8.000000	11.000000	84.678928	14.432345	81.641594	8.000000	14.000000	84.853011	15.726589	81.782260	23.000000	11.000000	84.856774	15.754998	81.784462	23.000000
24	14.000000	84.675619	14.406216	81.642520	8.000000	11.000000	84.679498	14.434625	81.644835	8.000000	14.000000	84.853564	15.728881	81.785384	23.000000	11.000000	84.857327	15.757290	81.787584	23.000000
25	14.000000	84.675991	14.407703	81.644746	8.000000	11.000000	84.679871	14.436111	81.647059	8.000000	14.000000	84.853926	15.730375	81.787529	23.000000	11.000000	84.857688	15.758783	81.789727	23.000000
26	14.000000	84.676234	14.408670	81.646268	8.000000	11.000000	84.680114	14.437079	81.648581	8.000000	14.000000	84.854161	15.731347	81.788996	23.000000	11.000000	84.857924	15.759756	81.791194	23.000000
27	14.000000	84.676393	14.409299	81.647306	8.000000	11.000000	84.680272	14.437708	81.649617	8.000000	14.000000	84.854315	15.731979	81.789996	23.000000	11.000000	84.858077	15.760388	81.792193	23.000000
28	14.000000	84.676496	14.409708	81.648011	8.000000	11.000000	84.680375	14.438117	81.650322	8.000000	14.000000	84.854415	15.732389	81.790676	23.000000	11.000000	84.858177	15.760798	81.792872	23.000000
29	14.000000	84.676563	14.409973	81.648488	8.000000	11.000000	84.680442	14.438382	81.650799	8.000000	14.000000	84.854479	15.732655	81.791136	23.000000	11.000000	84.858242	15.761065	81.793332	23.000000
30	14.000000	84.676606	14.410145	81.648811	8.000000	11.000000	84.680485	14.438554	81.651121	8.000000	14.000000	84.854522	15.732828	81.791447	23.000000	11.000000	84.858284	15.761237	81.793643	23.000000
31	14.000000	84.676635	14.410256	81.649028	8.000000	11.000000	84.680513	14.438665	81.651338	8.000000	14.000000	84.854549	15.732940	81.791657	23.000000	11.000000	84.858311	15.761349	81.793853	23.000000
32	14.000000	84.676653	14.410328	81.649174	8.000000	11.000000	84.680532	14.438737	81.651484	8.000000	14.000000	84.854567	15.733012	81.791797	23.000000	11.000000	84.858329	15.761421	81.793993	23.000000
33	14.000000	84.676665	14.410375	81.649272	8.000000	11.000000	84.680544	14.438784	81.651582	8.000000	14.000000	84.854578	15.733059	81.791892	23.000000	11.000000	84.858340	15.761468	81.794088	23.000000
34	14.000000	84.676672	14.410405	81.649338	8.000000	11.000000	84.680551	14.438814	81.651648	8.000000	14.000000	84.854586	15.733089	81.791955	23.000000	11.000000	84.858348	15.761498	81.794151	23.000000
35	14.000000	84.676677	14.410424	81.649381	8.000000	11.000000	84.680556	14.438833	81.651692	8.000000	14.000000	84.854590	15.733109	81.791998	23.000000	11.000000	84.858353	15.761518	81.794193	23.000000
36	14.000000	84.676681	14.410437	81.649411	8.000000	11.000000	84.680559	14.438846	81.651721	8.000000	14.000000	84.854593	15.733121	81.792026	23.000000	11.000000	84.858356	15.761530	81.794222	23.000000
37	14.000000	84.676683	14.410445	81.649430	8.000000	11.000000	84.680561	14.438854	81.651740	8.000000	14.000000	84.854595	15.733129	81.792044	23.000000	11.000000	84.858358	15.761538	81.794240	23.000000
38	14.000000	84.676684	14.410450	81.649443	8.000000	11.000000	84.680563	14.438859	81.651753	8.000000	14.000000	84.854597	15.733135	81.792057	23.000000	11.000000	84.858359	15.761544	81.794253	23.000000
39	14.000000	84.676685	14.410453	81.649451	8.000000	11.000000	84.680564	14.438862	81.651762	8.000000	14.000000	84.854598	15.733138	81.792065	23.000000	11.000000	84.858360	15.761547	81.794261	23.000000
40	14.000000	84.676685	14.410456	81.649457	8.000000	11.000000	84.680564	14.438865	81.651767	8.000000	14.000000	84.854598	15.733140	81.792071	23.000000	11.000000	84.858360	15.761549	81.794266	23.000000

════════════════════════════════════════════════════════
══ 判据① 零扰动 ⇒ 静息 ══
MARGIN.projected 逐拍 = [-14.97,-13.75,-12.8,-12.22,-12.61,-13.88,-15.61,-17.46,-19.19,-20.7,-21.93,-22.91,-23.66,-24.22,-24.64,-24.94,-25.16,-25.32,-25.43,-25.51,-25.56,-25.6,-25.62,-25.64,-25.66,-25.66,-25.67,-25.67,-25.68,-25.68,-25.68,-25.68,-25.68,-25.68,-25.68,-25.68,-25.68,-25.68,-25.68,-25.68,-25.68]
MARGIN.rolling   逐拍 = [118.9,118.9,118.9,118.9,118.9,118.9,118.9,118.9,118.9,118.9,118.9,118.9,118.9,118.9,118.9,118.9,118.9,118.9,118.9,118.9,118.9,118.9,118.9,118.9,118.9,118.9,118.9,118.9,118.9,118.9,118.9,118.9,118.9,118.9,118.9,118.9,118.9,118.9,118.9,118.9,118.9]
proj 恒定? **否（在漂）**（27 种取值）
rolling 恒定? 是
逐拍 projected == rolling ? **否**
逐拍 (projected − rolling) = [-133.87,-132.65,-131.7,-131.12,-131.51,-132.78,-134.51,-136.36,-138.09,-139.6,-140.83,-141.81,-142.56,-143.12,-143.54,-143.84,-144.06,-144.22,-144.33,-144.41,-144.46,-144.5,-144.52,-144.54,-144.56,-144.56,-144.57,-144.57,-144.58,-144.58,-144.58,-144.58,-144.58,-144.58,-144.58,-144.58,-144.58,-144.58,-144.58,-144.58,-144.58]
⇒ 静息判据（恒定 ∧ ==rolling）：**FAIL**（派单说基线应当复现「在漂」）
⚠ 判据升级版（审核方 2026-10-05）：① 每格逐拍恒定；② 该值 == 该格 baseSnapshot（⛔ 不许是它的两倍）。
   ② 的逐格比值见上方「基值比值表」；零扰动臂的比值序列汇于下方 ①b 节。

══ 判据①b 基值是否被加两次（逐拍 读数 ÷ baseSnapshot 值）══
[zero] obj_model_4680-NCM.costPressure  base=2.926300
   读数逐拍 = [2.9263,0.95111,0.423322,2.038074,4.369089,6.671743,8.65525,10.244032,11.458248,12.354307,12.997774,13.450155,13.763104,13.976948,14.121694,14.218945,14.283901,14.327079,14.355669,14.374536,14.386953,14.395104,14.400445,14.403937,14.406216,14.407703,14.40867,14.409299,14.409708,14.409973,14.410145,14.410256,14.410328,14.410375,14.410405,14.410424,14.410437,14.410445,14.41045,14.410453,14.410456]  恒定? 否
   比值逐拍 = [1,0.325021,0.144661,0.696468,1.493042,2.279925,2.957745,3.500677,3.91561,4.221818,4.441709,4.596301,4.703244,4.776321,4.825785,4.859018,4.881215,4.895971,4.905741,4.912188,4.916431,4.919217,4.921042,4.922235,4.923014,4.923522,4.923853,4.924068,4.924207,4.924298,4.924357,4.924395,4.924419,4.924435,4.924445,4.924452,4.924456,4.924459,4.924461,4.924462,4.924463]
   ⇒ 既非恒 1 也非 ≈2（见比值序列）
[zero] obj_order_SO-3391.costPressure  base=90.384615
   读数逐拍 = [90.384615,84.828869,83.1756,82.619774,82.666974,82.986217,83.366615,83.709155,83.98331,84.189806,84.339845,84.446272,84.52046,84.571505,84.606275,84.629773,84.645554,84.656096,84.663108,84.667755,84.670825,84.672848,84.674177,84.675048,84.675619,84.675991,84.676234,84.676393,84.676496,84.676563,84.676606,84.676635,84.676653,84.676665,84.676672,84.676677,84.676681,84.676683,84.676684,84.676685,84.676685]  恒定? 否
   比值逐拍 = [1,0.938532,0.920241,0.914091,0.914613,0.918145,0.922354,0.926144,0.929177,0.931462,0.933122,0.934299,0.93512,0.935685,0.936069,0.936329,0.936504,0.936621,0.936698,0.93675,0.936784,0.936806,0.936821,0.93683,0.936837,0.936841,0.936843,0.936845,0.936846,0.936847,0.936848,0.936848,0.936848,0.936848,0.936848,0.936848,0.936848,0.936848,0.936848,0.936848,0.936848]
   ⇒ 既非恒 1 也非 ≈2（见比值序列）
[zero] obj_customer_cust_14.receivablePressure  base=15.745200
   读数逐拍 = [15.7452,40.529585,55.89832,65.402956,71.284247,75.068508,77.431827,78.822795,79.671176,80.231993,80.626672,80.912349,81.120426,81.271586,81.380848,81.459412,81.515619,81.555634,81.58398,81.603963,81.617981,81.627768,81.63457,81.639277,81.64252,81.644746,81.646268,81.647306,81.648011,81.648488,81.648811,81.649028,81.649174,81.649272,81.649338,81.649381,81.649411,81.64943,81.649443,81.649451,81.649457]  恒定? 否
   比值逐拍 = [1,2.574091,3.550182,4.153835,4.527364,4.767708,4.917805,5.006148,5.060029,5.095648,5.120714,5.138858,5.152073,5.161674,5.168613,5.173603,5.177173,5.179714,5.181514,5.182783,5.183674,5.184295,5.184727,5.185026,5.185232,5.185374,5.18547,5.185536,5.185581,5.185611,5.185632,5.185646,5.185655,5.185661,5.185665,5.185668,5.18567,5.185671,5.185672,5.185673,5.185673]
   ⇒ 既非恒 1 也非 ≈2（见比值序列）
[A] obj_model_4680-NCM.costPressure  base=2.926300
   读数逐拍 = [2.9263,0.961622,0.440456,2.05938,4.393023,6.697333,8.681883,10.271322,11.485953,12.382272,13.025903,13.478388,13.791402,14.005287,14.150059,14.247326,14.312292,14.355478,14.384071,14.402941,14.415359,14.423512,14.428853,14.432345,14.434625,14.436111,14.437079,14.437708,14.438117,14.438382,14.438554,14.438665,14.438737,14.438784,14.438814,14.438833,14.438846,14.438854,14.438859,14.438862,14.438865]  恒定? 否
   比值逐拍 = [1,0.328614,0.150516,0.703749,1.501221,2.288669,2.966846,3.510003,3.925077,4.231375,4.451322,4.605949,4.712915,4.786005,4.835478,4.868717,4.890918,4.905675,4.915447,4.921895,4.926139,4.928925,4.93075,4.931943,4.932722,4.93323,4.933561,4.933776,4.933915,4.934006,4.934065,4.934103,4.934127,4.934143,4.934154,4.93416,4.934165,4.934167,4.934169,4.93417,4.934171]
   ⇒ 既非恒 1 也非 ≈2（见比值序列）
[A] obj_order_SO-3391.costPressure  base=90.384615
   读数逐拍 = [90.384615,84.828869,83.176921,82.622474,82.670633,82.99036,83.370913,83.713442,83.987525,84.193942,84.343912,84.450284,84.524432,84.575447,84.610197,84.633682,84.649452,84.659988,84.666996,84.67164,84.674708,84.676729,84.678057,84.678928,84.679498,84.679871,84.680114,84.680272,84.680375,84.680442,84.680485,84.680513,84.680532,84.680544,84.680551,84.680556,84.680559,84.680561,84.680563,84.680564,84.680564]  恒定? 否
   比值逐拍 = [1,0.938532,0.920255,0.914121,0.914654,0.918191,0.922402,0.926191,0.929224,0.931507,0.933167,0.934344,0.935164,0.935728,0.936113,0.936373,0.936547,0.936664,0.936741,0.936793,0.936827,0.936849,0.936864,0.936873,0.93688,0.936884,0.936886,0.936888,0.936889,0.93689,0.93689,0.936891,0.936891,0.936891,0.936891,0.936891,0.936891,0.936891,0.936891,0.936891,0.936891]
   ⇒ 既非恒 1 也非 ≈2（见比值序列）
[A] obj_customer_cust_14.receivablePressure  base=15.745200
   读数逐拍 = [15.7452,40.529585,55.89832,65.403526,71.285877,75.071435,77.435317,78.826408,79.674753,80.235449,80.629929,80.915383,81.123261,81.274262,81.383408,81.461891,81.518043,81.55802,81.586342,81.606308,81.620314,81.630094,81.636891,81.641594,81.644835,81.647059,81.648581,81.649617,81.650322,81.650799,81.651121,81.651338,81.651484,81.651582,81.651648,81.651692,81.651721,81.65174,81.651753,81.651762,81.651767]  恒定? 否
   比值逐拍 = [1,2.574091,3.550182,4.153871,4.527467,4.767893,4.918027,5.006377,5.060257,5.095867,5.120921,5.139051,5.152253,5.161844,5.168776,5.17376,5.177327,5.179866,5.181664,5.182932,5.183822,5.184443,5.184875,5.185174,5.185379,5.185521,5.185617,5.185683,5.185728,5.185758,5.185779,5.185792,5.185802,5.185808,5.185812,5.185815,5.185817,5.185818,5.185819,5.185819,5.18582]
   ⇒ 既非恒 1 也非 ≈2（见比值序列）
[B] obj_model_4680-NCM.costPressure  base=2.926300
   读数逐拍 = [2.9263,1.440504,1.221033,3.030026,5.483412,7.86316,9.895236,11.514617,12.74811,13.656313,14.307431,14.764633,15.080618,15.296375,15.442326,15.540337,15.605771,15.649251,15.67803,15.697017,15.709509,15.717708,15.723078,15.726589,15.728881,15.730375,15.731347,15.731979,15.732389,15.732655,15.732828,15.73294,15.733012,15.733059,15.733089,15.733109,15.733121,15.733129,15.733135,15.733138,15.73314]  恒定? 否
   比值逐拍 = [1,0.492261,0.417262,1.035446,1.873838,2.687066,3.381484,3.934872,4.356392,4.666751,4.889256,5.045495,5.153476,5.227207,5.277082,5.310575,5.332936,5.347794,5.357629,5.364118,5.368386,5.371188,5.373023,5.374223,5.375006,5.375517,5.375849,5.376065,5.376205,5.376296,5.376355,5.376393,5.376418,5.376434,5.376444,5.376451,5.376455,5.376458,5.37646,5.376461,5.376462]
   ⇒ 既非恒 1 也非 ≈2（见比值序列）
[B] obj_order_SO-3391.costPressure  base=90.384615
   读数逐拍 = [90.384615,84.828869,83.236883,82.744521,82.835418,83.176433,83.563656,83.905582,84.176466,84.379328,84.526222,84.630192,84.702562,84.752302,84.786155,84.809018,84.824363,84.834609,84.841421,84.845934,84.848914,84.850877,84.852166,84.853011,84.853564,84.853926,84.854161,84.854315,84.854415,84.854479,84.854522,84.854549,84.854567,84.854578,84.854586,84.85459,84.854593,84.854595,84.854597,84.854598,84.854598]  恒定? 否
   比值逐拍 = [1,0.938532,0.920919,0.915471,0.916477,0.92025,0.924534,0.928317,0.931314,0.933559,0.935184,0.936334,0.937135,0.937685,0.93806,0.938313,0.938482,0.938596,0.938671,0.938721,0.938754,0.938776,0.93879,0.938799,0.938805,0.938809,0.938812,0.938814,0.938815,0.938816,0.938816,0.938816,0.938816,0.938817,0.938817,0.938817,0.938817,0.938817,0.938817,0.938817,0.938817]
   ⇒ 既非恒 1 也非 ≈2（见比值序列）
[B] obj_customer_cust_14.receivablePressure  base=15.745200
   读数逐拍 = [15.7452,40.529585,55.89832,65.438943,71.383062,75.243531,77.639095,79.036227,79.881345,80.433359,80.816218,81.09007,81.288143,81.431656,81.535416,81.610157,81.663752,81.701995,81.729141,81.748309,81.761773,81.771184,81.777729,81.78226,81.785384,81.787529,81.788996,81.789996,81.790676,81.791136,81.791447,81.791657,81.791797,81.791892,81.791955,81.791998,81.792026,81.792044,81.792057,81.792065,81.792071]  恒定? 否
   比值逐拍 = [1,2.574091,3.550182,4.15612,4.53364,4.778823,4.930969,5.019703,5.073378,5.108437,5.132753,5.150145,5.162725,5.17184,5.17843,5.183177,5.186581,5.18901,5.190734,5.191951,5.192806,5.193404,5.19382,5.194107,5.194306,5.194442,5.194535,5.194599,5.194642,5.194671,5.194691,5.194704,5.194713,5.194719,5.194723,5.194726,5.194728,5.194729,5.19473,5.19473,5.194731]
   ⇒ 既非恒 1 也非 ≈2（见比值序列）
[AB] obj_model_4680-NCM.costPressure  base=2.926300
   读数逐拍 = [2.9263,1.451015,1.238167,3.051331,5.507346,7.88875,9.921869,11.541907,12.775814,13.684278,14.33556,14.792865,15.108916,15.324714,15.470691,15.568718,15.634163,15.677649,15.706433,15.725422,15.737916,15.746116,15.751486,15.754998,15.75729,15.758783,15.759756,15.760388,15.760798,15.761065,15.761237,15.761349,15.761421,15.761468,15.761498,15.761518,15.76153,15.761538,15.761544,15.761547,15.761549]  恒定? 否
   比值逐拍 = [1,0.495853,0.423117,1.042727,1.882017,2.69581,3.390585,3.944198,4.365859,4.676307,4.898869,5.055143,5.163147,5.236891,5.286776,5.320274,5.342638,5.357499,5.367335,5.373824,5.378094,5.380896,5.382731,5.383931,5.384714,5.385225,5.385557,5.385773,5.385913,5.386004,5.386063,5.386102,5.386126,5.386142,5.386153,5.386159,5.386164,5.386166,5.386168,5.386169,5.38617]
   ⇒ 既非恒 1 也非 ≈2（见比值序列）
[AB] obj_order_SO-3391.costPressure  base=90.384615
   读数逐拍 = [90.384615,84.828869,83.238194,82.74718,82.838994,83.18046,83.567821,83.909731,84.180546,84.383332,84.53016,84.63408,84.706411,84.756124,84.789958,84.812808,84.828144,84.838384,84.845192,84.849702,84.85268,84.854641,84.85593,84.856774,84.857327,84.857688,84.857924,84.858077,84.858177,84.858242,84.858284,84.858311,84.858329,84.85834,84.858348,84.858353,84.858356,84.858358,84.858359,84.85836,84.85836]  恒定? 否
   比值逐拍 = [1,0.938532,0.920933,0.915501,0.916517,0.920294,0.92458,0.928363,0.931359,0.933603,0.935227,0.936377,0.937177,0.937727,0.938102,0.938354,0.938524,0.938637,0.938713,0.938763,0.938796,0.938817,0.938832,0.938841,0.938847,0.938851,0.938854,0.938855,0.938856,0.938857,0.938858,0.938858,0.938858,0.938858,0.938858,0.938858,0.938858,0.938858,0.938858,0.938858,0.938858]
   ⇒ 既非恒 1 也非 ≈2（见比值序列）
[AB] obj_customer_cust_14.receivablePressure  base=15.745200
   读数逐拍 = [15.7452,40.529585,55.89832,65.439512,71.38469,75.24641,77.642491,79.039722,79.884787,80.436623,80.81925,81.092877,81.290768,81.434146,81.537811,81.612487,81.666038,81.704251,81.731378,81.750533,81.763988,81.773392,81.779933,81.784462,81.787584,81.789727,81.791194,81.792193,81.792872,81.793332,81.793643,81.793853,81.793993,81.794088,81.794151,81.794193,81.794222,81.79424,81.794253,81.794261,81.794266]  恒定? 否
   比值逐拍 = [1,2.574091,3.550182,4.156156,4.533743,4.779006,4.931185,5.019925,5.073596,5.108644,5.132945,5.150324,5.162892,5.171998,5.178582,5.183325,5.186726,5.189153,5.190876,5.192092,5.192947,5.193544,5.19396,5.194247,5.194446,5.194582,5.194675,5.194738,5.194781,5.194811,5.19483,5.194844,5.194853,5.194859,5.194863,5.194865,5.194867,5.194868,5.194869,5.19487,5.19487]
   ⇒ 既非恒 1 也非 ≈2（见比值序列）

══ 判据② 金丝雀 · A / B 的鉴别力 ══
ΔA(t) = A − zero（MARGIN.projected 逐拍） = [0,0,0,0,-0.01,0,0,0,-0.01,0,-0.01,-0.01,-0.01,-0.01,-0.01,-0.01,-0.01,0,0,0,-0.01,0,-0.01,-0.01,0,-0.01,-0.01,-0.01,0,0,0,-0.01,-0.01,-0.01,-0.01,-0.01,-0.01,-0.01,-0.01,-0.01,-0.01]
  ΔA 有非零? **是（有鉴别力）**
ΔB(t) = B − zero（MARGIN.projected 逐拍） = [0,0,-0.12,-0.25,-0.4,-0.5,-0.58,-0.63,-0.67,-0.68,-0.69,-0.69,-0.68,-0.69,-0.68,-0.68,-0.68,-0.68,-0.68,-0.68,-0.68,-0.68,-0.68,-0.68,-0.67,-0.68,-0.68,-0.68,-0.67,-0.68,-0.68,-0.68,-0.68,-0.68,-0.68,-0.68,-0.68,-0.68,-0.68,-0.68,-0.68]
  ΔB 有非零? **是（有鉴别力）**

══ 判据③ A+B vs {zero,A,B}（描述性 · ⛔ 不是可加性）══
t	zero	A	B	A+B	(A+B)−A	(A+B)−B
0	-14.9700	-14.9700	-14.9700	-14.9700	0.0000	0.0000
1	-13.7500	-13.7500	-13.7500	-13.7500	0.0000	0.0000
2	-12.8000	-12.8000	-12.9200	-12.9200	-0.1200	0.0000
3	-12.2200	-12.2200	-12.4700	-12.4800	-0.2600	-0.0100
4	-12.6100	-12.6200	-13.0100	-13.0100	-0.3900	0.0000
5	-13.8800	-13.8800	-14.3800	-14.3800	-0.5000	0.0000
6	-15.6100	-15.6100	-16.1900	-16.1900	-0.5800	0.0000
7	-17.4600	-17.4600	-18.0900	-18.1000	-0.6400	-0.0100
8	-19.1900	-19.2000	-19.8600	-19.8600	-0.6600	0.0000
9	-20.7000	-20.7000	-21.3800	-21.3800	-0.6800	0.0000
10	-21.9300	-21.9400	-22.6200	-22.6200	-0.6800	0.0000
11	-22.9100	-22.9200	-23.6000	-23.6000	-0.6800	0.0000
12	-23.6600	-23.6700	-24.3400	-24.3500	-0.6800	-0.0100
13	-24.2200	-24.2300	-24.9100	-24.9100	-0.6800	0.0000
14	-24.6400	-24.6500	-25.3200	-25.3300	-0.6800	-0.0100
15	-24.9400	-24.9500	-25.6200	-25.6300	-0.6800	-0.0100
16	-25.1600	-25.1700	-25.8400	-25.8500	-0.6800	-0.0100
17	-25.3200	-25.3200	-26.0000	-26.0000	-0.6800	0.0000
18	-25.4300	-25.4300	-26.1100	-26.1100	-0.6800	0.0000
19	-25.5100	-25.5100	-26.1900	-26.1900	-0.6800	0.0000
20	-25.5600	-25.5700	-26.2400	-26.2500	-0.6800	-0.0100
21	-25.6000	-25.6000	-26.2800	-26.2800	-0.6800	0.0000
22	-25.6200	-25.6300	-26.3000	-26.3100	-0.6800	-0.0100
23	-25.6400	-25.6500	-26.3200	-26.3300	-0.6800	-0.0100
24	-25.6600	-25.6600	-26.3300	-26.3400	-0.6800	-0.0100
25	-25.6600	-25.6700	-26.3400	-26.3500	-0.6800	-0.0100
26	-25.6700	-25.6800	-26.3500	-26.3500	-0.6700	0.0000
27	-25.6700	-25.6800	-26.3500	-26.3600	-0.6800	-0.0100
28	-25.6800	-25.6800	-26.3500	-26.3600	-0.6800	-0.0100
29	-25.6800	-25.6800	-26.3600	-26.3600	-0.6800	0.0000
30	-25.6800	-25.6800	-26.3600	-26.3600	-0.6800	0.0000
31	-25.6800	-25.6900	-26.3600	-26.3600	-0.6700	0.0000
32	-25.6800	-25.6900	-26.3600	-26.3600	-0.6700	0.0000
33	-25.6800	-25.6900	-26.3600	-26.3600	-0.6700	0.0000
34	-25.6800	-25.6900	-26.3600	-26.3600	-0.6700	0.0000
35	-25.6800	-25.6900	-26.3600	-26.3600	-0.6700	0.0000
36	-25.6800	-25.6900	-26.3600	-26.3600	-0.6700	0.0000
37	-25.6800	-25.6900	-26.3600	-26.3700	-0.6800	-0.0100
38	-25.6800	-25.6900	-26.3600	-26.3700	-0.6800	-0.0100
39	-25.6800	-25.6900	-26.3600	-26.3700	-0.6800	-0.0100
40	-25.6800	-25.6900	-26.3600	-26.3700	-0.6800	-0.0100
逐拍 A+B ≡ A ? 否
逐拍 A+B ≡ B ? 否
⚠ 可加性 f(A+B) ≟ f(A)+f(B)−f(0) **不构成本单判据**（引擎非线性：saturateToDomain/夹值/衰减）。

══ 判据④ 确定性 · 零扰动臂同组同序重跑 ══
zero session=sims_np7je9c93tc4c27b · zero_rerun session=sims_kay19962xfye7wwc
逐拍读数串逐字节相同? **是**

══ 判据⑤ 可回退 · durationTicks=5 ══
startTick=0 durationTicks=5 ⇒ 生效 [0,5)，t≥5 应回退
t	MARGIN.projected(时长臂)	zero	A(永久)
0	-14.9700	-14.9700	-14.9700
1	-13.7500	-13.7500	-13.7500
2	-12.8000	-12.8000	-12.8000
3	-12.2200	-12.2200	-12.2200
4	-12.6200	-12.6100	-12.6200
5	-13.8800	-13.8800	-13.8800
6	-15.6100	-15.6100	-15.6100
7	-17.4600	-17.4600	-17.4600
8	-19.1900	-19.1900	-19.2000
9	-20.7000	-20.7000	-20.7000
10	-21.9400	-21.9300	-21.9400
11	-22.9100	-22.9100	-22.9200
12	-23.6600	-23.6600	-23.6700
13	-24.2200	-24.2200	-24.2300
14	-24.6400	-24.6400	-24.6500
15	-24.9400	-24.9400	-24.9500
16	-25.1600	-25.1600	-25.1700
17	-25.3200	-25.3200	-25.3200
18	-25.4300	-25.4300	-25.4300
19	-25.5100	-25.5100	-25.5100
20	-25.5600	-25.5600	-25.5700
21	-25.6000	-25.6000	-25.6000
22	-25.6200	-25.6200	-25.6300
23	-25.6400	-25.6400	-25.6500
24	-25.6600	-25.6600	-25.6600
25	-25.6600	-25.6600	-25.6700
26	-25.6700	-25.6700	-25.6800
27	-25.6700	-25.6700	-25.6800
28	-25.6800	-25.6800	-25.6800
29	-25.6800	-25.6800	-25.6800
30	-25.6800	-25.6800	-25.6800
31	-25.6800	-25.6800	-25.6900
32	-25.6800	-25.6800	-25.6900
33	-25.6800	-25.6800	-25.6900
34	-25.6800	-25.6800	-25.6900
35	-25.6800	-25.6800	-25.6900
36	-25.6800	-25.6800	-25.6900
37	-25.6800	-25.6800	-25.6900
38	-25.6800	-25.6800	-25.6900
39	-25.6800	-25.6800	-25.6900
40	-25.6800	-25.6800	-25.6900
到期后逐拍 == 零扰动臂 ? **否**

════════════════════════════════════════════════════════
══ ⑥ /world baseProvenance 全量 dump（runtime 侧静态普查）══
/world 顶层键 = ["baseProvenance","baseStateVarReport","state","tick"]（线索说 tick,state,baseProvenance —— 以实测为准）
契约 tallyCellProvenance 可用? 是（来自 packages/contracts/dist/index.js）
  契约口径  = {"measured":4183,"derived":2192,"unknown":0}
  本地复算  = {"measured":4183,"derived":2192,"unknown":0}
  两者一致? = **是**
provenance 表覆盖对象数 = 4425
state 表对象数          = 4425
baseStateVarReport = {"declaredStateVars":["blockedPressure","changeoverPressure","collectionPressure","costPressure","defectPressure","deliveryHoldRisk","demandLoad","demandPressure","drawdownPressure","equipmentFailure","expeditePressure","feedPressure","forecastBias","gapPressure","handlingBacklog","inboundExpeditePressure","inspectBacklog","loadIndex","loadPressure","orderChurn","overduePressure","priceShock","promiseRisk","qualificationQueue","queueDays","queuePressure","receivablePressure","releasePressure","repairBacklog","reviewPressure","shortageRisk","splitPressure","supplyRisk","switchPressure","transferPressure","turnoverPressure","utilPressure","windowSqueeze"],"undeclaredStateVars":["backlogPriceTop","backlogQtyTop","clearanceQueueDays","coverDays","deliveryDelay","leadDays","procurementDelay","q
逐格清单行数 = 6375
逐格清单已落盘 → docs/evidence/WO-MULTIPERT-baseline.provenance.tsv
── 逐格清单（state 中每一格的 origin；MISSING = 出处未知，⛔ 不许并进 derived）──
obj_arinvoice_arinvoice_0_0	overduePressure	derived
obj_arinvoice_arinvoice_0_1	overduePressure	derived
obj_arinvoice_arinvoice_0_2	overduePressure	derived
obj_arinvoice_arinvoice_10_0	overduePressure	derived
obj_arinvoice_arinvoice_10_1	overduePressure	derived
obj_arinvoice_arinvoice_10_2	overduePressure	derived
obj_arinvoice_arinvoice_11_0	overduePressure	derived
obj_arinvoice_arinvoice_11_1	overduePressure	derived
obj_arinvoice_arinvoice_11_2	overduePressure	derived
obj_arinvoice_arinvoice_12_0	overduePressure	derived
obj_arinvoice_arinvoice_12_1	overduePressure	derived
obj_arinvoice_arinvoice_12_2	overduePressure	derived
obj_arinvoice_arinvoice_13_0	overduePressure	derived
obj_arinvoice_arinvoice_13_1	overduePressure	derived
obj_arinvoice_arinvoice_13_2	overduePressure	derived
obj_arinvoice_arinvoice_14_0	overduePressure	derived
obj_arinvoice_arinvoice_14_1	overduePressure	derived
obj_arinvoice_arinvoice_14_2	overduePressure	derived
obj_arinvoice_arinvoice_15_0	overduePressure	derived
obj_arinvoice_arinvoice_15_1	overduePressure	derived
obj_arinvoice_arinvoice_15_2	overduePressure	derived
obj_arinvoice_arinvoice_16_0	overduePressure	derived
obj_arinvoice_arinvoice_16_1	overduePressure	derived
obj_arinvoice_arinvoice_16_2	overduePressure	derived
obj_arinvoice_arinvoice_17_0	overduePressure	derived
obj_arinvoice_arinvoice_17_1	overduePressure	derived
obj_arinvoice_arinvoice_17_2	overduePressure	derived
obj_arinvoice_arinvoice_18_0	overduePressure	derived
obj_arinvoice_arinvoice_18_1	overduePressure	derived
obj_arinvoice_arinvoice_18_2	overduePressure	derived
obj_arinvoice_arinvoice_19_0	overduePressure	derived
obj_arinvoice_arinvoice_19_1	overduePressure	derived
obj_arinvoice_arinvoice_19_2	overduePressure	derived
obj_arinvoice_arinvoice_1_0	overduePressure	derived
obj_arinvoice_arinvoice_1_1	overduePressure	derived
obj_arinvoice_arinvoice_1_2	overduePressure	derived
obj_arinvoice_arinvoice_2_0	overduePressure	derived
obj_arinvoice_arinvoice_2_1	overduePressure	derived
obj_arinvoice_arinvoice_2_2	overduePressure	derived
obj_arinvoice_arinvoice_3_0	overduePressure	derived
obj_arinvoice_arinvoice_3_1	overduePressure	derived
obj_arinvoice_arinvoice_3_2	overduePressure	derived
obj_arinvoice_arinvoice_4_0	overduePressure	derived
obj_arinvoice_arinvoice_4_1	overduePressure	derived
obj_arinvoice_arinvoice_4_2	overduePressure	derived
obj_arinvoice_arinvoice_5_0	overduePressure	derived
obj_arinvoice_arinvoice_5_1	overduePressure	derived
obj_arinvoice_arinvoice_5_2	overduePressure	derived
obj_arinvoice_arinvoice_6_0	overduePressure	derived
obj_arinvoice_arinvoice_6_1	overduePressure	derived
obj_arinvoice_arinvoice_6_2	overduePressure	derived
obj_arinvoice_arinvoice_7_0	overduePressure	derived
obj_arinvoice_arinvoice_7_1	overduePressure	derived
obj_arinvoice_arinvoice_7_2	overduePressure	derived
obj_arinvoice_arinvoice_8_0	overduePressure	derived
obj_arinvoice_arinvoice_8_1	overduePressure	derived
obj_arinvoice_arinvoice_8_2	overduePressure	derived
obj_arinvoice_arinvoice_9_0	overduePressure	derived
obj_arinvoice_arinvoice_9_1	overduePressure	derived
obj_arinvoice_arinvoice_9_2	overduePressure	derived
obj_base_changzhou	loadIndex	measured
obj_base_chengdu	loadIndex	measured
obj_base_handan	loadIndex	measured
obj_base_hefei	loadIndex	measured
obj_base_jiangmen	loadIndex	measured
obj_base_jinhua	loadIndex	measured
obj_base_meishan	loadIndex	measured
obj_base_wuhan	loadIndex	measured
obj_base_xiamen	loadIndex	measured
obj_base_xinyang	loadIndex	measured
obj_base_yangzhou	loadIndex	measured
obj_base_zaozhuang	loadIndex	measured
obj_base_zigong	loadIndex	measured
obj_certification_cert_4680-NCM_LINE-WS-changzhou-assembly	qualificationQueue	derived
obj_certification_cert_4680-NCM_LINE-WS-changzhou-calendering	qualificationQueue	derived
obj_certification_cert_4680-NCM_LINE-WS-changzhou-coating	qualificationQueue	derived
obj_certification_cert_4680-NCM_LINE-WS-changzhou-filling	qualificationQueue	derived
obj_certification_cert_4680-NCM_LINE-WS-changzhou-formation	qualificationQueue	derived
obj_certification_cert_4680-NCM_LINE-WS-changzhou-grading	qualificationQueue	derived
obj_certification_cert_4680-NCM_LINE-WS-changzhou-pack	qualificationQueue	derived
obj_certification_cert_4680-NCM_LINE-WS-changzhou-slitting	qualificationQueue	derived
obj_certification_cert_4680-NCM_LINE-WS-changzhou-slurry	qualificationQueue	derived
obj_certification_cert_4680-NCM_LINE-WS-changzhou-winding	qualificationQueue	derived
obj_certification_cert_4680-NCM_LINE-WS-xiamen-assembly	qualificationQueue	derived
obj_certification_cert_4680-NCM_LINE-WS-xiamen-calendering	qualificationQueue	derived
obj_certification_cert_4680-NCM_LINE-WS-xiamen-coating	qualificationQueue	derived
obj_certification_cert_4680-NCM_LINE-WS-xiamen-filling	qualificationQueue	derived
obj_certification_cert_4680-NCM_LINE-WS-xiamen-formation	qualificationQueue	derived
obj_certification_cert_4680-NCM_LINE-WS-xiamen-slitting	qualificationQueue	derived
obj_certification_cert_4680-NCM_LINE-WS-xiamen-slurry	qualificationQueue	derived
obj_certification_cert_4680-NCM_LINE-WS-xiamen-winding	qualificationQueue	derived
obj_changeovermatrix_2170-NCM__4680-LFP	changeoverPressure	derived
obj_changeovermatrix_2170-NCM__4680-NCM	changeoverPressure	derived
obj_changeovermatrix_2170-NCM__圆柱-LFP	changeoverPressure	derived
obj_changeovermatrix_2170-NCM__方形-LFP	changeoverPressure	derived
obj_changeovermatrix_2170-NCM__方形-NCM	changeoverPressure	derived
obj_changeovermatrix_4680-LFP__2170-NCM	changeoverPressure	derived
obj_changeovermatrix_4680-LFP__4680-NCM	changeoverPressure	derived
obj_changeovermatrix_4680-LFP__圆柱-LFP	changeoverPressure	derived
obj_changeovermatrix_4680-LFP__方形-LFP	changeoverPressure	derived
obj_changeovermatrix_4680-LFP__方形-NCM	changeoverPressure	derived
obj_changeovermatrix_4680-NCM__2170-NCM	changeoverPressure	derived
obj_changeovermatrix_4680-NCM__4680-LFP	changeoverPressure	derived
obj_changeovermatrix_4680-NCM__圆柱-LFP	changeoverPressure	derived
obj_changeovermatrix_4680-NCM__方形-LFP	changeoverPressure	derived
obj_changeovermatrix_4680-NCM__方形-NCM	changeoverPressure	derived
obj_changeovermatrix_圆柱-LFP__2170-NCM	changeoverPressure	derived
obj_changeovermatrix_圆柱-LFP__4680-LFP	changeoverPressure	derived
obj_changeovermatrix_圆柱-LFP__4680-NCM	changeoverPressure	derived
obj_changeovermatrix_圆柱-LFP__方形-LFP	changeoverPressure	derived
obj_changeovermatrix_圆柱-LFP__方形-NCM	changeoverPressure	derived
obj_changeovermatrix_方形-LFP__2170-NCM	changeoverPressure	derived
obj_changeovermatrix_方形-LFP__4680-LFP	changeoverPressure	derived
obj_changeovermatrix_方形-LFP__4680-NCM	changeoverPressure	derived
obj_changeovermatrix_方形-LFP__圆柱-LFP	changeoverPressure	derived
obj_changeovermatrix_方形-LFP__方形-NCM	changeoverPressure	derived
obj_changeovermatrix_方形-NCM__2170-NCM	changeoverPressure	derived
obj_changeovermatrix_方形-NCM__4680-LFP	changeoverPressure	derived
obj_changeovermatrix_方形-NCM__4680-NCM	changeoverPressure	derived
obj_changeovermatrix_方形-NCM__圆柱-LFP	changeoverPressure	derived
obj_changeovermatrix_方形-NCM__方形-LFP	changeoverPressure	derived
obj_customer_cust_0	receivablePressure	measured
obj_customer_cust_1	receivablePressure	measured
obj_customer_cust_10	receivablePressure	measured
obj_customer_cust_11	receivablePressure	measured
obj_customer_cust_12	receivablePressure	measured
obj_customer_cust_13	receivablePressure	measured
obj_customer_cust_14	receivablePressure	measured
obj_customer_cust_15	receivablePressure	measured
obj_customer_cust_16	receivablePressure	measured
obj_customer_cust_17	receivablePressure	measured
obj_customer_cust_18	receivablePressure	measured
obj_customer_cust_19	receivablePressure	measured
obj_customer_cust_2	receivablePressure	measured
obj_customer_cust_3	receivablePressure	measured
obj_customer_cust_4	receivablePressure	measured
obj_customer_cust_5	receivablePressure	measured
obj_customer_cust_6	receivablePressure	measured
obj_customer_cust_7	receivablePressure	measured
obj_customer_cust_8	receivablePressure	measured
obj_customer_cust_9	receivablePressure	measured
obj_customerlocation_LOC-cust_0-0	deliveryHoldRisk	derived
obj_customerlocation_LOC-cust_1-0	deliveryHoldRisk	derived
obj_customerlocation_LOC-cust_1-1	deliveryHoldRisk	derived
obj_customerlocation_LOC-cust_10-0	deliveryHoldRisk	derived
obj_customerlocation_LOC-cust_10-1	deliveryHoldRisk	derived
obj_customerlocation_LOC-cust_11-0	deliveryHoldRisk	derived
obj_customerlocation_LOC-cust_12-0	deliveryHoldRisk	derived
obj_customerlocation_LOC-cust_12-1	deliveryHoldRisk	derived
obj_customerlocation_LOC-cust_13-0	deliveryHoldRisk	derived
obj_customerlocation_LOC-cust_14-0	deliveryHoldRisk	derived
obj_customerlocation_LOC-cust_14-1	deliveryHoldRisk	derived
obj_customerlocation_LOC-cust_15-0	deliveryHoldRisk	derived
obj_customerlocation_LOC-cust_16-0	deliveryHoldRisk	derived
obj_customerlocation_LOC-cust_16-1	deliveryHoldRisk	derived
obj_customerlocation_LOC-cust_17-0	deliveryHoldRisk	derived
obj_customerlocation_LOC-cust_18-0	deliveryHoldRisk	derived
obj_customerlocation_LOC-cust_18-1	deliveryHoldRisk	derived
obj_customerlocation_LOC-cust_19-0	deliveryHoldRisk	derived
obj_customerlocation_LOC-cust_2-0	deliveryHoldRisk	derived
obj_customerlocation_LOC-cust_3-0	deliveryHoldRisk	derived
obj_customerlocation_LOC-cust_3-1	deliveryHoldRisk	derived
obj_customerlocation_LOC-cust_4-0	deliveryHoldRisk	derived
obj_customerlocation_LOC-cust_5-0	deliveryHoldRisk	derived
obj_customerlocation_LOC-cust_5-1	deliveryHoldRisk	derived
obj_customerlocation_LOC-cust_6-0	deliveryHoldRisk	derived
obj_customerlocation_LOC-cust_7-0	deliveryHoldRisk	derived
obj_customerlocation_LOC-cust_7-1	deliveryHoldRisk	derived
obj_customerlocation_LOC-cust_8-0	deliveryHoldRisk	derived
obj_customerlocation_LOC-cust_9-0	deliveryHoldRisk	derived
obj_customerlocation_LOC-cust_9-1	deliveryHoldRisk	derived
obj_customsclearance_cc_po_12	clearanceQueueDays	derived
obj_defectrecord_DEF-WO-LINE-WS-changzhou-assembly-1	defectPressure	measured
obj_defectrecord_DEF-WO-LINE-WS-changzhou-calendering-1	defectPressure	measured
obj_defectrecord_DEF-WO-LINE-WS-changzhou-grading-0	defectPressure	measured
obj_defectrecord_DEF-WO-LINE-WS-changzhou-grading-1	defectPressure	measured
obj_defectrecord_DEF-WO-LINE-WS-changzhou-slitting-0	defectPressure	measured
obj_defectrecord_DEF-WO-LINE-WS-changzhou-slurry-0	defectPressure	measured
obj_defectrecord_DEF-WO-LINE-WS-chengdu-assembly-1	defectPressure	measured
obj_defectrecord_DEF-WO-LINE-WS-chengdu-filling-1	defectPressure	measured
obj_defectrecord_DEF-WO-LINE-WS-chengdu-grading-0	defectPressure	measured
obj_defectrecord_DEF-WO-LINE-WS-chengdu-pack-0	defectPressure	measured
obj_defectrecord_DEF-WO-LINE-WS-chengdu-slitting-0	defectPressure	measured
obj_defectrecord_DEF-WO-LINE-WS-chengdu-winding-0	defectPressure	measured
obj_defectrecord_DEF-WO-LINE-WS-chengdu-winding-1	defectPressure	measured
obj_defectrecord_DEF-WO-LINE-WS-handan-filling-0	defectPressure	measured
obj_defectrecord_DEF-WO-LINE-WS-handan-grading-0	defectPressure	measured
obj_defectrecord_DEF-WO-LINE-WS-handan-pack-0	defectPressure	measured
obj_defectrecord_DEF-WO-LINE-WS-handan-slitting-0	defectPressure	measured
obj_defectrecord_DEF-WO-LINE-WS-handan-slitting-1	defectPressure	measured
obj_defectrecord_DEF-WO-LINE-WS-handan-slurry-0	defectPressure	measured
obj_defectrecord_DEF-WO-LINE-WS-handan-slurry-1	defectPressure	measured
obj_defectrecord_DEF-WO-LINE-WS-hefei-assembly-1	defectPressure	measured
obj_defectrecord_DEF-WO-LINE-WS-hefei-calendering-1	defectPressure	measured
obj_defectrecord_DEF-WO-LINE-WS-hefei-coating-0	defectPressure	measured
obj_defectrecord_DEF-WO-LINE-WS-hefei-filling-0	defectPressure	measured
obj_defectrecord_DEF-WO-LINE-WS-hefei-filling-1	defectPressure	measured
obj_defectrecord_DEF-WO-LINE-WS-hefei-formation-0	defectPressure	measured
obj_defectrecord_DEF-WO-LINE-WS-jiangmen-assembly-0	defectPressure	measured
obj_defectrecord_DEF-WO-LINE-WS-jiangmen-calendering-0	defectPressure	measured
obj_defectrecord_DEF-WO-LINE-WS-jiangmen-filling-0	defectPressure	measured
obj_defectrecord_DEF-WO-LINE-WS-jiangmen-filling-1	defectPressure	measured
obj_defectrecord_DEF-WO-LINE-WS-jiangmen-formation-0	defectPressure	measured
obj_defectrecord_DEF-WO-LINE-WS-jiangmen-slurry-1	defectPressure	measured
obj_defectrecord_DEF-WO-LINE-WS-jinhua-assembly-1	defectPressure	measured
obj_defectrecord_DEF-WO-LINE-WS-jinhua-calendering-0	defectPressure	measured
obj_defectrecord_DEF-WO-LINE-WS-jinhua-filling-0	defectPressure	measured
obj_defectrecord_DEF-WO-LINE-WS-jinhua-filling-1	defectPressure	measured
obj_defectrecord_DEF-WO-LINE-WS-jinhua-formation-1	defectPressure	measured
obj_defectrecord_DEF-WO-LINE-WS-jinhua-pack-1	defectPressure	measured
obj_defectrecord_DEF-WO-LINE-WS-jinhua-slurry-0	defectPressure	measured
obj_defectrecord_DEF-WO-LINE-WS-jinhua-slurry-1	defectPressure	measured
obj_defectrecord_DEF-WO-LINE-WS-jinhua-winding-0	defectPressure	measured
obj_defectrecord_DEF-WO-LINE-WS-jinhua-winding-1	defectPressure	measured
obj_defectrecord_DEF-WO-LINE-WS-meishan-calendering-1	defectPressure	measured
obj_defectrecord_DEF-WO-LINE-WS-meishan-formation-0	defectPressure	measured
obj_defectrecord_DEF-WO-LINE-WS-meishan-slitting-1	defectPressure	measured
obj_defectrecord_DEF-WO-LINE-WS-meishan-slurry-0	defectPressure	measured
obj_defectrecord_DEF-WO-LINE-WS-meishan-winding-1	defectPressure	measured
obj_defectrecord_DEF-WO-LINE-WS-wuhan-calendering-0	defectPressure	measured
obj_defectrecord_DEF-WO-LINE-WS-wuhan-grading-0	defectPressure	measured
obj_defectrecord_DEF-WO-LINE-WS-wuhan-slitting-0	defectPressure	measured
obj_defectrecord_DEF-WO-LINE-WS-wuhan-slurry-0	defectPressure	measured
obj_defectrecord_DEF-WO-LINE-WS-wuhan-winding-0	defectPressure	measured
obj_defectrecord_DEF-WO-LINE-WS-xiamen-calendering-0	defectPressure	measured
obj_defectrecord_DEF-WO-LINE-WS-xiamen-coating-0	defectPressure	measured
obj_defectrecord_DEF-WO-LINE-WS-xiamen-grading-0	defectPressure	measured
obj_defectrecord_DEF-WO-LINE-WS-xiamen-grading-1	defectPressure	measured
obj_defectrecord_DEF-WO-LINE-WS-xiamen-slitting-0	defectPressure	measured
obj_defectrecord_DEF-WO-LINE-WS-xiamen-slitting-1	defectPressure	measured
obj_defectrecord_DEF-WO-LINE-WS-xiamen-winding-0	defectPressure	measured
obj_defectrecord_DEF-WO-LINE-WS-xinyang-assembly-0	defectPressure	measured
obj_defectrecord_DEF-WO-LINE-WS-xinyang-assembly-1	defectPressure	measured
obj_defectrecord_DEF-WO-LINE-WS-xinyang-formation-1	defectPressure	measured
obj_defectrecord_DEF-WO-LINE-WS-xinyang-slurry-1	defectPressure	measured
obj_defectrecord_DEF-WO-LINE-WS-xinyang-winding-1	defectPressure	measured
obj_defectrecord_DEF-WO-LINE-WS-yangzhou-calendering-0	defectPressure	measured
obj_defectrecord_DEF-WO-LINE-WS-yangzhou-coating-1	defectPressure	measured
obj_defectrecord_DEF-WO-LINE-WS-yangzhou-formation-0	defectPressure	measured
obj_defectrecord_DEF-WO-LINE-WS-yangzhou-slurry-0	defectPressure	measured
obj_defectrecord_DEF-WO-LINE-WS-yangzhou-winding-0	defectPressure	measured
obj_defectrecord_DEF-WO-LINE-WS-zaozhuang-calendering-1	defectPressure	measured
obj_defectrecord_DEF-WO-LINE-WS-zaozhuang-formation-0	defectPressure	measured
obj_defectrecord_DEF-WO-LINE-WS-zaozhuang-grading-1	defectPressure	measured
obj_defectrecord_DEF-WO-LINE-WS-zaozhuang-pack-0	defectPressure	measured
obj_defectrecord_DEF-WO-LINE-WS-zaozhuang-pack-1	defectPressure	measured
obj_defectrecord_DEF-WO-LINE-WS-zaozhuang-winding-1	defectPressure	measured
obj_defectrecord_DEF-WO-LINE-WS-zigong-calendering-0	defectPressure	measured
obj_defectrecord_DEF-WO-LINE-WS-zigong-coating-0	defectPressure	measured
obj_defectrecord_DEF-WO-LINE-WS-zigong-coating-1	defectPressure	measured
obj_defectrecord_DEF-WO-LINE-WS-zigong-filling-0	defectPressure	measured
obj_defectrecord_DEF-WO-LINE-WS-zigong-grading-0	defectPressure	measured
obj_defectrecord_DEF-WO-LINE-WS-zigong-pack-1	defectPressure	measured
obj_defectrecord_DEF-WO-LINE-WS-zigong-slitting-1	defectPressure	measured
obj_defectrecord_DEF-WO-LINE-WS-zigong-slurry-0	defectPressure	measured
obj_defectrecord_DEF-WO-LINE-WS-zigong-winding-0	defectPressure	measured
obj_defectrecord_DEF-WO-LINE-WS-zigong-winding-1	defectPressure	measured
obj_equipment_LINE-WS-changzhou-assembly-assembly-E1	equipmentFailure	measured
obj_equipment_LINE-WS-changzhou-assembly-assembly-E1	loadPressure	measured
obj_equipment_LINE-WS-changzhou-assembly-assembly-E2	equipmentFailure	measured
obj_equipment_LINE-WS-changzhou-assembly-assembly-E2	loadPressure	measured
obj_equipment_LINE-WS-changzhou-assembly-coating-E1	equipmentFailure	measured
obj_equipment_LINE-WS-changzhou-assembly-coating-E1	loadPressure	measured
obj_equipment_LINE-WS-changzhou-assembly-coating-E2	equipmentFailure	measured
obj_equipment_LINE-WS-changzhou-assembly-coating-E2	loadPressure	measured
obj_equipment_LINE-WS-changzhou-assembly-winding-E1	equipmentFailure	measured
obj_equipment_LINE-WS-changzhou-assembly-winding-E1	loadPressure	measured
obj_equipment_LINE-WS-changzhou-assembly-winding-E2	equipmentFailure	measured
obj_equipment_LINE-WS-changzhou-assembly-winding-E2	loadPressure	measured
obj_equipment_LINE-WS-changzhou-calendering-assembly-E1	equipmentFailure	measured
obj_equipment_LINE-WS-changzhou-calendering-assembly-E1	loadPressure	measured
obj_equipment_LINE-WS-changzhou-calendering-assembly-E2	equipmentFailure	measured
obj_equipment_LINE-WS-changzhou-calendering-assembly-E2	loadPressure	measured
obj_equipment_LINE-WS-changzhou-calendering-coating-E1	equipmentFailure	measured
obj_equipment_LINE-WS-changzhou-calendering-coating-E1	loadPressure	measured
obj_equipment_LINE-WS-changzhou-calendering-coating-E2	equipmentFailure	measured
obj_equipment_LINE-WS-changzhou-calendering-coating-E2	loadPressure	measured
obj_equipment_LINE-WS-changzhou-calendering-winding-E1	equipmentFailure	measured
obj_equipment_LINE-WS-changzhou-calendering-winding-E1	loadPressure	measured
obj_equipment_LINE-WS-changzhou-calendering-winding-E2	equipmentFailure	measured
obj_equipment_LINE-WS-changzhou-calendering-winding-E2	loadPressure	measured
obj_equipment_LINE-WS-changzhou-coating-assembly-E1	equipmentFailure	measured
obj_equipment_LINE-WS-changzhou-coating-assembly-E1	loadPressure	measured
obj_equipment_LINE-WS-changzhou-coating-assembly-E2	equipmentFailure	measured
obj_equipment_LINE-WS-changzhou-coating-assembly-E2	loadPressure	measured
obj_equipment_LINE-WS-changzhou-coating-coating-E1	equipmentFailure	measured
obj_equipment_LINE-WS-changzhou-coating-coating-E1	loadPressure	measured
obj_equipment_LINE-WS-changzhou-coating-coating-E2	equipmentFailure	measured
obj_equipment_LINE-WS-changzhou-coating-coating-E2	loadPressure	measured
obj_equipment_LINE-WS-changzhou-coating-winding-E1	equipmentFailure	measured
obj_equipment_LINE-WS-changzhou-coating-winding-E1	loadPressure	measured
obj_equipment_LINE-WS-changzhou-coating-winding-E2	equipmentFailure	measured
obj_equipment_LINE-WS-changzhou-coating-winding-E2	loadPressure	measured
obj_equipment_LINE-WS-changzhou-filling-assembly-E1	equipmentFailure	measured
obj_equipment_LINE-WS-changzhou-filling-assembly-E1	loadPressure	measured
obj_equipment_LINE-WS-changzhou-filling-assembly-E2	equipmentFailure	measured
obj_equipment_LINE-WS-changzhou-filling-assembly-E2	loadPressure	measured
obj_equipment_LINE-WS-changzhou-filling-coating-E1	equipmentFailure	measured
obj_equipment_LINE-WS-changzhou-filling-coating-E1	loadPressure	measured
obj_equipment_LINE-WS-changzhou-filling-coating-E2	equipmentFailure	measured
obj_equipment_LINE-WS-changzhou-filling-coating-E2	loadPressure	measured
obj_equipment_LINE-WS-changzhou-filling-winding-E1	equipmentFailure	measured
obj_equipment_LINE-WS-changzhou-filling-winding-E1	loadPressure	measured
obj_equipment_LINE-WS-changzhou-filling-winding-E2	equipmentFailure	measured
obj_equipment_LINE-WS-changzhou-filling-winding-E2	loadPressure	measured
obj_equipment_LINE-WS-changzhou-formation-assembly-E1	equipmentFailure	measured
obj_equipment_LINE-WS-changzhou-formation-assembly-E1	loadPressure	measured
obj_equipment_LINE-WS-changzhou-formation-assembly-E2	equipmentFailure	measured
obj_equipment_LINE-WS-changzhou-formation-assembly-E2	loadPressure	measured
obj_equipment_LINE-WS-changzhou-formation-coating-E1	equipmentFailure	measured
obj_equipment_LINE-WS-changzhou-formation-coating-E1	loadPressure	measured
obj_equipment_LINE-WS-changzhou-formation-coating-E2	equipmentFailure	measured
obj_equipment_LINE-WS-changzhou-formation-coating-E2	loadPressure	measured
obj_equipment_LINE-WS-changzhou-formation-winding-E1	equipmentFailure	measured
obj_equipment_LINE-WS-changzhou-formation-winding-E1	loadPressure	measured
obj_equipment_LINE-WS-changzhou-formation-winding-E2	equipmentFailure	measured
obj_equipment_LINE-WS-changzhou-formation-winding-E2	loadPressure	measured
obj_equipment_LINE-WS-changzhou-grading-assembly-E1	equipmentFailure	measured
obj_equipment_LINE-WS-changzhou-grading-assembly-E1	loadPressure	measured
obj_equipment_LINE-WS-changzhou-grading-assembly-E2	equipmentFailure	measured
obj_equipment_LINE-WS-changzhou-grading-assembly-E2	loadPressure	measured
obj_equipment_LINE-WS-changzhou-grading-coating-E1	equipmentFailure	measured
obj_equipment_LINE-WS-changzhou-grading-coating-E1	loadPressure	measured
obj_equipment_LINE-WS-changzhou-grading-coating-E2	equipmentFailure	measured
obj_equipment_LINE-WS-changzhou-grading-coating-E2	loadPressure	measured
obj_equipment_LINE-WS-changzhou-grading-winding-E1	equipmentFailure	measured
obj_equipment_LINE-WS-changzhou-grading-winding-E1	loadPressure	measured
obj_equipment_LINE-WS-changzhou-grading-winding-E2	equipmentFailure	measured
obj_equipment_LINE-WS-changzhou-grading-winding-E2	loadPressure	measured
obj_equipment_LINE-WS-changzhou-pack-assembly-E1	equipmentFailure	measured
obj_equipment_LINE-WS-changzhou-pack-assembly-E1	loadPressure	measured
obj_equipment_LINE-WS-changzhou-pack-assembly-E2	equipmentFailure	measured
obj_equipment_LINE-WS-changzhou-pack-assembly-E2	loadPressure	measured
obj_equipment_LINE-WS-changzhou-pack-coating-E1	equipmentFailure	measured
obj_equipment_LINE-WS-changzhou-pack-coating-E1	loadPressure	measured
obj_equipment_LINE-WS-changzhou-pack-coating-E2	equipmentFailure	measured
obj_equipment_LINE-WS-changzhou-pack-coating-E2	loadPressure	measured
obj_equipment_LINE-WS-changzhou-pack-winding-E1	equipmentFailure	measured
obj_equipment_LINE-WS-changzhou-pack-winding-E1	loadPressure	measured
obj_equipment_LINE-WS-changzhou-pack-winding-E2	equipmentFailure	measured
obj_equipment_LINE-WS-changzhou-pack-winding-E2	loadPressure	measured
obj_equipment_LINE-WS-changzhou-slitting-assembly-E1	equipmentFailure	measured
obj_equipment_LINE-WS-changzhou-slitting-assembly-E1	loadPressure	measured
obj_equipment_LINE-WS-changzhou-slitting-assembly-E2	equipmentFailure	measured
obj_equipment_LINE-WS-changzhou-slitting-assembly-E2	loadPressure	measured
obj_equipment_LINE-WS-changzhou-slitting-coating-E1	equipmentFailure	measured
obj_equipment_LINE-WS-changzhou-slitting-coating-E1	loadPressure	measured
obj_equipment_LINE-WS-changzhou-slitting-coating-E2	equipmentFailure	measured
obj_equipment_LINE-WS-changzhou-slitting-coating-E2	loadPressure	measured
obj_equipment_LINE-WS-changzhou-slitting-winding-E1	equipmentFailure	measured
obj_equipment_LINE-WS-changzhou-slitting-winding-E1	loadPressure	measured
obj_equipment_LINE-WS-changzhou-slitting-winding-E2	equipmentFailure	measured
obj_equipment_LINE-WS-changzhou-slitting-winding-E2	loadPressure	measured
obj_equipment_LINE-WS-changzhou-slurry-assembly-E1	equipmentFailure	measured
obj_equipment_LINE-WS-changzhou-slurry-assembly-E1	loadPressure	measured
obj_equipment_LINE-WS-changzhou-slurry-assembly-E2	equipmentFailure	measured
obj_equipment_LINE-WS-changzhou-slurry-assembly-E2	loadPressure	measured
obj_equipment_LINE-WS-changzhou-slurry-coating-E1	equipmentFailure	measured
obj_equipment_LINE-WS-changzhou-slurry-coating-E1	loadPressure	measured
obj_equipment_LINE-WS-changzhou-slurry-coating-E2	equipmentFailure	measured
obj_equipment_LINE-WS-changzhou-slurry-coating-E2	loadPressure	measured
obj_equipment_LINE-WS-changzhou-slurry-winding-E1	equipmentFailure	measured
obj_equipment_LINE-WS-changzhou-slurry-winding-E1	loadPressure	measured
obj_equipment_LINE-WS-changzhou-slurry-winding-E2	equipmentFailure	measured
obj_equipment_LINE-WS-changzhou-slurry-winding-E2	loadPressure	measured
obj_equipment_LINE-WS-changzhou-winding-assembly-E1	equipmentFailure	measured
obj_equipment_LINE-WS-changzhou-winding-assembly-E1	loadPressure	measured
obj_equipment_LINE-WS-changzhou-winding-assembly-E2	equipmentFailure	measured
obj_equipment_LINE-WS-changzhou-winding-assembly-E2	loadPressure	measured
obj_equipment_LINE-WS-changzhou-winding-coating-E1	equipmentFailure	measured
obj_equipment_LINE-WS-changzhou-winding-coating-E1	loadPressure	measured
obj_equipment_LINE-WS-changzhou-winding-coating-E2	equipmentFailure	measured
obj_equipment_LINE-WS-changzhou-winding-coating-E2	loadPressure	measured
obj_equipment_LINE-WS-changzhou-winding-winding-E1	equipmentFailure	measured
obj_equipment_LINE-WS-changzhou-winding-winding-E1	loadPressure	measured
obj_equipment_LINE-WS-changzhou-winding-winding-E2	equipmentFailure	measured
obj_equipment_LINE-WS-changzhou-winding-winding-E2	loadPressure	measured
obj_equipment_LINE-WS-chengdu-assembly-assembly-E1	equipmentFailure	measured
obj_equipment_LINE-WS-chengdu-assembly-assembly-E1	loadPressure	measured
obj_equipment_LINE-WS-chengdu-assembly-assembly-E2	equipmentFailure	measured
obj_equipment_LINE-WS-chengdu-assembly-assembly-E2	loadPressure	measured
obj_equipment_LINE-WS-chengdu-assembly-coating-E1	equipmentFailure	measured
obj_equipment_LINE-WS-chengdu-assembly-coating-E1	loadPressure	measured
obj_equipment_LINE-WS-chengdu-assembly-coating-E2	equipmentFailure	measured
obj_equipment_LINE-WS-chengdu-assembly-coating-E2	loadPressure	measured
obj_equipment_LINE-WS-chengdu-assembly-winding-E1	equipmentFailure	measured
obj_equipment_LINE-WS-chengdu-assembly-winding-E1	loadPressure	measured
obj_equipment_LINE-WS-chengdu-assembly-winding-E2	equipmentFailure	measured
obj_equipment_LINE-WS-chengdu-assembly-winding-E2	loadPressure	measured
obj_equipment_LINE-WS-chengdu-calendering-assembly-E1	equipmentFailure	measured
obj_equipment_LINE-WS-chengdu-calendering-assembly-E1	loadPressure	measured
obj_equipment_LINE-WS-chengdu-calendering-assembly-E2	equipmentFailure	measured
obj_equipment_LINE-WS-chengdu-calendering-assembly-E2	loadPressure	measured
obj_equipment_LINE-WS-chengdu-calendering-coating-E1	equipmentFailure	measured
obj_equipment_LINE-WS-chengdu-calendering-coating-E1	loadPressure	measured
obj_equipment_LINE-WS-chengdu-calendering-coating-E2	equipmentFailure	measured
obj_equipment_LINE-WS-chengdu-calendering-coating-E2	loadPressure	measured
obj_equipment_LINE-WS-chengdu-calendering-winding-E1	equipmentFailure	measured
obj_equipment_LINE-WS-chengdu-calendering-winding-E1	loadPressure	measured
obj_equipment_LINE-WS-chengdu-calendering-winding-E2	equipmentFailure	measured
obj_equipment_LINE-WS-chengdu-calendering-winding-E2	loadPressure	measured
obj_equipment_LINE-WS-chengdu-coating-assembly-E1	equipmentFailure	measured
obj_equipment_LINE-WS-chengdu-coating-assembly-E1	loadPressure	measured
obj_equipment_LINE-WS-chengdu-coating-assembly-E2	equipmentFailure	measured
obj_equipment_LINE-WS-chengdu-coating-assembly-E2	loadPressure	measured
obj_equipment_LINE-WS-chengdu-coating-coating-E1	equipmentFailure	measured
obj_equipment_LINE-WS-chengdu-coating-coating-E1	loadPressure	measured
obj_equipment_LINE-WS-chengdu-coating-coating-E2	equipmentFailure	measured
obj_equipment_LINE-WS-chengdu-coating-coating-E2	loadPressure	measured
obj_equipment_LINE-WS-chengdu-coating-winding-E1	equipmentFailure	measured
obj_equipment_LINE-WS-chengdu-coating-winding-E1	loadPressure	measured
obj_equipment_LINE-WS-chengdu-coating-winding-E2	equipmentFailure	measured
obj_equipment_LINE-WS-chengdu-coating-winding-E2	loadPressure	measured
obj_equipment_LINE-WS-chengdu-filling-assembly-E1	equipmentFailure	measured
obj_equipment_LINE-WS-chengdu-filling-assembly-E1	loadPressure	measured
obj_equipment_LINE-WS-chengdu-filling-assembly-E2	equipmentFailure	measured
obj_equipment_LINE-WS-chengdu-filling-assembly-E2	loadPressure	measured
obj_equipment_LINE-WS-chengdu-filling-coating-E1	equipmentFailure	measured
obj_equipment_LINE-WS-chengdu-filling-coating-E1	loadPressure	measured
obj_equipment_LINE-WS-chengdu-filling-coating-E2	equipmentFailure	measured
obj_equipment_LINE-WS-chengdu-filling-coating-E2	loadPressure	measured
obj_equipment_LINE-WS-chengdu-filling-winding-E1	equipmentFailure	measured
obj_equipment_LINE-WS-chengdu-filling-winding-E1	loadPressure	measured
obj_equipment_LINE-WS-chengdu-filling-winding-E2	equipmentFailure	measured
obj_equipment_LINE-WS-chengdu-filling-winding-E2	loadPressure	measured
obj_equipment_LINE-WS-chengdu-formation-assembly-E1	equipmentFailure	measured
obj_equipment_LINE-WS-chengdu-formation-assembly-E1	loadPressure	measured
obj_equipment_LINE-WS-chengdu-formation-assembly-E2	equipmentFailure	measured
obj_equipment_LINE-WS-chengdu-formation-assembly-E2	loadPressure	measured
obj_equipment_LINE-WS-chengdu-formation-coating-E1	equipmentFailure	measured
obj_equipment_LINE-WS-chengdu-formation-coating-E1	loadPressure	measured
obj_equipment_LINE-WS-chengdu-formation-coating-E2	equipmentFailure	measured
obj_equipment_LINE-WS-chengdu-formation-coating-E2	loadPressure	measured
obj_equipment_LINE-WS-chengdu-formation-winding-E1	equipmentFailure	measured
obj_equipment_LINE-WS-chengdu-formation-winding-E1	loadPressure	measured
obj_equipment_LINE-WS-chengdu-formation-winding-E2	equipmentFailure	measured
obj_equipment_LINE-WS-chengdu-formation-winding-E2	loadPressure	measured
obj_equipment_LINE-WS-chengdu-grading-assembly-E1	equipmentFailure	measured
obj_equipment_LINE-WS-chengdu-grading-assembly-E1	loadPressure	measured
obj_equipment_LINE-WS-chengdu-grading-assembly-E2	equipmentFailure	measured
obj_equipment_LINE-WS-chengdu-grading-assembly-E2	loadPressure	measured
obj_equipment_LINE-WS-chengdu-grading-coating-E1	equipmentFailure	measured
obj_equipment_LINE-WS-chengdu-grading-coating-E1	loadPressure	measured
obj_equipment_LINE-WS-chengdu-grading-coating-E2	equipmentFailure	measured
obj_equipment_LINE-WS-chengdu-grading-coating-E2	loadPressure	measured
obj_equipment_LINE-WS-chengdu-grading-winding-E1	equipmentFailure	measured
obj_equipment_LINE-WS-chengdu-grading-winding-E1	loadPressure	measured
obj_equipment_LINE-WS-chengdu-grading-winding-E2	equipmentFailure	measured
obj_equipment_LINE-WS-chengdu-grading-winding-E2	loadPressure	measured
obj_equipment_LINE-WS-chengdu-pack-assembly-E1	equipmentFailure	measured
obj_equipment_LINE-WS-chengdu-pack-assembly-E1	loadPressure	measured
obj_equipment_LINE-WS-chengdu-pack-assembly-E2	equipmentFailure	measured
obj_equipment_LINE-WS-chengdu-pack-assembly-E2	loadPressure	measured
obj_equipment_LINE-WS-chengdu-pack-coating-E1	equipmentFailure	measured
obj_equipment_LINE-WS-chengdu-pack-coating-E1	loadPressure	measured
obj_equipment_LINE-WS-chengdu-pack-coating-E2	equipmentFailure	measured
obj_equipment_LINE-WS-chengdu-pack-coating-E2	loadPressure	measured
obj_equipment_LINE-WS-chengdu-pack-winding-E1	equipmentFailure	measured
obj_equipment_LINE-WS-chengdu-pack-winding-E1	loadPressure	measured
obj_equipment_LINE-WS-chengdu-pack-winding-E2	equipmentFailure	measured
obj_equipment_LINE-WS-chengdu-pack-winding-E2	loadPressure	measured
obj_equipment_LINE-WS-chengdu-slitting-assembly-E1	equipmentFailure	measured
obj_equipment_LINE-WS-chengdu-slitting-assembly-E1	loadPressure	measured
obj_equipment_LINE-WS-chengdu-slitting-assembly-E2	equipmentFailure	measured
obj_equipment_LINE-WS-chengdu-slitting-assembly-E2	loadPressure	measured
obj_equipment_LINE-WS-chengdu-slitting-coating-E1	equipmentFailure	measured
obj_equipment_LINE-WS-chengdu-slitting-coating-E1	loadPressure	measured
obj_equipment_LINE-WS-chengdu-slitting-coating-E2	equipmentFailure	measured
obj_equipment_LINE-WS-chengdu-slitting-coating-E2	loadPressure	measured
obj_equipment_LINE-WS-chengdu-slitting-winding-E1	equipmentFailure	measured
obj_equipment_LINE-WS-chengdu-slitting-winding-E1	loadPressure	measured
obj_equipment_LINE-WS-chengdu-slitting-winding-E2	equipmentFailure	measured
obj_equipment_LINE-WS-chengdu-slitting-winding-E2	loadPressure	measured
obj_equipment_LINE-WS-chengdu-slurry-assembly-E1	equipmentFailure	measured
obj_equipment_LINE-WS-chengdu-slurry-assembly-E1	loadPressure	measured
obj_equipment_LINE-WS-chengdu-slurry-assembly-E2	equipmentFailure	measured
obj_equipment_LINE-WS-chengdu-slurry-assembly-E2	loadPressure	measured
obj_equipment_LINE-WS-chengdu-slurry-coating-E1	equipmentFailure	measured
obj_equipment_LINE-WS-chengdu-slurry-coating-E1	loadPressure	measured
obj_equipment_LINE-WS-chengdu-slurry-coating-E2	equipmentFailure	measured
obj_equipment_LINE-WS-chengdu-slurry-coating-E2	loadPressure	measured
obj_equipment_LINE-WS-chengdu-slurry-winding-E1	equipmentFailure	measured
obj_equipment_LINE-WS-chengdu-slurry-winding-E1	loadPressure	measured
obj_equipment_LINE-WS-chengdu-slurry-winding-E2	equipmentFailure	measured
obj_equipment_LINE-WS-chengdu-slurry-winding-E2	loadPressure	measured
obj_equipment_LINE-WS-chengdu-winding-assembly-E1	equipmentFailure	measured
obj_equipment_LINE-WS-chengdu-winding-assembly-E1	loadPressure	measured
obj_equipment_LINE-WS-chengdu-winding-assembly-E2	equipmentFailure	measured
obj_equipment_LINE-WS-chengdu-winding-assembly-E2	loadPressure	measured
obj_equipment_LINE-WS-chengdu-winding-coating-E1	equipmentFailure	measured
obj_equipment_LINE-WS-chengdu-winding-coating-E1	loadPressure	measured
obj_equipment_LINE-WS-chengdu-winding-coating-E2	equipmentFailure	measured
obj_equipment_LINE-WS-chengdu-winding-coating-E2	loadPressure	measured
obj_equipment_LINE-WS-chengdu-winding-winding-E1	equipmentFailure	measured
obj_equipment_LINE-WS-chengdu-winding-winding-E1	loadPressure	measured
obj_equipment_LINE-WS-chengdu-winding-winding-E2	equipmentFailure	measured
obj_equipment_LINE-WS-chengdu-winding-winding-E2	loadPressure	measured
obj_equipment_LINE-WS-handan-assembly-assembly-E1	equipmentFailure	measured
obj_equipment_LINE-WS-handan-assembly-assembly-E1	loadPressure	measured
obj_equipment_LINE-WS-handan-assembly-assembly-E2	equipmentFailure	measured
obj_equipment_LINE-WS-handan-assembly-assembly-E2	loadPressure	measured
obj_equipment_LINE-WS-handan-assembly-coating-E1	equipmentFailure	measured
obj_equipment_LINE-WS-handan-assembly-coating-E1	loadPressure	measured
obj_equipment_LINE-WS-handan-assembly-coating-E2	equipmentFailure	measured
obj_equipment_LINE-WS-handan-assembly-coating-E2	loadPressure	measured
obj_equipment_LINE-WS-handan-assembly-winding-E1	equipmentFailure	measured
obj_equipment_LINE-WS-handan-assembly-winding-E1	loadPressure	measured
obj_equipment_LINE-WS-handan-assembly-winding-E2	equipmentFailure	measured
obj_equipment_LINE-WS-handan-assembly-winding-E2	loadPressure	measured
obj_equipment_LINE-WS-handan-calendering-assembly-E1	equipmentFailure	measured
obj_equipment_LINE-WS-handan-calendering-assembly-E1	loadPressure	measured
obj_equipment_LINE-WS-handan-calendering-assembly-E2	equipmentFailure	measured
obj_equipment_LINE-WS-handan-calendering-assembly-E2	loadPressure	measured
obj_equipment_LINE-WS-handan-calendering-coating-E1	equipmentFailure	measured
obj_equipment_LINE-WS-handan-calendering-coating-E1	loadPressure	measured
obj_equipment_LINE-WS-handan-calendering-coating-E2	equipmentFailure	measured
obj_equipment_LINE-WS-handan-calendering-coating-E2	loadPressure	measured
obj_equipment_LINE-WS-handan-calendering-winding-E1	equipmentFailure	measured
obj_equipment_LINE-WS-handan-calendering-winding-E1	loadPressure	measured
obj_equipment_LINE-WS-handan-calendering-winding-E2	equipmentFailure	measured
obj_equipment_LINE-WS-handan-calendering-winding-E2	loadPressure	measured
obj_equipment_LINE-WS-handan-coating-assembly-E1	equipmentFailure	measured
obj_equipment_LINE-WS-handan-coating-assembly-E1	loadPressure	measured
obj_equipment_LINE-WS-handan-coating-assembly-E2	equipmentFailure	measured
obj_equipment_LINE-WS-handan-coating-assembly-E2	loadPressure	measured
obj_equipment_LINE-WS-handan-coating-coating-E1	equipmentFailure	measured
obj_equipment_LINE-WS-handan-coating-coating-E1	loadPressure	measured
obj_equipment_LINE-WS-handan-coating-coating-E2	equipmentFailure	measured
obj_equipment_LINE-WS-handan-coating-coating-E2	loadPressure	measured
obj_equipment_LINE-WS-handan-coating-winding-E1	equipmentFailure	measured
obj_equipment_LINE-WS-handan-coating-winding-E1	loadPressure	measured
obj_equipment_LINE-WS-handan-coating-winding-E2	equipmentFailure	measured
obj_equipment_LINE-WS-handan-coating-winding-E2	loadPressure	measured
obj_equipment_LINE-WS-handan-filling-assembly-E1	equipmentFailure	measured
obj_equipment_LINE-WS-handan-filling-assembly-E1	loadPressure	measured
obj_equipment_LINE-WS-handan-filling-assembly-E2	equipmentFailure	measured
obj_equipment_LINE-WS-handan-filling-assembly-E2	loadPressure	measured
obj_equipment_LINE-WS-handan-filling-coating-E1	equipmentFailure	measured
obj_equipment_LINE-WS-handan-filling-coating-E1	loadPressure	measured
obj_equipment_LINE-WS-handan-filling-coating-E2	equipmentFailure	measured
obj_equipment_LINE-WS-handan-filling-coating-E2	loadPressure	measured
obj_equipment_LINE-WS-handan-filling-winding-E1	equipmentFailure	measured
obj_equipment_LINE-WS-handan-filling-winding-E1	loadPressure	measured
obj_equipment_LINE-WS-handan-filling-winding-E2	equipmentFailure	measured
obj_equipment_LINE-WS-handan-filling-winding-E2	loadPressure	measured
obj_equipment_LINE-WS-handan-formation-assembly-E1	equipmentFailure	measured
obj_equipment_LINE-WS-handan-formation-assembly-E1	loadPressure	measured
obj_equipment_LINE-WS-handan-formation-assembly-E2	equipmentFailure	measured
obj_equipment_LINE-WS-handan-formation-assembly-E2	loadPressure	measured
obj_equipment_LINE-WS-handan-formation-coating-E1	equipmentFailure	measured
obj_equipment_LINE-WS-handan-formation-coating-E1	loadPressure	measured
obj_equipment_LINE-WS-handan-formation-coating-E2	equipmentFailure	measured
obj_equipment_LINE-WS-handan-formation-coating-E2	loadPressure	measured
obj_equipment_LINE-WS-handan-formation-winding-E1	equipmentFailure	measured
obj_equipment_LINE-WS-handan-formation-winding-E1	loadPressure	measured
obj_equipment_LINE-WS-handan-formation-winding-E2	equipmentFailure	measured
obj_equipment_LINE-WS-handan-formation-winding-E2	loadPressure	measured
obj_equipment_LINE-WS-handan-grading-assembly-E1	equipmentFailure	measured
obj_equipment_LINE-WS-handan-grading-assembly-E1	loadPressure	measured
obj_equipment_LINE-WS-handan-grading-assembly-E2	equipmentFailure	measured
obj_equipment_LINE-WS-handan-grading-assembly-E2	loadPressure	measured
obj_equipment_LINE-WS-handan-grading-coating-E1	equipmentFailure	measured
obj_equipment_LINE-WS-handan-grading-coating-E1	loadPressure	measured
obj_equipment_LINE-WS-handan-grading-coating-E2	equipmentFailure	measured
obj_equipment_LINE-WS-handan-grading-coating-E2	loadPressure	measured
obj_equipment_LINE-WS-handan-grading-winding-E1	equipmentFailure	measured
obj_equipment_LINE-WS-handan-grading-winding-E1	loadPressure	measured
obj_equipment_LINE-WS-handan-grading-winding-E2	equipmentFailure	measured
obj_equipment_LINE-WS-handan-grading-winding-E2	loadPressure	measured
obj_equipment_LINE-WS-handan-pack-assembly-E1	equipmentFailure	measured
obj_equipment_LINE-WS-handan-pack-assembly-E1	loadPressure	measured
obj_equipment_LINE-WS-handan-pack-assembly-E2	equipmentFailure	measured
obj_equipment_LINE-WS-handan-pack-assembly-E2	loadPressure	measured
obj_equipment_LINE-WS-handan-pack-coating-E1	equipmentFailure	measured
obj_equipment_LINE-WS-handan-pack-coating-E1	loadPressure	measured
obj_equipment_LINE-WS-handan-pack-coating-E2	equipmentFailure	measured
obj_equipment_LINE-WS-handan-pack-coating-E2	loadPressure	measured
obj_equipment_LINE-WS-handan-pack-winding-E1	equipmentFailure	measured
obj_equipment_LINE-WS-handan-pack-winding-E1	loadPressure	measured
obj_equipment_LINE-WS-handan-pack-winding-E2	equipmentFailure	measured
obj_equipment_LINE-WS-handan-pack-winding-E2	loadPressure	measured
obj_equipment_LINE-WS-handan-slitting-assembly-E1	equipmentFailure	measured
obj_equipment_LINE-WS-handan-slitting-assembly-E1	loadPressure	measured
obj_equipment_LINE-WS-handan-slitting-assembly-E2	equipmentFailure	measured
obj_equipment_LINE-WS-handan-slitting-assembly-E2	loadPressure	measured
obj_equipment_LINE-WS-handan-slitting-coating-E1	equipmentFailure	measured
obj_equipment_LINE-WS-handan-slitting-coating-E1	loadPressure	measured
obj_equipment_LINE-WS-handan-slitting-coating-E2	equipmentFailure	measured
obj_equipment_LINE-WS-handan-slitting-coating-E2	loadPressure	measured
obj_equipment_LINE-WS-handan-slitting-winding-E1	equipmentFailure	measured
obj_equipment_LINE-WS-handan-slitting-winding-E1	loadPressure	measured
obj_equipment_LINE-WS-handan-slitting-winding-E2	equipmentFailure	measured
obj_equipment_LINE-WS-handan-slitting-winding-E2	loadPressure	measured
obj_equipment_LINE-WS-handan-slurry-assembly-E1	equipmentFailure	measured
obj_equipment_LINE-WS-handan-slurry-assembly-E1	loadPressure	measured
obj_equipment_LINE-WS-handan-slurry-assembly-E2	equipmentFailure	measured
obj_equipment_LINE-WS-handan-slurry-assembly-E2	loadPressure	measured
obj_equipment_LINE-WS-handan-slurry-coating-E1	equipmentFailure	measured
obj_equipment_LINE-WS-handan-slurry-coating-E1	loadPressure	measured
obj_equipment_LINE-WS-handan-slurry-coating-E2	equipmentFailure	measured
obj_equipment_LINE-WS-handan-slurry-coating-E2	loadPressure	measured
obj_equipment_LINE-WS-handan-slurry-winding-E1	equipmentFailure	measured
obj_equipment_LINE-WS-handan-slurry-winding-E1	loadPressure	measured
obj_equipment_LINE-WS-handan-slurry-winding-E2	equipmentFailure	measured
obj_equipment_LINE-WS-handan-slurry-winding-E2	loadPressure	measured
obj_equipment_LINE-WS-handan-winding-assembly-E1	equipmentFailure	measured
obj_equipment_LINE-WS-handan-winding-assembly-E1	loadPressure	measured
obj_equipment_LINE-WS-handan-winding-assembly-E2	equipmentFailure	measured
obj_equipment_LINE-WS-handan-winding-assembly-E2	loadPressure	measured
obj_equipment_LINE-WS-handan-winding-coating-E1	equipmentFailure	measured
obj_equipment_LINE-WS-handan-winding-coating-E1	loadPressure	measured
obj_equipment_LINE-WS-handan-winding-coating-E2	equipmentFailure	measured
obj_equipment_LINE-WS-handan-winding-coating-E2	loadPressure	measured
obj_equipment_LINE-WS-handan-winding-winding-E1	equipmentFailure	measured
obj_equipment_LINE-WS-handan-winding-winding-E1	loadPressure	measured
obj_equipment_LINE-WS-handan-winding-winding-E2	equipmentFailure	measured
obj_equipment_LINE-WS-handan-winding-winding-E2	loadPressure	measured
obj_equipment_LINE-WS-hefei-assembly-assembly-E1	equipmentFailure	measured
obj_equipment_LINE-WS-hefei-assembly-assembly-E1	loadPressure	measured
obj_equipment_LINE-WS-hefei-assembly-assembly-E2	equipmentFailure	measured
obj_equipment_LINE-WS-hefei-assembly-assembly-E2	loadPressure	measured
obj_equipment_LINE-WS-hefei-assembly-coating-E1	equipmentFailure	measured
obj_equipment_LINE-WS-hefei-assembly-coating-E1	loadPressure	measured
obj_equipment_LINE-WS-hefei-assembly-coating-E2	equipmentFailure	measured
obj_equipment_LINE-WS-hefei-assembly-coating-E2	loadPressure	measured
obj_equipment_LINE-WS-hefei-assembly-winding-E1	equipmentFailure	measured
obj_equipment_LINE-WS-hefei-assembly-winding-E1	loadPressure	measured
obj_equipment_LINE-WS-hefei-assembly-winding-E2	equipmentFailure	measured
obj_equipment_LINE-WS-hefei-assembly-winding-E2	loadPressure	measured
obj_equipment_LINE-WS-hefei-calendering-assembly-E1	equipmentFailure	measured
obj_equipment_LINE-WS-hefei-calendering-assembly-E1	loadPressure	measured
obj_equipment_LINE-WS-hefei-calendering-assembly-E2	equipmentFailure	measured
obj_equipment_LINE-WS-hefei-calendering-assembly-E2	loadPressure	measured
obj_equipment_LINE-WS-hefei-calendering-coating-E1	equipmentFailure	measured
obj_equipment_LINE-WS-hefei-calendering-coating-E1	loadPressure	measured
obj_equipment_LINE-WS-hefei-calendering-coating-E2	equipmentFailure	measured
obj_equipment_LINE-WS-hefei-calendering-coating-E2	loadPressure	measured
obj_equipment_LINE-WS-hefei-calendering-winding-E1	equipmentFailure	measured
obj_equipment_LINE-WS-hefei-calendering-winding-E1	loadPressure	measured
obj_equipment_LINE-WS-hefei-calendering-winding-E2	equipmentFailure	measured
obj_equipment_LINE-WS-hefei-calendering-winding-E2	loadPressure	measured
obj_equipment_LINE-WS-hefei-coating-assembly-E1	equipmentFailure	measured
obj_equipment_LINE-WS-hefei-coating-assembly-E1	loadPressure	measured
obj_equipment_LINE-WS-hefei-coating-assembly-E2	equipmentFailure	measured
obj_equipment_LINE-WS-hefei-coating-assembly-E2	loadPressure	measured
obj_equipment_LINE-WS-hefei-coating-coating-E1	equipmentFailure	measured
obj_equipment_LINE-WS-hefei-coating-coating-E1	loadPressure	measured
obj_equipment_LINE-WS-hefei-coating-coating-E2	equipmentFailure	measured
obj_equipment_LINE-WS-hefei-coating-coating-E2	loadPressure	measured
obj_equipment_LINE-WS-hefei-coating-winding-E1	equipmentFailure	measured
obj_equipment_LINE-WS-hefei-coating-winding-E1	loadPressure	measured
obj_equipment_LINE-WS-hefei-coating-winding-E2	equipmentFailure	measured
obj_equipment_LINE-WS-hefei-coating-winding-E2	loadPressure	measured
obj_equipment_LINE-WS-hefei-filling-assembly-E1	equipmentFailure	measured
obj_equipment_LINE-WS-hefei-filling-assembly-E1	loadPressure	measured
obj_equipment_LINE-WS-hefei-filling-assembly-E2	equipmentFailure	measured
obj_equipment_LINE-WS-hefei-filling-assembly-E2	loadPressure	measured
obj_equipment_LINE-WS-hefei-filling-coating-E1	equipmentFailure	measured
obj_equipment_LINE-WS-hefei-filling-coating-E1	loadPressure	measured
obj_equipment_LINE-WS-hefei-filling-coating-E2	equipmentFailure	measured
obj_equipment_LINE-WS-hefei-filling-coating-E2	loadPressure	measured
obj_equipment_LINE-WS-hefei-filling-winding-E1	equipmentFailure	measured
obj_equipment_LINE-WS-hefei-filling-winding-E1	loadPressure	measured
obj_equipment_LINE-WS-hefei-filling-winding-E2	equipmentFailure	measured
obj_equipment_LINE-WS-hefei-filling-winding-E2	loadPressure	measured
obj_equipment_LINE-WS-hefei-formation-assembly-E1	equipmentFailure	measured
obj_equipment_LINE-WS-hefei-formation-assembly-E1	loadPressure	measured
obj_equipment_LINE-WS-hefei-formation-assembly-E2	equipmentFailure	measured
obj_equipment_LINE-WS-hefei-formation-assembly-E2	loadPressure	measured
obj_equipment_LINE-WS-hefei-formation-coating-E1	equipmentFailure	measured
obj_equipment_LINE-WS-hefei-formation-coating-E1	loadPressure	measured
obj_equipment_LINE-WS-hefei-formation-coating-E2	equipmentFailure	measured
obj_equipment_LINE-WS-hefei-formation-coating-E2	loadPressure	measured
obj_equipment_LINE-WS-hefei-formation-winding-E1	equipmentFailure	measured
obj_equipment_LINE-WS-hefei-formation-winding-E1	loadPressure	measured
obj_equipment_LINE-WS-hefei-formation-winding-E2	equipmentFailure	measured
obj_equipment_LINE-WS-hefei-formation-winding-E2	loadPressure	measured
obj_equipment_LINE-WS-hefei-grading-assembly-E1	equipmentFailure	measured
obj_equipment_LINE-WS-hefei-grading-assembly-E1	loadPressure	measured
obj_equipment_LINE-WS-hefei-grading-assembly-E2	equipmentFailure	measured
obj_equipment_LINE-WS-hefei-grading-assembly-E2	loadPressure	measured
obj_equipment_LINE-WS-hefei-grading-coating-E1	equipmentFailure	measured
obj_equipment_LINE-WS-hefei-grading-coating-E1	loadPressure	measured
obj_equipment_LINE-WS-hefei-grading-coating-E2	equipmentFailure	measured
obj_equipment_LINE-WS-hefei-grading-coating-E2	loadPressure	measured
obj_equipment_LINE-WS-hefei-grading-winding-E1	equipmentFailure	measured
obj_equipment_LINE-WS-hefei-grading-winding-E1	loadPressure	measured
obj_equipment_LINE-WS-hefei-grading-winding-E2	equipmentFailure	measured
obj_equipment_LINE-WS-hefei-grading-winding-E2	loadPressure	measured
obj_equipment_LINE-WS-hefei-pack-assembly-E1	equipmentFailure	measured
obj_equipment_LINE-WS-hefei-pack-assembly-E1	loadPressure	measured
obj_equipment_LINE-WS-hefei-pack-assembly-E2	equipmentFailure	measured
obj_equipment_LINE-WS-hefei-pack-assembly-E2	loadPressure	measured
obj_equipment_LINE-WS-hefei-pack-coating-E1	equipmentFailure	measured
obj_equipment_LINE-WS-hefei-pack-coating-E1	loadPressure	measured
obj_equipment_LINE-WS-hefei-pack-coating-E2	equipmentFailure	measured
obj_equipment_LINE-WS-hefei-pack-coating-E2	loadPressure	measured
obj_equipment_LINE-WS-hefei-pack-winding-E1	equipmentFailure	measured
obj_equipment_LINE-WS-hefei-pack-winding-E1	loadPressure	measured
obj_equipment_LINE-WS-hefei-pack-winding-E2	equipmentFailure	measured
obj_equipment_LINE-WS-hefei-pack-winding-E2	loadPressure	measured
obj_equipment_LINE-WS-hefei-slitting-assembly-E1	equipmentFailure	measured
obj_equipment_LINE-WS-hefei-slitting-assembly-E1	loadPressure	measured
obj_equipment_LINE-WS-hefei-slitting-assembly-E2	equipmentFailure	measured
obj_equipment_LINE-WS-hefei-slitting-assembly-E2	loadPressure	measured
obj_equipment_LINE-WS-hefei-slitting-coating-E1	equipmentFailure	measured
obj_equipment_LINE-WS-hefei-slitting-coating-E1	loadPressure	measured
obj_equipment_LINE-WS-hefei-slitting-coating-E2	equipmentFailure	measured
obj_equipment_LINE-WS-hefei-slitting-coating-E2	loadPressure	measured
obj_equipment_LINE-WS-hefei-slitting-winding-E1	equipmentFailure	measured
obj_equipment_LINE-WS-hefei-slitting-winding-E1	loadPressure	measured
obj_equipment_LINE-WS-hefei-slitting-winding-E2	equipmentFailure	measured
obj_equipment_LINE-WS-hefei-slitting-winding-E2	loadPressure	measured
obj_equipment_LINE-WS-hefei-slurry-assembly-E1	equipmentFailure	measured
obj_equipment_LINE-WS-hefei-slurry-assembly-E1	loadPressure	measured
obj_equipment_LINE-WS-hefei-slurry-assembly-E2	equipmentFailure	measured
obj_equipment_LINE-WS-hefei-slurry-assembly-E2	loadPressure	measured
obj_equipment_LINE-WS-hefei-slurry-coating-E1	equipmentFailure	measured
obj_equipment_LINE-WS-hefei-slurry-coating-E1	loadPressure	measured
obj_equipment_LINE-WS-hefei-slurry-coating-E2	equipmentFailure	measured
obj_equipment_LINE-WS-hefei-slurry-coating-E2	loadPressure	measured
obj_equipment_LINE-WS-hefei-slurry-winding-E1	equipmentFailure	measured
obj_equipment_LINE-WS-hefei-slurry-winding-E1	loadPressure	measured
obj_equipment_LINE-WS-hefei-slurry-winding-E2	equipmentFailure	measured
obj_equipment_LINE-WS-hefei-slurry-winding-E2	loadPressure	measured
obj_equipment_LINE-WS-hefei-winding-assembly-E1	equipmentFailure	measured
obj_equipment_LINE-WS-hefei-winding-assembly-E1	loadPressure	measured
obj_equipment_LINE-WS-hefei-winding-assembly-E2	equipmentFailure	measured
obj_equipment_LINE-WS-hefei-winding-assembly-E2	loadPressure	measured
obj_equipment_LINE-WS-hefei-winding-coating-E1	equipmentFailure	measured
obj_equipment_LINE-WS-hefei-winding-coating-E1	loadPressure	measured
obj_equipment_LINE-WS-hefei-winding-coating-E2	equipmentFailure	measured
obj_equipment_LINE-WS-hefei-winding-coating-E2	loadPressure	measured
obj_equipment_LINE-WS-hefei-winding-winding-E1	equipmentFailure	measured
obj_equipment_LINE-WS-hefei-winding-winding-E1	loadPressure	measured
obj_equipment_LINE-WS-hefei-winding-winding-E2	equipmentFailure	measured
obj_equipment_LINE-WS-hefei-winding-winding-E2	loadPressure	measured
obj_equipment_LINE-WS-jiangmen-assembly-assembly-E1	equipmentFailure	measured
obj_equipment_LINE-WS-jiangmen-assembly-assembly-E1	loadPressure	measured
obj_equipment_LINE-WS-jiangmen-assembly-assembly-E2	equipmentFailure	measured
obj_equipment_LINE-WS-jiangmen-assembly-assembly-E2	loadPressure	measured
obj_equipment_LINE-WS-jiangmen-assembly-coating-E1	equipmentFailure	measured
obj_equipment_LINE-WS-jiangmen-assembly-coating-E1	loadPressure	measured
obj_equipment_LINE-WS-jiangmen-assembly-coating-E2	equipmentFailure	measured
obj_equipment_LINE-WS-jiangmen-assembly-coating-E2	loadPressure	measured
obj_equipment_LINE-WS-jiangmen-assembly-winding-E1	equipmentFailure	measured
obj_equipment_LINE-WS-jiangmen-assembly-winding-E1	loadPressure	measured
obj_equipment_LINE-WS-jiangmen-assembly-winding-E2	equipmentFailure	measured
obj_equipment_LINE-WS-jiangmen-assembly-winding-E2	loadPressure	measured
obj_equipment_LINE-WS-jiangmen-calendering-assembly-E1	equipmentFailure	measured
obj_equipment_LINE-WS-jiangmen-calendering-assembly-E1	loadPressure	measured
obj_equipment_LINE-WS-jiangmen-calendering-assembly-E2	equipmentFailure	measured
obj_equipment_LINE-WS-jiangmen-calendering-assembly-E2	loadPressure	measured
obj_equipment_LINE-WS-jiangmen-calendering-coating-E1	equipmentFailure	measured
obj_equipment_LINE-WS-jiangmen-calendering-coating-E1	loadPressure	measured
obj_equipment_LINE-WS-jiangmen-calendering-coating-E2	equipmentFailure	measured
obj_equipment_LINE-WS-jiangmen-calendering-coating-E2	loadPressure	measured
obj_equipment_LINE-WS-jiangmen-calendering-winding-E1	equipmentFailure	measured
obj_equipment_LINE-WS-jiangmen-calendering-winding-E1	loadPressure	measured
obj_equipment_LINE-WS-jiangmen-calendering-winding-E2	equipmentFailure	measured
obj_equipment_LINE-WS-jiangmen-calendering-winding-E2	loadPressure	measured
obj_equipment_LINE-WS-jiangmen-coating-assembly-E1	equipmentFailure	measured
obj_equipment_LINE-WS-jiangmen-coating-assembly-E1	loadPressure	measured
obj_equipment_LINE-WS-jiangmen-coating-assembly-E2	equipmentFailure	measured
obj_equipment_LINE-WS-jiangmen-coating-assembly-E2	loadPressure	measured
obj_equipment_LINE-WS-jiangmen-coating-coating-E1	equipmentFailure	measured
obj_equipment_LINE-WS-jiangmen-coating-coating-E1	loadPressure	measured
obj_equipment_LINE-WS-jiangmen-coating-coating-E2	equipmentFailure	measured
obj_equipment_LINE-WS-jiangmen-coating-coating-E2	loadPressure	measured
obj_equipment_LINE-WS-jiangmen-coating-winding-E1	equipmentFailure	measured
obj_equipment_LINE-WS-jiangmen-coating-winding-E1	loadPressure	measured
obj_equipment_LINE-WS-jiangmen-coating-winding-E2	equipmentFailure	measured
obj_equipment_LINE-WS-jiangmen-coating-winding-E2	loadPressure	measured
obj_equipment_LINE-WS-jiangmen-filling-assembly-E1	equipmentFailure	measured
obj_equipment_LINE-WS-jiangmen-filling-assembly-E1	loadPressure	measured
obj_equipment_LINE-WS-jiangmen-filling-assembly-E2	equipmentFailure	measured
obj_equipment_LINE-WS-jiangmen-filling-assembly-E2	loadPressure	measured
obj_equipment_LINE-WS-jiangmen-filling-coating-E1	equipmentFailure	measured
obj_equipment_LINE-WS-jiangmen-filling-coating-E1	loadPressure	measured
obj_equipment_LINE-WS-jiangmen-filling-coating-E2	equipmentFailure	measured
obj_equipment_LINE-WS-jiangmen-filling-coating-E2	loadPressure	measured
obj_equipment_LINE-WS-jiangmen-filling-winding-E1	equipmentFailure	measured
obj_equipment_LINE-WS-jiangmen-filling-winding-E1	loadPressure	measured
obj_equipment_LINE-WS-jiangmen-filling-winding-E2	equipmentFailure	measured
obj_equipment_LINE-WS-jiangmen-filling-winding-E2	loadPressure	measured
obj_equipment_LINE-WS-jiangmen-formation-assembly-E1	equipmentFailure	measured
obj_equipment_LINE-WS-jiangmen-formation-assembly-E1	loadPressure	measured
obj_equipment_LINE-WS-jiangmen-formation-assembly-E2	equipmentFailure	measured
obj_equipment_LINE-WS-jiangmen-formation-assembly-E2	loadPressure	measured
obj_equipment_LINE-WS-jiangmen-formation-coating-E1	equipmentFailure	measured
obj_equipment_LINE-WS-jiangmen-formation-coating-E1	loadPressure	measured
obj_equipment_LINE-WS-jiangmen-formation-coating-E2	equipmentFailure	measured
obj_equipment_LINE-WS-jiangmen-formation-coating-E2	loadPressure	measured
obj_equipment_LINE-WS-jiangmen-formation-winding-E1	equipmentFailure	measured
obj_equipment_LINE-WS-jiangmen-formation-winding-E1	loadPressure	measured
obj_equipment_LINE-WS-jiangmen-formation-winding-E2	equipmentFailure	measured
obj_equipment_LINE-WS-jiangmen-formation-winding-E2	loadPressure	measured
obj_equipment_LINE-WS-jiangmen-grading-assembly-E1	equipmentFailure	measured
obj_equipment_LINE-WS-jiangmen-grading-assembly-E1	loadPressure	measured
obj_equipment_LINE-WS-jiangmen-grading-assembly-E2	equipmentFailure	measured
obj_equipment_LINE-WS-jiangmen-grading-assembly-E2	loadPressure	measured
obj_equipment_LINE-WS-jiangmen-grading-coating-E1	equipmentFailure	measured
obj_equipment_LINE-WS-jiangmen-grading-coating-E1	loadPressure	measured
obj_equipment_LINE-WS-jiangmen-grading-coating-E2	equipmentFailure	measured
obj_equipment_LINE-WS-jiangmen-grading-coating-E2	loadPressure	measured
obj_equipment_LINE-WS-jiangmen-grading-winding-E1	equipmentFailure	measured
obj_equipment_LINE-WS-jiangmen-grading-winding-E1	loadPressure	measured
obj_equipment_LINE-WS-jiangmen-grading-winding-E2	equipmentFailure	measured
obj_equipment_LINE-WS-jiangmen-grading-winding-E2	loadPressure	measured
obj_equipment_LINE-WS-jiangmen-pack-assembly-E1	equipmentFailure	measured
obj_equipment_LINE-WS-jiangmen-pack-assembly-E1	loadPressure	measured
obj_equipment_LINE-WS-jiangmen-pack-assembly-E2	equipmentFailure	measured
obj_equipment_LINE-WS-jiangmen-pack-assembly-E2	loadPressure	measured
obj_equipment_LINE-WS-jiangmen-pack-coating-E1	equipmentFailure	measured
obj_equipment_LINE-WS-jiangmen-pack-coating-E1	loadPressure	measured
obj_equipment_LINE-WS-jiangmen-pack-coating-E2	equipmentFailure	measured
obj_equipment_LINE-WS-jiangmen-pack-coating-E2	loadPressure	measured
obj_equipment_LINE-WS-jiangmen-pack-winding-E1	equipmentFailure	measured
obj_equipment_LINE-WS-jiangmen-pack-winding-E1	loadPressure	measured
obj_equipment_LINE-WS-jiangmen-pack-winding-E2	equipmentFailure	measured
obj_equipment_LINE-WS-jiangmen-pack-winding-E2	loadPressure	measured
obj_equipment_LINE-WS-jiangmen-slitting-assembly-E1	equipmentFailure	measured
obj_equipment_LINE-WS-jiangmen-slitting-assembly-E1	loadPressure	measured
obj_equipment_LINE-WS-jiangmen-slitting-assembly-E2	equipmentFailure	measured
obj_equipment_LINE-WS-jiangmen-slitting-assembly-E2	loadPressure	measured
obj_equipment_LINE-WS-jiangmen-slitting-coating-E1	equipmentFailure	measured
obj_equipment_LINE-WS-jiangmen-slitting-coating-E1	loadPressure	measured
obj_equipment_LINE-WS-jiangmen-slitting-coating-E2	equipmentFailure	measured
obj_equipment_LINE-WS-jiangmen-slitting-coating-E2	loadPressure	measured
obj_equipment_LINE-WS-jiangmen-slitting-winding-E1	equipmentFailure	measured
obj_equipment_LINE-WS-jiangmen-slitting-winding-E1	loadPressure	measured
obj_equipment_LINE-WS-jiangmen-slitting-winding-E2	equipmentFailure	measured
obj_equipment_LINE-WS-jiangmen-slitting-winding-E2	loadPressure	measured
obj_equipment_LINE-WS-jiangmen-slurry-assembly-E1	equipmentFailure	measured
obj_equipment_LINE-WS-jiangmen-slurry-assembly-E1	loadPressure	measured
obj_equipment_LINE-WS-jiangmen-slurry-assembly-E2	equipmentFailure	measured
obj_equipment_LINE-WS-jiangmen-slurry-assembly-E2	loadPressure	measured
obj_equipment_LINE-WS-jiangmen-slurry-coating-E1	equipmentFailure	measured
obj_equipment_LINE-WS-jiangmen-slurry-coating-E1	loadPressure	measured
obj_equipment_LINE-WS-jiangmen-slurry-coating-E2	equipmentFailure	measured
obj_equipment_LINE-WS-jiangmen-slurry-coating-E2	loadPressure	measured
obj_equipment_LINE-WS-jiangmen-slurry-winding-E1	equipmentFailure	measured
obj_equipment_LINE-WS-jiangmen-slurry-winding-E1	loadPressure	measured
obj_equipment_LINE-WS-jiangmen-slurry-winding-E2	equipmentFailure	measured
obj_equipment_LINE-WS-jiangmen-slurry-winding-E2	loadPressure	measured
obj_equipment_LINE-WS-jiangmen-winding-assembly-E1	equipmentFailure	measured
obj_equipment_LINE-WS-jiangmen-winding-assembly-E1	loadPressure	measured
obj_equipment_LINE-WS-jiangmen-winding-assembly-E2	equipmentFailure	measured
obj_equipment_LINE-WS-jiangmen-winding-assembly-E2	loadPressure	measured
obj_equipment_LINE-WS-jiangmen-winding-coating-E1	equipmentFailure	measured
obj_equipment_LINE-WS-jiangmen-winding-coating-E1	loadPressure	measured
obj_equipment_LINE-WS-jiangmen-winding-coating-E2	equipmentFailure	measured
obj_equipment_LINE-WS-jiangmen-winding-coating-E2	loadPressure	measured
obj_equipment_LINE-WS-jiangmen-winding-winding-E1	equipmentFailure	measured
obj_equipment_LINE-WS-jiangmen-winding-winding-E1	loadPressure	measured
obj_equipment_LINE-WS-jiangmen-winding-winding-E2	equipmentFailure	measured
obj_equipment_LINE-WS-jiangmen-winding-winding-E2	loadPressure	measured
obj_equipment_LINE-WS-jinhua-assembly-assembly-E1	equipmentFailure	measured
obj_equipment_LINE-WS-jinhua-assembly-assembly-E1	loadPressure	measured
obj_equipment_LINE-WS-jinhua-assembly-assembly-E2	equipmentFailure	measured
obj_equipment_LINE-WS-jinhua-assembly-assembly-E2	loadPressure	measured
obj_equipment_LINE-WS-jinhua-assembly-coating-E1	equipmentFailure	measured
obj_equipment_LINE-WS-jinhua-assembly-coating-E1	loadPressure	measured
obj_equipment_LINE-WS-jinhua-assembly-coating-E2	equipmentFailure	measured
obj_equipment_LINE-WS-jinhua-assembly-coating-E2	loadPressure	measured
obj_equipment_LINE-WS-jinhua-assembly-winding-E1	equipmentFailure	measured
obj_equipment_LINE-WS-jinhua-assembly-winding-E1	loadPressure	measured
obj_equipment_LINE-WS-jinhua-assembly-winding-E2	equipmentFailure	measured
obj_equipment_LINE-WS-jinhua-assembly-winding-E2	loadPressure	measured
obj_equipment_LINE-WS-jinhua-calendering-assembly-E1	equipmentFailure	measured
obj_equipment_LINE-WS-jinhua-calendering-assembly-E1	loadPressure	measured
obj_equipment_LINE-WS-jinhua-calendering-assembly-E2	equipmentFailure	measured
obj_equipment_LINE-WS-jinhua-calendering-assembly-E2	loadPressure	measured
obj_equipment_LINE-WS-jinhua-calendering-coating-E1	equipmentFailure	measured
obj_equipment_LINE-WS-jinhua-calendering-coating-E1	loadPressure	measured
obj_equipment_LINE-WS-jinhua-calendering-coating-E2	equipmentFailure	measured
obj_equipment_LINE-WS-jinhua-calendering-coating-E2	loadPressure	measured
obj_equipment_LINE-WS-jinhua-calendering-winding-E1	equipmentFailure	measured
obj_equipment_LINE-WS-jinhua-calendering-winding-E1	loadPressure	measured
obj_equipment_LINE-WS-jinhua-calendering-winding-E2	equipmentFailure	measured
obj_equipment_LINE-WS-jinhua-calendering-winding-E2	loadPressure	measured
obj_equipment_LINE-WS-jinhua-coating-assembly-E1	equipmentFailure	measured
obj_equipment_LINE-WS-jinhua-coating-assembly-E1	loadPressure	measured
obj_equipment_LINE-WS-jinhua-coating-assembly-E2	equipmentFailure	measured
obj_equipment_LINE-WS-jinhua-coating-assembly-E2	loadPressure	measured
obj_equipment_LINE-WS-jinhua-coating-coating-E1	equipmentFailure	measured
obj_equipment_LINE-WS-jinhua-coating-coating-E1	loadPressure	measured
obj_equipment_LINE-WS-jinhua-coating-coating-E2	equipmentFailure	measured
obj_equipment_LINE-WS-jinhua-coating-coating-E2	loadPressure	measured
obj_equipment_LINE-WS-jinhua-coating-winding-E1	equipmentFailure	measured
obj_equipment_LINE-WS-jinhua-coating-winding-E1	loadPressure	measured
obj_equipment_LINE-WS-jinhua-coating-winding-E2	equipmentFailure	measured
obj_equipment_LINE-WS-jinhua-coating-winding-E2	loadPressure	measured
obj_equipment_LINE-WS-jinhua-filling-assembly-E1	equipmentFailure	measured
obj_equipment_LINE-WS-jinhua-filling-assembly-E1	loadPressure	measured
obj_equipment_LINE-WS-jinhua-filling-assembly-E2	equipmentFailure	measured
obj_equipment_LINE-WS-jinhua-filling-assembly-E2	loadPressure	measured
obj_equipment_LINE-WS-jinhua-filling-coating-E1	equipmentFailure	measured
obj_equipment_LINE-WS-jinhua-filling-coating-E1	loadPressure	measured
obj_equipment_LINE-WS-jinhua-filling-coating-E2	equipmentFailure	measured
obj_equipment_LINE-WS-jinhua-filling-coating-E2	loadPressure	measured
obj_equipment_LINE-WS-jinhua-filling-winding-E1	equipmentFailure	measured
obj_equipment_LINE-WS-jinhua-filling-winding-E1	loadPressure	measured
obj_equipment_LINE-WS-jinhua-filling-winding-E2	equipmentFailure	measured
obj_equipment_LINE-WS-jinhua-filling-winding-E2	loadPressure	measured
obj_equipment_LINE-WS-jinhua-formation-assembly-E1	equipmentFailure	measured
obj_equipment_LINE-WS-jinhua-formation-assembly-E1	loadPressure	measured
obj_equipment_LINE-WS-jinhua-formation-assembly-E2	equipmentFailure	measured
obj_equipment_LINE-WS-jinhua-formation-assembly-E2	loadPressure	measured
obj_equipment_LINE-WS-jinhua-formation-coating-E1	equipmentFailure	measured
obj_equipment_LINE-WS-jinhua-formation-coating-E1	loadPressure	measured
obj_equipment_LINE-WS-jinhua-formation-coating-E2	equipmentFailure	measured
obj_equipment_LINE-WS-jinhua-formation-coating-E2	loadPressure	measured
obj_equipment_LINE-WS-jinhua-formation-winding-E1	equipmentFailure	measured
obj_equipment_LINE-WS-jinhua-formation-winding-E1	loadPressure	measured
obj_equipment_LINE-WS-jinhua-formation-winding-E2	equipmentFailure	measured
obj_equipment_LINE-WS-jinhua-formation-winding-E2	loadPressure	measured
obj_equipment_LINE-WS-jinhua-grading-assembly-E1	equipmentFailure	measured
obj_equipment_LINE-WS-jinhua-grading-assembly-E1	loadPressure	measured
obj_equipment_LINE-WS-jinhua-grading-assembly-E2	equipmentFailure	measured
obj_equipment_LINE-WS-jinhua-grading-assembly-E2	loadPressure	measured
obj_equipment_LINE-WS-jinhua-grading-coating-E1	equipmentFailure	measured
obj_equipment_LINE-WS-jinhua-grading-coating-E1	loadPressure	measured
obj_equipment_LINE-WS-jinhua-grading-coating-E2	equipmentFailure	measured
obj_equipment_LINE-WS-jinhua-grading-coating-E2	loadPressure	measured
obj_equipment_LINE-WS-jinhua-grading-winding-E1	equipmentFailure	measured
obj_equipment_LINE-WS-jinhua-grading-winding-E1	loadPressure	measured
obj_equipment_LINE-WS-jinhua-grading-winding-E2	equipmentFailure	measured
obj_equipment_LINE-WS-jinhua-grading-winding-E2	loadPressure	measured
obj_equipment_LINE-WS-jinhua-pack-assembly-E1	equipmentFailure	measured
obj_equipment_LINE-WS-jinhua-pack-assembly-E1	loadPressure	measured
obj_equipment_LINE-WS-jinhua-pack-assembly-E2	equipmentFailure	measured
obj_equipment_LINE-WS-jinhua-pack-assembly-E2	loadPressure	measured
obj_equipment_LINE-WS-jinhua-pack-coating-E1	equipmentFailure	measured
obj_equipment_LINE-WS-jinhua-pack-coating-E1	loadPressure	measured
obj_equipment_LINE-WS-jinhua-pack-coating-E2	equipmentFailure	measured
obj_equipment_LINE-WS-jinhua-pack-coating-E2	loadPressure	measured
obj_equipment_LINE-WS-jinhua-pack-winding-E1	equipmentFailure	measured
obj_equipment_LINE-WS-jinhua-pack-winding-E1	loadPressure	measured
obj_equipment_LINE-WS-jinhua-pack-winding-E2	equipmentFailure	measured
obj_equipment_LINE-WS-jinhua-pack-winding-E2	loadPressure	measured
obj_equipment_LINE-WS-jinhua-slitting-assembly-E1	equipmentFailure	measured
obj_equipment_LINE-WS-jinhua-slitting-assembly-E1	loadPressure	measured
obj_equipment_LINE-WS-jinhua-slitting-assembly-E2	equipmentFailure	measured
obj_equipment_LINE-WS-jinhua-slitting-assembly-E2	loadPressure	measured
obj_equipment_LINE-WS-jinhua-slitting-coating-E1	equipmentFailure	measured
obj_equipment_LINE-WS-jinhua-slitting-coating-E1	loadPressure	measured
obj_equipment_LINE-WS-jinhua-slitting-coating-E2	equipmentFailure	measured
obj_equipment_LINE-WS-jinhua-slitting-coating-E2	loadPressure	measured
obj_equipment_LINE-WS-jinhua-slitting-winding-E1	equipmentFailure	measured
obj_equipment_LINE-WS-jinhua-slitting-winding-E1	loadPressure	measured
obj_equipment_LINE-WS-jinhua-slitting-winding-E2	equipmentFailure	measured
obj_equipment_LINE-WS-jinhua-slitting-winding-E2	loadPressure	measured
obj_equipment_LINE-WS-jinhua-slurry-assembly-E1	equipmentFailure	measured
obj_equipment_LINE-WS-jinhua-slurry-assembly-E1	loadPressure	measured
obj_equipment_LINE-WS-jinhua-slurry-assembly-E2	equipmentFailure	measured
obj_equipment_LINE-WS-jinhua-slurry-assembly-E2	loadPressure	measured
obj_equipment_LINE-WS-jinhua-slurry-coating-E1	equipmentFailure	measured
obj_equipment_LINE-WS-jinhua-slurry-coating-E1	loadPressure	measured
obj_equipment_LINE-WS-jinhua-slurry-coating-E2	equipmentFailure	measured
obj_equipment_LINE-WS-jinhua-slurry-coating-E2	loadPressure	measured
obj_equipment_LINE-WS-jinhua-slurry-winding-E1	equipmentFailure	measured
obj_equipment_LINE-WS-jinhua-slurry-winding-E1	loadPressure	measured
obj_equipment_LINE-WS-jinhua-slurry-winding-E2	equipmentFailure	measured
obj_equipment_LINE-WS-jinhua-slurry-winding-E2	loadPressure	measured
obj_equipment_LINE-WS-jinhua-winding-assembly-E1	equipmentFailure	measured
obj_equipment_LINE-WS-jinhua-winding-assembly-E1	loadPressure	measured
obj_equipment_LINE-WS-jinhua-winding-assembly-E2	equipmentFailure	measured
obj_equipment_LINE-WS-jinhua-winding-assembly-E2	loadPressure	measured
obj_equipment_LINE-WS-jinhua-winding-coating-E1	equipmentFailure	measured
obj_equipment_LINE-WS-jinhua-winding-coating-E1	loadPressure	measured
obj_equipment_LINE-WS-jinhua-winding-coating-E2	equipmentFailure	measured
obj_equipment_LINE-WS-jinhua-winding-coating-E2	loadPressure	measured
obj_equipment_LINE-WS-jinhua-winding-winding-E1	equipmentFailure	measured
obj_equipment_LINE-WS-jinhua-winding-winding-E1	loadPressure	measured
obj_equipment_LINE-WS-jinhua-winding-winding-E2	equipmentFailure	measured
obj_equipment_LINE-WS-jinhua-winding-winding-E2	loadPressure	measured
obj_equipment_LINE-WS-meishan-assembly-assembly-E1	equipmentFailure	measured
obj_equipment_LINE-WS-meishan-assembly-assembly-E1	loadPressure	measured
obj_equipment_LINE-WS-meishan-assembly-assembly-E2	equipmentFailure	measured
obj_equipment_LINE-WS-meishan-assembly-assembly-E2	loadPressure	measured
obj_equipment_LINE-WS-meishan-assembly-coating-E1	equipmentFailure	measured
obj_equipment_LINE-WS-meishan-assembly-coating-E1	loadPressure	measured
obj_equipment_LINE-WS-meishan-assembly-coating-E2	equipmentFailure	measured
obj_equipment_LINE-WS-meishan-assembly-coating-E2	loadPressure	measured
obj_equipment_LINE-WS-meishan-assembly-winding-E1	equipmentFailure	measured
obj_equipment_LINE-WS-meishan-assembly-winding-E1	loadPressure	measured
obj_equipment_LINE-WS-meishan-assembly-winding-E2	equipmentFailure	measured
obj_equipment_LINE-WS-meishan-assembly-winding-E2	loadPressure	measured
obj_equipment_LINE-WS-meishan-calendering-assembly-E1	equipmentFailure	measured
obj_equipment_LINE-WS-meishan-calendering-assembly-E1	loadPressure	measured
obj_equipment_LINE-WS-meishan-calendering-assembly-E2	equipmentFailure	measured
obj_equipment_LINE-WS-meishan-calendering-assembly-E2	loadPressure	measured
obj_equipment_LINE-WS-meishan-calendering-coating-E1	equipmentFailure	measured
obj_equipment_LINE-WS-meishan-calendering-coating-E1	loadPressure	measured
obj_equipment_LINE-WS-meishan-calendering-coating-E2	equipmentFailure	measured
obj_equipment_LINE-WS-meishan-calendering-coating-E2	loadPressure	measured
obj_equipment_LINE-WS-meishan-calendering-winding-E1	equipmentFailure	measured
obj_equipment_LINE-WS-meishan-calendering-winding-E1	loadPressure	measured
obj_equipment_LINE-WS-meishan-calendering-winding-E2	equipmentFailure	measured
obj_equipment_LINE-WS-meishan-calendering-winding-E2	loadPressure	measured
obj_equipment_LINE-WS-meishan-coating-assembly-E1	equipmentFailure	measured
obj_equipment_LINE-WS-meishan-coating-assembly-E1	loadPressure	measured
obj_equipment_LINE-WS-meishan-coating-assembly-E2	equipmentFailure	measured
obj_equipment_LINE-WS-meishan-coating-assembly-E2	loadPressure	measured
obj_equipment_LINE-WS-meishan-coating-coating-E1	equipmentFailure	measured
obj_equipment_LINE-WS-meishan-coating-coating-E1	loadPressure	measured
obj_equipment_LINE-WS-meishan-coating-coating-E2	equipmentFailure	measured
obj_equipment_LINE-WS-meishan-coating-coating-E2	loadPressure	measured
obj_equipment_LINE-WS-meishan-coating-winding-E1	equipmentFailure	measured
obj_equipment_LINE-WS-meishan-coating-winding-E1	loadPressure	measured
obj_equipment_LINE-WS-meishan-coating-winding-E2	equipmentFailure	measured
obj_equipment_LINE-WS-meishan-coating-winding-E2	loadPressure	measured
obj_equipment_LINE-WS-meishan-filling-assembly-E1	equipmentFailure	measured
obj_equipment_LINE-WS-meishan-filling-assembly-E1	loadPressure	measured
obj_equipment_LINE-WS-meishan-filling-assembly-E2	equipmentFailure	measured
obj_equipment_LINE-WS-meishan-filling-assembly-E2	loadPressure	measured
obj_equipment_LINE-WS-meishan-filling-coating-E1	equipmentFailure	measured
obj_equipment_LINE-WS-meishan-filling-coating-E1	loadPressure	measured
obj_equipment_LINE-WS-meishan-filling-coating-E2	equipmentFailure	measured
obj_equipment_LINE-WS-meishan-filling-coating-E2	loadPressure	measured
obj_equipment_LINE-WS-meishan-filling-winding-E1	equipmentFailure	measured
obj_equipment_LINE-WS-meishan-filling-winding-E1	loadPressure	measured
obj_equipment_LINE-WS-meishan-filling-winding-E2	equipmentFailure	measured
obj_equipment_LINE-WS-meishan-filling-winding-E2	loadPressure	measured
obj_equipment_LINE-WS-meishan-formation-assembly-E1	equipmentFailure	measured
obj_equipment_LINE-WS-meishan-formation-assembly-E1	loadPressure	measured
obj_equipment_LINE-WS-meishan-formation-assembly-E2	equipmentFailure	measured
obj_equipment_LINE-WS-meishan-formation-assembly-E2	loadPressure	measured
obj_equipment_LINE-WS-meishan-formation-coating-E1	equipmentFailure	measured
obj_equipment_LINE-WS-meishan-formation-coating-E1	loadPressure	measured
obj_equipment_LINE-WS-meishan-formation-coating-E2	equipmentFailure	measured
obj_equipment_LINE-WS-meishan-formation-coating-E2	loadPressure	measured
obj_equipment_LINE-WS-meishan-formation-winding-E1	equipmentFailure	measured
obj_equipment_LINE-WS-meishan-formation-winding-E1	loadPressure	measured
obj_equipment_LINE-WS-meishan-formation-winding-E2	equipmentFailure	measured
obj_equipment_LINE-WS-meishan-formation-winding-E2	loadPressure	measured
obj_equipment_LINE-WS-meishan-grading-assembly-E1	equipmentFailure	measured
obj_equipment_LINE-WS-meishan-grading-assembly-E1	loadPressure	measured
obj_equipment_LINE-WS-meishan-grading-assembly-E2	equipmentFailure	measured
obj_equipment_LINE-WS-meishan-grading-assembly-E2	loadPressure	measured
obj_equipment_LINE-WS-meishan-grading-coating-E1	equipmentFailure	measured
obj_equipment_LINE-WS-meishan-grading-coating-E1	loadPressure	measured
obj_equipment_LINE-WS-meishan-grading-coating-E2	equipmentFailure	measured
obj_equipment_LINE-WS-meishan-grading-coating-E2	loadPressure	measured
obj_equipment_LINE-WS-meishan-grading-winding-E1	equipmentFailure	measured
obj_equipment_LINE-WS-meishan-grading-winding-E1	loadPressure	measured
obj_equipment_LINE-WS-meishan-grading-winding-E2	equipmentFailure	measured
obj_equipment_LINE-WS-meishan-grading-winding-E2	loadPressure	measured
obj_equipment_LINE-WS-meishan-pack-assembly-E1	equipmentFailure	measured
obj_equipment_LINE-WS-meishan-pack-assembly-E1	loadPressure	measured
obj_equipment_LINE-WS-meishan-pack-assembly-E2	equipmentFailure	measured
obj_equipment_LINE-WS-meishan-pack-assembly-E2	loadPressure	measured
obj_equipment_LINE-WS-meishan-pack-coating-E1	equipmentFailure	measured
obj_equipment_LINE-WS-meishan-pack-coating-E1	loadPressure	measured
obj_equipment_LINE-WS-meishan-pack-coating-E2	equipmentFailure	measured
obj_equipment_LINE-WS-meishan-pack-coating-E2	loadPressure	measured
obj_equipment_LINE-WS-meishan-pack-winding-E1	equipmentFailure	measured
obj_equipment_LINE-WS-meishan-pack-winding-E1	loadPressure	measured
obj_equipment_LINE-WS-meishan-pack-winding-E2	equipmentFailure	measured
obj_equipment_LINE-WS-meishan-pack-winding-E2	loadPressure	measured
obj_equipment_LINE-WS-meishan-slitting-assembly-E1	equipmentFailure	measured
obj_equipment_LINE-WS-meishan-slitting-assembly-E1	loadPressure	measured
obj_equipment_LINE-WS-meishan-slitting-assembly-E2	equipmentFailure	measured
obj_equipment_LINE-WS-meishan-slitting-assembly-E2	loadPressure	measured
obj_equipment_LINE-WS-meishan-slitting-coating-E1	equipmentFailure	measured
obj_equipment_LINE-WS-meishan-slitting-coating-E1	loadPressure	measured
obj_equipment_LINE-WS-meishan-slitting-coating-E2	equipmentFailure	measured
obj_equipment_LINE-WS-meishan-slitting-coating-E2	loadPressure	measured
obj_equipment_LINE-WS-meishan-slitting-winding-E1	equipmentFailure	measured
obj_equipment_LINE-WS-meishan-slitting-winding-E1	loadPressure	measured
obj_equipment_LINE-WS-meishan-slitting-winding-E2	equipmentFailure	measured
obj_equipment_LINE-WS-meishan-slitting-winding-E2	loadPressure	measured
obj_equipment_LINE-WS-meishan-slurry-assembly-E1	equipmentFailure	measured
obj_equipment_LINE-WS-meishan-slurry-assembly-E1	loadPressure	measured
obj_equipment_LINE-WS-meishan-slurry-assembly-E2	equipmentFailure	measured
obj_equipment_LINE-WS-meishan-slurry-assembly-E2	loadPressure	measured
obj_equipment_LINE-WS-meishan-slurry-coating-E1	equipmentFailure	measured
obj_equipment_LINE-WS-meishan-slurry-coating-E1	loadPressure	measured
obj_equipment_LINE-WS-meishan-slurry-coating-E2	equipmentFailure	measured
obj_equipment_LINE-WS-meishan-slurry-coating-E2	loadPressure	measured
obj_equipment_LINE-WS-meishan-slurry-winding-E1	equipmentFailure	measured
obj_equipment_LINE-WS-meishan-slurry-winding-E1	loadPressure	measured
obj_equipment_LINE-WS-meishan-slurry-winding-E2	equipmentFailure	measured
obj_equipment_LINE-WS-meishan-slurry-winding-E2	loadPressure	measured
obj_equipment_LINE-WS-meishan-winding-assembly-E1	equipmentFailure	measured
obj_equipment_LINE-WS-meishan-winding-assembly-E1	loadPressure	measured
obj_equipment_LINE-WS-meishan-winding-assembly-E2	equipmentFailure	measured
obj_equipment_LINE-WS-meishan-winding-assembly-E2	loadPressure	measured
obj_equipment_LINE-WS-meishan-winding-coating-E1	equipmentFailure	measured
obj_equipment_LINE-WS-meishan-winding-coating-E1	loadPressure	measured
obj_equipment_LINE-WS-meishan-winding-coating-E2	equipmentFailure	measured
obj_equipment_LINE-WS-meishan-winding-coating-E2	loadPressure	measured
obj_equipment_LINE-WS-meishan-winding-winding-E1	equipmentFailure	measured
obj_equipment_LINE-WS-meishan-winding-winding-E1	loadPressure	measured
obj_equipment_LINE-WS-meishan-winding-winding-E2	equipmentFailure	measured
obj_equipment_LINE-WS-meishan-winding-winding-E2	loadPressure	measured
obj_equipment_LINE-WS-wuhan-assembly-assembly-E1	equipmentFailure	measured
obj_equipment_LINE-WS-wuhan-assembly-assembly-E1	loadPressure	measured
obj_equipment_LINE-WS-wuhan-assembly-assembly-E2	equipmentFailure	measured
obj_equipment_LINE-WS-wuhan-assembly-assembly-E2	loadPressure	measured
obj_equipment_LINE-WS-wuhan-assembly-coating-E1	equipmentFailure	measured
obj_equipment_LINE-WS-wuhan-assembly-coating-E1	loadPressure	measured
obj_equipment_LINE-WS-wuhan-assembly-coating-E2	equipmentFailure	measured
obj_equipment_LINE-WS-wuhan-assembly-coating-E2	loadPressure	measured
obj_equipment_LINE-WS-wuhan-assembly-winding-E1	equipmentFailure	measured
obj_equipment_LINE-WS-wuhan-assembly-winding-E1	loadPressure	measured
obj_equipment_LINE-WS-wuhan-assembly-winding-E2	equipmentFailure	measured
obj_equipment_LINE-WS-wuhan-assembly-winding-E2	loadPressure	measured
obj_equipment_LINE-WS-wuhan-calendering-assembly-E1	equipmentFailure	measured
obj_equipment_LINE-WS-wuhan-calendering-assembly-E1	loadPressure	measured
obj_equipment_LINE-WS-wuhan-calendering-assembly-E2	equipmentFailure	measured
obj_equipment_LINE-WS-wuhan-calendering-assembly-E2	loadPressure	measured
obj_equipment_LINE-WS-wuhan-calendering-coating-E1	equipmentFailure	measured
obj_equipment_LINE-WS-wuhan-calendering-coating-E1	loadPressure	measured
obj_equipment_LINE-WS-wuhan-calendering-coating-E2	equipmentFailure	measured
obj_equipment_LINE-WS-wuhan-calendering-coating-E2	loadPressure	measured
obj_equipment_LINE-WS-wuhan-calendering-winding-E1	equipmentFailure	measured
obj_equipment_LINE-WS-wuhan-calendering-winding-E1	loadPressure	measured
obj_equipment_LINE-WS-wuhan-calendering-winding-E2	equipmentFailure	measured
obj_equipment_LINE-WS-wuhan-calendering-winding-E2	loadPressure	measured
obj_equipment_LINE-WS-wuhan-coating-assembly-E1	equipmentFailure	measured
obj_equipment_LINE-WS-wuhan-coating-assembly-E1	loadPressure	measured
obj_equipment_LINE-WS-wuhan-coating-assembly-E2	equipmentFailure	measured
obj_equipment_LINE-WS-wuhan-coating-assembly-E2	loadPressure	measured
obj_equipment_LINE-WS-wuhan-coating-coating-E1	equipmentFailure	measured
obj_equipment_LINE-WS-wuhan-coating-coating-E1	loadPressure	measured
obj_equipment_LINE-WS-wuhan-coating-coating-E2	equipmentFailure	measured
obj_equipment_LINE-WS-wuhan-coating-coating-E2	loadPressure	measured
obj_equipment_LINE-WS-wuhan-coating-winding-E1	equipmentFailure	measured
obj_equipment_LINE-WS-wuhan-coating-winding-E1	loadPressure	measured
obj_equipment_LINE-WS-wuhan-coating-winding-E2	equipmentFailure	measured
obj_equipment_LINE-WS-wuhan-coating-winding-E2	loadPressure	measured
obj_equipment_LINE-WS-wuhan-filling-assembly-E1	equipmentFailure	measured
obj_equipment_LINE-WS-wuhan-filling-assembly-E1	loadPressure	measured
obj_equipment_LINE-WS-wuhan-filling-assembly-E2	equipmentFailure	measured
obj_equipment_LINE-WS-wuhan-filling-assembly-E2	loadPressure	measured
obj_equipment_LINE-WS-wuhan-filling-coating-E1	equipmentFailure	measured
obj_equipment_LINE-WS-wuhan-filling-coating-E1	loadPressure	measured
obj_equipment_LINE-WS-wuhan-filling-coating-E2	equipmentFailure	measured
obj_equipment_LINE-WS-wuhan-filling-coating-E2	loadPressure	measured
obj_equipment_LINE-WS-wuhan-filling-winding-E1	equipmentFailure	measured
obj_equipment_LINE-WS-wuhan-filling-winding-E1	loadPressure	measured
obj_equipment_LINE-WS-wuhan-filling-winding-E2	equipmentFailure	measured
obj_equipment_LINE-WS-wuhan-filling-winding-E2	loadPressure	measured
obj_equipment_LINE-WS-wuhan-formation-assembly-E1	equipmentFailure	measured
obj_equipment_LINE-WS-wuhan-formation-assembly-E1	loadPressure	measured
obj_equipment_LINE-WS-wuhan-formation-assembly-E2	equipmentFailure	measured
obj_equipment_LINE-WS-wuhan-formation-assembly-E2	loadPressure	measured
obj_equipment_LINE-WS-wuhan-formation-coating-E1	equipmentFailure	measured
obj_equipment_LINE-WS-wuhan-formation-coating-E1	loadPressure	measured
obj_equipment_LINE-WS-wuhan-formation-coating-E2	equipmentFailure	measured
obj_equipment_LINE-WS-wuhan-formation-coating-E2	loadPressure	measured
obj_equipment_LINE-WS-wuhan-formation-winding-E1	equipmentFailure	measured
obj_equipment_LINE-WS-wuhan-formation-winding-E1	loadPressure	measured
obj_equipment_LINE-WS-wuhan-formation-winding-E2	equipmentFailure	measured
obj_equipment_LINE-WS-wuhan-formation-winding-E2	loadPressure	measured
obj_equipment_LINE-WS-wuhan-grading-assembly-E1	equipmentFailure	measured
obj_equipment_LINE-WS-wuhan-grading-assembly-E1	loadPressure	measured
obj_equipment_LINE-WS-wuhan-grading-assembly-E2	equipmentFailure	measured
obj_equipment_LINE-WS-wuhan-grading-assembly-E2	loadPressure	measured
obj_equipment_LINE-WS-wuhan-grading-coating-E1	equipmentFailure	measured
obj_equipment_LINE-WS-wuhan-grading-coating-E1	loadPressure	measured
obj_equipment_LINE-WS-wuhan-grading-coating-E2	equipmentFailure	measured
obj_equipment_LINE-WS-wuhan-grading-coating-E2	loadPressure	measured
obj_equipment_LINE-WS-wuhan-grading-winding-E1	equipmentFailure	measured
obj_equipment_LINE-WS-wuhan-grading-winding-E1	loadPressure	measured
obj_equipment_LINE-WS-wuhan-grading-winding-E2	equipmentFailure	measured
obj_equipment_LINE-WS-wuhan-grading-winding-E2	loadPressure	measured
obj_equipment_LINE-WS-wuhan-pack-assembly-E1	equipmentFailure	measured
obj_equipment_LINE-WS-wuhan-pack-assembly-E1	loadPressure	measured
obj_equipment_LINE-WS-wuhan-pack-assembly-E2	equipmentFailure	measured
obj_equipment_LINE-WS-wuhan-pack-assembly-E2	loadPressure	measured
obj_equipment_LINE-WS-wuhan-pack-coating-E1	equipmentFailure	measured
obj_equipment_LINE-WS-wuhan-pack-coating-E1	loadPressure	measured
obj_equipment_LINE-WS-wuhan-pack-coating-E2	equipmentFailure	measured
obj_equipment_LINE-WS-wuhan-pack-coating-E2	loadPressure	measured
obj_equipment_LINE-WS-wuhan-pack-winding-E1	equipmentFailure	measured
obj_equipment_LINE-WS-wuhan-pack-winding-E1	loadPressure	measured
obj_equipment_LINE-WS-wuhan-pack-winding-E2	equipmentFailure	measured
obj_equipment_LINE-WS-wuhan-pack-winding-E2	loadPressure	measured
obj_equipment_LINE-WS-wuhan-slitting-assembly-E1	equipmentFailure	measured
obj_equipment_LINE-WS-wuhan-slitting-assembly-E1	loadPressure	measured
obj_equipment_LINE-WS-wuhan-slitting-assembly-E2	equipmentFailure	measured
obj_equipment_LINE-WS-wuhan-slitting-assembly-E2	loadPressure	measured
obj_equipment_LINE-WS-wuhan-slitting-coating-E1	equipmentFailure	measured
obj_equipment_LINE-WS-wuhan-slitting-coating-E1	loadPressure	measured
obj_equipment_LINE-WS-wuhan-slitting-coating-E2	equipmentFailure	measured
obj_equipment_LINE-WS-wuhan-slitting-coating-E2	loadPressure	measured
obj_equipment_LINE-WS-wuhan-slitting-winding-E1	equipmentFailure	measured
obj_equipment_LINE-WS-wuhan-slitting-winding-E1	loadPressure	measured
obj_equipment_LINE-WS-wuhan-slitting-winding-E2	equipmentFailure	measured
obj_equipment_LINE-WS-wuhan-slitting-winding-E2	loadPressure	measured
obj_equipment_LINE-WS-wuhan-slurry-assembly-E1	equipmentFailure	measured
obj_equipment_LINE-WS-wuhan-slurry-assembly-E1	loadPressure	measured
obj_equipment_LINE-WS-wuhan-slurry-assembly-E2	equipmentFailure	measured
obj_equipment_LINE-WS-wuhan-slurry-assembly-E2	loadPressure	measured
obj_equipment_LINE-WS-wuhan-slurry-coating-E1	equipmentFailure	measured
obj_equipment_LINE-WS-wuhan-slurry-coating-E1	loadPressure	measured
obj_equipment_LINE-WS-wuhan-slurry-coating-E2	equipmentFailure	measured
obj_equipment_LINE-WS-wuhan-slurry-coating-E2	loadPressure	measured
obj_equipment_LINE-WS-wuhan-slurry-winding-E1	equipmentFailure	measured
obj_equipment_LINE-WS-wuhan-slurry-winding-E1	loadPressure	measured
obj_equipment_LINE-WS-wuhan-slurry-winding-E2	equipmentFailure	measured
obj_equipment_LINE-WS-wuhan-slurry-winding-E2	loadPressure	measured
obj_equipment_LINE-WS-wuhan-winding-assembly-E1	equipmentFailure	measured
obj_equipment_LINE-WS-wuhan-winding-assembly-E1	loadPressure	measured
obj_equipment_LINE-WS-wuhan-winding-assembly-E2	equipmentFailure	measured
obj_equipment_LINE-WS-wuhan-winding-assembly-E2	loadPressure	measured
obj_equipment_LINE-WS-wuhan-winding-coating-E1	equipmentFailure	measured
obj_equipment_LINE-WS-wuhan-winding-coating-E1	loadPressure	measured
obj_equipment_LINE-WS-wuhan-winding-coating-E2	equipmentFailure	measured
obj_equipment_LINE-WS-wuhan-winding-coating-E2	loadPressure	measured
obj_equipment_LINE-WS-wuhan-winding-winding-E1	equipmentFailure	measured
obj_equipment_LINE-WS-wuhan-winding-winding-E1	loadPressure	measured
obj_equipment_LINE-WS-wuhan-winding-winding-E2	equipmentFailure	measured
obj_equipment_LINE-WS-wuhan-winding-winding-E2	loadPressure	measured
obj_equipment_LINE-WS-xiamen-assembly-assembly-E1	equipmentFailure	measured
obj_equipment_LINE-WS-xiamen-assembly-assembly-E1	loadPressure	measured
obj_equipment_LINE-WS-xiamen-assembly-assembly-E2	equipmentFailure	measured
obj_equipment_LINE-WS-xiamen-assembly-assembly-E2	loadPressure	measured
obj_equipment_LINE-WS-xiamen-assembly-coating-E1	equipmentFailure	measured
obj_equipment_LINE-WS-xiamen-assembly-coating-E1	loadPressure	measured
obj_equipment_LINE-WS-xiamen-assembly-coating-E2	equipmentFailure	measured
obj_equipment_LINE-WS-xiamen-assembly-coating-E2	loadPressure	measured
obj_equipment_LINE-WS-xiamen-assembly-winding-E1	equipmentFailure	measured
obj_equipment_LINE-WS-xiamen-assembly-winding-E1	loadPressure	measured
obj_equipment_LINE-WS-xiamen-assembly-winding-E2	equipmentFailure	measured
obj_equipment_LINE-WS-xiamen-assembly-winding-E2	loadPressure	measured
obj_equipment_LINE-WS-xiamen-calendering-assembly-E1	equipmentFailure	measured
obj_equipment_LINE-WS-xiamen-calendering-assembly-E1	loadPressure	measured
obj_equipment_LINE-WS-xiamen-calendering-assembly-E2	equipmentFailure	measured
obj_equipment_LINE-WS-xiamen-calendering-assembly-E2	loadPressure	measured
obj_equipment_LINE-WS-xiamen-calendering-coating-E1	equipmentFailure	measured
obj_equipment_LINE-WS-xiamen-calendering-coating-E1	loadPressure	measured
obj_equipment_LINE-WS-xiamen-calendering-coating-E2	equipmentFailure	measured
obj_equipment_LINE-WS-xiamen-calendering-coating-E2	loadPressure	measured
obj_equipment_LINE-WS-xiamen-calendering-winding-E1	equipmentFailure	measured
obj_equipment_LINE-WS-xiamen-calendering-winding-E1	loadPressure	measured
obj_equipment_LINE-WS-xiamen-calendering-winding-E2	equipmentFailure	measured
obj_equipment_LINE-WS-xiamen-calendering-winding-E2	loadPressure	measured
obj_equipment_LINE-WS-xiamen-coating-assembly-E1	equipmentFailure	measured
obj_equipment_LINE-WS-xiamen-coating-assembly-E1	loadPressure	measured
obj_equipment_LINE-WS-xiamen-coating-assembly-E2	equipmentFailure	measured
obj_equipment_LINE-WS-xiamen-coating-assembly-E2	loadPressure	measured
obj_equipment_LINE-WS-xiamen-coating-coating-E1	equipmentFailure	measured
obj_equipment_LINE-WS-xiamen-coating-coating-E1	loadPressure	measured
obj_equipment_LINE-WS-xiamen-coating-coating-E2	equipmentFailure	measured
obj_equipment_LINE-WS-xiamen-coating-coating-E2	loadPressure	measured
obj_equipment_LINE-WS-xiamen-coating-winding-E1	equipmentFailure	measured
obj_equipment_LINE-WS-xiamen-coating-winding-E1	loadPressure	measured
obj_equipment_LINE-WS-xiamen-coating-winding-E2	equipmentFailure	measured
obj_equipment_LINE-WS-xiamen-coating-winding-E2	loadPressure	measured
obj_equipment_LINE-WS-xiamen-filling-assembly-E1	equipmentFailure	measured
obj_equipment_LINE-WS-xiamen-filling-assembly-E1	loadPressure	measured
obj_equipment_LINE-WS-xiamen-filling-assembly-E2	equipmentFailure	measured
obj_equipment_LINE-WS-xiamen-filling-assembly-E2	loadPressure	measured
obj_equipment_LINE-WS-xiamen-filling-coating-E1	equipmentFailure	measured
obj_equipment_LINE-WS-xiamen-filling-coating-E1	loadPressure	measured
obj_equipment_LINE-WS-xiamen-filling-coating-E2	equipmentFailure	measured
obj_equipment_LINE-WS-xiamen-filling-coating-E2	loadPressure	measured
obj_equipment_LINE-WS-xiamen-filling-winding-E1	equipmentFailure	measured
obj_equipment_LINE-WS-xiamen-filling-winding-E1	loadPressure	measured
obj_equipment_LINE-WS-xiamen-filling-winding-E2	equipmentFailure	measured
obj_equipment_LINE-WS-xiamen-filling-winding-E2	loadPressure	measured
obj_equipment_LINE-WS-xiamen-formation-assembly-E1	equipmentFailure	measured
obj_equipment_LINE-WS-xiamen-formation-assembly-E1	loadPressure	measured
obj_equipment_LINE-WS-xiamen-formation-assembly-E2	equipmentFailure	measured
obj_equipment_LINE-WS-xiamen-formation-assembly-E2	loadPressure	measured
obj_equipment_LINE-WS-xiamen-formation-coating-E1	equipmentFailure	measured
obj_equipment_LINE-WS-xiamen-formation-coating-E1	loadPressure	measured
obj_equipment_LINE-WS-xiamen-formation-coating-E2	equipmentFailure	measured
obj_equipment_LINE-WS-xiamen-formation-coating-E2	loadPressure	measured
obj_equipment_LINE-WS-xiamen-formation-winding-E1	equipmentFailure	measured
obj_equipment_LINE-WS-xiamen-formation-winding-E1	loadPressure	measured
obj_equipment_LINE-WS-xiamen-formation-winding-E2	equipmentFailure	measured
obj_equipment_LINE-WS-xiamen-formation-winding-E2	loadPressure	measured
obj_equipment_LINE-WS-xiamen-grading-assembly-E1	equipmentFailure	measured
obj_equipment_LINE-WS-xiamen-grading-assembly-E1	loadPressure	measured
obj_equipment_LINE-WS-xiamen-grading-assembly-E2	equipmentFailure	measured
obj_equipment_LINE-WS-xiamen-grading-assembly-E2	loadPressure	measured
obj_equipment_LINE-WS-xiamen-grading-coating-E1	equipmentFailure	measured
obj_equipment_LINE-WS-xiamen-grading-coating-E1	loadPressure	measured
obj_equipment_LINE-WS-xiamen-grading-coating-E2	equipmentFailure	measured
obj_equipment_LINE-WS-xiamen-grading-coating-E2	loadPressure	measured
obj_equipment_LINE-WS-xiamen-grading-winding-E1	equipmentFailure	measured
obj_equipment_LINE-WS-xiamen-grading-winding-E1	loadPressure	measured
obj_equipment_LINE-WS-xiamen-grading-winding-E2	equipmentFailure	measured
obj_equipment_LINE-WS-xiamen-grading-winding-E2	loadPressure	measured
obj_equipment_LINE-WS-xiamen-pack-assembly-E1	equipmentFailure	measured
obj_equipment_LINE-WS-xiamen-pack-assembly-E1	loadPressure	measured
obj_equipment_LINE-WS-xiamen-pack-assembly-E2	equipmentFailure	measured
obj_equipment_LINE-WS-xiamen-pack-assembly-E2	loadPressure	measured
obj_equipment_LINE-WS-xiamen-pack-coating-E1	equipmentFailure	measured
obj_equipment_LINE-WS-xiamen-pack-coating-E1	loadPressure	measured
obj_equipment_LINE-WS-xiamen-pack-coating-E2	equipmentFailure	measured
obj_equipment_LINE-WS-xiamen-pack-coating-E2	loadPressure	measured
obj_equipment_LINE-WS-xiamen-pack-winding-E1	equipmentFailure	measured
obj_equipment_LINE-WS-xiamen-pack-winding-E1	loadPressure	measured
obj_equipment_LINE-WS-xiamen-pack-winding-E2	equipmentFailure	measured
obj_equipment_LINE-WS-xiamen-pack-winding-E2	loadPressure	measured
obj_equipment_LINE-WS-xiamen-slitting-assembly-E1	equipmentFailure	measured
obj_equipment_LINE-WS-xiamen-slitting-assembly-E1	loadPressure	measured
obj_equipment_LINE-WS-xiamen-slitting-assembly-E2	equipmentFailure	measured
obj_equipment_LINE-WS-xiamen-slitting-assembly-E2	loadPressure	measured
obj_equipment_LINE-WS-xiamen-slitting-coating-E1	equipmentFailure	measured
obj_equipment_LINE-WS-xiamen-slitting-coating-E1	loadPressure	measured
obj_equipment_LINE-WS-xiamen-slitting-coating-E2	equipmentFailure	measured
obj_equipment_LINE-WS-xiamen-slitting-coating-E2	loadPressure	measured
obj_equipment_LINE-WS-xiamen-slitting-winding-E1	equipmentFailure	measured
obj_equipment_LINE-WS-xiamen-slitting-winding-E1	loadPressure	measured
obj_equipment_LINE-WS-xiamen-slitting-winding-E2	equipmentFailure	measured
obj_equipment_LINE-WS-xiamen-slitting-winding-E2	loadPressure	measured
obj_equipment_LINE-WS-xiamen-slurry-assembly-E1	equipmentFailure	measured
obj_equipment_LINE-WS-xiamen-slurry-assembly-E1	loadPressure	measured
obj_equipment_LINE-WS-xiamen-slurry-assembly-E2	equipmentFailure	measured
obj_equipment_LINE-WS-xiamen-slurry-assembly-E2	loadPressure	measured
obj_equipment_LINE-WS-xiamen-slurry-coating-E1	equipmentFailure	measured
obj_equipment_LINE-WS-xiamen-slurry-coating-E1	loadPressure	measured
obj_equipment_LINE-WS-xiamen-slurry-coating-E2	equipmentFailure	measured
obj_equipment_LINE-WS-xiamen-slurry-coating-E2	loadPressure	measured
obj_equipment_LINE-WS-xiamen-slurry-winding-E1	equipmentFailure	measured
obj_equipment_LINE-WS-xiamen-slurry-winding-E1	loadPressure	measured
obj_equipment_LINE-WS-xiamen-slurry-winding-E2	equipmentFailure	measured
obj_equipment_LINE-WS-xiamen-slurry-winding-E2	loadPressure	measured
obj_equipment_LINE-WS-xiamen-winding-assembly-E1	equipmentFailure	measured
obj_equipment_LINE-WS-xiamen-winding-assembly-E1	loadPressure	measured
obj_equipment_LINE-WS-xiamen-winding-assembly-E2	equipmentFailure	measured
obj_equipment_LINE-WS-xiamen-winding-assembly-E2	loadPressure	measured
obj_equipment_LINE-WS-xiamen-winding-coating-E1	equipmentFailure	measured
obj_equipment_LINE-WS-xiamen-winding-coating-E1	loadPressure	measured
obj_equipment_LINE-WS-xiamen-winding-coating-E2	equipmentFailure	measured
obj_equipment_LINE-WS-xiamen-winding-coating-E2	loadPressure	measured
obj_equipment_LINE-WS-xiamen-winding-winding-E1	equipmentFailure	measured
obj_equipment_LINE-WS-xiamen-winding-winding-E1	loadPressure	measured
obj_equipment_LINE-WS-xiamen-winding-winding-E2	equipmentFailure	measured
obj_equipment_LINE-WS-xiamen-winding-winding-E2	loadPressure	measured
obj_equipment_LINE-WS-xinyang-assembly-assembly-E1	equipmentFailure	measured
obj_equipment_LINE-WS-xinyang-assembly-assembly-E1	loadPressure	measured
obj_equipment_LINE-WS-xinyang-assembly-assembly-E2	equipmentFailure	measured
obj_equipment_LINE-WS-xinyang-assembly-assembly-E2	loadPressure	measured
obj_equipment_LINE-WS-xinyang-assembly-coating-E1	equipmentFailure	measured
obj_equipment_LINE-WS-xinyang-assembly-coating-E1	loadPressure	measured
obj_equipment_LINE-WS-xinyang-assembly-coating-E2	equipmentFailure	measured
obj_equipment_LINE-WS-xinyang-assembly-coating-E2	loadPressure	measured
obj_equipment_LINE-WS-xinyang-assembly-winding-E1	equipmentFailure	measured
obj_equipment_LINE-WS-xinyang-assembly-winding-E1	loadPressure	measured
obj_equipment_LINE-WS-xinyang-assembly-winding-E2	equipmentFailure	measured
obj_equipment_LINE-WS-xinyang-assembly-winding-E2	loadPressure	measured
obj_equipment_LINE-WS-xinyang-calendering-assembly-E1	equipmentFailure	measured
obj_equipment_LINE-WS-xinyang-calendering-assembly-E1	loadPressure	measured
obj_equipment_LINE-WS-xinyang-calendering-assembly-E2	equipmentFailure	measured
obj_equipment_LINE-WS-xinyang-calendering-assembly-E2	loadPressure	measured
obj_equipment_LINE-WS-xinyang-calendering-coating-E1	equipmentFailure	measured
obj_equipment_LINE-WS-xinyang-calendering-coating-E1	loadPressure	measured
obj_equipment_LINE-WS-xinyang-calendering-coating-E2	equipmentFailure	measured
obj_equipment_LINE-WS-xinyang-calendering-coating-E2	loadPressure	measured
obj_equipment_LINE-WS-xinyang-calendering-winding-E1	equipmentFailure	measured
obj_equipment_LINE-WS-xinyang-calendering-winding-E1	loadPressure	measured
obj_equipment_LINE-WS-xinyang-calendering-winding-E2	equipmentFailure	measured
obj_equipment_LINE-WS-xinyang-calendering-winding-E2	loadPressure	measured
obj_equipment_LINE-WS-xinyang-coating-assembly-E1	equipmentFailure	measured
obj_equipment_LINE-WS-xinyang-coating-assembly-E1	loadPressure	measured
obj_equipment_LINE-WS-xinyang-coating-assembly-E2	equipmentFailure	measured
obj_equipment_LINE-WS-xinyang-coating-assembly-E2	loadPressure	measured
obj_equipment_LINE-WS-xinyang-coating-coating-E1	equipmentFailure	measured
obj_equipment_LINE-WS-xinyang-coating-coating-E1	loadPressure	measured
obj_equipment_LINE-WS-xinyang-coating-coating-E2	equipmentFailure	measured
obj_equipment_LINE-WS-xinyang-coating-coating-E2	loadPressure	measured
obj_equipment_LINE-WS-xinyang-coating-winding-E1	equipmentFailure	measured
obj_equipment_LINE-WS-xinyang-coating-winding-E1	loadPressure	measured
obj_equipment_LINE-WS-xinyang-coating-winding-E2	equipmentFailure	measured
obj_equipment_LINE-WS-xinyang-coating-winding-E2	loadPressure	measured
obj_equipment_LINE-WS-xinyang-filling-assembly-E1	equipmentFailure	measured
obj_equipment_LINE-WS-xinyang-filling-assembly-E1	loadPressure	measured
obj_equipment_LINE-WS-xinyang-filling-assembly-E2	equipmentFailure	measured
obj_equipment_LINE-WS-xinyang-filling-assembly-E2	loadPressure	measured
obj_equipment_LINE-WS-xinyang-filling-coating-E1	equipmentFailure	measured
obj_equipment_LINE-WS-xinyang-filling-coating-E1	loadPressure	measured
obj_equipment_LINE-WS-xinyang-filling-coating-E2	equipmentFailure	measured
obj_equipment_LINE-WS-xinyang-filling-coating-E2	loadPressure	measured
obj_equipment_LINE-WS-xinyang-filling-winding-E1	equipmentFailure	measured
obj_equipment_LINE-WS-xinyang-filling-winding-E1	loadPressure	measured
obj_equipment_LINE-WS-xinyang-filling-winding-E2	equipmentFailure	measured
obj_equipment_LINE-WS-xinyang-filling-winding-E2	loadPressure	measured
obj_equipment_LINE-WS-xinyang-formation-assembly-E1	equipmentFailure	measured
obj_equipment_LINE-WS-xinyang-formation-assembly-E1	loadPressure	measured
obj_equipment_LINE-WS-xinyang-formation-assembly-E2	equipmentFailure	measured
obj_equipment_LINE-WS-xinyang-formation-assembly-E2	loadPressure	measured
obj_equipment_LINE-WS-xinyang-formation-coating-E1	equipmentFailure	measured
obj_equipment_LINE-WS-xinyang-formation-coating-E1	loadPressure	measured
obj_equipment_LINE-WS-xinyang-formation-coating-E2	equipmentFailure	measured
obj_equipment_LINE-WS-xinyang-formation-coating-E2	loadPressure	measured
obj_equipment_LINE-WS-xinyang-formation-winding-E1	equipmentFailure	measured
obj_equipment_LINE-WS-xinyang-formation-winding-E1	loadPressure	measured
obj_equipment_LINE-WS-xinyang-formation-winding-E2	equipmentFailure	measured
obj_equipment_LINE-WS-xinyang-formation-winding-E2	loadPressure	measured
obj_equipment_LINE-WS-xinyang-grading-assembly-E1	equipmentFailure	measured
obj_equipment_LINE-WS-xinyang-grading-assembly-E1	loadPressure	measured
obj_equipment_LINE-WS-xinyang-grading-assembly-E2	equipmentFailure	measured
obj_equipment_LINE-WS-xinyang-grading-assembly-E2	loadPressure	measured
obj_equipment_LINE-WS-xinyang-grading-coating-E1	equipmentFailure	measured
obj_equipment_LINE-WS-xinyang-grading-coating-E1	loadPressure	measured
obj_equipment_LINE-WS-xinyang-grading-coating-E2	equipmentFailure	measured
obj_equipment_LINE-WS-xinyang-grading-coating-E2	loadPressure	measured
obj_equipment_LINE-WS-xinyang-grading-winding-E1	equipmentFailure	measured
obj_equipment_LINE-WS-xinyang-grading-winding-E1	loadPressure	measured
obj_equipment_LINE-WS-xinyang-grading-winding-E2	equipmentFailure	measured
obj_equipment_LINE-WS-xinyang-grading-winding-E2	loadPressure	measured
obj_equipment_LINE-WS-xinyang-pack-assembly-E1	equipmentFailure	measured
obj_equipment_LINE-WS-xinyang-pack-assembly-E1	loadPressure	measured
obj_equipment_LINE-WS-xinyang-pack-assembly-E2	equipmentFailure	measured
obj_equipment_LINE-WS-xinyang-pack-assembly-E2	loadPressure	measured
obj_equipment_LINE-WS-xinyang-pack-coating-E1	equipmentFailure	measured
obj_equipment_LINE-WS-xinyang-pack-coating-E1	loadPressure	measured
obj_equipment_LINE-WS-xinyang-pack-coating-E2	equipmentFailure	measured
obj_equipment_LINE-WS-xinyang-pack-coating-E2	loadPressure	measured
obj_equipment_LINE-WS-xinyang-pack-winding-E1	equipmentFailure	measured
obj_equipment_LINE-WS-xinyang-pack-winding-E1	loadPressure	measured
obj_equipment_LINE-WS-xinyang-pack-winding-E2	equipmentFailure	measured
obj_equipment_LINE-WS-xinyang-pack-winding-E2	loadPressure	measured
obj_equipment_LINE-WS-xinyang-slitting-assembly-E1	equipmentFailure	measured
obj_equipment_LINE-WS-xinyang-slitting-assembly-E1	loadPressure	measured
obj_equipment_LINE-WS-xinyang-slitting-assembly-E2	equipmentFailure	measured
obj_equipment_LINE-WS-xinyang-slitting-assembly-E2	loadPressure	measured
obj_equipment_LINE-WS-xinyang-slitting-coating-E1	equipmentFailure	measured
obj_equipment_LINE-WS-xinyang-slitting-coating-E1	loadPressure	measured
obj_equipment_LINE-WS-xinyang-slitting-coating-E2	equipmentFailure	measured
obj_equipment_LINE-WS-xinyang-slitting-coating-E2	loadPressure	measured
obj_equipment_LINE-WS-xinyang-slitting-winding-E1	equipmentFailure	measured
obj_equipment_LINE-WS-xinyang-slitting-winding-E1	loadPressure	measured
obj_equipment_LINE-WS-xinyang-slitting-winding-E2	equipmentFailure	measured
obj_equipment_LINE-WS-xinyang-slitting-winding-E2	loadPressure	measured
obj_equipment_LINE-WS-xinyang-slurry-assembly-E1	equipmentFailure	measured
obj_equipment_LINE-WS-xinyang-slurry-assembly-E1	loadPressure	measured
obj_equipment_LINE-WS-xinyang-slurry-assembly-E2	equipmentFailure	measured
obj_equipment_LINE-WS-xinyang-slurry-assembly-E2	loadPressure	measured
obj_equipment_LINE-WS-xinyang-slurry-coating-E1	equipmentFailure	measured
obj_equipment_LINE-WS-xinyang-slurry-coating-E1	loadPressure	measured
obj_equipment_LINE-WS-xinyang-slurry-coating-E2	equipmentFailure	measured
obj_equipment_LINE-WS-xinyang-slurry-coating-E2	loadPressure	measured
obj_equipment_LINE-WS-xinyang-slurry-winding-E1	equipmentFailure	measured
obj_equipment_LINE-WS-xinyang-slurry-winding-E1	loadPressure	measured
obj_equipment_LINE-WS-xinyang-slurry-winding-E2	equipmentFailure	measured
obj_equipment_LINE-WS-xinyang-slurry-winding-E2	loadPressure	measured
obj_equipment_LINE-WS-xinyang-winding-assembly-E1	equipmentFailure	measured
obj_equipment_LINE-WS-xinyang-winding-assembly-E1	loadPressure	measured
obj_equipment_LINE-WS-xinyang-winding-assembly-E2	equipmentFailure	measured
obj_equipment_LINE-WS-xinyang-winding-assembly-E2	loadPressure	measured
obj_equipment_LINE-WS-xinyang-winding-coating-E1	equipmentFailure	measured
obj_equipment_LINE-WS-xinyang-winding-coating-E1	loadPressure	measured
obj_equipment_LINE-WS-xinyang-winding-coating-E2	equipmentFailure	measured
obj_equipment_LINE-WS-xinyang-winding-coating-E2	loadPressure	measured
obj_equipment_LINE-WS-xinyang-winding-winding-E1	equipmentFailure	measured
obj_equipment_LINE-WS-xinyang-winding-winding-E1	loadPressure	measured
obj_equipment_LINE-WS-xinyang-winding-winding-E2	equipmentFailure	measured
obj_equipment_LINE-WS-xinyang-winding-winding-E2	loadPressure	measured
obj_equipment_LINE-WS-yangzhou-assembly-assembly-E1	equipmentFailure	measured
obj_equipment_LINE-WS-yangzhou-assembly-assembly-E1	loadPressure	measured
obj_equipment_LINE-WS-yangzhou-assembly-assembly-E2	equipmentFailure	measured
obj_equipment_LINE-WS-yangzhou-assembly-assembly-E2	loadPressure	measured
obj_equipment_LINE-WS-yangzhou-assembly-coating-E1	equipmentFailure	measured
obj_equipment_LINE-WS-yangzhou-assembly-coating-E1	loadPressure	measured
obj_equipment_LINE-WS-yangzhou-assembly-coating-E2	equipmentFailure	measured
obj_equipment_LINE-WS-yangzhou-assembly-coating-E2	loadPressure	measured
obj_equipment_LINE-WS-yangzhou-assembly-winding-E1	equipmentFailure	measured
obj_equipment_LINE-WS-yangzhou-assembly-winding-E1	loadPressure	measured
obj_equipment_LINE-WS-yangzhou-assembly-winding-E2	equipmentFailure	measured
obj_equipment_LINE-WS-yangzhou-assembly-winding-E2	loadPressure	measured
obj_equipment_LINE-WS-yangzhou-calendering-assembly-E1	equipmentFailure	measured
obj_equipment_LINE-WS-yangzhou-calendering-assembly-E1	loadPressure	measured
obj_equipment_LINE-WS-yangzhou-calendering-assembly-E2	equipmentFailure	measured
obj_equipment_LINE-WS-yangzhou-calendering-assembly-E2	loadPressure	measured
obj_equipment_LINE-WS-yangzhou-calendering-coating-E1	equipmentFailure	measured
obj_equipment_LINE-WS-yangzhou-calendering-coating-E1	loadPressure	measured
obj_equipment_LINE-WS-yangzhou-calendering-coating-E2	equipmentFailure	measured
obj_equipment_LINE-WS-yangzhou-calendering-coating-E2	loadPressure	measured
obj_equipment_LINE-WS-yangzhou-calendering-winding-E1	equipmentFailure	measured
obj_equipment_LINE-WS-yangzhou-calendering-winding-E1	loadPressure	measured
obj_equipment_LINE-WS-yangzhou-calendering-winding-E2	equipmentFailure	measured
obj_equipment_LINE-WS-yangzhou-calendering-winding-E2	loadPressure	measured
obj_equipment_LINE-WS-yangzhou-coating-assembly-E1	equipmentFailure	measured
obj_equipment_LINE-WS-yangzhou-coating-assembly-E1	loadPressure	measured
obj_equipment_LINE-WS-yangzhou-coating-assembly-E2	equipmentFailure	measured
obj_equipment_LINE-WS-yangzhou-coating-assembly-E2	loadPressure	measured
obj_equipment_LINE-WS-yangzhou-coating-coating-E1	equipmentFailure	measured
obj_equipment_LINE-WS-yangzhou-coating-coating-E1	loadPressure	measured
obj_equipment_LINE-WS-yangzhou-coating-coating-E2	equipmentFailure	measured
obj_equipment_LINE-WS-yangzhou-coating-coating-E2	loadPressure	measured
obj_equipment_LINE-WS-yangzhou-coating-winding-E1	equipmentFailure	measured
obj_equipment_LINE-WS-yangzhou-coating-winding-E1	loadPressure	measured
obj_equipment_LINE-WS-yangzhou-coating-winding-E2	equipmentFailure	measured
obj_equipment_LINE-WS-yangzhou-coating-winding-E2	loadPressure	measured
obj_equipment_LINE-WS-yangzhou-filling-assembly-E1	equipmentFailure	measured
obj_equipment_LINE-WS-yangzhou-filling-assembly-E1	loadPressure	measured
obj_equipment_LINE-WS-yangzhou-filling-assembly-E2	equipmentFailure	measured
obj_equipment_LINE-WS-yangzhou-filling-assembly-E2	loadPressure	measured
obj_equipment_LINE-WS-yangzhou-filling-coating-E1	equipmentFailure	measured
obj_equipment_LINE-WS-yangzhou-filling-coating-E1	loadPressure	measured
obj_equipment_LINE-WS-yangzhou-filling-coating-E2	equipmentFailure	measured
obj_equipment_LINE-WS-yangzhou-filling-coating-E2	loadPressure	measured
obj_equipment_LINE-WS-yangzhou-filling-winding-E1	equipmentFailure	measured
obj_equipment_LINE-WS-yangzhou-filling-winding-E1	loadPressure	measured
obj_equipment_LINE-WS-yangzhou-filling-winding-E2	equipmentFailure	measured
obj_equipment_LINE-WS-yangzhou-filling-winding-E2	loadPressure	measured
obj_equipment_LINE-WS-yangzhou-formation-assembly-E1	equipmentFailure	measured
obj_equipment_LINE-WS-yangzhou-formation-assembly-E1	loadPressure	measured
obj_equipment_LINE-WS-yangzhou-formation-assembly-E2	equipmentFailure	measured
obj_equipment_LINE-WS-yangzhou-formation-assembly-E2	loadPressure	measured
obj_equipment_LINE-WS-yangzhou-formation-coating-E1	equipmentFailure	measured
obj_equipment_LINE-WS-yangzhou-formation-coating-E1	loadPressure	measured
obj_equipment_LINE-WS-yangzhou-formation-coating-E2	equipmentFailure	measured
obj_equipment_LINE-WS-yangzhou-formation-coating-E2	loadPressure	measured
obj_equipment_LINE-WS-yangzhou-formation-winding-E1	equipmentFailure	measured
obj_equipment_LINE-WS-yangzhou-formation-winding-E1	loadPressure	measured
obj_equipment_LINE-WS-yangzhou-formation-winding-E2	equipmentFailure	measured
obj_equipment_LINE-WS-yangzhou-formation-winding-E2	loadPressure	measured
obj_equipment_LINE-WS-yangzhou-grading-assembly-E1	equipmentFailure	measured
obj_equipment_LINE-WS-yangzhou-grading-assembly-E1	loadPressure	measured
obj_equipment_LINE-WS-yangzhou-grading-assembly-E2	equipmentFailure	measured
obj_equipment_LINE-WS-yangzhou-grading-assembly-E2	loadPressure	measured
obj_equipment_LINE-WS-yangzhou-grading-coating-E1	equipmentFailure	measured
obj_equipment_LINE-WS-yangzhou-grading-coating-E1	loadPressure	measured
obj_equipment_LINE-WS-yangzhou-grading-coating-E2	equipmentFailure	measured
obj_equipment_LINE-WS-yangzhou-grading-coating-E2	loadPressure	measured
obj_equipment_LINE-WS-yangzhou-grading-winding-E1	equipmentFailure	measured
obj_equipment_LINE-WS-yangzhou-grading-winding-E1	loadPressure	measured
obj_equipment_LINE-WS-yangzhou-grading-winding-E2	equipmentFailure	measured
obj_equipment_LINE-WS-yangzhou-grading-winding-E2	loadPressure	measured
obj_equipment_LINE-WS-yangzhou-pack-assembly-E1	equipmentFailure	measured
obj_equipment_LINE-WS-yangzhou-pack-assembly-E1	loadPressure	measured
obj_equipment_LINE-WS-yangzhou-pack-assembly-E2	equipmentFailure	measured
obj_equipment_LINE-WS-yangzhou-pack-assembly-E2	loadPressure	measured
obj_equipment_LINE-WS-yangzhou-pack-coating-E1	equipmentFailure	measured
obj_equipment_LINE-WS-yangzhou-pack-coating-E1	loadPressure	measured
obj_equipment_LINE-WS-yangzhou-pack-coating-E2	equipmentFailure	measured
obj_equipment_LINE-WS-yangzhou-pack-coating-E2	loadPressure	measured
obj_equipment_LINE-WS-yangzhou-pack-winding-E1	equipmentFailure	measured
obj_equipment_LINE-WS-yangzhou-pack-winding-E1	loadPressure	measured
obj_equipment_LINE-WS-yangzhou-pack-winding-E2	equipmentFailure	measured
obj_equipment_LINE-WS-yangzhou-pack-winding-E2	loadPressure	measured
obj_equipment_LINE-WS-yangzhou-slitting-assembly-E1	equipmentFailure	measured
obj_equipment_LINE-WS-yangzhou-slitting-assembly-E1	loadPressure	measured
obj_equipment_LINE-WS-yangzhou-slitting-assembly-E2	equipmentFailure	measured
obj_equipment_LINE-WS-yangzhou-slitting-assembly-E2	loadPressure	measured
obj_equipment_LINE-WS-yangzhou-slitting-coating-E1	equipmentFailure	measured
obj_equipment_LINE-WS-yangzhou-slitting-coating-E1	loadPressure	measured
obj_equipment_LINE-WS-yangzhou-slitting-coating-E2	equipmentFailure	measured
obj_equipment_LINE-WS-yangzhou-slitting-coating-E2	loadPressure	measured
obj_equipment_LINE-WS-yangzhou-slitting-winding-E1	equipmentFailure	measured
obj_equipment_LINE-WS-yangzhou-slitting-winding-E1	loadPressure	measured
obj_equipment_LINE-WS-yangzhou-slitting-winding-E2	equipmentFailure	measured
obj_equipment_LINE-WS-yangzhou-slitting-winding-E2	loadPressure	measured
obj_equipment_LINE-WS-yangzhou-slurry-assembly-E1	equipmentFailure	measured
obj_equipment_LINE-WS-yangzhou-slurry-assembly-E1	loadPressure	measured
obj_equipment_LINE-WS-yangzhou-slurry-assembly-E2	equipmentFailure	measured
obj_equipment_LINE-WS-yangzhou-slurry-assembly-E2	loadPressure	measured
obj_equipment_LINE-WS-yangzhou-slurry-coating-E1	equipmentFailure	measured
obj_equipment_LINE-WS-yangzhou-slurry-coating-E1	loadPressure	measured
obj_equipment_LINE-WS-yangzhou-slurry-coating-E2	equipmentFailure	measured
obj_equipment_LINE-WS-yangzhou-slurry-coating-E2	loadPressure	measured
obj_equipment_LINE-WS-yangzhou-slurry-winding-E1	equipmentFailure	measured
obj_equipment_LINE-WS-yangzhou-slurry-winding-E1	loadPressure	measured
obj_equipment_LINE-WS-yangzhou-slurry-winding-E2	equipmentFailure	measured
obj_equipment_LINE-WS-yangzhou-slurry-winding-E2	loadPressure	measured
obj_equipment_LINE-WS-yangzhou-winding-assembly-E1	equipmentFailure	measured
obj_equipment_LINE-WS-yangzhou-winding-assembly-E1	loadPressure	measured
obj_equipment_LINE-WS-yangzhou-winding-assembly-E2	equipmentFailure	measured
obj_equipment_LINE-WS-yangzhou-winding-assembly-E2	loadPressure	measured
obj_equipment_LINE-WS-yangzhou-winding-coating-E1	equipmentFailure	measured
obj_equipment_LINE-WS-yangzhou-winding-coating-E1	loadPressure	measured
obj_equipment_LINE-WS-yangzhou-winding-coating-E2	equipmentFailure	measured
obj_equipment_LINE-WS-yangzhou-winding-coating-E2	loadPressure	measured
obj_equipment_LINE-WS-yangzhou-winding-winding-E1	equipmentFailure	measured
obj_equipment_LINE-WS-yangzhou-winding-winding-E1	loadPressure	measured
obj_equipment_LINE-WS-yangzhou-winding-winding-E2	equipmentFailure	measured
obj_equipment_LINE-WS-yangzhou-winding-winding-E2	loadPressure	measured
obj_equipment_LINE-WS-zaozhuang-assembly-assembly-E1	equipmentFailure	measured
obj_equipment_LINE-WS-zaozhuang-assembly-assembly-E1	loadPressure	measured
obj_equipment_LINE-WS-zaozhuang-assembly-assembly-E2	equipmentFailure	measured
obj_equipment_LINE-WS-zaozhuang-assembly-assembly-E2	loadPressure	measured
obj_equipment_LINE-WS-zaozhuang-assembly-coating-E1	equipmentFailure	measured
obj_equipment_LINE-WS-zaozhuang-assembly-coating-E1	loadPressure	measured
obj_equipment_LINE-WS-zaozhuang-assembly-coating-E2	equipmentFailure	measured
obj_equipment_LINE-WS-zaozhuang-assembly-coating-E2	loadPressure	measured
obj_equipment_LINE-WS-zaozhuang-assembly-winding-E1	equipmentFailure	measured
obj_equipment_LINE-WS-zaozhuang-assembly-winding-E1	loadPressure	measured
obj_equipment_LINE-WS-zaozhuang-assembly-winding-E2	equipmentFailure	measured
obj_equipment_LINE-WS-zaozhuang-assembly-winding-E2	loadPressure	measured
obj_equipment_LINE-WS-zaozhuang-calendering-assembly-E1	equipmentFailure	measured
obj_equipment_LINE-WS-zaozhuang-calendering-assembly-E1	loadPressure	measured
obj_equipment_LINE-WS-zaozhuang-calendering-assembly-E2	equipmentFailure	measured
obj_equipment_LINE-WS-zaozhuang-calendering-assembly-E2	loadPressure	measured
obj_equipment_LINE-WS-zaozhuang-calendering-coating-E1	equipmentFailure	measured
obj_equipment_LINE-WS-zaozhuang-calendering-coating-E1	loadPressure	measured
obj_equipment_LINE-WS-zaozhuang-calendering-coating-E2	equipmentFailure	measured
obj_equipment_LINE-WS-zaozhuang-calendering-coating-E2	loadPressure	measured
obj_equipment_LINE-WS-zaozhuang-calendering-winding-E1	equipmentFailure	measured
obj_equipment_LINE-WS-zaozhuang-calendering-winding-E1	loadPressure	measured
obj_equipment_LINE-WS-zaozhuang-calendering-winding-E2	equipmentFailure	measured
obj_equipment_LINE-WS-zaozhuang-calendering-winding-E2	loadPressure	measured
obj_equipment_LINE-WS-zaozhuang-coating-assembly-E1	equipmentFailure	measured
obj_equipment_LINE-WS-zaozhuang-coating-assembly-E1	loadPressure	measured
obj_equipment_LINE-WS-zaozhuang-coating-assembly-E2	equipmentFailure	measured
obj_equipment_LINE-WS-zaozhuang-coating-assembly-E2	loadPressure	measured
obj_equipment_LINE-WS-zaozhuang-coating-coating-E1	equipmentFailure	measured
obj_equipment_LINE-WS-zaozhuang-coating-coating-E1	loadPressure	measured
obj_equipment_LINE-WS-zaozhuang-coating-coating-E2	equipmentFailure	measured
obj_equipment_LINE-WS-zaozhuang-coating-coating-E2	loadPressure	measured
obj_equipment_LINE-WS-zaozhuang-coating-winding-E1	equipmentFailure	measured
obj_equipment_LINE-WS-zaozhuang-coating-winding-E1	loadPressure	measured
obj_equipment_LINE-WS-zaozhuang-coating-winding-E2	equipmentFailure	measured
obj_equipment_LINE-WS-zaozhuang-coating-winding-E2	loadPressure	measured
obj_equipment_LINE-WS-zaozhuang-filling-assembly-E1	equipmentFailure	measured
obj_equipment_LINE-WS-zaozhuang-filling-assembly-E1	loadPressure	measured
obj_equipment_LINE-WS-zaozhuang-filling-assembly-E2	equipmentFailure	measured
obj_equipment_LINE-WS-zaozhuang-filling-assembly-E2	loadPressure	measured
obj_equipment_LINE-WS-zaozhuang-filling-coating-E1	equipmentFailure	measured
obj_equipment_LINE-WS-zaozhuang-filling-coating-E1	loadPressure	measured
obj_equipment_LINE-WS-zaozhuang-filling-coating-E2	equipmentFailure	measured
obj_equipment_LINE-WS-zaozhuang-filling-coating-E2	loadPressure	measured
obj_equipment_LINE-WS-zaozhuang-filling-winding-E1	equipmentFailure	measured
obj_equipment_LINE-WS-zaozhuang-filling-winding-E1	loadPressure	measured
obj_equipment_LINE-WS-zaozhuang-filling-winding-E2	equipmentFailure	measured
obj_equipment_LINE-WS-zaozhuang-filling-winding-E2	loadPressure	measured
obj_equipment_LINE-WS-zaozhuang-formation-assembly-E1	equipmentFailure	measured
obj_equipment_LINE-WS-zaozhuang-formation-assembly-E1	loadPressure	measured
obj_equipment_LINE-WS-zaozhuang-formation-assembly-E2	equipmentFailure	measured
obj_equipment_LINE-WS-zaozhuang-formation-assembly-E2	loadPressure	measured
obj_equipment_LINE-WS-zaozhuang-formation-coating-E1	equipmentFailure	measured
obj_equipment_LINE-WS-zaozhuang-formation-coating-E1	loadPressure	measured
obj_equipment_LINE-WS-zaozhuang-formation-coating-E2	equipmentFailure	measured
obj_equipment_LINE-WS-zaozhuang-formation-coating-E2	loadPressure	measured
obj_equipment_LINE-WS-zaozhuang-formation-winding-E1	equipmentFailure	measured
obj_equipment_LINE-WS-zaozhuang-formation-winding-E1	loadPressure	measured
obj_equipment_LINE-WS-zaozhuang-formation-winding-E2	equipmentFailure	measured
obj_equipment_LINE-WS-zaozhuang-formation-winding-E2	loadPressure	measured
obj_equipment_LINE-WS-zaozhuang-grading-assembly-E1	equipmentFailure	measured
obj_equipment_LINE-WS-zaozhuang-grading-assembly-E1	loadPressure	measured
obj_equipment_LINE-WS-zaozhuang-grading-assembly-E2	equipmentFailure	measured
obj_equipment_LINE-WS-zaozhuang-grading-assembly-E2	loadPressure	measured
obj_equipment_LINE-WS-zaozhuang-grading-coating-E1	equipmentFailure	measured
obj_equipment_LINE-WS-zaozhuang-grading-coating-E1	loadPressure	measured
obj_equipment_LINE-WS-zaozhuang-grading-coating-E2	equipmentFailure	measured
obj_equipment_LINE-WS-zaozhuang-grading-coating-E2	loadPressure	measured
obj_equipment_LINE-WS-zaozhuang-grading-winding-E1	equipmentFailure	measured
obj_equipment_LINE-WS-zaozhuang-grading-winding-E1	loadPressure	measured
obj_equipment_LINE-WS-zaozhuang-grading-winding-E2	equipmentFailure	measured
obj_equipment_LINE-WS-zaozhuang-grading-winding-E2	loadPressure	measured
obj_equipment_LINE-WS-zaozhuang-pack-assembly-E1	equipmentFailure	measured
obj_equipment_LINE-WS-zaozhuang-pack-assembly-E1	loadPressure	measured
obj_equipment_LINE-WS-zaozhuang-pack-assembly-E2	equipmentFailure	measured
obj_equipment_LINE-WS-zaozhuang-pack-assembly-E2	loadPressure	measured
obj_equipment_LINE-WS-zaozhuang-pack-coating-E1	equipmentFailure	measured
obj_equipment_LINE-WS-zaozhuang-pack-coating-E1	loadPressure	measured
obj_equipment_LINE-WS-zaozhuang-pack-coating-E2	equipmentFailure	measured
obj_equipment_LINE-WS-zaozhuang-pack-coating-E2	loadPressure	measured
obj_equipment_LINE-WS-zaozhuang-pack-winding-E1	equipmentFailure	measured
obj_equipment_LINE-WS-zaozhuang-pack-winding-E1	loadPressure	measured
obj_equipment_LINE-WS-zaozhuang-pack-winding-E2	equipmentFailure	measured
obj_equipment_LINE-WS-zaozhuang-pack-winding-E2	loadPressure	measured
obj_equipment_LINE-WS-zaozhuang-slitting-assembly-E1	equipmentFailure	measured
obj_equipment_LINE-WS-zaozhuang-slitting-assembly-E1	loadPressure	measured
obj_equipment_LINE-WS-zaozhuang-slitting-assembly-E2	equipmentFailure	measured
obj_equipment_LINE-WS-zaozhuang-slitting-assembly-E2	loadPressure	measured
obj_equipment_LINE-WS-zaozhuang-slitting-coating-E1	equipmentFailure	measured
obj_equipment_LINE-WS-zaozhuang-slitting-coating-E1	loadPressure	measured
obj_equipment_LINE-WS-zaozhuang-slitting-coating-E2	equipmentFailure	measured
obj_equipment_LINE-WS-zaozhuang-slitting-coating-E2	loadPressure	measured
obj_equipment_LINE-WS-zaozhuang-slitting-winding-E1	equipmentFailure	measured
obj_equipment_LINE-WS-zaozhuang-slitting-winding-E1	loadPressure	measured
obj_equipment_LINE-WS-zaozhuang-slitting-winding-E2	equipmentFailure	measured
obj_equipment_LINE-WS-zaozhuang-slitting-winding-E2	loadPressure	measured
obj_equipment_LINE-WS-zaozhuang-slurry-assembly-E1	equipmentFailure	measured
obj_equipment_LINE-WS-zaozhuang-slurry-assembly-E1	loadPressure	measured
obj_equipment_LINE-WS-zaozhuang-slurry-assembly-E2	equipmentFailure	measured
obj_equipment_LINE-WS-zaozhuang-slurry-assembly-E2	loadPressure	measured
obj_equipment_LINE-WS-zaozhuang-slurry-coating-E1	equipmentFailure	measured
obj_equipment_LINE-WS-zaozhuang-slurry-coating-E1	loadPressure	measured
obj_equipment_LINE-WS-zaozhuang-slurry-coating-E2	equipmentFailure	measured
obj_equipment_LINE-WS-zaozhuang-slurry-coating-E2	loadPressure	measured
obj_equipment_LINE-WS-zaozhuang-slurry-winding-E1	equipmentFailure	measured
obj_equipment_LINE-WS-zaozhuang-slurry-winding-E1	loadPressure	measured
obj_equipment_LINE-WS-zaozhuang-slurry-winding-E2	equipmentFailure	measured
obj_equipment_LINE-WS-zaozhuang-slurry-winding-E2	loadPressure	measured
obj_equipment_LINE-WS-zaozhuang-winding-assembly-E1	equipmentFailure	measured
obj_equipment_LINE-WS-zaozhuang-winding-assembly-E1	loadPressure	measured
obj_equipment_LINE-WS-zaozhuang-winding-assembly-E2	equipmentFailure	measured
obj_equipment_LINE-WS-zaozhuang-winding-assembly-E2	loadPressure	measured
obj_equipment_LINE-WS-zaozhuang-winding-coating-E1	equipmentFailure	measured
obj_equipment_LINE-WS-zaozhuang-winding-coating-E1	loadPressure	measured
obj_equipment_LINE-WS-zaozhuang-winding-coating-E2	equipmentFailure	measured
obj_equipment_LINE-WS-zaozhuang-winding-coating-E2	loadPressure	measured
obj_equipment_LINE-WS-zaozhuang-winding-winding-E1	equipmentFailure	measured
obj_equipment_LINE-WS-zaozhuang-winding-winding-E1	loadPressure	measured
obj_equipment_LINE-WS-zaozhuang-winding-winding-E2	equipmentFailure	measured
obj_equipment_LINE-WS-zaozhuang-winding-winding-E2	loadPressure	measured
obj_equipment_LINE-WS-zigong-assembly-assembly-E1	equipmentFailure	measured
obj_equipment_LINE-WS-zigong-assembly-assembly-E1	loadPressure	measured
obj_equipment_LINE-WS-zigong-assembly-assembly-E2	equipmentFailure	measured
obj_equipment_LINE-WS-zigong-assembly-assembly-E2	loadPressure	measured
obj_equipment_LINE-WS-zigong-assembly-coating-E1	equipmentFailure	measured
obj_equipment_LINE-WS-zigong-assembly-coating-E1	loadPressure	measured
obj_equipment_LINE-WS-zigong-assembly-coating-E2	equipmentFailure	measured
obj_equipment_LINE-WS-zigong-assembly-coating-E2	loadPressure	measured
obj_equipment_LINE-WS-zigong-assembly-winding-E1	equipmentFailure	measured
obj_equipment_LINE-WS-zigong-assembly-winding-E1	loadPressure	measured
obj_equipment_LINE-WS-zigong-assembly-winding-E2	equipmentFailure	measured
obj_equipment_LINE-WS-zigong-assembly-winding-E2	loadPressure	measured
obj_equipment_LINE-WS-zigong-calendering-assembly-E1	equipmentFailure	measured
obj_equipment_LINE-WS-zigong-calendering-assembly-E1	loadPressure	measured
obj_equipment_LINE-WS-zigong-calendering-assembly-E2	equipmentFailure	measured
obj_equipment_LINE-WS-zigong-calendering-assembly-E2	loadPressure	measured
obj_equipment_LINE-WS-zigong-calendering-coating-E1	equipmentFailure	measured
obj_equipment_LINE-WS-zigong-calendering-coating-E1	loadPressure	measured
obj_equipment_LINE-WS-zigong-calendering-coating-E2	equipmentFailure	measured
obj_equipment_LINE-WS-zigong-calendering-coating-E2	loadPressure	measured
obj_equipment_LINE-WS-zigong-calendering-winding-E1	equipmentFailure	measured
obj_equipment_LINE-WS-zigong-calendering-winding-E1	loadPressure	measured
obj_equipment_LINE-WS-zigong-calendering-winding-E2	equipmentFailure	measured
obj_equipment_LINE-WS-zigong-calendering-winding-E2	loadPressure	measured
obj_equipment_LINE-WS-zigong-coating-assembly-E1	equipmentFailure	measured
obj_equipment_LINE-WS-zigong-coating-assembly-E1	loadPressure	measured
obj_equipment_LINE-WS-zigong-coating-assembly-E2	equipmentFailure	measured
obj_equipment_LINE-WS-zigong-coating-assembly-E2	loadPressure	measured
obj_equipment_LINE-WS-zigong-coating-coating-E1	equipmentFailure	measured
obj_equipment_LINE-WS-zigong-coating-coating-E1	loadPressure	measured
obj_equipment_LINE-WS-zigong-coating-coating-E2	equipmentFailure	measured
obj_equipment_LINE-WS-zigong-coating-coating-E2	loadPressure	measured
obj_equipment_LINE-WS-zigong-coating-winding-E1	equipmentFailure	measured
obj_equipment_LINE-WS-zigong-coating-winding-E1	loadPressure	measured
obj_equipment_LINE-WS-zigong-coating-winding-E2	equipmentFailure	measured
obj_equipment_LINE-WS-zigong-coating-winding-E2	loadPressure	measured
obj_equipment_LINE-WS-zigong-filling-assembly-E1	equipmentFailure	measured
obj_equipment_LINE-WS-zigong-filling-assembly-E1	loadPressure	measured
obj_equipment_LINE-WS-zigong-filling-assembly-E2	equipmentFailure	measured
obj_equipment_LINE-WS-zigong-filling-assembly-E2	loadPressure	measured
obj_equipment_LINE-WS-zigong-filling-coating-E1	equipmentFailure	measured
obj_equipment_LINE-WS-zigong-filling-coating-E1	loadPressure	measured
obj_equipment_LINE-WS-zigong-filling-coating-E2	equipmentFailure	measured
obj_equipment_LINE-WS-zigong-filling-coating-E2	loadPressure	measured
obj_equipment_LINE-WS-zigong-filling-winding-E1	equipmentFailure	measured
obj_equipment_LINE-WS-zigong-filling-winding-E1	loadPressure	measured
obj_equipment_LINE-WS-zigong-filling-winding-E2	equipmentFailure	measured
obj_equipment_LINE-WS-zigong-filling-winding-E2	loadPressure	measured
obj_equipment_LINE-WS-zigong-formation-assembly-E1	equipmentFailure	measured
obj_equipment_LINE-WS-zigong-formation-assembly-E1	loadPressure	measured
obj_equipment_LINE-WS-zigong-formation-assembly-E2	equipmentFailure	measured
obj_equipment_LINE-WS-zigong-formation-assembly-E2	loadPressure	measured
obj_equipment_LINE-WS-zigong-formation-coating-E1	equipmentFailure	measured
obj_equipment_LINE-WS-zigong-formation-coating-E1	loadPressure	measured
obj_equipment_LINE-WS-zigong-formation-coating-E2	equipmentFailure	measured
obj_equipment_LINE-WS-zigong-formation-coating-E2	loadPressure	measured
obj_equipment_LINE-WS-zigong-formation-winding-E1	equipmentFailure	measured
obj_equipment_LINE-WS-zigong-formation-winding-E1	loadPressure	measured
obj_equipment_LINE-WS-zigong-formation-winding-E2	equipmentFailure	measured
obj_equipment_LINE-WS-zigong-formation-winding-E2	loadPressure	measured
obj_equipment_LINE-WS-zigong-grading-assembly-E1	equipmentFailure	measured
obj_equipment_LINE-WS-zigong-grading-assembly-E1	loadPressure	measured
obj_equipment_LINE-WS-zigong-grading-assembly-E2	equipmentFailure	measured
obj_equipment_LINE-WS-zigong-grading-assembly-E2	loadPressure	measured
obj_equipment_LINE-WS-zigong-grading-coating-E1	equipmentFailure	measured
obj_equipment_LINE-WS-zigong-grading-coating-E1	loadPressure	measured
obj_equipment_LINE-WS-zigong-grading-coating-E2	equipmentFailure	measured
obj_equipment_LINE-WS-zigong-grading-coating-E2	loadPressure	measured
obj_equipment_LINE-WS-zigong-grading-winding-E1	equipmentFailure	measured
obj_equipment_LINE-WS-zigong-grading-winding-E1	loadPressure	measured
obj_equipment_LINE-WS-zigong-grading-winding-E2	equipmentFailure	measured
obj_equipment_LINE-WS-zigong-grading-winding-E2	loadPressure	measured
obj_equipment_LINE-WS-zigong-pack-assembly-E1	equipmentFailure	measured
obj_equipment_LINE-WS-zigong-pack-assembly-E1	loadPressure	measured
obj_equipment_LINE-WS-zigong-pack-assembly-E2	equipmentFailure	measured
obj_equipment_LINE-WS-zigong-pack-assembly-E2	loadPressure	measured
obj_equipment_LINE-WS-zigong-pack-coating-E1	equipmentFailure	measured
obj_equipment_LINE-WS-zigong-pack-coating-E1	loadPressure	measured
obj_equipment_LINE-WS-zigong-pack-coating-E2	equipmentFailure	measured
obj_equipment_LINE-WS-zigong-pack-coating-E2	loadPressure	measured
obj_equipment_LINE-WS-zigong-pack-winding-E1	equipmentFailure	measured
obj_equipment_LINE-WS-zigong-pack-winding-E1	loadPressure	measured
obj_equipment_LINE-WS-zigong-pack-winding-E2	equipmentFailure	measured
obj_equipment_LINE-WS-zigong-pack-winding-E2	loadPressure	measured
obj_equipment_LINE-WS-zigong-slitting-assembly-E1	equipmentFailure	measured
obj_equipment_LINE-WS-zigong-slitting-assembly-E1	loadPressure	measured
obj_equipment_LINE-WS-zigong-slitting-assembly-E2	equipmentFailure	measured
obj_equipment_LINE-WS-zigong-slitting-assembly-E2	loadPressure	measured
obj_equipment_LINE-WS-zigong-slitting-coating-E1	equipmentFailure	measured
obj_equipment_LINE-WS-zigong-slitting-coating-E1	loadPressure	measured
obj_equipment_LINE-WS-zigong-slitting-coating-E2	equipmentFailure	measured
obj_equipment_LINE-WS-zigong-slitting-coating-E2	loadPressure	measured
obj_equipment_LINE-WS-zigong-slitting-winding-E1	equipmentFailure	measured
obj_equipment_LINE-WS-zigong-slitting-winding-E1	loadPressure	measured
obj_equipment_LINE-WS-zigong-slitting-winding-E2	equipmentFailure	measured
obj_equipment_LINE-WS-zigong-slitting-winding-E2	loadPressure	measured
obj_equipment_LINE-WS-zigong-slurry-assembly-E1	equipmentFailure	measured
obj_equipment_LINE-WS-zigong-slurry-assembly-E1	loadPressure	measured
obj_equipment_LINE-WS-zigong-slurry-assembly-E2	equipmentFailure	measured
obj_equipment_LINE-WS-zigong-slurry-assembly-E2	loadPressure	measured
obj_equipment_LINE-WS-zigong-slurry-coating-E1	equipmentFailure	measured
obj_equipment_LINE-WS-zigong-slurry-coating-E1	loadPressure	measured
obj_equipment_LINE-WS-zigong-slurry-coating-E2	equipmentFailure	measured
obj_equipment_LINE-WS-zigong-slurry-coating-E2	loadPressure	measured
obj_equipment_LINE-WS-zigong-slurry-winding-E1	equipmentFailure	measured
obj_equipment_LINE-WS-zigong-slurry-winding-E1	loadPressure	measured
obj_equipment_LINE-WS-zigong-slurry-winding-E2	equipmentFailure	measured
obj_equipment_LINE-WS-zigong-slurry-winding-E2	loadPressure	measured
obj_equipment_LINE-WS-zigong-winding-assembly-E1	equipmentFailure	measured
obj_equipment_LINE-WS-zigong-winding-assembly-E1	loadPressure	measured
obj_equipment_LINE-WS-zigong-winding-assembly-E2	equipmentFailure	measured
obj_equipment_LINE-WS-zigong-winding-assembly-E2	loadPressure	measured
obj_equipment_LINE-WS-zigong-winding-coating-E1	equipmentFailure	measured
obj_equipment_LINE-WS-zigong-winding-coating-E1	loadPressure	measured
obj_equipment_LINE-WS-zigong-winding-coating-E2	equipmentFailure	measured
obj_equipment_LINE-WS-zigong-winding-coating-E2	loadPressure	measured
obj_equipment_LINE-WS-zigong-winding-winding-E1	equipmentFailure	measured
obj_equipment_LINE-WS-zigong-winding-winding-E1	loadPressure	measured
obj_equipment_LINE-WS-zigong-winding-winding-E2	equipmentFailure	measured
obj_equipment_LINE-WS-zigong-winding-winding-E2	loadPressure	measured
obj_exceptionevent_EXC-AL-ALM-LINE-WS-changzhou-assembly-coating-E1	handlingBacklog	derived
obj_exceptionevent_EXC-AL-ALM-LINE-WS-changzhou-coating-coating-E1	handlingBacklog	derived
obj_exceptionevent_EXC-AL-ALM-LINE-WS-changzhou-coating-winding-E1	handlingBacklog	derived
obj_exceptionevent_EXC-AL-ALM-LINE-WS-changzhou-formation-coating-E1	handlingBacklog	derived
obj_exceptionevent_EXC-AL-ALM-LINE-WS-changzhou-grading-assembly-E2	handlingBacklog	derived
obj_exceptionevent_EXC-AL-ALM-LINE-WS-changzhou-slitting-assembly-E1	handlingBacklog	derived
obj_exceptionevent_EXC-AL-ALM-LINE-WS-changzhou-slurry-assembly-E1	handlingBacklog	derived
obj_exceptionevent_EXC-AL-ALM-LINE-WS-changzhou-slurry-coating-E2	handlingBacklog	derived
obj_exceptionevent_EXC-AL-ALM-LINE-WS-changzhou-winding-coating-E1	handlingBacklog	derived
obj_exceptionevent_EXC-AL-ALM-LINE-WS-chengdu-assembly-assembly-E2	handlingBacklog	derived
obj_exceptionevent_EXC-AL-ALM-LINE-WS-chengdu-assembly-winding-E1	handlingBacklog	derived
obj_exceptionevent_EXC-AL-ALM-LINE-WS-chengdu-calendering-coating-E1	handlingBacklog	derived
obj_exceptionevent_EXC-AL-ALM-LINE-WS-chengdu-calendering-coating-E2	handlingBacklog	derived
obj_exceptionevent_EXC-AL-ALM-LINE-WS-chengdu-coating-assembly-E1	handlingBacklog	derived
obj_exceptionevent_EXC-AL-ALM-LINE-WS-chengdu-filling-coating-E1	handlingBacklog	derived
obj_exceptionevent_EXC-AL-ALM-LINE-WS-chengdu-formation-assembly-E2	handlingBacklog	derived
obj_exceptionevent_EXC-AL-ALM-LINE-WS-chengdu-pack-assembly-E2	handlingBacklog	derived
obj_exceptionevent_EXC-AL-ALM-LINE-WS-chengdu-winding-coating-E2	handlingBacklog	derived
obj_exceptionevent_EXC-AL-ALM-LINE-WS-handan-calendering-coating-E1	handlingBacklog	derived
obj_exceptionevent_EXC-AL-ALM-LINE-WS-handan-coating-coating-E1	handlingBacklog	derived
obj_exceptionevent_EXC-AL-ALM-LINE-WS-handan-grading-coating-E1	handlingBacklog	derived
obj_exceptionevent_EXC-AL-ALM-LINE-WS-handan-pack-assembly-E2	handlingBacklog	derived
obj_exceptionevent_EXC-AL-ALM-LINE-WS-handan-pack-coating-E2	handlingBacklog	derived
obj_exceptionevent_EXC-AL-ALM-LINE-WS-hefei-calendering-winding-E2	handlingBacklog	derived
obj_exceptionevent_EXC-AL-ALM-LINE-WS-hefei-pack-coating-E1	handlingBacklog	derived
obj_exceptionevent_EXC-AL-ALM-LINE-WS-hefei-pack-winding-E1	handlingBacklog	derived
obj_exceptionevent_EXC-AL-ALM-LINE-WS-jiangmen-filling-coating-E1	handlingBacklog	derived
obj_exceptionevent_EXC-AL-ALM-LINE-WS-jiangmen-formation-coating-E1	handlingBacklog	derived
obj_exceptionevent_EXC-AL-ALM-LINE-WS-jiangmen-grading-coating-E2	handlingBacklog	derived
obj_exceptionevent_EXC-AL-ALM-LINE-WS-jiangmen-grading-winding-E2	handlingBacklog	derived
obj_exceptionevent_EXC-AL-ALM-LINE-WS-jiangmen-pack-winding-E2	handlingBacklog	derived
obj_exceptionevent_EXC-AL-ALM-LINE-WS-jiangmen-slitting-coating-E2	handlingBacklog	derived
obj_exceptionevent_EXC-AL-ALM-LINE-WS-jiangmen-slitting-winding-E2	handlingBacklog	derived
obj_exceptionevent_EXC-AL-ALM-LINE-WS-jiangmen-slurry-assembly-E2	handlingBacklog	derived
obj_exceptionevent_EXC-AL-ALM-LINE-WS-jiangmen-slurry-coating-E2	handlingBacklog	derived
obj_exceptionevent_EXC-AL-ALM-LINE-WS-jinhua-calendering-assembly-E2	handlingBacklog	derived
obj_exceptionevent_EXC-AL-ALM-LINE-WS-jinhua-formation-coating-E2	handlingBacklog	derived
obj_exceptionevent_EXC-AL-ALM-LINE-WS-jinhua-grading-assembly-E1	handlingBacklog	derived
obj_exceptionevent_EXC-AL-ALM-LINE-WS-jinhua-grading-coating-E2	handlingBacklog	derived
obj_exceptionevent_EXC-AL-ALM-LINE-WS-jinhua-grading-winding-E2	handlingBacklog	derived
obj_exceptionevent_EXC-AL-ALM-LINE-WS-jinhua-slitting-coating-E1	handlingBacklog	derived
obj_exceptionevent_EXC-AL-ALM-LINE-WS-jinhua-winding-assembly-E2	handlingBacklog	derived
obj_exceptionevent_EXC-AL-ALM-LINE-WS-meishan-assembly-assembly-E2	handlingBacklog	derived
obj_exceptionevent_EXC-AL-ALM-LINE-WS-meishan-filling-winding-E2	handlingBacklog	derived
obj_exceptionevent_EXC-AL-ALM-LINE-WS-meishan-formation-assembly-E1	handlingBacklog	derived
obj_exceptionevent_EXC-AL-ALM-LINE-WS-meishan-formation-assembly-E2	handlingBacklog	derived
obj_exceptionevent_EXC-AL-ALM-LINE-WS-meishan-formation-winding-E1	handlingBacklog	derived
obj_exceptionevent_EXC-AL-ALM-LINE-WS-meishan-slitting-winding-E1	handlingBacklog	derived
obj_exceptionevent_EXC-AL-ALM-LINE-WS-meishan-slurry-assembly-E2	handlingBacklog	derived
obj_exceptionevent_EXC-AL-ALM-LINE-WS-meishan-slurry-winding-E1	handlingBacklog	derived
obj_exceptionevent_EXC-AL-ALM-LINE-WS-wuhan-assembly-assembly-E1	handlingBacklog	derived
obj_exceptionevent_EXC-AL-ALM-LINE-WS-wuhan-assembly-coating-E2	handlingBacklog	derived
obj_exceptionevent_EXC-AL-ALM-LINE-WS-wuhan-calendering-assembly-E2	handlingBacklog	derived
obj_exceptionevent_EXC-AL-ALM-LINE-WS-wuhan-calendering-coating-E2	handlingBacklog	derived
obj_exceptionevent_EXC-AL-ALM-LINE-WS-wuhan-filling-assembly-E2	handlingBacklog	derived
obj_exceptionevent_EXC-AL-ALM-LINE-WS-wuhan-grading-winding-E2	handlingBacklog	derived
obj_exceptionevent_EXC-AL-ALM-LINE-WS-wuhan-slitting-coating-E2	handlingBacklog	derived
obj_exceptionevent_EXC-AL-ALM-LINE-WS-wuhan-slurry-coating-E1	handlingBacklog	derived
obj_exceptionevent_EXC-AL-ALM-LINE-WS-wuhan-slurry-winding-E2	handlingBacklog	derived
obj_exceptionevent_EXC-AL-ALM-LINE-WS-wuhan-winding-winding-E1	handlingBacklog	derived
obj_exceptionevent_EXC-AL-ALM-LINE-WS-xiamen-assembly-assembly-E1	handlingBacklog	derived
obj_exceptionevent_EXC-AL-ALM-LINE-WS-xiamen-assembly-assembly-E2	handlingBacklog	derived
obj_exceptionevent_EXC-AL-ALM-LINE-WS-xiamen-assembly-winding-E1	handlingBacklog	derived
obj_exceptionevent_EXC-AL-ALM-LINE-WS-xiamen-coating-assembly-E2	handlingBacklog	derived
obj_exceptionevent_EXC-AL-ALM-LINE-WS-xiamen-coating-winding-E1	handlingBacklog	derived
obj_exceptionevent_EXC-AL-ALM-LINE-WS-xiamen-grading-winding-E1	handlingBacklog	derived
obj_exceptionevent_EXC-AL-ALM-LINE-WS-xiamen-pack-assembly-E2	handlingBacklog	derived
obj_exceptionevent_EXC-AL-ALM-LINE-WS-xiamen-slurry-coating-E1	handlingBacklog	derived
obj_exceptionevent_EXC-AL-ALM-LINE-WS-xiamen-slurry-winding-E2	handlingBacklog	derived
obj_exceptionevent_EXC-AL-ALM-LINE-WS-xiamen-winding-assembly-E2	handlingBacklog	derived
obj_exceptionevent_EXC-AL-ALM-LINE-WS-xinyang-assembly-winding-E1	handlingBacklog	derived
obj_exceptionevent_EXC-AL-ALM-LINE-WS-xinyang-calendering-winding-E2	handlingBacklog	derived
obj_exceptionevent_EXC-AL-ALM-LINE-WS-xinyang-coating-coating-E1	handlingBacklog	derived
obj_exceptionevent_EXC-AL-ALM-LINE-WS-xinyang-coating-coating-E2	handlingBacklog	derived
obj_exceptionevent_EXC-AL-ALM-LINE-WS-xinyang-coating-winding-E1	handlingBacklog	derived
obj_exceptionevent_EXC-AL-ALM-LINE-WS-xinyang-pack-assembly-E2	handlingBacklog	derived
obj_exceptionevent_EXC-AL-ALM-LINE-WS-xinyang-slurry-coating-E2	handlingBacklog	derived
obj_exceptionevent_EXC-AL-ALM-LINE-WS-xinyang-slurry-winding-E2	handlingBacklog	derived
obj_exceptionevent_EXC-AL-ALM-LINE-WS-yangzhou-assembly-winding-E1	handlingBacklog	derived
obj_exceptionevent_EXC-AL-ALM-LINE-WS-yangzhou-calendering-assembly-E2	handlingBacklog	derived
obj_exceptionevent_EXC-AL-ALM-LINE-WS-yangzhou-coating-assembly-E1	handlingBacklog	derived
obj_exceptionevent_EXC-AL-ALM-LINE-WS-yangzhou-filling-coating-E2	handlingBacklog	derived
obj_exceptionevent_EXC-AL-ALM-LINE-WS-yangzhou-filling-winding-E2	handlingBacklog	derived
obj_exceptionevent_EXC-AL-ALM-LINE-WS-yangzhou-pack-coating-E1	handlingBacklog	derived
obj_exceptionevent_EXC-AL-ALM-LINE-WS-yangzhou-pack-winding-E2	handlingBacklog	derived
obj_exceptionevent_EXC-AL-ALM-LINE-WS-yangzhou-slurry-winding-E1	handlingBacklog	derived
obj_exceptionevent_EXC-AL-ALM-LINE-WS-yangzhou-winding-assembly-E1	handlingBacklog	derived
obj_exceptionevent_EXC-AL-ALM-LINE-WS-yangzhou-winding-winding-E1	handlingBacklog	derived
obj_exceptionevent_EXC-AL-ALM-LINE-WS-zaozhuang-assembly-coating-E1	handlingBacklog	derived
obj_exceptionevent_EXC-AL-ALM-LINE-WS-zaozhuang-assembly-winding-E1	handlingBacklog	derived
obj_exceptionevent_EXC-AL-ALM-LINE-WS-zaozhuang-calendering-coating-E1	handlingBacklog	derived
obj_exceptionevent_EXC-AL-ALM-LINE-WS-zaozhuang-coating-assembly-E2	handlingBacklog	derived
obj_exceptionevent_EXC-AL-ALM-LINE-WS-zaozhuang-coating-coating-E1	handlingBacklog	derived
obj_exceptionevent_EXC-AL-ALM-LINE-WS-zaozhuang-coating-winding-E1	handlingBacklog	derived
obj_exceptionevent_EXC-AL-ALM-LINE-WS-zaozhuang-filling-assembly-E1	handlingBacklog	derived
obj_exceptionevent_EXC-AL-ALM-LINE-WS-zaozhuang-filling-coating-E2	handlingBacklog	derived
obj_exceptionevent_EXC-AL-ALM-LINE-WS-zaozhuang-formation-winding-E2	handlingBacklog	derived
obj_exceptionevent_EXC-AL-ALM-LINE-WS-zaozhuang-grading-coating-E1	handlingBacklog	derived
obj_exceptionevent_EXC-AL-ALM-LINE-WS-zaozhuang-pack-assembly-E1	handlingBacklog	derived
obj_exceptionevent_EXC-AL-ALM-LINE-WS-zaozhuang-pack-assembly-E2	handlingBacklog	derived
obj_exceptionevent_EXC-AL-ALM-LINE-WS-zaozhuang-winding-assembly-E1	handlingBacklog	derived
obj_exceptionevent_EXC-AL-ALM-LINE-WS-zigong-assembly-coating-E1	handlingBacklog	derived
obj_exceptionevent_EXC-AL-ALM-LINE-WS-zigong-calendering-coating-E2	handlingBacklog	derived
obj_exceptionevent_EXC-AL-ALM-LINE-WS-zigong-coating-coating-E1	handlingBacklog	derived
obj_exceptionevent_EXC-AL-ALM-LINE-WS-zigong-coating-coating-E2	handlingBacklog	derived
obj_exceptionevent_EXC-AL-ALM-LINE-WS-zigong-filling-assembly-E2	handlingBacklog	derived
obj_exceptionevent_EXC-AL-ALM-LINE-WS-zigong-formation-winding-E2	handlingBacklog	derived
obj_exceptionevent_EXC-AL-ALM-LINE-WS-zigong-slitting-coating-E1	handlingBacklog	derived
obj_exceptionevent_EXC-AL-ALM-LINE-WS-zigong-slitting-winding-E1	handlingBacklog	derived
obj_exceptionevent_EXC-AL-ALM-LINE-WS-zigong-slurry-assembly-E2	handlingBacklog	derived
obj_exceptionevent_EXC-AL-ALM-LINE-WS-zigong-winding-winding-E2	handlingBacklog	derived
obj_exceptionevent_EXC-DF-DEF-WO-LINE-WS-changzhou-assembly-1	handlingBacklog	derived
obj_exceptionevent_EXC-DF-DEF-WO-LINE-WS-changzhou-calendering-1	handlingBacklog	derived
obj_exceptionevent_EXC-DF-DEF-WO-LINE-WS-changzhou-grading-0	handlingBacklog	derived
obj_exceptionevent_EXC-DF-DEF-WO-LINE-WS-changzhou-grading-1	handlingBacklog	derived
obj_exceptionevent_EXC-DF-DEF-WO-LINE-WS-changzhou-slitting-0	handlingBacklog	derived
obj_exceptionevent_EXC-DF-DEF-WO-LINE-WS-changzhou-slurry-0	handlingBacklog	derived
obj_exceptionevent_EXC-DF-DEF-WO-LINE-WS-chengdu-assembly-1	handlingBacklog	derived
obj_exceptionevent_EXC-DF-DEF-WO-LINE-WS-chengdu-filling-1	handlingBacklog	derived
obj_exceptionevent_EXC-DF-DEF-WO-LINE-WS-chengdu-grading-0	handlingBacklog	derived
obj_exceptionevent_EXC-DF-DEF-WO-LINE-WS-chengdu-pack-0	handlingBacklog	derived
obj_exceptionevent_EXC-DF-DEF-WO-LINE-WS-chengdu-slitting-0	handlingBacklog	derived
obj_exceptionevent_EXC-DF-DEF-WO-LINE-WS-chengdu-winding-0	handlingBacklog	derived
obj_exceptionevent_EXC-DF-DEF-WO-LINE-WS-chengdu-winding-1	handlingBacklog	derived
obj_exceptionevent_EXC-DF-DEF-WO-LINE-WS-handan-filling-0	handlingBacklog	derived
obj_exceptionevent_EXC-DF-DEF-WO-LINE-WS-handan-grading-0	handlingBacklog	derived
obj_exceptionevent_EXC-DF-DEF-WO-LINE-WS-handan-pack-0	handlingBacklog	derived
obj_exceptionevent_EXC-DF-DEF-WO-LINE-WS-handan-slitting-0	handlingBacklog	derived
obj_exceptionevent_EXC-DF-DEF-WO-LINE-WS-handan-slitting-1	handlingBacklog	derived
obj_exceptionevent_EXC-DF-DEF-WO-LINE-WS-handan-slurry-0	handlingBacklog	derived
obj_exceptionevent_EXC-DF-DEF-WO-LINE-WS-handan-slurry-1	handlingBacklog	derived
obj_exceptionevent_EXC-DF-DEF-WO-LINE-WS-hefei-assembly-1	handlingBacklog	derived
obj_exceptionevent_EXC-DF-DEF-WO-LINE-WS-hefei-calendering-1	handlingBacklog	derived
obj_exceptionevent_EXC-DF-DEF-WO-LINE-WS-hefei-coating-0	handlingBacklog	derived
obj_exceptionevent_EXC-DF-DEF-WO-LINE-WS-hefei-filling-0	handlingBacklog	derived
obj_exceptionevent_EXC-DF-DEF-WO-LINE-WS-hefei-filling-1	handlingBacklog	derived
obj_exceptionevent_EXC-DF-DEF-WO-LINE-WS-hefei-formation-0	handlingBacklog	derived
obj_exceptionevent_EXC-DF-DEF-WO-LINE-WS-jiangmen-assembly-0	handlingBacklog	derived
obj_exceptionevent_EXC-DF-DEF-WO-LINE-WS-jiangmen-calendering-0	handlingBacklog	derived
obj_exceptionevent_EXC-DF-DEF-WO-LINE-WS-jiangmen-filling-0	handlingBacklog	derived
obj_exceptionevent_EXC-DF-DEF-WO-LINE-WS-jiangmen-filling-1	handlingBacklog	derived
obj_exceptionevent_EXC-DF-DEF-WO-LINE-WS-jiangmen-formation-0	handlingBacklog	derived
obj_exceptionevent_EXC-DF-DEF-WO-LINE-WS-jiangmen-slurry-1	handlingBacklog	derived
obj_exceptionevent_EXC-DF-DEF-WO-LINE-WS-jinhua-assembly-1	handlingBacklog	derived
obj_exceptionevent_EXC-DF-DEF-WO-LINE-WS-jinhua-calendering-0	handlingBacklog	derived
obj_exceptionevent_EXC-DF-DEF-WO-LINE-WS-jinhua-filling-0	handlingBacklog	derived
obj_exceptionevent_EXC-DF-DEF-WO-LINE-WS-jinhua-filling-1	handlingBacklog	derived
obj_exceptionevent_EXC-DF-DEF-WO-LINE-WS-jinhua-formation-1	handlingBacklog	derived
obj_exceptionevent_EXC-DF-DEF-WO-LINE-WS-jinhua-pack-1	handlingBacklog	derived
obj_exceptionevent_EXC-DF-DEF-WO-LINE-WS-jinhua-slurry-0	handlingBacklog	derived
obj_exceptionevent_EXC-DF-DEF-WO-LINE-WS-jinhua-slurry-1	handlingBacklog	derived
obj_exceptionevent_EXC-DF-DEF-WO-LINE-WS-jinhua-winding-0	handlingBacklog	derived
obj_exceptionevent_EXC-DF-DEF-WO-LINE-WS-jinhua-winding-1	handlingBacklog	derived
obj_exceptionevent_EXC-DF-DEF-WO-LINE-WS-meishan-calendering-1	handlingBacklog	derived
obj_exceptionevent_EXC-DF-DEF-WO-LINE-WS-meishan-formation-0	handlingBacklog	derived
obj_exceptionevent_EXC-DF-DEF-WO-LINE-WS-meishan-slitting-1	handlingBacklog	derived
obj_exceptionevent_EXC-DF-DEF-WO-LINE-WS-meishan-slurry-0	handlingBacklog	derived
obj_exceptionevent_EXC-DF-DEF-WO-LINE-WS-meishan-winding-1	handlingBacklog	derived
obj_exceptionevent_EXC-DF-DEF-WO-LINE-WS-wuhan-calendering-0	handlingBacklog	derived
obj_exceptionevent_EXC-DF-DEF-WO-LINE-WS-wuhan-grading-0	handlingBacklog	derived
obj_exceptionevent_EXC-DF-DEF-WO-LINE-WS-wuhan-slitting-0	handlingBacklog	derived
obj_exceptionevent_EXC-DF-DEF-WO-LINE-WS-wuhan-slurry-0	handlingBacklog	derived
obj_exceptionevent_EXC-DF-DEF-WO-LINE-WS-wuhan-winding-0	handlingBacklog	derived
obj_exceptionevent_EXC-DF-DEF-WO-LINE-WS-xiamen-calendering-0	handlingBacklog	derived
obj_exceptionevent_EXC-DF-DEF-WO-LINE-WS-xiamen-coating-0	handlingBacklog	derived
obj_exceptionevent_EXC-DF-DEF-WO-LINE-WS-xiamen-grading-0	handlingBacklog	derived
obj_exceptionevent_EXC-DF-DEF-WO-LINE-WS-xiamen-grading-1	handlingBacklog	derived
obj_exceptionevent_EXC-DF-DEF-WO-LINE-WS-xiamen-slitting-0	handlingBacklog	derived
obj_exceptionevent_EXC-DF-DEF-WO-LINE-WS-xiamen-slitting-1	handlingBacklog	derived
obj_exceptionevent_EXC-DF-DEF-WO-LINE-WS-xiamen-winding-0	handlingBacklog	derived
obj_exceptionevent_EXC-DF-DEF-WO-LINE-WS-xinyang-assembly-0	handlingBacklog	derived
obj_exceptionevent_EXC-DF-DEF-WO-LINE-WS-xinyang-assembly-1	handlingBacklog	derived
obj_exceptionevent_EXC-DF-DEF-WO-LINE-WS-xinyang-formation-1	handlingBacklog	derived
obj_exceptionevent_EXC-DF-DEF-WO-LINE-WS-xinyang-slurry-1	handlingBacklog	derived
obj_exceptionevent_EXC-DF-DEF-WO-LINE-WS-xinyang-winding-1	handlingBacklog	derived
obj_exceptionevent_EXC-DF-DEF-WO-LINE-WS-yangzhou-calendering-0	handlingBacklog	derived
obj_exceptionevent_EXC-DF-DEF-WO-LINE-WS-yangzhou-coating-1	handlingBacklog	derived
obj_exceptionevent_EXC-DF-DEF-WO-LINE-WS-yangzhou-formation-0	handlingBacklog	derived
obj_exceptionevent_EXC-DF-DEF-WO-LINE-WS-yangzhou-slurry-0	handlingBacklog	derived
obj_exceptionevent_EXC-DF-DEF-WO-LINE-WS-yangzhou-winding-0	handlingBacklog	derived
obj_exceptionevent_EXC-DF-DEF-WO-LINE-WS-zaozhuang-calendering-1	handlingBacklog	derived
obj_exceptionevent_EXC-DF-DEF-WO-LINE-WS-zaozhuang-formation-0	handlingBacklog	derived
obj_exceptionevent_EXC-DF-DEF-WO-LINE-WS-zaozhuang-grading-1	handlingBacklog	derived
obj_exceptionevent_EXC-DF-DEF-WO-LINE-WS-zaozhuang-pack-0	handlingBacklog	derived
obj_exceptionevent_EXC-DF-DEF-WO-LINE-WS-zaozhuang-pack-1	handlingBacklog	derived
obj_exceptionevent_EXC-DF-DEF-WO-LINE-WS-zaozhuang-winding-1	handlingBacklog	derived
obj_exceptionevent_EXC-DF-DEF-WO-LINE-WS-zigong-calendering-0	handlingBacklog	derived
obj_exceptionevent_EXC-DF-DEF-WO-LINE-WS-zigong-coating-0	handlingBacklog	derived
obj_exceptionevent_EXC-DF-DEF-WO-LINE-WS-zigong-coating-1	handlingBacklog	derived
obj_exceptionevent_EXC-DF-DEF-WO-LINE-WS-zigong-filling-0	handlingBacklog	derived
obj_exceptionevent_EXC-DF-DEF-WO-LINE-WS-zigong-grading-0	handlingBacklog	derived
obj_exceptionevent_EXC-DF-DEF-WO-LINE-WS-zigong-pack-1	handlingBacklog	derived
obj_exceptionevent_EXC-DF-DEF-WO-LINE-WS-zigong-slitting-1	handlingBacklog	derived
obj_exceptionevent_EXC-DF-DEF-WO-LINE-WS-zigong-slurry-0	handlingBacklog	derived
obj_exceptionevent_EXC-DF-DEF-WO-LINE-WS-zigong-winding-0	handlingBacklog	derived
obj_exceptionevent_EXC-DF-DEF-WO-LINE-WS-zigong-winding-1	handlingBacklog	derived
obj_exceptionevent_EXC-DT-DT-LINE-WS-changzhou-calendering-winding-E1	handlingBacklog	derived
obj_exceptionevent_EXC-DT-DT-LINE-WS-changzhou-coating-winding-E1	handlingBacklog	derived
obj_exceptionevent_EXC-DT-DT-LINE-WS-changzhou-coating-winding-E2	handlingBacklog	derived
obj_exceptionevent_EXC-DT-DT-LINE-WS-changzhou-filling-assembly-E1	handlingBacklog	derived
obj_exceptionevent_EXC-DT-DT-LINE-WS-changzhou-filling-assembly-E2	handlingBacklog	derived
obj_exceptionevent_EXC-DT-DT-LINE-WS-changzhou-grading-assembly-E1	handlingBacklog	derived
obj_exceptionevent_EXC-DT-DT-LINE-WS-changzhou-grading-winding-E2	handlingBacklog	derived
obj_exceptionevent_EXC-DT-DT-LINE-WS-changzhou-pack-winding-E2	handlingBacklog	derived
obj_exceptionevent_EXC-DT-DT-LINE-WS-changzhou-slitting-coating-E2	handlingBacklog	derived
obj_exceptionevent_EXC-DT-DT-LINE-WS-changzhou-slurry-coating-E1	handlingBacklog	derived
obj_exceptionevent_EXC-DT-DT-LINE-WS-changzhou-winding-coating-E2	handlingBacklog	derived
obj_exceptionevent_EXC-DT-DT-LINE-WS-chengdu-assembly-assembly-E1	handlingBacklog	derived
obj_exceptionevent_EXC-DT-DT-LINE-WS-chengdu-calendering-winding-E1	handlingBacklog	derived
obj_exceptionevent_EXC-DT-DT-LINE-WS-chengdu-filling-winding-E1	handlingBacklog	derived
obj_exceptionevent_EXC-DT-DT-LINE-WS-chengdu-filling-winding-E2	handlingBacklog	derived
obj_exceptionevent_EXC-DT-DT-LINE-WS-chengdu-formation-assembly-E1	handlingBacklog	derived
obj_exceptionevent_EXC-DT-DT-LINE-WS-chengdu-formation-coating-E1	handlingBacklog	derived
obj_exceptionevent_EXC-DT-DT-LINE-WS-chengdu-formation-coating-E2	handlingBacklog	derived
obj_exceptionevent_EXC-DT-DT-LINE-WS-chengdu-formation-winding-E1	handlingBacklog	derived
obj_exceptionevent_EXC-DT-DT-LINE-WS-chengdu-grading-coating-E2	handlingBacklog	derived
obj_exceptionevent_EXC-DT-DT-LINE-WS-chengdu-pack-coating-E2	handlingBacklog	derived
obj_exceptionevent_EXC-DT-DT-LINE-WS-chengdu-slurry-assembly-E1	handlingBacklog	derived
obj_exceptionevent_EXC-DT-DT-LINE-WS-handan-assembly-winding-E2	handlingBacklog	derived
obj_exceptionevent_EXC-DT-DT-LINE-WS-handan-calendering-assembly-E2	handlingBacklog	derived
obj_exceptionevent_EXC-DT-DT-LINE-WS-handan-calendering-coating-E1	handlingBacklog	derived
obj_exceptionevent_EXC-DT-DT-LINE-WS-handan-coating-coating-E2	handlingBacklog	derived
obj_exceptionevent_EXC-DT-DT-LINE-WS-handan-filling-winding-E2	handlingBacklog	derived
obj_exceptionevent_EXC-DT-DT-LINE-WS-handan-formation-assembly-E1	handlingBacklog	derived
obj_exceptionevent_EXC-DT-DT-LINE-WS-handan-formation-assembly-E2	handlingBacklog	derived
obj_exceptionevent_EXC-DT-DT-LINE-WS-handan-grading-coating-E1	handlingBacklog	derived
obj_exceptionevent_EXC-DT-DT-LINE-WS-handan-pack-assembly-E1	handlingBacklog	derived
obj_exceptionevent_EXC-DT-DT-LINE-WS-handan-slurry-coating-E1	handlingBacklog	derived
obj_exceptionevent_EXC-DT-DT-LINE-WS-handan-winding-winding-E2	handlingBacklog	derived
obj_exceptionevent_EXC-DT-DT-LINE-WS-hefei-assembly-assembly-E2	handlingBacklog	derived
obj_exceptionevent_EXC-DT-DT-LINE-WS-hefei-assembly-coating-E2	handlingBacklog	derived
obj_exceptionevent_EXC-DT-DT-LINE-WS-hefei-calendering-coating-E1	handlingBacklog	derived
obj_exceptionevent_EXC-DT-DT-LINE-WS-hefei-coating-winding-E2	handlingBacklog	derived
obj_exceptionevent_EXC-DT-DT-LINE-WS-hefei-formation-winding-E1	handlingBacklog	derived
obj_exceptionevent_EXC-DT-DT-LINE-WS-hefei-pack-coating-E1	handlingBacklog	derived
obj_exceptionevent_EXC-DT-DT-LINE-WS-hefei-slitting-coating-E1	handlingBacklog	derived
obj_exceptionevent_EXC-DT-DT-LINE-WS-hefei-slurry-winding-E2	handlingBacklog	derived
obj_exceptionevent_EXC-DT-DT-LINE-WS-hefei-winding-coating-E2	handlingBacklog	derived
obj_exceptionevent_EXC-DT-DT-LINE-WS-hefei-winding-winding-E2	handlingBacklog	derived
obj_exceptionevent_EXC-DT-DT-LINE-WS-jiangmen-assembly-assembly-E1	handlingBacklog	derived
obj_exceptionevent_EXC-DT-DT-LINE-WS-jiangmen-assembly-assembly-E2	handlingBacklog	derived
obj_exceptionevent_EXC-DT-DT-LINE-WS-jiangmen-calendering-coating-E2	handlingBacklog	derived
obj_exceptionevent_EXC-DT-DT-LINE-WS-jiangmen-coating-assembly-E1	handlingBacklog	derived
obj_exceptionevent_EXC-DT-DT-LINE-WS-jiangmen-coating-coating-E1	handlingBacklog	derived
obj_exceptionevent_EXC-DT-DT-LINE-WS-jiangmen-coating-winding-E1	handlingBacklog	derived
obj_exceptionevent_EXC-DT-DT-LINE-WS-jiangmen-coating-winding-E2	handlingBacklog	derived
obj_exceptionevent_EXC-DT-DT-LINE-WS-jiangmen-filling-assembly-E1	handlingBacklog	derived
obj_exceptionevent_EXC-DT-DT-LINE-WS-jiangmen-formation-assembly-E2	handlingBacklog	derived
obj_exceptionevent_EXC-DT-DT-LINE-WS-jiangmen-formation-coating-E2	handlingBacklog	derived
obj_exceptionevent_EXC-DT-DT-LINE-WS-jiangmen-grading-assembly-E2	handlingBacklog	derived
obj_exceptionevent_EXC-DT-DT-LINE-WS-jiangmen-pack-assembly-E2	handlingBacklog	derived
obj_exceptionevent_EXC-DT-DT-LINE-WS-jiangmen-pack-coating-E1	handlingBacklog	derived
obj_exceptionevent_EXC-DT-DT-LINE-WS-jiangmen-pack-coating-E2	handlingBacklog	derived
obj_exceptionevent_EXC-DT-DT-LINE-WS-jiangmen-pack-winding-E1	handlingBacklog	derived
obj_exceptionevent_EXC-DT-DT-LINE-WS-jiangmen-slitting-assembly-E2	handlingBacklog	derived
obj_exceptionevent_EXC-DT-DT-LINE-WS-jiangmen-slitting-coating-E2	handlingBacklog	derived
obj_exceptionevent_EXC-DT-DT-LINE-WS-jiangmen-slitting-winding-E2	handlingBacklog	derived
obj_exceptionevent_EXC-DT-DT-LINE-WS-jiangmen-slurry-assembly-E1	handlingBacklog	derived
obj_exceptionevent_EXC-DT-DT-LINE-WS-jiangmen-winding-assembly-E2	handlingBacklog	derived
obj_exceptionevent_EXC-DT-DT-LINE-WS-jiangmen-winding-winding-E1	handlingBacklog	derived
obj_exceptionevent_EXC-DT-DT-LINE-WS-jinhua-assembly-winding-E1	handlingBacklog	derived
obj_exceptionevent_EXC-DT-DT-LINE-WS-jinhua-calendering-coating-E1	handlingBacklog	derived
obj_exceptionevent_EXC-DT-DT-LINE-WS-jinhua-calendering-winding-E2	handlingBacklog	derived
obj_exceptionevent_EXC-DT-DT-LINE-WS-jinhua-formation-coating-E1	handlingBacklog	derived
obj_exceptionevent_EXC-DT-DT-LINE-WS-jinhua-grading-winding-E1	handlingBacklog	derived
obj_exceptionevent_EXC-DT-DT-LINE-WS-meishan-assembly-winding-E2	handlingBacklog	derived
obj_exceptionevent_EXC-DT-DT-LINE-WS-meishan-calendering-coating-E2	handlingBacklog	derived
obj_exceptionevent_EXC-DT-DT-LINE-WS-meishan-coating-winding-E2	handlingBacklog	derived
obj_exceptionevent_EXC-DT-DT-LINE-WS-meishan-filling-assembly-E1	handlingBacklog	derived
obj_exceptionevent_EXC-DT-DT-LINE-WS-meishan-filling-winding-E2	handlingBacklog	derived
obj_exceptionevent_EXC-DT-DT-LINE-WS-meishan-formation-coating-E2	handlingBacklog	derived
obj_exceptionevent_EXC-DT-DT-LINE-WS-meishan-grading-winding-E1	handlingBacklog	derived
obj_exceptionevent_EXC-DT-DT-LINE-WS-meishan-slitting-assembly-E2	handlingBacklog	derived
obj_exceptionevent_EXC-DT-DT-LINE-WS-meishan-slitting-coating-E1	handlingBacklog	derived
obj_exceptionevent_EXC-DT-DT-LINE-WS-meishan-slurry-assembly-E2	handlingBacklog	derived
obj_exceptionevent_EXC-DT-DT-LINE-WS-meishan-winding-coating-E1	handlingBacklog	derived
obj_exceptionevent_EXC-DT-DT-LINE-WS-meishan-winding-coating-E2	handlingBacklog	derived
obj_exceptionevent_EXC-DT-DT-LINE-WS-wuhan-assembly-coating-E2	handlingBacklog	derived
obj_exceptionevent_EXC-DT-DT-LINE-WS-wuhan-calendering-winding-E1	handlingBacklog	derived
obj_exceptionevent_EXC-DT-DT-LINE-WS-wuhan-filling-assembly-E1	handlingBacklog	derived
obj_exceptionevent_EXC-DT-DT-LINE-WS-wuhan-filling-coating-E2	handlingBacklog	derived
obj_exceptionevent_EXC-DT-DT-LINE-WS-wuhan-formation-assembly-E1	handlingBacklog	derived
obj_exceptionevent_EXC-DT-DT-LINE-WS-wuhan-formation-coating-E2	handlingBacklog	derived
obj_exceptionevent_EXC-DT-DT-LINE-WS-wuhan-grading-coating-E1	handlingBacklog	derived
obj_exceptionevent_EXC-DT-DT-LINE-WS-wuhan-grading-winding-E2	handlingBacklog	derived
obj_exceptionevent_EXC-DT-DT-LINE-WS-wuhan-pack-coating-E2	handlingBacklog	derived
obj_exceptionevent_EXC-DT-DT-LINE-WS-wuhan-slitting-winding-E2	handlingBacklog	derived
obj_exceptionevent_EXC-DT-DT-LINE-WS-wuhan-slurry-winding-E1	handlingBacklog	derived
obj_exceptionevent_EXC-DT-DT-LINE-WS-wuhan-winding-coating-E2	handlingBacklog	derived
obj_exceptionevent_EXC-DT-DT-LINE-WS-xiamen-assembly-assembly-E2	handlingBacklog	derived
obj_exceptionevent_EXC-DT-DT-LINE-WS-xiamen-assembly-coating-E2	handlingBacklog	derived
obj_exceptionevent_EXC-DT-DT-LINE-WS-xiamen-assembly-winding-E1	handlingBacklog	derived
obj_exceptionevent_EXC-DT-DT-LINE-WS-xiamen-calendering-winding-E2	handlingBacklog	derived
obj_exceptionevent_EXC-DT-DT-LINE-WS-xiamen-filling-assembly-E1	handlingBacklog	derived
obj_exceptionevent_EXC-DT-DT-LINE-WS-xiamen-formation-coating-E2	handlingBacklog	derived
obj_exceptionevent_EXC-DT-DT-LINE-WS-xiamen-grading-coating-E1	handlingBacklog	derived
obj_exceptionevent_EXC-DT-DT-LINE-WS-xiamen-pack-assembly-E1	handlingBacklog	derived
obj_exceptionevent_EXC-DT-DT-LINE-WS-xiamen-pack-coating-E1	handlingBacklog	derived
obj_exceptionevent_EXC-DT-DT-LINE-WS-xiamen-pack-coating-E2	handlingBacklog	derived
obj_exceptionevent_EXC-DT-DT-LINE-WS-xiamen-pack-winding-E1	handlingBacklog	derived
obj_exceptionevent_EXC-DT-DT-LINE-WS-xiamen-slitting-assembly-E2	handlingBacklog	derived
obj_exceptionevent_EXC-DT-DT-LINE-WS-xiamen-slitting-coating-E1	handlingBacklog	derived
obj_exceptionevent_EXC-DT-DT-LINE-WS-xiamen-slurry-assembly-E2	handlingBacklog	derived
obj_exceptionevent_EXC-DT-DT-LINE-WS-xinyang-assembly-winding-E1	handlingBacklog	derived
obj_exceptionevent_EXC-DT-DT-LINE-WS-xinyang-assembly-winding-E2	handlingBacklog	derived
obj_exceptionevent_EXC-DT-DT-LINE-WS-xinyang-calendering-assembly-E1	handlingBacklog	derived
obj_exceptionevent_EXC-DT-DT-LINE-WS-xinyang-coating-assembly-E1	handlingBacklog	derived
obj_exceptionevent_EXC-DT-DT-LINE-WS-xinyang-coating-winding-E1	handlingBacklog	derived
obj_exceptionevent_EXC-DT-DT-LINE-WS-xinyang-filling-winding-E2	handlingBacklog	derived
obj_exceptionevent_EXC-DT-DT-LINE-WS-xinyang-formation-assembly-E1	handlingBacklog	derived
obj_exceptionevent_EXC-DT-DT-LINE-WS-xinyang-grading-assembly-E1	handlingBacklog	derived
obj_exceptionevent_EXC-DT-DT-LINE-WS-xinyang-pack-assembly-E2	handlingBacklog	derived
obj_exceptionevent_EXC-DT-DT-LINE-WS-xinyang-pack-winding-E2	handlingBacklog	derived
obj_exceptionevent_EXC-DT-DT-LINE-WS-xinyang-slitting-coating-E1	handlingBacklog	derived
obj_exceptionevent_EXC-DT-DT-LINE-WS-xinyang-slurry-assembly-E1	handlingBacklog	derived
obj_exceptionevent_EXC-DT-DT-LINE-WS-xinyang-winding-coating-E1	handlingBacklog	derived
obj_exceptionevent_EXC-DT-DT-LINE-WS-yangzhou-assembly-assembly-E2	handlingBacklog	derived
obj_exceptionevent_EXC-DT-DT-LINE-WS-yangzhou-calendering-coating-E1	handlingBacklog	derived
obj_exceptionevent_EXC-DT-DT-LINE-WS-yangzhou-calendering-coating-E2	handlingBacklog	derived
obj_exceptionevent_EXC-DT-DT-LINE-WS-yangzhou-coating-assembly-E1	handlingBacklog	derived
obj_exceptionevent_EXC-DT-DT-LINE-WS-yangzhou-filling-coating-E1	handlingBacklog	derived
obj_exceptionevent_EXC-DT-DT-LINE-WS-yangzhou-filling-coating-E2	handlingBacklog	derived
obj_exceptionevent_EXC-DT-DT-LINE-WS-yangzhou-formation-assembly-E1	handlingBacklog	derived
obj_exceptionevent_EXC-DT-DT-LINE-WS-yangzhou-grading-assembly-E2	handlingBacklog	derived
obj_exceptionevent_EXC-DT-DT-LINE-WS-yangzhou-grading-coating-E1	handlingBacklog	derived
obj_exceptionevent_EXC-DT-DT-LINE-WS-yangzhou-grading-coating-E2	handlingBacklog	derived
obj_exceptionevent_EXC-DT-DT-LINE-WS-yangzhou-grading-winding-E1	handlingBacklog	derived
obj_exceptionevent_EXC-DT-DT-LINE-WS-yangzhou-slitting-coating-E1	handlingBacklog	derived
obj_exceptionevent_EXC-DT-DT-LINE-WS-yangzhou-slitting-coating-E2	handlingBacklog	derived
obj_exceptionevent_EXC-DT-DT-LINE-WS-yangzhou-slitting-winding-E1	handlingBacklog	derived
obj_exceptionevent_EXC-DT-DT-LINE-WS-yangzhou-slitting-winding-E2	handlingBacklog	derived
obj_exceptionevent_EXC-DT-DT-LINE-WS-yangzhou-slurry-winding-E1	handlingBacklog	derived
obj_exceptionevent_EXC-DT-DT-LINE-WS-yangzhou-winding-assembly-E1	handlingBacklog	derived
obj_exceptionevent_EXC-DT-DT-LINE-WS-zaozhuang-assembly-assembly-E1	handlingBacklog	derived
obj_exceptionevent_EXC-DT-DT-LINE-WS-zaozhuang-assembly-coating-E2	handlingBacklog	derived
obj_exceptionevent_EXC-DT-DT-LINE-WS-zaozhuang-calendering-winding-E2	handlingBacklog	derived
obj_exceptionevent_EXC-DT-DT-LINE-WS-zaozhuang-coating-assembly-E1	handlingBacklog	derived
obj_exceptionevent_EXC-DT-DT-LINE-WS-zaozhuang-coating-winding-E2	handlingBacklog	derived
obj_exceptionevent_EXC-DT-DT-LINE-WS-zaozhuang-filling-assembly-E1	handlingBacklog	derived
obj_exceptionevent_EXC-DT-DT-LINE-WS-zaozhuang-filling-winding-E2	handlingBacklog	derived
obj_exceptionevent_EXC-DT-DT-LINE-WS-zaozhuang-formation-assembly-E2	handlingBacklog	derived
obj_exceptionevent_EXC-DT-DT-LINE-WS-zaozhuang-grading-assembly-E1	handlingBacklog	derived
obj_exceptionevent_EXC-DT-DT-LINE-WS-zaozhuang-grading-winding-E2	handlingBacklog	derived
obj_exceptionevent_EXC-DT-DT-LINE-WS-zaozhuang-slitting-assembly-E2	handlingBacklog	derived
obj_exceptionevent_EXC-DT-DT-LINE-WS-zaozhuang-slurry-coating-E2	handlingBacklog	derived
obj_exceptionevent_EXC-DT-DT-LINE-WS-zaozhuang-winding-assembly-E2	handlingBacklog	derived
obj_exceptionevent_EXC-DT-DT-LINE-WS-zigong-assembly-winding-E2	handlingBacklog	derived
obj_exceptionevent_EXC-DT-DT-LINE-WS-zigong-calendering-coating-E2	handlingBacklog	derived
obj_exceptionevent_EXC-DT-DT-LINE-WS-zigong-calendering-winding-E1	handlingBacklog	derived
obj_exceptionevent_EXC-DT-DT-LINE-WS-zigong-coating-assembly-E1	handlingBacklog	derived
obj_exceptionevent_EXC-DT-DT-LINE-WS-zigong-filling-assembly-E1	handlingBacklog	derived
obj_exceptionevent_EXC-DT-DT-LINE-WS-zigong-filling-coating-E1	handlingBacklog	derived
obj_exceptionevent_EXC-DT-DT-LINE-WS-zigong-filling-winding-E2	handlingBacklog	derived
obj_exceptionevent_EXC-DT-DT-LINE-WS-zigong-formation-coating-E1	handlingBacklog	derived
obj_exceptionevent_EXC-DT-DT-LINE-WS-zigong-grading-coating-E2	handlingBacklog	derived
obj_exceptionevent_EXC-DT-DT-LINE-WS-zigong-pack-winding-E1	handlingBacklog	derived
obj_exceptionevent_EXC-DT-DT-LINE-WS-zigong-slitting-coating-E1	handlingBacklog	derived
obj_exceptionevent_EXC-DT-DT-LINE-WS-zigong-slitting-winding-E2	handlingBacklog	derived
obj_exceptionevent_EXC-DT-DT-LINE-WS-zigong-slurry-coating-E2	handlingBacklog	derived
obj_exceptionevent_EXC-DT-DT-LINE-WS-zigong-slurry-winding-E2	handlingBacklog	derived
obj_exceptionevent_EXC-DT-DT-LINE-WS-zigong-winding-assembly-E1	handlingBacklog	derived
obj_exceptionevent_EXC-DT-DT-LINE-WS-zigong-winding-winding-E1	handlingBacklog	derived
obj_exceptionevent_EXC-MB-mbal-1	handlingBacklog	derived
obj_exceptionevent_EXC-MB-mbal-2	handlingBacklog	derived
obj_exceptionevent_EXC-MB-mbal-3	handlingBacklog	derived
obj_exceptionevent_EXC-MB-mbal-5	handlingBacklog	derived
obj_exceptionevent_EXC-MB-mbal-6	handlingBacklog	derived
obj_exceptionevent_EXC-MB-mbal-7	handlingBacklog	derived
obj_exceptionevent_EXC-MB-mbal-8	handlingBacklog	derived
obj_exceptionevent_EXC-TR-trig-backup-cert	handlingBacklog	derived
obj_exceptionevent_EXC-TR-trig-fx-hedge	handlingBacklog	derived
obj_exceptionevent_EXC-TR-trig-lta-reprice	handlingBacklog	derived
obj_finishedgoodsinventory_FG-2170-NCM-WH-wuhan-FINISHED	coverDays	measured
obj_finishedgoodsinventory_FG-2170-NCM-WH-wuhan-FINISHED	drawdownPressure	derived
obj_finishedgoodsinventory_FG-2170-NCM-WH-xiamen-FINISHED	coverDays	measured
obj_finishedgoodsinventory_FG-2170-NCM-WH-xiamen-FINISHED	drawdownPressure	derived
obj_finishedgoodsinventory_FG-2170-NCM-WH-zigong-FINISHED	coverDays	measured
obj_finishedgoodsinventory_FG-2170-NCM-WH-zigong-FINISHED	drawdownPressure	derived
obj_finishedgoodsinventory_FG-4680-LFP-WH-changzhou-FINISHED	coverDays	measured
obj_finishedgoodsinventory_FG-4680-LFP-WH-changzhou-FINISHED	drawdownPressure	derived
obj_finishedgoodsinventory_FG-4680-LFP-WH-zaozhuang-FINISHED	coverDays	measured
obj_finishedgoodsinventory_FG-4680-LFP-WH-zaozhuang-FINISHED	drawdownPressure	derived
obj_finishedgoodsinventory_FG-4680-NCM-WH-changzhou-FINISHED	coverDays	measured
obj_finishedgoodsinventory_FG-4680-NCM-WH-changzhou-FINISHED	drawdownPressure	derived
obj_finishedgoodsinventory_FG-4680-NCM-WH-chengdu-FINISHED	coverDays	measured
obj_finishedgoodsinventory_FG-4680-NCM-WH-chengdu-FINISHED	drawdownPressure	derived
obj_finishedgoodsinventory_FG-4680-NCM-WH-hefei-FINISHED	coverDays	measured
obj_finishedgoodsinventory_FG-4680-NCM-WH-hefei-FINISHED	drawdownPressure	derived
obj_finishedgoodsinventory_FG-4680-NCM-WH-jinhua-FINISHED	coverDays	measured
obj_finishedgoodsinventory_FG-4680-NCM-WH-jinhua-FINISHED	drawdownPressure	derived
obj_finishedgoodsinventory_FG-圆柱-LFP-WH-xinyang-FINISHED	coverDays	measured
obj_finishedgoodsinventory_FG-圆柱-LFP-WH-xinyang-FINISHED	drawdownPressure	derived
obj_finishedgoodsinventory_FG-圆柱-LFP-WH-yangzhou-FINISHED	coverDays	measured
obj_finishedgoodsinventory_FG-圆柱-LFP-WH-yangzhou-FINISHED	drawdownPressure	derived
obj_finishedgoodsinventory_FG-方形-LFP-WH-handan-FINISHED	coverDays	measured
obj_finishedgoodsinventory_FG-方形-LFP-WH-handan-FINISHED	drawdownPressure	derived
obj_finishedgoodsinventory_FG-方形-LFP-WH-jiangmen-FINISHED	coverDays	measured
obj_finishedgoodsinventory_FG-方形-LFP-WH-jiangmen-FINISHED	drawdownPressure	derived
obj_finishedgoodsinventory_FG-方形-LFP-WH-meishan-FINISHED	coverDays	measured
obj_finishedgoodsinventory_FG-方形-LFP-WH-meishan-FINISHED	drawdownPressure	derived
obj_finishedgoodsinventory_FG-方形-LFP-WH-zaozhuang-FINISHED	coverDays	measured
obj_finishedgoodsinventory_FG-方形-LFP-WH-zaozhuang-FINISHED	drawdownPressure	derived
obj_finishedgoodsinventory_FG-方形-NCM-WH-changzhou-FINISHED	coverDays	measured
obj_finishedgoodsinventory_FG-方形-NCM-WH-changzhou-FINISHED	drawdownPressure	derived
obj_finishedgoodsinventory_FG-方形-NCM-WH-chengdu-FINISHED	coverDays	measured
obj_finishedgoodsinventory_FG-方形-NCM-WH-chengdu-FINISHED	drawdownPressure	derived
obj_finishedgoodsinventory_FG-方形-NCM-WH-jinhua-FINISHED	coverDays	measured
obj_finishedgoodsinventory_FG-方形-NCM-WH-jinhua-FINISHED	drawdownPressure	derived
obj_incominginspection_iqc_po_0	queueDays	derived
obj_incominginspection_iqc_po_1	queueDays	derived
obj_incominginspection_iqc_po_10	queueDays	derived
obj_incominginspection_iqc_po_11	queueDays	derived
obj_incominginspection_iqc_po_12	queueDays	derived
obj_incominginspection_iqc_po_13	queueDays	derived
obj_incominginspection_iqc_po_14	queueDays	derived
obj_incominginspection_iqc_po_15	queueDays	derived
obj_incominginspection_iqc_po_16	queueDays	derived
obj_incominginspection_iqc_po_17	queueDays	derived
obj_incominginspection_iqc_po_18	queueDays	derived
obj_incominginspection_iqc_po_19	queueDays	derived
obj_incominginspection_iqc_po_2	queueDays	derived
obj_incominginspection_iqc_po_20	queueDays	derived
obj_incominginspection_iqc_po_21	queueDays	derived
obj_incominginspection_iqc_po_22	queueDays	derived
obj_incominginspection_iqc_po_23	queueDays	derived
obj_incominginspection_iqc_po_24	queueDays	derived
obj_incominginspection_iqc_po_25	queueDays	derived
obj_incominginspection_iqc_po_26	queueDays	derived
obj_incominginspection_iqc_po_27	queueDays	derived
obj_incominginspection_iqc_po_28	queueDays	derived
obj_incominginspection_iqc_po_29	queueDays	derived
obj_incominginspection_iqc_po_3	queueDays	derived
obj_incominginspection_iqc_po_4	queueDays	derived
obj_incominginspection_iqc_po_5	queueDays	derived
obj_incominginspection_iqc_po_6	queueDays	derived
obj_incominginspection_iqc_po_7	queueDays	derived
obj_incominginspection_iqc_po_8	queueDays	derived
obj_incominginspection_iqc_po_9	queueDays	derived
obj_interbasetransfer_XFER-CELL-changzhou-yangzhou-圆柱-LFP	transferPressure	derived
obj_interbasetransfer_XFER-CELL-chengdu-meishan-方形-LFP	transferPressure	derived
obj_interbasetransfer_XFER-CELL-wuhan-xinyang-圆柱-LFP	transferPressure	derived
obj_interbasetransfer_XFER-CELL-xiamen-jiangmen-方形-LFP	transferPressure	derived
obj_interbasetransfer_XFER-CELL-zaozhuang-handan-方形-LFP	transferPressure	derived
obj_interbasetransfer_XFER-changzhou-chengdu-4680-NCM	transferPressure	derived
obj_interbasetransfer_XFER-changzhou-chengdu-方形-NCM	transferPressure	derived
obj_interbasetransfer_XFER-changzhou-zaozhuang-4680-LFP	transferPressure	derived
obj_interbasetransfer_XFER-chengdu-hefei-4680-NCM	transferPressure	derived
obj_interbasetransfer_XFER-chengdu-jinhua-方形-NCM	transferPressure	derived
obj_interbasetransfer_XFER-handan-zaozhuang-方形-LFP	transferPressure	derived
obj_interbasetransfer_XFER-hefei-jinhua-4680-NCM	transferPressure	derived
obj_interbasetransfer_XFER-jiangmen-meishan-方形-LFP	transferPressure	derived
obj_interbasetransfer_XFER-meishan-handan-方形-LFP	transferPressure	derived
obj_interbasetransfer_XFER-wuhan-zigong-2170-NCM	transferPressure	derived
obj_interbasetransfer_XFER-xiamen-wuhan-2170-NCM	transferPressure	derived
obj_interbasetransfer_XFER-xinyang-yangzhou-圆柱-LFP	transferPressure	derived
obj_line_LINE-WS-changzhou-assembly	blockedPressure	measured
obj_line_LINE-WS-changzhou-assembly	utilPressure	measured
obj_line_LINE-WS-changzhou-calendering	blockedPressure	measured
obj_line_LINE-WS-changzhou-calendering	utilPressure	measured
obj_line_LINE-WS-changzhou-coating	blockedPressure	measured
obj_line_LINE-WS-changzhou-coating	utilPressure	measured
obj_line_LINE-WS-changzhou-filling	blockedPressure	measured
obj_line_LINE-WS-changzhou-filling	utilPressure	measured
obj_line_LINE-WS-changzhou-formation	blockedPressure	measured
obj_line_LINE-WS-changzhou-formation	utilPressure	measured
obj_line_LINE-WS-changzhou-grading	blockedPressure	measured
obj_line_LINE-WS-changzhou-grading	utilPressure	measured
obj_line_LINE-WS-changzhou-pack	blockedPressure	measured
obj_line_LINE-WS-changzhou-pack	utilPressure	measured
obj_line_LINE-WS-changzhou-slitting	blockedPressure	measured
obj_line_LINE-WS-changzhou-slitting	utilPressure	measured
obj_line_LINE-WS-changzhou-slurry	blockedPressure	measured
obj_line_LINE-WS-changzhou-slurry	utilPressure	measured
obj_line_LINE-WS-changzhou-winding	blockedPressure	measured
obj_line_LINE-WS-changzhou-winding	utilPressure	measured
obj_line_LINE-WS-chengdu-assembly	blockedPressure	measured
obj_line_LINE-WS-chengdu-assembly	utilPressure	measured
obj_line_LINE-WS-chengdu-calendering	blockedPressure	measured
obj_line_LINE-WS-chengdu-calendering	utilPressure	measured
obj_line_LINE-WS-chengdu-coating	blockedPressure	measured
obj_line_LINE-WS-chengdu-coating	utilPressure	measured
obj_line_LINE-WS-chengdu-filling	blockedPressure	measured
obj_line_LINE-WS-chengdu-filling	utilPressure	measured
obj_line_LINE-WS-chengdu-formation	blockedPressure	measured
obj_line_LINE-WS-chengdu-formation	utilPressure	measured
obj_line_LINE-WS-chengdu-grading	blockedPressure	measured
obj_line_LINE-WS-chengdu-grading	utilPressure	measured
obj_line_LINE-WS-chengdu-pack	blockedPressure	measured
obj_line_LINE-WS-chengdu-pack	utilPressure	measured
obj_line_LINE-WS-chengdu-slitting	blockedPressure	measured
obj_line_LINE-WS-chengdu-slitting	utilPressure	measured
obj_line_LINE-WS-chengdu-slurry	blockedPressure	measured
obj_line_LINE-WS-chengdu-slurry	utilPressure	measured
obj_line_LINE-WS-chengdu-winding	blockedPressure	measured
obj_line_LINE-WS-chengdu-winding	utilPressure	measured
obj_line_LINE-WS-handan-assembly	blockedPressure	measured
obj_line_LINE-WS-handan-assembly	utilPressure	measured
obj_line_LINE-WS-handan-calendering	blockedPressure	measured
obj_line_LINE-WS-handan-calendering	utilPressure	measured
obj_line_LINE-WS-handan-coating	blockedPressure	measured
obj_line_LINE-WS-handan-coating	utilPressure	measured
obj_line_LINE-WS-handan-filling	blockedPressure	measured
obj_line_LINE-WS-handan-filling	utilPressure	measured
obj_line_LINE-WS-handan-formation	blockedPressure	measured
obj_line_LINE-WS-handan-formation	utilPressure	measured
obj_line_LINE-WS-handan-grading	blockedPressure	measured
obj_line_LINE-WS-handan-grading	utilPressure	measured
obj_line_LINE-WS-handan-pack	blockedPressure	measured
obj_line_LINE-WS-handan-pack	utilPressure	measured
obj_line_LINE-WS-handan-slitting	blockedPressure	measured
obj_line_LINE-WS-handan-slitting	utilPressure	measured
obj_line_LINE-WS-handan-slurry	blockedPressure	measured
obj_line_LINE-WS-handan-slurry	utilPressure	measured
obj_line_LINE-WS-handan-winding	blockedPressure	measured
obj_line_LINE-WS-handan-winding	utilPressure	measured
obj_line_LINE-WS-hefei-assembly	blockedPressure	measured
obj_line_LINE-WS-hefei-assembly	utilPressure	measured
obj_line_LINE-WS-hefei-calendering	blockedPressure	measured
obj_line_LINE-WS-hefei-calendering	utilPressure	measured
obj_line_LINE-WS-hefei-coating	blockedPressure	measured
obj_line_LINE-WS-hefei-coating	utilPressure	measured
obj_line_LINE-WS-hefei-filling	blockedPressure	measured
obj_line_LINE-WS-hefei-filling	utilPressure	measured
obj_line_LINE-WS-hefei-formation	blockedPressure	measured
obj_line_LINE-WS-hefei-formation	utilPressure	measured
obj_line_LINE-WS-hefei-grading	blockedPressure	measured
obj_line_LINE-WS-hefei-grading	utilPressure	measured
obj_line_LINE-WS-hefei-pack	blockedPressure	measured
obj_line_LINE-WS-hefei-pack	utilPressure	measured
obj_line_LINE-WS-hefei-slitting	blockedPressure	measured
obj_line_LINE-WS-hefei-slitting	utilPressure	measured
obj_line_LINE-WS-hefei-slurry	blockedPressure	measured
obj_line_LINE-WS-hefei-slurry	utilPressure	measured
obj_line_LINE-WS-hefei-winding	blockedPressure	measured
obj_line_LINE-WS-hefei-winding	utilPressure	measured
obj_line_LINE-WS-jiangmen-assembly	blockedPressure	measured
obj_line_LINE-WS-jiangmen-assembly	utilPressure	measured
obj_line_LINE-WS-jiangmen-calendering	blockedPressure	measured
obj_line_LINE-WS-jiangmen-calendering	utilPressure	measured
obj_line_LINE-WS-jiangmen-coating	blockedPressure	measured
obj_line_LINE-WS-jiangmen-coating	utilPressure	measured
obj_line_LINE-WS-jiangmen-filling	blockedPressure	measured
obj_line_LINE-WS-jiangmen-filling	utilPressure	measured
obj_line_LINE-WS-jiangmen-formation	blockedPressure	measured
obj_line_LINE-WS-jiangmen-formation	utilPressure	measured
obj_line_LINE-WS-jiangmen-grading	blockedPressure	measured
obj_line_LINE-WS-jiangmen-grading	utilPressure	measured
obj_line_LINE-WS-jiangmen-pack	blockedPressure	measured
obj_line_LINE-WS-jiangmen-pack	utilPressure	measured
obj_line_LINE-WS-jiangmen-slitting	blockedPressure	measured
obj_line_LINE-WS-jiangmen-slitting	utilPressure	measured
obj_line_LINE-WS-jiangmen-slurry	blockedPressure	measured
obj_line_LINE-WS-jiangmen-slurry	utilPressure	measured
obj_line_LINE-WS-jiangmen-winding	blockedPressure	measured
obj_line_LINE-WS-jiangmen-winding	utilPressure	measured
obj_line_LINE-WS-jinhua-assembly	blockedPressure	measured
obj_line_LINE-WS-jinhua-assembly	utilPressure	measured
obj_line_LINE-WS-jinhua-calendering	blockedPressure	measured
obj_line_LINE-WS-jinhua-calendering	utilPressure	measured
obj_line_LINE-WS-jinhua-coating	blockedPressure	measured
obj_line_LINE-WS-jinhua-coating	utilPressure	measured
obj_line_LINE-WS-jinhua-filling	blockedPressure	measured
obj_line_LINE-WS-jinhua-filling	utilPressure	measured
obj_line_LINE-WS-jinhua-formation	blockedPressure	measured
obj_line_LINE-WS-jinhua-formation	utilPressure	measured
obj_line_LINE-WS-jinhua-grading	blockedPressure	measured
obj_line_LINE-WS-jinhua-grading	utilPressure	measured
obj_line_LINE-WS-jinhua-pack	blockedPressure	measured
obj_line_LINE-WS-jinhua-pack	utilPressure	measured
obj_line_LINE-WS-jinhua-slitting	blockedPressure	measured
obj_line_LINE-WS-jinhua-slitting	utilPressure	measured
obj_line_LINE-WS-jinhua-slurry	blockedPressure	measured
obj_line_LINE-WS-jinhua-slurry	utilPressure	measured
obj_line_LINE-WS-jinhua-winding	blockedPressure	measured
obj_line_LINE-WS-jinhua-winding	utilPressure	measured
obj_line_LINE-WS-meishan-assembly	blockedPressure	measured
obj_line_LINE-WS-meishan-assembly	utilPressure	measured
obj_line_LINE-WS-meishan-calendering	blockedPressure	measured
obj_line_LINE-WS-meishan-calendering	utilPressure	measured
obj_line_LINE-WS-meishan-coating	blockedPressure	measured
obj_line_LINE-WS-meishan-coating	utilPressure	measured
obj_line_LINE-WS-meishan-filling	blockedPressure	measured
obj_line_LINE-WS-meishan-filling	utilPressure	measured
obj_line_LINE-WS-meishan-formation	blockedPressure	measured
obj_line_LINE-WS-meishan-formation	utilPressure	measured
obj_line_LINE-WS-meishan-grading	blockedPressure	measured
obj_line_LINE-WS-meishan-grading	utilPressure	measured
obj_line_LINE-WS-meishan-pack	blockedPressure	measured
obj_line_LINE-WS-meishan-pack	utilPressure	measured
obj_line_LINE-WS-meishan-slitting	blockedPressure	measured
obj_line_LINE-WS-meishan-slitting	utilPressure	measured
obj_line_LINE-WS-meishan-slurry	blockedPressure	measured
obj_line_LINE-WS-meishan-slurry	utilPressure	measured
obj_line_LINE-WS-meishan-winding	blockedPressure	measured
obj_line_LINE-WS-meishan-winding	utilPressure	measured
obj_line_LINE-WS-wuhan-assembly	blockedPressure	measured
obj_line_LINE-WS-wuhan-assembly	utilPressure	measured
obj_line_LINE-WS-wuhan-calendering	blockedPressure	measured
obj_line_LINE-WS-wuhan-calendering	utilPressure	measured
obj_line_LINE-WS-wuhan-coating	blockedPressure	measured
obj_line_LINE-WS-wuhan-coating	utilPressure	measured
obj_line_LINE-WS-wuhan-filling	blockedPressure	measured
obj_line_LINE-WS-wuhan-filling	utilPressure	measured
obj_line_LINE-WS-wuhan-formation	blockedPressure	measured
obj_line_LINE-WS-wuhan-formation	utilPressure	measured
obj_line_LINE-WS-wuhan-grading	blockedPressure	measured
obj_line_LINE-WS-wuhan-grading	utilPressure	measured
obj_line_LINE-WS-wuhan-pack	blockedPressure	measured
obj_line_LINE-WS-wuhan-pack	utilPressure	measured
obj_line_LINE-WS-wuhan-slitting	blockedPressure	measured
obj_line_LINE-WS-wuhan-slitting	utilPressure	measured
obj_line_LINE-WS-wuhan-slurry	blockedPressure	measured
obj_line_LINE-WS-wuhan-slurry	utilPressure	measured
obj_line_LINE-WS-wuhan-winding	blockedPressure	measured
obj_line_LINE-WS-wuhan-winding	utilPressure	measured
obj_line_LINE-WS-xiamen-assembly	blockedPressure	measured
obj_line_LINE-WS-xiamen-assembly	utilPressure	measured
obj_line_LINE-WS-xiamen-calendering	blockedPressure	measured
obj_line_LINE-WS-xiamen-calendering	utilPressure	measured
obj_line_LINE-WS-xiamen-coating	blockedPressure	measured
obj_line_LINE-WS-xiamen-coating	utilPressure	measured
obj_line_LINE-WS-xiamen-filling	blockedPressure	measured
obj_line_LINE-WS-xiamen-filling	utilPressure	measured
obj_line_LINE-WS-xiamen-formation	blockedPressure	measured
obj_line_LINE-WS-xiamen-formation	utilPressure	measured
obj_line_LINE-WS-xiamen-grading	blockedPressure	measured
obj_line_LINE-WS-xiamen-grading	utilPressure	measured
obj_line_LINE-WS-xiamen-pack	blockedPressure	measured
obj_line_LINE-WS-xiamen-pack	utilPressure	measured
obj_line_LINE-WS-xiamen-slitting	blockedPressure	measured
obj_line_LINE-WS-xiamen-slitting	utilPressure	measured
obj_line_LINE-WS-xiamen-slurry	blockedPressure	measured
obj_line_LINE-WS-xiamen-slurry	utilPressure	measured
obj_line_LINE-WS-xiamen-winding	blockedPressure	measured
obj_line_LINE-WS-xiamen-winding	utilPressure	measured
obj_line_LINE-WS-xinyang-assembly	blockedPressure	measured
obj_line_LINE-WS-xinyang-assembly	utilPressure	measured
obj_line_LINE-WS-xinyang-calendering	blockedPressure	measured
obj_line_LINE-WS-xinyang-calendering	utilPressure	measured
obj_line_LINE-WS-xinyang-coating	blockedPressure	measured
obj_line_LINE-WS-xinyang-coating	utilPressure	measured
obj_line_LINE-WS-xinyang-filling	blockedPressure	measured
obj_line_LINE-WS-xinyang-filling	utilPressure	measured
obj_line_LINE-WS-xinyang-formation	blockedPressure	measured
obj_line_LINE-WS-xinyang-formation	utilPressure	measured
obj_line_LINE-WS-xinyang-grading	blockedPressure	measured
obj_line_LINE-WS-xinyang-grading	utilPressure	measured
obj_line_LINE-WS-xinyang-pack	blockedPressure	measured
obj_line_LINE-WS-xinyang-pack	utilPressure	measured
obj_line_LINE-WS-xinyang-slitting	blockedPressure	measured
obj_line_LINE-WS-xinyang-slitting	utilPressure	measured
obj_line_LINE-WS-xinyang-slurry	blockedPressure	measured
obj_line_LINE-WS-xinyang-slurry	utilPressure	measured
obj_line_LINE-WS-xinyang-winding	blockedPressure	measured
obj_line_LINE-WS-xinyang-winding	utilPressure	measured
obj_line_LINE-WS-yangzhou-assembly	blockedPressure	measured
obj_line_LINE-WS-yangzhou-assembly	utilPressure	measured
obj_line_LINE-WS-yangzhou-calendering	blockedPressure	measured
obj_line_LINE-WS-yangzhou-calendering	utilPressure	measured
obj_line_LINE-WS-yangzhou-coating	blockedPressure	measured
obj_line_LINE-WS-yangzhou-coating	utilPressure	measured
obj_line_LINE-WS-yangzhou-filling	blockedPressure	measured
obj_line_LINE-WS-yangzhou-filling	utilPressure	measured
obj_line_LINE-WS-yangzhou-formation	blockedPressure	measured
obj_line_LINE-WS-yangzhou-formation	utilPressure	measured
obj_line_LINE-WS-yangzhou-grading	blockedPressure	measured
obj_line_LINE-WS-yangzhou-grading	utilPressure	measured
obj_line_LINE-WS-yangzhou-pack	blockedPressure	measured
obj_line_LINE-WS-yangzhou-pack	utilPressure	measured
obj_line_LINE-WS-yangzhou-slitting	blockedPressure	measured
obj_line_LINE-WS-yangzhou-slitting	utilPressure	measured
obj_line_LINE-WS-yangzhou-slurry	blockedPressure	measured
obj_line_LINE-WS-yangzhou-slurry	utilPressure	measured
obj_line_LINE-WS-yangzhou-winding	blockedPressure	measured
obj_line_LINE-WS-yangzhou-winding	utilPressure	measured
obj_line_LINE-WS-zaozhuang-assembly	blockedPressure	measured
obj_line_LINE-WS-zaozhuang-assembly	utilPressure	measured
obj_line_LINE-WS-zaozhuang-calendering	blockedPressure	measured
obj_line_LINE-WS-zaozhuang-calendering	utilPressure	measured
obj_line_LINE-WS-zaozhuang-coating	blockedPressure	measured
obj_line_LINE-WS-zaozhuang-coating	utilPressure	measured
obj_line_LINE-WS-zaozhuang-filling	blockedPressure	measured
obj_line_LINE-WS-zaozhuang-filling	utilPressure	measured
obj_line_LINE-WS-zaozhuang-formation	blockedPressure	measured
obj_line_LINE-WS-zaozhuang-formation	utilPressure	measured
obj_line_LINE-WS-zaozhuang-grading	blockedPressure	measured
obj_line_LINE-WS-zaozhuang-grading	utilPressure	measured
obj_line_LINE-WS-zaozhuang-pack	blockedPressure	measured
obj_line_LINE-WS-zaozhuang-pack	utilPressure	measured
obj_line_LINE-WS-zaozhuang-slitting	blockedPressure	measured
obj_line_LINE-WS-zaozhuang-slitting	utilPressure	measured
obj_line_LINE-WS-zaozhuang-slurry	blockedPressure	measured
obj_line_LINE-WS-zaozhuang-slurry	utilPressure	measured
obj_line_LINE-WS-zaozhuang-winding	blockedPressure	measured
obj_line_LINE-WS-zaozhuang-winding	utilPressure	measured
obj_line_LINE-WS-zigong-assembly	blockedPressure	measured
obj_line_LINE-WS-zigong-assembly	utilPressure	measured
obj_line_LINE-WS-zigong-calendering	blockedPressure	measured
obj_line_LINE-WS-zigong-calendering	utilPressure	measured
obj_line_LINE-WS-zigong-coating	blockedPressure	measured
obj_line_LINE-WS-zigong-coating	utilPressure	measured
obj_line_LINE-WS-zigong-filling	blockedPressure	measured
obj_line_LINE-WS-zigong-filling	utilPressure	measured
obj_line_LINE-WS-zigong-formation	blockedPressure	measured
obj_line_LINE-WS-zigong-formation	utilPressure	measured
obj_line_LINE-WS-zigong-grading	blockedPressure	measured
obj_line_LINE-WS-zigong-grading	utilPressure	measured
obj_line_LINE-WS-zigong-pack	blockedPressure	measured
obj_line_LINE-WS-zigong-pack	utilPressure	measured
obj_line_LINE-WS-zigong-slitting	blockedPressure	measured
obj_line_LINE-WS-zigong-slitting	utilPressure	measured
obj_line_LINE-WS-zigong-slurry	blockedPressure	measured
obj_line_LINE-WS-zigong-slurry	utilPressure	measured
obj_line_LINE-WS-zigong-winding	blockedPressure	measured
obj_line_LINE-WS-zigong-winding	utilPressure	measured
obj_maintenanceorder_MO-LINE-WS-changzhou-assembly-coating-E2	repairBacklog	derived
obj_maintenanceorder_MO-LINE-WS-changzhou-assembly-winding-E1	repairBacklog	derived
obj_maintenanceorder_MO-LINE-WS-changzhou-calendering-coating-E2	repairBacklog	derived
obj_maintenanceorder_MO-LINE-WS-changzhou-calendering-winding-E1	repairBacklog	derived
obj_maintenanceorder_MO-LINE-WS-changzhou-coating-assembly-E2	repairBacklog	derived
obj_maintenanceorder_MO-LINE-WS-changzhou-coating-coating-E1	repairBacklog	derived
obj_maintenanceorder_MO-LINE-WS-changzhou-coating-winding-E2	repairBacklog	derived
obj_maintenanceorder_MO-LINE-WS-changzhou-grading-assembly-E1	repairBacklog	derived
obj_maintenanceorder_MO-LINE-WS-changzhou-slitting-assembly-E1	repairBacklog	derived
obj_maintenanceorder_MO-LINE-WS-changzhou-winding-coating-E2	repairBacklog	derived
obj_maintenanceorder_MO-LINE-WS-changzhou-winding-winding-E1	repairBacklog	derived
obj_maintenanceorder_MO-LINE-WS-chengdu-assembly-assembly-E2	repairBacklog	derived
obj_maintenanceorder_MO-LINE-WS-chengdu-assembly-coating-E1	repairBacklog	derived
obj_maintenanceorder_MO-LINE-WS-chengdu-assembly-winding-E2	repairBacklog	derived
obj_maintenanceorder_MO-LINE-WS-chengdu-coating-assembly-E1	repairBacklog	derived
obj_maintenanceorder_MO-LINE-WS-chengdu-filling-coating-E2	repairBacklog	derived
obj_maintenanceorder_MO-LINE-WS-chengdu-filling-winding-E1	repairBacklog	derived
obj_maintenanceorder_MO-LINE-WS-chengdu-formation-coating-E2	repairBacklog	derived
obj_maintenanceorder_MO-LINE-WS-chengdu-formation-winding-E1	repairBacklog	derived
obj_maintenanceorder_MO-LINE-WS-chengdu-grading-assembly-E2	repairBacklog	derived
obj_maintenanceorder_MO-LINE-WS-chengdu-grading-coating-E1	repairBacklog	derived
obj_maintenanceorder_MO-LINE-WS-chengdu-grading-winding-E2	repairBacklog	derived
obj_maintenanceorder_MO-LINE-WS-chengdu-pack-assembly-E1	repairBacklog	derived
obj_maintenanceorder_MO-LINE-WS-chengdu-slurry-assembly-E1	repairBacklog	derived
obj_maintenanceorder_MO-LINE-WS-handan-calendering-assembly-E2	repairBacklog	derived
obj_maintenanceorder_MO-LINE-WS-handan-calendering-coating-E1	repairBacklog	derived
obj_maintenanceorder_MO-LINE-WS-handan-calendering-winding-E2	repairBacklog	derived
obj_maintenanceorder_MO-LINE-WS-handan-coating-coating-E2	repairBacklog	derived
obj_maintenanceorder_MO-LINE-WS-handan-coating-winding-E1	repairBacklog	derived
obj_maintenanceorder_MO-LINE-WS-handan-filling-assembly-E1	repairBacklog	derived
obj_maintenanceorder_MO-LINE-WS-handan-formation-assembly-E1	repairBacklog	derived
obj_maintenanceorder_MO-LINE-WS-handan-pack-coating-E2	repairBacklog	derived
obj_maintenanceorder_MO-LINE-WS-handan-pack-winding-E1	repairBacklog	derived
obj_maintenanceorder_MO-LINE-WS-handan-slitting-assembly-E2	repairBacklog	derived
obj_maintenanceorder_MO-LINE-WS-handan-slitting-coating-E1	repairBacklog	derived
obj_maintenanceorder_MO-LINE-WS-handan-slitting-winding-E2	repairBacklog	derived
obj_maintenanceorder_MO-LINE-WS-handan-slurry-coating-E2	repairBacklog	derived
obj_maintenanceorder_MO-LINE-WS-handan-slurry-winding-E1	repairBacklog	derived
obj_maintenanceorder_MO-LINE-WS-handan-winding-assembly-E2	repairBacklog	derived
obj_maintenanceorder_MO-LINE-WS-handan-winding-coating-E1	repairBacklog	derived
obj_maintenanceorder_MO-LINE-WS-handan-winding-winding-E2	repairBacklog	derived
obj_maintenanceorder_MO-LINE-WS-hefei-assembly-assembly-E1	repairBacklog	derived
obj_maintenanceorder_MO-LINE-WS-hefei-calendering-assembly-E1	repairBacklog	derived
obj_maintenanceorder_MO-LINE-WS-hefei-filling-assembly-E2	repairBacklog	derived
obj_maintenanceorder_MO-LINE-WS-hefei-filling-coating-E1	repairBacklog	derived
obj_maintenanceorder_MO-LINE-WS-hefei-filling-winding-E2	repairBacklog	derived
obj_maintenanceorder_MO-LINE-WS-hefei-formation-assembly-E2	repairBacklog	derived
obj_maintenanceorder_MO-LINE-WS-hefei-formation-coating-E1	repairBacklog	derived
obj_maintenanceorder_MO-LINE-WS-hefei-formation-winding-E2	repairBacklog	derived
obj_maintenanceorder_MO-LINE-WS-hefei-grading-coating-E2	repairBacklog	derived
obj_maintenanceorder_MO-LINE-WS-hefei-grading-winding-E1	repairBacklog	derived
obj_maintenanceorder_MO-LINE-WS-hefei-pack-assembly-E2	repairBacklog	derived
obj_maintenanceorder_MO-LINE-WS-hefei-pack-coating-E1	repairBacklog	derived
obj_maintenanceorder_MO-LINE-WS-hefei-pack-winding-E2	repairBacklog	derived
obj_maintenanceorder_MO-LINE-WS-hefei-slitting-coating-E2	repairBacklog	derived
obj_maintenanceorder_MO-LINE-WS-hefei-slitting-winding-E1	repairBacklog	derived
obj_maintenanceorder_MO-LINE-WS-hefei-slurry-assembly-E2	repairBacklog	derived
obj_maintenanceorder_MO-LINE-WS-hefei-slurry-coating-E1	repairBacklog	derived
obj_maintenanceorder_MO-LINE-WS-hefei-slurry-winding-E2	repairBacklog	derived
obj_maintenanceorder_MO-LINE-WS-hefei-winding-assembly-E1	repairBacklog	derived
obj_maintenanceorder_MO-LINE-WS-jiangmen-assembly-coating-E2	repairBacklog	derived
obj_maintenanceorder_MO-LINE-WS-jiangmen-assembly-winding-E1	repairBacklog	derived
obj_maintenanceorder_MO-LINE-WS-jiangmen-calendering-coating-E2	repairBacklog	derived
obj_maintenanceorder_MO-LINE-WS-jiangmen-calendering-winding-E1	repairBacklog	derived
obj_maintenanceorder_MO-LINE-WS-jiangmen-coating-assembly-E2	repairBacklog	derived
obj_maintenanceorder_MO-LINE-WS-jiangmen-coating-coating-E1	repairBacklog	derived
obj_maintenanceorder_MO-LINE-WS-jiangmen-coating-winding-E2	repairBacklog	derived
obj_maintenanceorder_MO-LINE-WS-jiangmen-grading-assembly-E1	repairBacklog	derived
obj_maintenanceorder_MO-LINE-WS-jiangmen-slitting-assembly-E1	repairBacklog	derived
obj_maintenanceorder_MO-LINE-WS-jiangmen-winding-coating-E2	repairBacklog	derived
obj_maintenanceorder_MO-LINE-WS-jiangmen-winding-winding-E1	repairBacklog	derived
obj_maintenanceorder_MO-LINE-WS-jinhua-assembly-coating-E2	repairBacklog	derived
obj_maintenanceorder_MO-LINE-WS-jinhua-assembly-winding-E1	repairBacklog	derived
obj_maintenanceorder_MO-LINE-WS-jinhua-calendering-coating-E2	repairBacklog	derived
obj_maintenanceorder_MO-LINE-WS-jinhua-calendering-winding-E1	repairBacklog	derived
obj_maintenanceorder_MO-LINE-WS-jinhua-coating-assembly-E2	repairBacklog	derived
obj_maintenanceorder_MO-LINE-WS-jinhua-coating-coating-E1	repairBacklog	derived
obj_maintenanceorder_MO-LINE-WS-jinhua-coating-winding-E2	repairBacklog	derived
obj_maintenanceorder_MO-LINE-WS-jinhua-grading-assembly-E1	repairBacklog	derived
obj_maintenanceorder_MO-LINE-WS-jinhua-slitting-assembly-E1	repairBacklog	derived
obj_maintenanceorder_MO-LINE-WS-jinhua-winding-coating-E2	repairBacklog	derived
obj_maintenanceorder_MO-LINE-WS-jinhua-winding-winding-E1	repairBacklog	derived
obj_maintenanceorder_MO-LINE-WS-meishan-assembly-assembly-E1	repairBacklog	derived
obj_maintenanceorder_MO-LINE-WS-meishan-calendering-assembly-E1	repairBacklog	derived
obj_maintenanceorder_MO-LINE-WS-meishan-filling-assembly-E2	repairBacklog	derived
obj_maintenanceorder_MO-LINE-WS-meishan-filling-coating-E1	repairBacklog	derived
obj_maintenanceorder_MO-LINE-WS-meishan-filling-winding-E2	repairBacklog	derived
obj_maintenanceorder_MO-LINE-WS-meishan-formation-assembly-E2	repairBacklog	derived
obj_maintenanceorder_MO-LINE-WS-meishan-formation-coating-E1	repairBacklog	derived
obj_maintenanceorder_MO-LINE-WS-meishan-formation-winding-E2	repairBacklog	derived
obj_maintenanceorder_MO-LINE-WS-meishan-grading-coating-E2	repairBacklog	derived
obj_maintenanceorder_MO-LINE-WS-meishan-grading-winding-E1	repairBacklog	derived
obj_maintenanceorder_MO-LINE-WS-meishan-pack-assembly-E2	repairBacklog	derived
obj_maintenanceorder_MO-LINE-WS-meishan-pack-coating-E1	repairBacklog	derived
obj_maintenanceorder_MO-LINE-WS-meishan-pack-winding-E2	repairBacklog	derived
obj_maintenanceorder_MO-LINE-WS-meishan-slitting-coating-E2	repairBacklog	derived
obj_maintenanceorder_MO-LINE-WS-meishan-slitting-winding-E1	repairBacklog	derived
obj_maintenanceorder_MO-LINE-WS-meishan-slurry-assembly-E2	repairBacklog	derived
obj_maintenanceorder_MO-LINE-WS-meishan-slurry-coating-E1	repairBacklog	derived
obj_maintenanceorder_MO-LINE-WS-meishan-slurry-winding-E2	repairBacklog	derived
obj_maintenanceorder_MO-LINE-WS-meishan-winding-assembly-E1	repairBacklog	derived
obj_maintenanceorder_MO-LINE-WS-wuhan-assembly-coating-E2	repairBacklog	derived
obj_maintenanceorder_MO-LINE-WS-wuhan-assembly-winding-E1	repairBacklog	derived
obj_maintenanceorder_MO-LINE-WS-wuhan-calendering-coating-E2	repairBacklog	derived
obj_maintenanceorder_MO-LINE-WS-wuhan-calendering-winding-E1	repairBacklog	derived
obj_maintenanceorder_MO-LINE-WS-wuhan-coating-assembly-E2	repairBacklog	derived
obj_maintenanceorder_MO-LINE-WS-wuhan-coating-coating-E1	repairBacklog	derived
obj_maintenanceorder_MO-LINE-WS-wuhan-coating-winding-E2	repairBacklog	derived
obj_maintenanceorder_MO-LINE-WS-wuhan-grading-assembly-E1	repairBacklog	derived
obj_maintenanceorder_MO-LINE-WS-wuhan-slitting-assembly-E1	repairBacklog	derived
obj_maintenanceorder_MO-LINE-WS-wuhan-winding-coating-E2	repairBacklog	derived
obj_maintenanceorder_MO-LINE-WS-wuhan-winding-winding-E1	repairBacklog	derived
obj_maintenanceorder_MO-LINE-WS-xiamen-calendering-assembly-E2	repairBacklog	derived
obj_maintenanceorder_MO-LINE-WS-xiamen-calendering-coating-E1	repairBacklog	derived
obj_maintenanceorder_MO-LINE-WS-xiamen-calendering-winding-E2	repairBacklog	derived
obj_maintenanceorder_MO-LINE-WS-xiamen-coating-coating-E2	repairBacklog	derived
obj_maintenanceorder_MO-LINE-WS-xiamen-coating-winding-E1	repairBacklog	derived
obj_maintenanceorder_MO-LINE-WS-xiamen-filling-assembly-E1	repairBacklog	derived
obj_maintenanceorder_MO-LINE-WS-xiamen-formation-assembly-E1	repairBacklog	derived
obj_maintenanceorder_MO-LINE-WS-xiamen-pack-coating-E2	repairBacklog	derived
obj_maintenanceorder_MO-LINE-WS-xiamen-pack-winding-E1	repairBacklog	derived
obj_maintenanceorder_MO-LINE-WS-xiamen-slitting-assembly-E2	repairBacklog	derived
obj_maintenanceorder_MO-LINE-WS-xiamen-slitting-coating-E1	repairBacklog	derived
obj_maintenanceorder_MO-LINE-WS-xiamen-slitting-winding-E2	repairBacklog	derived
obj_maintenanceorder_MO-LINE-WS-xiamen-slurry-coating-E2	repairBacklog	derived
obj_maintenanceorder_MO-LINE-WS-xiamen-slurry-winding-E1	repairBacklog	derived
obj_maintenanceorder_MO-LINE-WS-xiamen-winding-assembly-E2	repairBacklog	derived
obj_maintenanceorder_MO-LINE-WS-xiamen-winding-coating-E1	repairBacklog	derived
obj_maintenanceorder_MO-LINE-WS-xiamen-winding-winding-E2	repairBacklog	derived
obj_maintenanceorder_MO-LINE-WS-xinyang-assembly-assembly-E2	repairBacklog	derived
obj_maintenanceorder_MO-LINE-WS-xinyang-assembly-coating-E1	repairBacklog	derived
obj_maintenanceorder_MO-LINE-WS-xinyang-assembly-winding-E2	repairBacklog	derived
obj_maintenanceorder_MO-LINE-WS-xinyang-coating-assembly-E1	repairBacklog	derived
obj_maintenanceorder_MO-LINE-WS-xinyang-filling-coating-E2	repairBacklog	derived
obj_maintenanceorder_MO-LINE-WS-xinyang-filling-winding-E1	repairBacklog	derived
obj_maintenanceorder_MO-LINE-WS-xinyang-formation-coating-E2	repairBacklog	derived
obj_maintenanceorder_MO-LINE-WS-xinyang-formation-winding-E1	repairBacklog	derived
obj_maintenanceorder_MO-LINE-WS-xinyang-grading-assembly-E2	repairBacklog	derived
obj_maintenanceorder_MO-LINE-WS-xinyang-grading-coating-E1	repairBacklog	derived
obj_maintenanceorder_MO-LINE-WS-xinyang-grading-winding-E2	repairBacklog	derived
obj_maintenanceorder_MO-LINE-WS-xinyang-pack-assembly-E1	repairBacklog	derived
obj_maintenanceorder_MO-LINE-WS-xinyang-slurry-assembly-E1	repairBacklog	derived
obj_maintenanceorder_MO-LINE-WS-yangzhou-assembly-assembly-E1	repairBacklog	derived
obj_maintenanceorder_MO-LINE-WS-yangzhou-calendering-assembly-E1	repairBacklog	derived
obj_maintenanceorder_MO-LINE-WS-yangzhou-filling-assembly-E2	repairBacklog	derived
obj_maintenanceorder_MO-LINE-WS-yangzhou-filling-coating-E1	repairBacklog	derived
obj_maintenanceorder_MO-LINE-WS-yangzhou-filling-winding-E2	repairBacklog	derived
obj_maintenanceorder_MO-LINE-WS-yangzhou-formation-assembly-E2	repairBacklog	derived
obj_maintenanceorder_MO-LINE-WS-yangzhou-formation-coating-E1	repairBacklog	derived
obj_maintenanceorder_MO-LINE-WS-yangzhou-formation-winding-E2	repairBacklog	derived
obj_maintenanceorder_MO-LINE-WS-yangzhou-grading-coating-E2	repairBacklog	derived
obj_maintenanceorder_MO-LINE-WS-yangzhou-grading-winding-E1	repairBacklog	derived
obj_maintenanceorder_MO-LINE-WS-yangzhou-pack-assembly-E2	repairBacklog	derived
obj_maintenanceorder_MO-LINE-WS-yangzhou-pack-coating-E1	repairBacklog	derived
obj_maintenanceorder_MO-LINE-WS-yangzhou-pack-winding-E2	repairBacklog	derived
obj_maintenanceorder_MO-LINE-WS-yangzhou-slitting-coating-E2	repairBacklog	derived
obj_maintenanceorder_MO-LINE-WS-yangzhou-slitting-winding-E1	repairBacklog	derived
obj_maintenanceorder_MO-LINE-WS-yangzhou-slurry-assembly-E2	repairBacklog	derived
obj_maintenanceorder_MO-LINE-WS-yangzhou-slurry-coating-E1	repairBacklog	derived
obj_maintenanceorder_MO-LINE-WS-yangzhou-slurry-winding-E2	repairBacklog	derived
obj_maintenanceorder_MO-LINE-WS-yangzhou-winding-assembly-E1	repairBacklog	derived
obj_maintenanceorder_MO-LINE-WS-zaozhuang-assembly-assembly-E1	repairBacklog	derived
obj_maintenanceorder_MO-LINE-WS-zaozhuang-calendering-assembly-E1	repairBacklog	derived
obj_maintenanceorder_MO-LINE-WS-zaozhuang-filling-assembly-E2	repairBacklog	derived
obj_maintenanceorder_MO-LINE-WS-zaozhuang-filling-coating-E1	repairBacklog	derived
obj_maintenanceorder_MO-LINE-WS-zaozhuang-filling-winding-E2	repairBacklog	derived
obj_maintenanceorder_MO-LINE-WS-zaozhuang-formation-assembly-E2	repairBacklog	derived
obj_maintenanceorder_MO-LINE-WS-zaozhuang-formation-coating-E1	repairBacklog	derived
obj_maintenanceorder_MO-LINE-WS-zaozhuang-formation-winding-E2	repairBacklog	derived
obj_maintenanceorder_MO-LINE-WS-zaozhuang-grading-coating-E2	repairBacklog	derived
obj_maintenanceorder_MO-LINE-WS-zaozhuang-grading-winding-E1	repairBacklog	derived
obj_maintenanceorder_MO-LINE-WS-zaozhuang-pack-assembly-E2	repairBacklog	derived
obj_maintenanceorder_MO-LINE-WS-zaozhuang-pack-coating-E1	repairBacklog	derived
obj_maintenanceorder_MO-LINE-WS-zaozhuang-pack-winding-E2	repairBacklog	derived
obj_maintenanceorder_MO-LINE-WS-zaozhuang-slitting-coating-E2	repairBacklog	derived
obj_maintenanceorder_MO-LINE-WS-zaozhuang-slitting-winding-E1	repairBacklog	derived
obj_maintenanceorder_MO-LINE-WS-zaozhuang-slurry-assembly-E2	repairBacklog	derived
obj_maintenanceorder_MO-LINE-WS-zaozhuang-slurry-coating-E1	repairBacklog	derived
obj_maintenanceorder_MO-LINE-WS-zaozhuang-slurry-winding-E2	repairBacklog	derived
obj_maintenanceorder_MO-LINE-WS-zaozhuang-winding-assembly-E1	repairBacklog	derived
obj_maintenanceorder_MO-LINE-WS-zigong-assembly-assembly-E2	repairBacklog	derived
obj_maintenanceorder_MO-LINE-WS-zigong-assembly-coating-E1	repairBacklog	derived
obj_maintenanceorder_MO-LINE-WS-zigong-assembly-winding-E2	repairBacklog	derived
obj_maintenanceorder_MO-LINE-WS-zigong-coating-assembly-E1	repairBacklog	derived
obj_maintenanceorder_MO-LINE-WS-zigong-filling-coating-E2	repairBacklog	derived
obj_maintenanceorder_MO-LINE-WS-zigong-filling-winding-E1	repairBacklog	derived
obj_maintenanceorder_MO-LINE-WS-zigong-formation-coating-E2	repairBacklog	derived
obj_maintenanceorder_MO-LINE-WS-zigong-formation-winding-E1	repairBacklog	derived
obj_maintenanceorder_MO-LINE-WS-zigong-grading-assembly-E2	repairBacklog	derived
obj_maintenanceorder_MO-LINE-WS-zigong-grading-coating-E1	repairBacklog	derived
obj_maintenanceorder_MO-LINE-WS-zigong-grading-winding-E2	repairBacklog	derived
obj_maintenanceorder_MO-LINE-WS-zigong-pack-assembly-E1	repairBacklog	derived
obj_maintenanceorder_MO-LINE-WS-zigong-slurry-assembly-E1	repairBacklog	derived
obj_maintplan_MP-changzhou	windowSqueeze	derived
obj_maintplan_MP-chengdu	windowSqueeze	derived
obj_maintplan_MP-handan	windowSqueeze	derived
obj_maintplan_MP-hefei	windowSqueeze	derived
obj_maintplan_MP-jiangmen	windowSqueeze	derived
obj_maintplan_MP-jinhua	windowSqueeze	derived
obj_maintplan_MP-meishan	windowSqueeze	derived
obj_maintplan_MP-wuhan	windowSqueeze	derived
obj_maintplan_MP-xiamen	windowSqueeze	derived
obj_maintplan_MP-xinyang	windowSqueeze	derived
obj_maintplan_MP-yangzhou	windowSqueeze	derived
obj_maintplan_MP-zaozhuang	windowSqueeze	derived
obj_maintplan_MP-zigong	windowSqueeze	derived
obj_material_al_foil	priceShock	measured
obj_material_al_foil	shortageRisk	measured
obj_material_cell_case	priceShock	measured
obj_material_cell_case	shortageRisk	measured
obj_material_cu_foil	priceShock	measured
obj_material_cu_foil	shortageRisk	measured
obj_material_elyte	priceShock	measured
obj_material_elyte	shortageRisk	measured
obj_material_neg_graphite	priceShock	measured
obj_material_neg_graphite	shortageRisk	measured
obj_material_pos_lfp	priceShock	measured
obj_material_pos_lfp	shortageRisk	measured
obj_material_pos_ncm	priceShock	measured
obj_material_pos_ncm	shortageRisk	measured
obj_material_sep_film	priceShock	measured
obj_material_sep_film	shortageRisk	measured
obj_materialalternative_ALT-001	switchPressure	derived
obj_materialalternative_ALT-002	switchPressure	derived
obj_materialalternative_ALT-003	switchPressure	derived
obj_materialalternative_ALT-004	switchPressure	derived
obj_materialalternative_ALT-005	switchPressure	derived
obj_materialbalance_mbal-1	gapPressure	measured
obj_materialbalance_mbal-2	gapPressure	measured
obj_materialbalance_mbal-3	gapPressure	measured
obj_materialbalance_mbal-4	gapPressure	measured
obj_materialbalance_mbal-5	gapPressure	measured
obj_materialbalance_mbal-6	gapPressure	measured
obj_materialbalance_mbal-7	gapPressure	measured
obj_materialbalance_mbal-8	gapPressure	measured
obj_materialbalance_mbal-9	gapPressure	measured
obj_materialbatch_al_foil_b0	procurementDelay	measured
obj_materialbatch_al_foil_b0	turnoverPressure	derived
obj_materialbatch_al_foil_b1	procurementDelay	measured
obj_materialbatch_al_foil_b1	turnoverPressure	derived
obj_materialbatch_al_foil_b2	procurementDelay	measured
obj_materialbatch_al_foil_b2	turnoverPressure	derived
obj_materialbatch_cell_case_b0	procurementDelay	measured
obj_materialbatch_cell_case_b0	turnoverPressure	derived
obj_materialbatch_cell_case_b1	procurementDelay	measured
obj_materialbatch_cell_case_b1	turnoverPressure	derived
obj_materialbatch_cell_case_b2	procurementDelay	measured
obj_materialbatch_cell_case_b2	turnoverPressure	derived
obj_materialbatch_cu_foil_b0	procurementDelay	measured
obj_materialbatch_cu_foil_b0	turnoverPressure	derived
obj_materialbatch_cu_foil_b1	procurementDelay	measured
obj_materialbatch_cu_foil_b1	turnoverPressure	derived
obj_materialbatch_cu_foil_b2	procurementDelay	measured
obj_materialbatch_cu_foil_b2	turnoverPressure	derived
obj_materialbatch_elyte_b0	procurementDelay	measured
obj_materialbatch_elyte_b0	turnoverPressure	derived
obj_materialbatch_elyte_b1	procurementDelay	measured
obj_materialbatch_elyte_b1	turnoverPressure	derived
obj_materialbatch_elyte_b2	procurementDelay	measured
obj_materialbatch_elyte_b2	turnoverPressure	derived
obj_materialbatch_neg_graphite_b0	procurementDelay	measured
obj_materialbatch_neg_graphite_b0	turnoverPressure	derived
obj_materialbatch_neg_graphite_b1	procurementDelay	measured
obj_materialbatch_neg_graphite_b1	turnoverPressure	derived
obj_materialbatch_neg_graphite_b2	procurementDelay	measured
obj_materialbatch_neg_graphite_b2	turnoverPressure	derived
obj_materialbatch_pos_lfp_b0	procurementDelay	measured
obj_materialbatch_pos_lfp_b0	turnoverPressure	derived
obj_materialbatch_pos_lfp_b1	procurementDelay	measured
obj_materialbatch_pos_lfp_b1	turnoverPressure	derived
obj_materialbatch_pos_lfp_b2	procurementDelay	measured
obj_materialbatch_pos_lfp_b2	turnoverPressure	derived
obj_materialbatch_pos_ncm_b0	procurementDelay	measured
obj_materialbatch_pos_ncm_b0	turnoverPressure	derived
obj_materialbatch_pos_ncm_b1	procurementDelay	measured
obj_materialbatch_pos_ncm_b1	turnoverPressure	derived
obj_materialbatch_pos_ncm_b2	procurementDelay	measured
obj_materialbatch_pos_ncm_b2	turnoverPressure	derived
obj_materialbatch_sep_film_b0	procurementDelay	measured
obj_materialbatch_sep_film_b0	turnoverPressure	derived
obj_materialbatch_sep_film_b1	procurementDelay	measured
obj_materialbatch_sep_film_b1	turnoverPressure	derived
obj_materialbatch_sep_film_b2	procurementDelay	measured
obj_materialbatch_sep_film_b2	turnoverPressure	derived
obj_model_2170-NCM	backlogPriceTop	derived
obj_model_2170-NCM	backlogQtyTop	derived
obj_model_2170-NCM	costPressure	measured
obj_model_2170-NCM	demandLoad	measured
obj_model_2170-NCM	forecastBias	derived
obj_model_2170-NCM	supplyRisk	measured
obj_model_4680-LFP	backlogPriceTop	derived
obj_model_4680-LFP	backlogQtyTop	derived
obj_model_4680-LFP	costPressure	measured
obj_model_4680-LFP	demandLoad	measured
obj_model_4680-LFP	forecastBias	derived
obj_model_4680-LFP	supplyRisk	measured
obj_model_4680-NCM	backlogPriceTop	derived
obj_model_4680-NCM	backlogQtyTop	derived
obj_model_4680-NCM	costPressure	measured
obj_model_4680-NCM	demandLoad	measured
obj_model_4680-NCM	forecastBias	derived
obj_model_4680-NCM	supplyRisk	measured
obj_model_圆柱-LFP	backlogPriceTop	derived
obj_model_圆柱-LFP	backlogQtyTop	derived
obj_model_圆柱-LFP	costPressure	measured
obj_model_圆柱-LFP	demandLoad	measured
obj_model_圆柱-LFP	forecastBias	derived
obj_model_圆柱-LFP	supplyRisk	measured
obj_model_方形-LFP	backlogPriceTop	derived
obj_model_方形-LFP	backlogQtyTop	derived
obj_model_方形-LFP	costPressure	measured
obj_model_方形-LFP	demandLoad	measured
obj_model_方形-LFP	forecastBias	derived
obj_model_方形-LFP	supplyRisk	measured
obj_model_方形-NCM	backlogPriceTop	derived
obj_model_方形-NCM	backlogQtyTop	derived
obj_model_方形-NCM	costPressure	measured
obj_model_方形-NCM	demandLoad	measured
obj_model_方形-NCM	forecastBias	derived
obj_model_方形-NCM	supplyRisk	measured
obj_order_SO-3391	costPressure	measured
obj_order_SO-3391	demandPressure	measured
obj_order_SO-3391	leadDays	measured
obj_order_SO-3391	orderChurn	derived
obj_order_SO-3391	qty	measured
obj_order_SO-3391	shortageRisk	measured
obj_order_SO-3391	unitPrice	measured
obj_order_SO-3402	costPressure	measured
obj_order_SO-3402	demandPressure	measured
obj_order_SO-3402	leadDays	measured
obj_order_SO-3402	orderChurn	derived
obj_order_SO-3402	qty	measured
obj_order_SO-3402	shortageRisk	measured
obj_order_SO-3402	unitPrice	measured
obj_order_SO-3415	costPressure	measured
obj_order_SO-3415	demandPressure	measured
obj_order_SO-3415	leadDays	measured
obj_order_SO-3415	orderChurn	derived
obj_order_SO-3415	qty	measured
obj_order_SO-3415	shortageRisk	measured
obj_order_SO-3415	unitPrice	measured
obj_order_SO-3420	costPressure	measured
obj_order_SO-3420	demandPressure	measured
obj_order_SO-3420	leadDays	measured
obj_order_SO-3420	orderChurn	derived
obj_order_SO-3420	qty	measured
obj_order_SO-3420	shortageRisk	measured
obj_order_SO-3420	unitPrice	measured
obj_order_SO-3431	costPressure	measured
obj_order_SO-3431	demandPressure	measured
obj_order_SO-3431	leadDays	measured
obj_order_SO-3431	orderChurn	derived
obj_order_SO-3431	qty	measured
obj_order_SO-3431	shortageRisk	measured
obj_order_SO-3431	unitPrice	measured
obj_order_SO-3437	costPressure	measured
obj_order_SO-3437	demandPressure	measured
obj_order_SO-3437	leadDays	measured
obj_order_SO-3437	orderChurn	derived
obj_order_SO-3437	qty	measured
obj_order_SO-3437	shortageRisk	measured
obj_order_SO-3437	unitPrice	measured
obj_order_SO-3445	costPressure	measured
obj_order_SO-3445	demandPressure	measured
obj_order_SO-3445	leadDays	measured
obj_order_SO-3445	orderChurn	derived
obj_order_SO-3445	qty	measured
obj_order_SO-3445	shortageRisk	measured
obj_order_SO-3445	unitPrice	measured
obj_order_SO-3452	costPressure	measured
obj_order_SO-3452	demandPressure	measured
obj_order_SO-3452	leadDays	measured
obj_order_SO-3452	orderChurn	derived
obj_order_SO-3452	qty	measured
obj_order_SO-3452	shortageRisk	measured
obj_order_SO-3452	unitPrice	measured
obj_order_SO-3458	costPressure	measured
obj_order_SO-3458	demandPressure	measured
obj_order_SO-3458	leadDays	measured
obj_order_SO-3458	orderChurn	derived
obj_order_SO-3458	qty	measured
obj_order_SO-3458	shortageRisk	measured
obj_order_SO-3458	unitPrice	measured
obj_order_SO-3464	costPressure	measured
obj_order_SO-3464	demandPressure	measured
obj_order_SO-3464	leadDays	measured
obj_order_SO-3464	orderChurn	derived
obj_order_SO-3464	qty	measured
obj_order_SO-3464	shortageRisk	measured
obj_order_SO-3464	unitPrice	measured
obj_order_SO-3470	costPressure	measured
obj_order_SO-3470	demandPressure	measured
obj_order_SO-3470	leadDays	measured
obj_order_SO-3470	orderChurn	derived
obj_order_SO-3470	qty	measured
obj_order_SO-3470	shortageRisk	measured
obj_order_SO-3470	unitPrice	measured
obj_order_SO-3476	costPressure	measured
obj_order_SO-3476	demandPressure	measured
obj_order_SO-3476	leadDays	measured
obj_order_SO-3476	orderChurn	derived
obj_order_SO-3476	qty	measured
obj_order_SO-3476	shortageRisk	measured
obj_order_SO-3476	unitPrice	measured
obj_order_SO-3481	costPressure	measured
obj_order_SO-3481	demandPressure	measured
obj_order_SO-3481	leadDays	measured
obj_order_SO-3481	orderChurn	derived
obj_order_SO-3481	qty	measured
obj_order_SO-3481	shortageRisk	measured
obj_order_SO-3481	unitPrice	measured
obj_order_SO-3486	costPressure	measured
obj_order_SO-3486	demandPressure	measured
obj_order_SO-3486	leadDays	measured
obj_order_SO-3486	orderChurn	derived
obj_order_SO-3486	qty	measured
obj_order_SO-3486	shortageRisk	measured
obj_order_SO-3486	unitPrice	measured
obj_order_SO-3490	costPressure	measured
obj_order_SO-3490	demandPressure	measured
obj_order_SO-3490	leadDays	measured
obj_order_SO-3490	orderChurn	derived
obj_order_SO-3490	qty	measured
obj_order_SO-3490	shortageRisk	measured
obj_order_SO-3490	unitPrice	measured
obj_order_SO-3495	costPressure	measured
obj_order_SO-3495	demandPressure	measured
obj_order_SO-3495	leadDays	measured
obj_order_SO-3495	orderChurn	derived
obj_order_SO-3495	qty	measured
obj_order_SO-3495	shortageRisk	measured
obj_order_SO-3495	unitPrice	measured
obj_order_SO-3501	costPressure	measured
obj_order_SO-3501	demandPressure	measured
obj_order_SO-3501	leadDays	measured
obj_order_SO-3501	orderChurn	derived
obj_order_SO-3501	qty	measured
obj_order_SO-3501	shortageRisk	measured
obj_order_SO-3501	unitPrice	measured
obj_order_SO-3506	costPressure	measured
obj_order_SO-3506	demandPressure	measured
obj_order_SO-3506	leadDays	measured
obj_order_SO-3506	orderChurn	derived
obj_order_SO-3506	qty	measured
obj_order_SO-3506	shortageRisk	measured
obj_order_SO-3506	unitPrice	measured
obj_order_SO-3512	costPressure	measured
obj_order_SO-3512	demandPressure	measured
obj_order_SO-3512	leadDays	measured
obj_order_SO-3512	orderChurn	derived
obj_order_SO-3512	qty	measured
obj_order_SO-3512	shortageRisk	measured
obj_order_SO-3512	unitPrice	measured
obj_order_SO-3518	costPressure	measured
obj_order_SO-3518	demandPressure	measured
obj_order_SO-3518	leadDays	measured
obj_order_SO-3518	orderChurn	derived
obj_order_SO-3518	qty	measured
obj_order_SO-3518	shortageRisk	measured
obj_order_SO-3518	unitPrice	measured
obj_order_SO-3523	costPressure	measured
obj_order_SO-3523	demandPressure	measured
obj_order_SO-3523	leadDays	measured
obj_order_SO-3523	orderChurn	derived
obj_order_SO-3523	qty	measured
obj_order_SO-3523	shortageRisk	measured
obj_order_SO-3523	unitPrice	measured
obj_order_SO-3529	costPressure	measured
obj_order_SO-3529	demandPressure	measured
obj_order_SO-3529	leadDays	measured
obj_order_SO-3529	orderChurn	derived
obj_order_SO-3529	qty	measured
obj_order_SO-3529	shortageRisk	measured
obj_order_SO-3529	unitPrice	measured
obj_order_SO-3534	costPressure	measured
obj_order_SO-3534	demandPressure	measured
obj_order_SO-3534	leadDays	measured
obj_order_SO-3534	orderChurn	derived
obj_order_SO-3534	qty	measured
obj_order_SO-3534	shortageRisk	measured
obj_order_SO-3534	unitPrice	measured
obj_order_SO-3540	costPressure	measured
obj_order_SO-3540	demandPressure	measured
obj_order_SO-3540	leadDays	measured
obj_order_SO-3540	orderChurn	derived
obj_order_SO-3540	qty	measured
obj_order_SO-3540	shortageRisk	measured
obj_order_SO-3540	unitPrice	measured
obj_order_SO-900025	costPressure	measured
obj_order_SO-900025	demandPressure	measured
obj_order_SO-900025	leadDays	measured
obj_order_SO-900025	orderChurn	derived
obj_order_SO-900025	qty	measured
obj_order_SO-900025	shortageRisk	measured
obj_order_SO-900025	unitPrice	measured
obj_order_SO-900029	costPressure	measured
obj_order_SO-900029	demandPressure	measured
obj_order_SO-900029	leadDays	measured
obj_order_SO-900029	orderChurn	derived
obj_order_SO-900029	qty	measured
obj_order_SO-900029	shortageRisk	measured
obj_order_SO-900029	unitPrice	measured
obj_order_SO-900030	costPressure	measured
obj_order_SO-900030	demandPressure	measured
obj_order_SO-900030	leadDays	measured
obj_order_SO-900030	orderChurn	derived
obj_order_SO-900030	qty	measured
obj_order_SO-900030	shortageRisk	measured
obj_order_SO-900030	unitPrice	measured
obj_order_SO-900038	costPressure	measured
obj_order_SO-900038	demandPressure	measured
obj_order_SO-900038	leadDays	measured
obj_order_SO-900038	orderChurn	derived
obj_order_SO-900038	qty	measured
obj_order_SO-900038	shortageRisk	measured
obj_order_SO-900038	unitPrice	measured
obj_order_SO-900043	costPressure	measured
obj_order_SO-900043	demandPressure	measured
obj_order_SO-900043	leadDays	measured
obj_order_SO-900043	orderChurn	derived
obj_order_SO-900043	qty	measured
obj_order_SO-900043	shortageRisk	measured
obj_order_SO-900043	unitPrice	measured
obj_order_SO-900048	costPressure	measured
obj_order_SO-900048	demandPressure	measured
obj_order_SO-900048	leadDays	measured
obj_order_SO-900048	orderChurn	derived
obj_order_SO-900048	qty	measured
obj_order_SO-900048	shortageRisk	measured
obj_order_SO-900048	unitPrice	measured
obj_order_SO-900052	costPressure	measured
obj_order_SO-900052	demandPressure	measured
obj_order_SO-900052	leadDays	measured
obj_order_SO-900052	orderChurn	derived
obj_order_SO-900052	qty	measured
obj_order_SO-900052	shortageRisk	measured
obj_order_SO-900052	unitPrice	measured
obj_order_SO-900056	costPressure	measured
obj_order_SO-900056	demandPressure	measured
obj_order_SO-900056	leadDays	measured
obj_order_SO-900056	orderChurn	derived
obj_order_SO-900056	qty	measured
obj_order_SO-900056	shortageRisk	measured
obj_order_SO-900056	unitPrice	measured
obj_order_SO-900060	costPressure	measured
obj_order_SO-900060	demandPressure	measured
obj_order_SO-900060	leadDays	measured
obj_order_SO-900060	orderChurn	derived
obj_order_SO-900060	qty	measured
obj_order_SO-900060	shortageRisk	measured
obj_order_SO-900060	unitPrice	measured
obj_order_SO-900070	costPressure	measured
obj_order_SO-900070	demandPressure	measured
obj_order_SO-900070	leadDays	measured
obj_order_SO-900070	orderChurn	derived
obj_order_SO-900070	qty	measured
obj_order_SO-900070	shortageRisk	measured
obj_order_SO-900070	unitPrice	measured
obj_order_SO-900072	costPressure	measured
obj_order_SO-900072	demandPressure	measured
obj_order_SO-900072	leadDays	measured
obj_order_SO-900072	orderChurn	derived
obj_order_SO-900072	qty	measured
obj_order_SO-900072	shortageRisk	measured
obj_order_SO-900072	unitPrice	measured
obj_order_SO-900074	costPressure	measured
obj_order_SO-900074	demandPressure	measured
obj_order_SO-900074	leadDays	measured
obj_order_SO-900074	orderChurn	derived
obj_order_SO-900074	qty	measured
obj_order_SO-900074	shortageRisk	measured
obj_order_SO-900074	unitPrice	measured
obj_order_SO-900077	costPressure	measured
obj_order_SO-900077	demandPressure	measured
obj_order_SO-900077	leadDays	measured
obj_order_SO-900077	orderChurn	derived
obj_order_SO-900077	qty	measured
obj_order_SO-900077	shortageRisk	measured
obj_order_SO-900077	unitPrice	measured
obj_order_SO-900079	costPressure	measured
obj_order_SO-900079	demandPressure	measured
obj_order_SO-900079	leadDays	measured
obj_order_SO-900079	orderChurn	derived
obj_order_SO-900079	qty	measured
obj_order_SO-900079	shortageRisk	measured
obj_order_SO-900079	unitPrice	measured
obj_order_SO-900088	costPressure	measured
obj_order_SO-900088	demandPressure	measured
obj_order_SO-900088	leadDays	measured
obj_order_SO-900088	orderChurn	derived
obj_order_SO-900088	qty	measured
obj_order_SO-900088	shortageRisk	measured
obj_order_SO-900088	unitPrice	measured
obj_order_SO-900090	costPressure	measured
obj_order_SO-900090	demandPressure	measured
obj_order_SO-900090	leadDays	measured
obj_order_SO-900090	orderChurn	derived
obj_order_SO-900090	qty	measured
obj_order_SO-900090	shortageRisk	measured
obj_order_SO-900090	unitPrice	measured
obj_order_SO-900091	costPressure	measured
obj_order_SO-900091	demandPressure	measured
obj_order_SO-900091	leadDays	measured
obj_order_SO-900091	orderChurn	derived
obj_order_SO-900091	qty	measured
obj_order_SO-900091	shortageRisk	measured
obj_order_SO-900091	unitPrice	measured
obj_order_SO-900094	costPressure	measured
obj_order_SO-900094	demandPressure	measured
obj_order_SO-900094	leadDays	measured
obj_order_SO-900094	orderChurn	derived
obj_order_SO-900094	qty	measured
obj_order_SO-900094	shortageRisk	measured
obj_order_SO-900094	unitPrice	measured
obj_order_SO-900105	costPressure	measured
obj_order_SO-900105	demandPressure	measured
obj_order_SO-900105	leadDays	measured
obj_order_SO-900105	orderChurn	derived
obj_order_SO-900105	qty	measured
obj_order_SO-900105	shortageRisk	measured
obj_order_SO-900105	unitPrice	measured
obj_order_SO-900112	costPressure	measured
obj_order_SO-900112	demandPressure	measured
obj_order_SO-900112	leadDays	measured
obj_order_SO-900112	orderChurn	derived
obj_order_SO-900112	qty	measured
obj_order_SO-900112	shortageRisk	measured
obj_order_SO-900112	unitPrice	measured
obj_order_SO-900114	costPressure	measured
obj_order_SO-900114	demandPressure	measured
obj_order_SO-900114	leadDays	measured
obj_order_SO-900114	orderChurn	derived
obj_order_SO-900114	qty	measured
obj_order_SO-900114	shortageRisk	measured
obj_order_SO-900114	unitPrice	measured
obj_order_SO-900121	costPressure	measured
obj_order_SO-900121	demandPressure	measured
obj_order_SO-900121	leadDays	measured
obj_order_SO-900121	orderChurn	derived
obj_order_SO-900121	qty	measured
obj_order_SO-900121	shortageRisk	measured
obj_order_SO-900121	unitPrice	measured
obj_order_SO-900122	costPressure	measured
obj_order_SO-900122	demandPressure	measured
obj_order_SO-900122	leadDays	measured
obj_order_SO-900122	orderChurn	derived
obj_order_SO-900122	qty	measured
obj_order_SO-900122	shortageRisk	measured
obj_order_SO-900122	unitPrice	measured
obj_order_SO-900123	costPressure	measured
obj_order_SO-900123	demandPressure	measured
obj_order_SO-900123	leadDays	measured
obj_order_SO-900123	orderChurn	derived
obj_order_SO-900123	qty	measured
obj_order_SO-900123	shortageRisk	measured
obj_order_SO-900123	unitPrice	measured
obj_order_SO-900128	costPressure	measured
obj_order_SO-900128	demandPressure	measured
obj_order_SO-900128	leadDays	measured
obj_order_SO-900128	orderChurn	derived
obj_order_SO-900128	qty	measured
obj_order_SO-900128	shortageRisk	measured
obj_order_SO-900128	unitPrice	measured
obj_order_SO-900134	costPressure	measured
obj_order_SO-900134	demandPressure	measured
obj_order_SO-900134	leadDays	measured
obj_order_SO-900134	orderChurn	derived
obj_order_SO-900134	qty	measured
obj_order_SO-900134	shortageRisk	measured
obj_order_SO-900134	unitPrice	measured
obj_order_SO-900137	costPressure	measured
obj_order_SO-900137	demandPressure	measured
obj_order_SO-900137	leadDays	measured
obj_order_SO-900137	orderChurn	derived
obj_order_SO-900137	qty	measured
obj_order_SO-900137	shortageRisk	measured
obj_order_SO-900137	unitPrice	measured
obj_order_SO-900138	costPressure	measured
obj_order_SO-900138	demandPressure	measured
obj_order_SO-900138	leadDays	measured
obj_order_SO-900138	orderChurn	derived
obj_order_SO-900138	qty	measured
obj_order_SO-900138	shortageRisk	measured
obj_order_SO-900138	unitPrice	measured
obj_order_SO-900141	costPressure	measured
obj_order_SO-900141	demandPressure	measured
obj_order_SO-900141	leadDays	measured
obj_order_SO-900141	orderChurn	derived
obj_order_SO-900141	qty	measured
obj_order_SO-900141	shortageRisk	measured
obj_order_SO-900141	unitPrice	measured
obj_order_SO-900151	costPressure	measured
obj_order_SO-900151	demandPressure	measured
obj_order_SO-900151	leadDays	measured
obj_order_SO-900151	orderChurn	derived
obj_order_SO-900151	qty	measured
obj_order_SO-900151	shortageRisk	measured
obj_order_SO-900151	unitPrice	measured
obj_order_SO-900152	costPressure	measured
obj_order_SO-900152	demandPressure	measured
obj_order_SO-900152	leadDays	measured
obj_order_SO-900152	orderChurn	derived
obj_order_SO-900152	qty	measured
obj_order_SO-900152	shortageRisk	measured
obj_order_SO-900152	unitPrice	measured
obj_order_SO-900157	costPressure	measured
obj_order_SO-900157	demandPressure	measured
obj_order_SO-900157	leadDays	measured
obj_order_SO-900157	orderChurn	derived
obj_order_SO-900157	qty	measured
obj_order_SO-900157	shortageRisk	measured
obj_order_SO-900157	unitPrice	measured
obj_order_SO-900158	costPressure	measured
obj_order_SO-900158	demandPressure	measured
obj_order_SO-900158	leadDays	measured
obj_order_SO-900158	orderChurn	derived
obj_order_SO-900158	qty	measured
obj_order_SO-900158	shortageRisk	measured
obj_order_SO-900158	unitPrice	measured
obj_order_SO-900174	costPressure	measured
obj_order_SO-900174	demandPressure	measured
obj_order_SO-900174	leadDays	measured
obj_order_SO-900174	orderChurn	derived
obj_order_SO-900174	qty	measured
obj_order_SO-900174	shortageRisk	measured
obj_order_SO-900174	unitPrice	measured
obj_order_SO-900181	costPressure	measured
obj_order_SO-900181	demandPressure	measured
obj_order_SO-900181	leadDays	measured
obj_order_SO-900181	orderChurn	derived
obj_order_SO-900181	qty	measured
obj_order_SO-900181	shortageRisk	measured
obj_order_SO-900181	unitPrice	measured
obj_order_SO-900183	costPressure	measured
obj_order_SO-900183	demandPressure	measured
obj_order_SO-900183	leadDays	measured
obj_order_SO-900183	orderChurn	derived
obj_order_SO-900183	qty	measured
obj_order_SO-900183	shortageRisk	measured
obj_order_SO-900183	unitPrice	measured
obj_order_SO-900185	costPressure	measured
obj_order_SO-900185	demandPressure	measured
obj_order_SO-900185	leadDays	measured
obj_order_SO-900185	orderChurn	derived
obj_order_SO-900185	qty	measured
obj_order_SO-900185	shortageRisk	measured
obj_order_SO-900185	unitPrice	measured
obj_order_SO-900187	costPressure	measured
obj_order_SO-900187	demandPressure	measured
obj_order_SO-900187	leadDays	measured
obj_order_SO-900187	orderChurn	derived
obj_order_SO-900187	qty	measured
obj_order_SO-900187	shortageRisk	measured
obj_order_SO-900187	unitPrice	measured
obj_order_SO-900191	costPressure	measured
obj_order_SO-900191	demandPressure	measured
obj_order_SO-900191	leadDays	measured
obj_order_SO-900191	orderChurn	derived
obj_order_SO-900191	qty	measured
obj_order_SO-900191	shortageRisk	measured
obj_order_SO-900191	unitPrice	measured
obj_order_SO-900194	costPressure	measured
obj_order_SO-900194	demandPressure	measured
obj_order_SO-900194	leadDays	measured
obj_order_SO-900194	orderChurn	derived
obj_order_SO-900194	qty	measured
obj_order_SO-900194	shortageRisk	measured
obj_order_SO-900194	unitPrice	measured
obj_order_SO-900197	costPressure	measured
obj_order_SO-900197	demandPressure	measured
obj_order_SO-900197	leadDays	measured
obj_order_SO-900197	orderChurn	derived
obj_order_SO-900197	qty	measured
obj_order_SO-900197	shortageRisk	measured
obj_order_SO-900197	unitPrice	measured
obj_order_SO-900199	costPressure	measured
obj_order_SO-900199	demandPressure	measured
obj_order_SO-900199	leadDays	measured
obj_order_SO-900199	orderChurn	derived
obj_order_SO-900199	qty	measured
obj_order_SO-900199	shortageRisk	measured
obj_order_SO-900199	unitPrice	measured
obj_order_SO-900209	costPressure	measured
obj_order_SO-900209	demandPressure	measured
obj_order_SO-900209	leadDays	measured
obj_order_SO-900209	orderChurn	derived
obj_order_SO-900209	qty	measured
obj_order_SO-900209	shortageRisk	measured
obj_order_SO-900209	unitPrice	measured
obj_order_SO-900210	costPressure	measured
obj_order_SO-900210	demandPressure	measured
obj_order_SO-900210	leadDays	measured
obj_order_SO-900210	orderChurn	derived
obj_order_SO-900210	qty	measured
obj_order_SO-900210	shortageRisk	measured
obj_order_SO-900210	unitPrice	measured
obj_order_SO-900216	costPressure	measured
obj_order_SO-900216	demandPressure	measured
obj_order_SO-900216	leadDays	measured
obj_order_SO-900216	orderChurn	derived
obj_order_SO-900216	qty	measured
obj_order_SO-900216	shortageRisk	measured
obj_order_SO-900216	unitPrice	measured
obj_order_SO-900220	costPressure	measured
obj_order_SO-900220	demandPressure	measured
obj_order_SO-900220	leadDays	measured
obj_order_SO-900220	orderChurn	derived
obj_order_SO-900220	qty	measured
obj_order_SO-900220	shortageRisk	measured
obj_order_SO-900220	unitPrice	measured
obj_order_SO-900221	costPressure	measured
obj_order_SO-900221	demandPressure	measured
obj_order_SO-900221	leadDays	measured
obj_order_SO-900221	orderChurn	derived
obj_order_SO-900221	qty	measured
obj_order_SO-900221	shortageRisk	measured
obj_order_SO-900221	unitPrice	measured
obj_order_SO-900223	costPressure	measured
obj_order_SO-900223	demandPressure	measured
obj_order_SO-900223	leadDays	measured
obj_order_SO-900223	orderChurn	derived
obj_order_SO-900223	qty	measured
obj_order_SO-900223	shortageRisk	measured
obj_order_SO-900223	unitPrice	measured
obj_order_SO-900233	costPressure	measured
obj_order_SO-900233	demandPressure	measured
obj_order_SO-900233	leadDays	measured
obj_order_SO-900233	orderChurn	derived
obj_order_SO-900233	qty	measured
obj_order_SO-900233	shortageRisk	measured
obj_order_SO-900233	unitPrice	measured
obj_order_SO-900235	costPressure	measured
obj_order_SO-900235	demandPressure	measured
obj_order_SO-900235	leadDays	measured
obj_order_SO-900235	orderChurn	derived
obj_order_SO-900235	qty	measured
obj_order_SO-900235	shortageRisk	measured
obj_order_SO-900235	unitPrice	measured
obj_order_SO-900239	costPressure	measured
obj_order_SO-900239	demandPressure	measured
obj_order_SO-900239	leadDays	measured
obj_order_SO-900239	orderChurn	derived
obj_order_SO-900239	qty	measured
obj_order_SO-900239	shortageRisk	measured
obj_order_SO-900239	unitPrice	measured
obj_order_SO-900244	costPressure	measured
obj_order_SO-900244	demandPressure	measured
obj_order_SO-900244	leadDays	measured
obj_order_SO-900244	orderChurn	derived
obj_order_SO-900244	qty	measured
obj_order_SO-900244	shortageRisk	measured
obj_order_SO-900244	unitPrice	measured
obj_order_SO-900245	costPressure	measured
obj_order_SO-900245	demandPressure	measured
obj_order_SO-900245	leadDays	measured
obj_order_SO-900245	orderChurn	derived
obj_order_SO-900245	qty	measured
obj_order_SO-900245	shortageRisk	measured
obj_order_SO-900245	unitPrice	measured
obj_order_SO-900248	costPressure	measured
obj_order_SO-900248	demandPressure	measured
obj_order_SO-900248	leadDays	measured
obj_order_SO-900248	orderChurn	derived
obj_order_SO-900248	qty	measured
obj_order_SO-900248	shortageRisk	measured
obj_order_SO-900248	unitPrice	measured
obj_order_SO-900257	costPressure	measured
obj_order_SO-900257	demandPressure	measured
obj_order_SO-900257	leadDays	measured
obj_order_SO-900257	orderChurn	derived
obj_order_SO-900257	qty	measured
obj_order_SO-900257	shortageRisk	measured
obj_order_SO-900257	unitPrice	measured
obj_order_SO-900260	costPressure	measured
obj_order_SO-900260	demandPressure	measured
obj_order_SO-900260	leadDays	measured
obj_order_SO-900260	orderChurn	derived
obj_order_SO-900260	qty	measured
obj_order_SO-900260	shortageRisk	measured
obj_order_SO-900260	unitPrice	measured
obj_order_SO-900263	costPressure	measured
obj_order_SO-900263	demandPressure	measured
obj_order_SO-900263	leadDays	measured
obj_order_SO-900263	orderChurn	derived
obj_order_SO-900263	qty	measured
obj_order_SO-900263	shortageRisk	measured
obj_order_SO-900263	unitPrice	measured
obj_order_SO-900269	costPressure	measured
obj_order_SO-900269	demandPressure	measured
obj_order_SO-900269	leadDays	measured
obj_order_SO-900269	orderChurn	derived
obj_order_SO-900269	qty	measured
obj_order_SO-900269	shortageRisk	measured
obj_order_SO-900269	unitPrice	measured
obj_order_SO-900270	costPressure	measured
obj_order_SO-900270	demandPressure	measured
obj_order_SO-900270	leadDays	measured
obj_order_SO-900270	orderChurn	derived
obj_order_SO-900270	qty	measured
obj_order_SO-900270	shortageRisk	measured
obj_order_SO-900270	unitPrice	measured
obj_order_SO-900272	costPressure	measured
obj_order_SO-900272	demandPressure	measured
obj_order_SO-900272	leadDays	measured
obj_order_SO-900272	orderChurn	derived
obj_order_SO-900272	qty	measured
obj_order_SO-900272	shortageRisk	measured
obj_order_SO-900272	unitPrice	measured
obj_order_SO-900273	costPressure	measured
obj_order_SO-900273	demandPressure	measured
obj_order_SO-900273	leadDays	measured
obj_order_SO-900273	orderChurn	derived
obj_order_SO-900273	qty	measured
obj_order_SO-900273	shortageRisk	measured
obj_order_SO-900273	unitPrice	measured
obj_order_SO-900276	costPressure	measured
obj_order_SO-900276	demandPressure	measured
obj_order_SO-900276	leadDays	measured
obj_order_SO-900276	orderChurn	derived
obj_order_SO-900276	qty	measured
obj_order_SO-900276	shortageRisk	measured
obj_order_SO-900276	unitPrice	measured
obj_order_SO-900280	costPressure	measured
obj_order_SO-900280	demandPressure	measured
obj_order_SO-900280	leadDays	measured
obj_order_SO-900280	orderChurn	derived
obj_order_SO-900280	qty	measured
obj_order_SO-900280	shortageRisk	measured
obj_order_SO-900280	unitPrice	measured
obj_order_SO-900283	costPressure	measured
obj_order_SO-900283	demandPressure	measured
obj_order_SO-900283	leadDays	measured
obj_order_SO-900283	orderChurn	derived
obj_order_SO-900283	qty	measured
obj_order_SO-900283	shortageRisk	measured
obj_order_SO-900283	unitPrice	measured
obj_order_SO-900284	costPressure	measured
obj_order_SO-900284	demandPressure	measured
obj_order_SO-900284	leadDays	measured
obj_order_SO-900284	orderChurn	derived
obj_order_SO-900284	qty	measured
obj_order_SO-900284	shortageRisk	measured
obj_order_SO-900284	unitPrice	measured
obj_order_SO-900286	costPressure	measured
obj_order_SO-900286	demandPressure	measured
obj_order_SO-900286	leadDays	measured
obj_order_SO-900286	orderChurn	derived
obj_order_SO-900286	qty	measured
obj_order_SO-900286	shortageRisk	measured
obj_order_SO-900286	unitPrice	measured
obj_order_SO-900290	costPressure	measured
obj_order_SO-900290	demandPressure	measured
obj_order_SO-900290	leadDays	measured
obj_order_SO-900290	orderChurn	derived
obj_order_SO-900290	qty	measured
obj_order_SO-900290	shortageRisk	measured
obj_order_SO-900290	unitPrice	measured
obj_order_SO-900308	costPressure	measured
obj_order_SO-900308	demandPressure	measured
obj_order_SO-900308	leadDays	measured
obj_order_SO-900308	orderChurn	derived
obj_order_SO-900308	qty	measured
obj_order_SO-900308	shortageRisk	measured
obj_order_SO-900308	unitPrice	measured
obj_order_SO-900309	costPressure	measured
obj_order_SO-900309	demandPressure	measured
obj_order_SO-900309	leadDays	measured
obj_order_SO-900309	orderChurn	derived
obj_order_SO-900309	qty	measured
obj_order_SO-900309	shortageRisk	measured
obj_order_SO-900309	unitPrice	measured
obj_order_SO-900312	costPressure	measured
obj_order_SO-900312	demandPressure	measured
obj_order_SO-900312	leadDays	measured
obj_order_SO-900312	orderChurn	derived
obj_order_SO-900312	qty	measured
obj_order_SO-900312	shortageRisk	measured
obj_order_SO-900312	unitPrice	measured
obj_order_SO-900313	costPressure	measured
obj_order_SO-900313	demandPressure	measured
obj_order_SO-900313	leadDays	measured
obj_order_SO-900313	orderChurn	derived
obj_order_SO-900313	qty	measured
obj_order_SO-900313	shortageRisk	measured
obj_order_SO-900313	unitPrice	measured
obj_order_SO-900315	costPressure	measured
obj_order_SO-900315	demandPressure	measured
obj_order_SO-900315	leadDays	measured
obj_order_SO-900315	orderChurn	derived
obj_order_SO-900315	qty	measured
obj_order_SO-900315	shortageRisk	measured
obj_order_SO-900315	unitPrice	measured
obj_order_SO-900317	costPressure	measured
obj_order_SO-900317	demandPressure	measured
obj_order_SO-900317	leadDays	measured
obj_order_SO-900317	orderChurn	derived
obj_order_SO-900317	qty	measured
obj_order_SO-900317	shortageRisk	measured
obj_order_SO-900317	unitPrice	measured
obj_order_SO-900319	costPressure	measured
obj_order_SO-900319	demandPressure	measured
obj_order_SO-900319	leadDays	measured
obj_order_SO-900319	orderChurn	derived
obj_order_SO-900319	qty	measured
obj_order_SO-900319	shortageRisk	measured
obj_order_SO-900319	unitPrice	measured
obj_order_SO-900321	costPressure	measured
obj_order_SO-900321	demandPressure	measured
obj_order_SO-900321	leadDays	measured
obj_order_SO-900321	orderChurn	derived
obj_order_SO-900321	qty	measured
obj_order_SO-900321	shortageRisk	measured
obj_order_SO-900321	unitPrice	measured
obj_order_SO-900324	costPressure	measured
obj_order_SO-900324	demandPressure	measured
obj_order_SO-900324	leadDays	measured
obj_order_SO-900324	orderChurn	derived
obj_order_SO-900324	qty	measured
obj_order_SO-900324	shortageRisk	measured
obj_order_SO-900324	unitPrice	measured
obj_order_SO-900325	costPressure	measured
obj_order_SO-900325	demandPressure	measured
obj_order_SO-900325	leadDays	measured
obj_order_SO-900325	orderChurn	derived
obj_order_SO-900325	qty	measured
obj_order_SO-900325	shortageRisk	measured
obj_order_SO-900325	unitPrice	measured
obj_order_SO-900327	costPressure	measured
obj_order_SO-900327	demandPressure	measured
obj_order_SO-900327	leadDays	measured
obj_order_SO-900327	orderChurn	derived
obj_order_SO-900327	qty	measured
obj_order_SO-900327	shortageRisk	measured
obj_order_SO-900327	unitPrice	measured
obj_order_SO-900331	costPressure	measured
obj_order_SO-900331	demandPressure	measured
obj_order_SO-900331	leadDays	measured
obj_order_SO-900331	orderChurn	derived
obj_order_SO-900331	qty	measured
obj_order_SO-900331	shortageRisk	measured
obj_order_SO-900331	unitPrice	measured
obj_order_SO-900336	costPressure	measured
obj_order_SO-900336	demandPressure	measured
obj_order_SO-900336	leadDays	measured
obj_order_SO-900336	orderChurn	derived
obj_order_SO-900336	qty	measured
obj_order_SO-900336	shortageRisk	measured
obj_order_SO-900336	unitPrice	measured
obj_order_SO-900339	costPressure	measured
obj_order_SO-900339	demandPressure	measured
obj_order_SO-900339	leadDays	measured
obj_order_SO-900339	orderChurn	derived
obj_order_SO-900339	qty	measured
obj_order_SO-900339	shortageRisk	measured
obj_order_SO-900339	unitPrice	measured
obj_order_SO-900341	costPressure	measured
obj_order_SO-900341	demandPressure	measured
obj_order_SO-900341	leadDays	measured
obj_order_SO-900341	orderChurn	derived
obj_order_SO-900341	qty	measured
obj_order_SO-900341	shortageRisk	measured
obj_order_SO-900341	unitPrice	measured
obj_order_SO-900350	costPressure	measured
obj_order_SO-900350	demandPressure	measured
obj_order_SO-900350	leadDays	measured
obj_order_SO-900350	orderChurn	derived
obj_order_SO-900350	qty	measured
obj_order_SO-900350	shortageRisk	measured
obj_order_SO-900350	unitPrice	measured
obj_order_SO-900352	costPressure	measured
obj_order_SO-900352	demandPressure	measured
obj_order_SO-900352	leadDays	measured
obj_order_SO-900352	orderChurn	derived
obj_order_SO-900352	qty	measured
obj_order_SO-900352	shortageRisk	measured
obj_order_SO-900352	unitPrice	measured
obj_order_SO-900353	costPressure	measured
obj_order_SO-900353	demandPressure	measured
obj_order_SO-900353	leadDays	measured
obj_order_SO-900353	orderChurn	derived
obj_order_SO-900353	qty	measured
obj_order_SO-900353	shortageRisk	measured
obj_order_SO-900353	unitPrice	measured
obj_order_SO-900359	costPressure	measured
obj_order_SO-900359	demandPressure	measured
obj_order_SO-900359	leadDays	measured
obj_order_SO-900359	orderChurn	derived
obj_order_SO-900359	qty	measured
obj_order_SO-900359	shortageRisk	measured
obj_order_SO-900359	unitPrice	measured
obj_order_SO-900362	costPressure	measured
obj_order_SO-900362	demandPressure	measured
obj_order_SO-900362	leadDays	measured
obj_order_SO-900362	orderChurn	derived
obj_order_SO-900362	qty	measured
obj_order_SO-900362	shortageRisk	measured
obj_order_SO-900362	unitPrice	measured
obj_order_SO-900363	costPressure	measured
obj_order_SO-900363	demandPressure	measured
obj_order_SO-900363	leadDays	measured
obj_order_SO-900363	orderChurn	derived
obj_order_SO-900363	qty	measured
obj_order_SO-900363	shortageRisk	measured
obj_order_SO-900363	unitPrice	measured
obj_order_SO-900367	costPressure	measured
obj_order_SO-900367	demandPressure	measured
obj_order_SO-900367	leadDays	measured
obj_order_SO-900367	orderChurn	derived
obj_order_SO-900367	qty	measured
obj_order_SO-900367	shortageRisk	measured
obj_order_SO-900367	unitPrice	measured
obj_order_SO-900374	costPressure	measured
obj_order_SO-900374	demandPressure	measured
obj_order_SO-900374	leadDays	measured
obj_order_SO-900374	orderChurn	derived
obj_order_SO-900374	qty	measured
obj_order_SO-900374	shortageRisk	measured
obj_order_SO-900374	unitPrice	measured
obj_order_SO-900376	costPressure	measured
obj_order_SO-900376	demandPressure	measured
obj_order_SO-900376	leadDays	measured
obj_order_SO-900376	orderChurn	derived
obj_order_SO-900376	qty	measured
obj_order_SO-900376	shortageRisk	measured
obj_order_SO-900376	unitPrice	measured
obj_order_SO-900379	costPressure	measured
obj_order_SO-900379	demandPressure	measured
obj_order_SO-900379	leadDays	measured
obj_order_SO-900379	orderChurn	derived
obj_order_SO-900379	qty	measured
obj_order_SO-900379	shortageRisk	measured
obj_order_SO-900379	unitPrice	measured
obj_order_SO-900381	costPressure	measured
obj_order_SO-900381	demandPressure	measured
obj_order_SO-900381	leadDays	measured
obj_order_SO-900381	orderChurn	derived
obj_order_SO-900381	qty	measured
obj_order_SO-900381	shortageRisk	measured
obj_order_SO-900381	unitPrice	measured
obj_order_SO-900384	costPressure	measured
obj_order_SO-900384	demandPressure	measured
obj_order_SO-900384	leadDays	measured
obj_order_SO-900384	orderChurn	derived
obj_order_SO-900384	qty	measured
obj_order_SO-900384	shortageRisk	measured
obj_order_SO-900384	unitPrice	measured
obj_order_SO-900390	costPressure	measured
obj_order_SO-900390	demandPressure	measured
obj_order_SO-900390	leadDays	measured
obj_order_SO-900390	orderChurn	derived
obj_order_SO-900390	qty	measured
obj_order_SO-900390	shortageRisk	measured
obj_order_SO-900390	unitPrice	measured
obj_order_SO-900397	costPressure	measured
obj_order_SO-900397	demandPressure	measured
obj_order_SO-900397	leadDays	measured
obj_order_SO-900397	orderChurn	derived
obj_order_SO-900397	qty	measured
obj_order_SO-900397	shortageRisk	measured
obj_order_SO-900397	unitPrice	measured
obj_order_SO-900400	costPressure	measured
obj_order_SO-900400	demandPressure	measured
obj_order_SO-900400	leadDays	measured
obj_order_SO-900400	orderChurn	derived
obj_order_SO-900400	qty	measured
obj_order_SO-900400	shortageRisk	measured
obj_order_SO-900400	unitPrice	measured
obj_order_SO-900401	costPressure	measured
obj_order_SO-900401	demandPressure	measured
obj_order_SO-900401	leadDays	measured
obj_order_SO-900401	orderChurn	derived
obj_order_SO-900401	qty	measured
obj_order_SO-900401	shortageRisk	measured
obj_order_SO-900401	unitPrice	measured
obj_order_SO-900402	costPressure	measured
obj_order_SO-900402	demandPressure	measured
obj_order_SO-900402	leadDays	measured
obj_order_SO-900402	orderChurn	derived
obj_order_SO-900402	qty	measured
obj_order_SO-900402	shortageRisk	measured
obj_order_SO-900402	unitPrice	measured
obj_order_SO-900404	costPressure	measured
obj_order_SO-900404	demandPressure	measured
obj_order_SO-900404	leadDays	measured
obj_order_SO-900404	orderChurn	derived
obj_order_SO-900404	qty	measured
obj_order_SO-900404	shortageRisk	measured
obj_order_SO-900404	unitPrice	measured
obj_order_SO-900406	costPressure	measured
obj_order_SO-900406	demandPressure	measured
obj_order_SO-900406	leadDays	measured
obj_order_SO-900406	orderChurn	derived
obj_order_SO-900406	qty	measured
obj_order_SO-900406	shortageRisk	measured
obj_order_SO-900406	unitPrice	measured
obj_order_SO-900415	costPressure	measured
obj_order_SO-900415	demandPressure	measured
obj_order_SO-900415	leadDays	measured
obj_order_SO-900415	orderChurn	derived
obj_order_SO-900415	qty	measured
obj_order_SO-900415	shortageRisk	measured
obj_order_SO-900415	unitPrice	measured
obj_order_SO-900427	costPressure	measured
obj_order_SO-900427	demandPressure	measured
obj_order_SO-900427	leadDays	measured
obj_order_SO-900427	orderChurn	derived
obj_order_SO-900427	qty	measured
obj_order_SO-900427	shortageRisk	measured
obj_order_SO-900427	unitPrice	measured
obj_order_SO-900428	costPressure	measured
obj_order_SO-900428	demandPressure	measured
obj_order_SO-900428	leadDays	measured
obj_order_SO-900428	orderChurn	derived
obj_order_SO-900428	qty	measured
obj_order_SO-900428	shortageRisk	measured
obj_order_SO-900428	unitPrice	measured
obj_order_SO-900433	costPressure	measured
obj_order_SO-900433	demandPressure	measured
obj_order_SO-900433	leadDays	measured
obj_order_SO-900433	orderChurn	derived
obj_order_SO-900433	qty	measured
obj_order_SO-900433	shortageRisk	measured
obj_order_SO-900433	unitPrice	measured
obj_order_SO-900436	costPressure	measured
obj_order_SO-900436	demandPressure	measured
obj_order_SO-900436	leadDays	measured
obj_order_SO-900436	orderChurn	derived
obj_order_SO-900436	qty	measured
obj_order_SO-900436	shortageRisk	measured
obj_order_SO-900436	unitPrice	measured
obj_order_SO-900442	costPressure	measured
obj_order_SO-900442	demandPressure	measured
obj_order_SO-900442	leadDays	measured
obj_order_SO-900442	orderChurn	derived
obj_order_SO-900442	qty	measured
obj_order_SO-900442	shortageRisk	measured
obj_order_SO-900442	unitPrice	measured
obj_order_SO-900444	costPressure	measured
obj_order_SO-900444	demandPressure	measured
obj_order_SO-900444	leadDays	measured
obj_order_SO-900444	orderChurn	derived
obj_order_SO-900444	qty	measured
obj_order_SO-900444	shortageRisk	measured
obj_order_SO-900444	unitPrice	measured
obj_order_SO-900448	costPressure	measured
obj_order_SO-900448	demandPressure	measured
obj_order_SO-900448	leadDays	measured
obj_order_SO-900448	orderChurn	derived
obj_order_SO-900448	qty	measured
obj_order_SO-900448	shortageRisk	measured
obj_order_SO-900448	unitPrice	measured
obj_order_SO-900453	costPressure	measured
obj_order_SO-900453	demandPressure	measured
obj_order_SO-900453	leadDays	measured
obj_order_SO-900453	orderChurn	derived
obj_order_SO-900453	qty	measured
obj_order_SO-900453	shortageRisk	measured
obj_order_SO-900453	unitPrice	measured
obj_order_SO-900462	costPressure	measured
obj_order_SO-900462	demandPressure	measured
obj_order_SO-900462	leadDays	measured
obj_order_SO-900462	orderChurn	derived
obj_order_SO-900462	qty	measured
obj_order_SO-900462	shortageRisk	measured
obj_order_SO-900462	unitPrice	measured
obj_order_SO-900463	costPressure	measured
obj_order_SO-900463	demandPressure	measured
obj_order_SO-900463	leadDays	measured
obj_order_SO-900463	orderChurn	derived
obj_order_SO-900463	qty	measured
obj_order_SO-900463	shortageRisk	measured
obj_order_SO-900463	unitPrice	measured
obj_order_SO-900465	costPressure	measured
obj_order_SO-900465	demandPressure	measured
obj_order_SO-900465	leadDays	measured
obj_order_SO-900465	orderChurn	derived
obj_order_SO-900465	qty	measured
obj_order_SO-900465	shortageRisk	measured
obj_order_SO-900465	unitPrice	measured
obj_order_SO-900467	costPressure	measured
obj_order_SO-900467	demandPressure	measured
obj_order_SO-900467	leadDays	measured
obj_order_SO-900467	orderChurn	derived
obj_order_SO-900467	qty	measured
obj_order_SO-900467	shortageRisk	measured
obj_order_SO-900467	unitPrice	measured
obj_order_SO-900468	costPressure	measured
obj_order_SO-900468	demandPressure	measured
obj_order_SO-900468	leadDays	measured
obj_order_SO-900468	orderChurn	derived
obj_order_SO-900468	qty	measured
obj_order_SO-900468	shortageRisk	measured
obj_order_SO-900468	unitPrice	measured
obj_order_SO-900470	costPressure	measured
obj_order_SO-900470	demandPressure	measured
obj_order_SO-900470	leadDays	measured
obj_order_SO-900470	orderChurn	derived
obj_order_SO-900470	qty	measured
obj_order_SO-900470	shortageRisk	measured
obj_order_SO-900470	unitPrice	measured
obj_order_SO-900472	costPressure	measured
obj_order_SO-900472	demandPressure	measured
obj_order_SO-900472	leadDays	measured
obj_order_SO-900472	orderChurn	derived
obj_order_SO-900472	qty	measured
obj_order_SO-900472	shortageRisk	measured
obj_order_SO-900472	unitPrice	measured
obj_order_SO-900474	costPressure	measured
obj_order_SO-900474	demandPressure	measured
obj_order_SO-900474	leadDays	measured
obj_order_SO-900474	orderChurn	derived
obj_order_SO-900474	qty	measured
obj_order_SO-900474	shortageRisk	measured
obj_order_SO-900474	unitPrice	measured
obj_order_SO-900478	costPressure	measured
obj_order_SO-900478	demandPressure	measured
obj_order_SO-900478	leadDays	measured
obj_order_SO-900478	orderChurn	derived
obj_order_SO-900478	qty	measured
obj_order_SO-900478	shortageRisk	measured
obj_order_SO-900478	unitPrice	measured
obj_order_SO-900479	costPressure	measured
obj_order_SO-900479	demandPressure	measured
obj_order_SO-900479	leadDays	measured
obj_order_SO-900479	orderChurn	derived
obj_order_SO-900479	qty	measured
obj_order_SO-900479	shortageRisk	measured
obj_order_SO-900479	unitPrice	measured
obj_order_SO-900481	costPressure	measured
obj_order_SO-900481	demandPressure	measured
obj_order_SO-900481	leadDays	measured
obj_order_SO-900481	orderChurn	derived
obj_order_SO-900481	qty	measured
obj_order_SO-900481	shortageRisk	measured
obj_order_SO-900481	unitPrice	measured
obj_order_SO-900485	costPressure	measured
obj_order_SO-900485	demandPressure	measured
obj_order_SO-900485	leadDays	measured
obj_order_SO-900485	orderChurn	derived
obj_order_SO-900485	qty	measured
obj_order_SO-900485	shortageRisk	measured
obj_order_SO-900485	unitPrice	measured
obj_order_SO-900487	costPressure	measured
obj_order_SO-900487	demandPressure	measured
obj_order_SO-900487	leadDays	measured
obj_order_SO-900487	orderChurn	derived
obj_order_SO-900487	qty	measured
obj_order_SO-900487	shortageRisk	measured
obj_order_SO-900487	unitPrice	measured
obj_order_SO-900493	costPressure	measured
obj_order_SO-900493	demandPressure	measured
obj_order_SO-900493	leadDays	measured
obj_order_SO-900493	orderChurn	derived
obj_order_SO-900493	qty	measured
obj_order_SO-900493	shortageRisk	measured
obj_order_SO-900493	unitPrice	measured
obj_order_SO-900496	costPressure	measured
obj_order_SO-900496	demandPressure	measured
obj_order_SO-900496	leadDays	measured
obj_order_SO-900496	orderChurn	derived
obj_order_SO-900496	qty	measured
obj_order_SO-900496	shortageRisk	measured
obj_order_SO-900496	unitPrice	measured
obj_order_SO-900499	costPressure	measured
obj_order_SO-900499	demandPressure	measured
obj_order_SO-900499	leadDays	measured
obj_order_SO-900499	orderChurn	derived
obj_order_SO-900499	qty	measured
obj_order_SO-900499	shortageRisk	measured
obj_order_SO-900499	unitPrice	measured
obj_orderline_SO-3391-L1	splitPressure	derived
obj_orderline_SO-3391-L2	splitPressure	derived
obj_orderline_SO-3391-L3	splitPressure	derived
obj_orderline_SO-3402-L1	splitPressure	derived
obj_orderline_SO-3415-L1	splitPressure	derived
obj_orderline_SO-3420-L1	splitPressure	derived
obj_orderline_SO-3431-L1	splitPressure	derived
obj_orderline_SO-3437-L1	splitPressure	derived
obj_orderline_SO-3445-L1	splitPressure	derived
obj_orderline_SO-3445-L2	splitPressure	derived
obj_orderline_SO-3452-L1	splitPressure	derived
obj_orderline_SO-3452-L2	splitPressure	derived
obj_orderline_SO-3452-L3	splitPressure	derived
obj_orderline_SO-3458-L1	splitPressure	derived
obj_orderline_SO-3458-L2	splitPressure	derived
obj_orderline_SO-3464-L1	splitPressure	derived
obj_orderline_SO-3470-L1	splitPressure	derived
obj_orderline_SO-3470-L2	splitPressure	derived
obj_orderline_SO-3476-L1	splitPressure	derived
obj_orderline_SO-3476-L2	splitPressure	derived
obj_orderline_SO-3481-L1	splitPressure	derived
obj_orderline_SO-3481-L2	splitPressure	derived
obj_orderline_SO-3486-L1	splitPressure	derived
obj_orderline_SO-3490-L1	splitPressure	derived
obj_orderline_SO-3490-L2	splitPressure	derived
obj_orderline_SO-3490-L3	splitPressure	derived
obj_orderline_SO-3495-L1	splitPressure	derived
obj_orderline_SO-3501-L1	splitPressure	derived
obj_orderline_SO-3506-L1	splitPressure	derived
obj_orderline_SO-3506-L2	splitPressure	derived
obj_orderline_SO-3512-L1	splitPressure	derived
obj_orderline_SO-3518-L1	splitPressure	derived
obj_orderline_SO-3523-L1	splitPressure	derived
obj_orderline_SO-3529-L1	splitPressure	derived
obj_orderline_SO-3534-L1	splitPressure	derived
obj_orderline_SO-3540-L1	splitPressure	derived
obj_orderline_SO-3540-L2	splitPressure	derived
obj_orderline_SO-3540-L3	splitPressure	derived
obj_orderline_SO-900024-L1	splitPressure	derived
obj_orderline_SO-900025-L1	splitPressure	derived
obj_orderline_SO-900025-L2	splitPressure	derived
obj_orderline_SO-900026-L1	splitPressure	derived
obj_orderline_SO-900027-L1	splitPressure	derived
obj_orderline_SO-900027-L2	splitPressure	derived
obj_orderline_SO-900027-L3	splitPressure	derived
obj_orderline_SO-900028-L1	splitPressure	derived
obj_orderline_SO-900029-L1	splitPressure	derived
obj_orderline_SO-900029-L2	splitPressure	derived
obj_orderline_SO-900029-L3	splitPressure	derived
obj_orderline_SO-900030-L1	splitPressure	derived
obj_orderline_SO-900030-L2	splitPressure	derived
obj_orderline_SO-900031-L1	splitPressure	derived
obj_orderline_SO-900032-L1	splitPressure	derived
obj_orderline_SO-900032-L2	splitPressure	derived
obj_orderline_SO-900032-L3	splitPressure	derived
obj_orderline_SO-900033-L1	splitPressure	derived
obj_orderline_SO-900034-L1	splitPressure	derived
obj_orderline_SO-900034-L2	splitPressure	derived
obj_orderline_SO-900034-L3	splitPressure	derived
obj_orderline_SO-900035-L1	splitPressure	derived
obj_orderline_SO-900036-L1	splitPressure	derived
obj_orderline_SO-900036-L2	splitPressure	derived
obj_orderline_SO-900037-L1	splitPressure	derived
obj_orderline_SO-900038-L1	splitPressure	derived
obj_orderline_SO-900038-L2	splitPressure	derived
obj_orderline_SO-900039-L1	splitPressure	derived
obj_orderline_SO-900040-L1	splitPressure	derived
obj_orderline_SO-900041-L1	splitPressure	derived
obj_orderline_SO-900041-L2	splitPressure	derived
obj_orderline_SO-900041-L3	splitPressure	derived
obj_orderline_SO-900042-L1	splitPressure	derived
obj_orderline_SO-900043-L1	splitPressure	derived
obj_orderline_SO-900043-L2	splitPressure	derived
obj_orderline_SO-900044-L1	splitPressure	derived
obj_orderline_SO-900045-L1	splitPressure	derived
obj_orderline_SO-900045-L2	splitPressure	derived
obj_orderline_SO-900046-L1	splitPressure	derived
obj_orderline_SO-900047-L1	splitPressure	derived
obj_orderline_SO-900047-L2	splitPressure	derived
obj_orderline_SO-900047-L3	splitPressure	derived
obj_orderline_SO-900048-L1	splitPressure	derived
obj_orderline_SO-900049-L1	splitPressure	derived
obj_orderline_SO-900049-L2	splitPressure	derived
obj_orderline_SO-900049-L3	splitPressure	derived
obj_orderline_SO-900050-L1	splitPressure	derived
obj_orderline_SO-900050-L2	splitPressure	derived
obj_orderline_SO-900050-L3	splitPressure	derived
obj_orderline_SO-900051-L1	splitPressure	derived
obj_orderline_SO-900052-L1	splitPressure	derived
obj_orderline_SO-900052-L2	splitPressure	derived
obj_orderline_SO-900053-L1	splitPressure	derived
obj_orderline_SO-900054-L1	splitPressure	derived
obj_orderline_SO-900054-L2	splitPressure	derived
obj_orderline_SO-900055-L1	splitPressure	derived
obj_orderline_SO-900056-L1	splitPressure	derived
obj_orderline_SO-900056-L2	splitPressure	derived
obj_orderline_SO-900056-L3	splitPressure	derived
obj_orderline_SO-900057-L1	splitPressure	derived
obj_orderline_SO-900058-L1	splitPressure	derived
obj_orderline_SO-900058-L2	splitPressure	derived
obj_orderline_SO-900058-L3	splitPressure	derived
obj_orderline_SO-900059-L1	splitPressure	derived
obj_orderline_SO-900060-L1	splitPressure	derived
obj_orderline_SO-900061-L1	splitPressure	derived
obj_orderline_SO-900061-L2	splitPressure	derived
obj_orderline_SO-900062-L1	splitPressure	derived
obj_orderline_SO-900063-L1	splitPressure	derived
obj_orderline_SO-900063-L2	splitPressure	derived
obj_orderline_SO-900063-L3	splitPressure	derived
obj_orderline_SO-900064-L1	splitPressure	derived
obj_orderline_SO-900065-L1	splitPressure	derived
obj_orderline_SO-900065-L2	splitPressure	derived
obj_orderline_SO-900065-L3	splitPressure	derived
obj_orderline_SO-900066-L1	splitPressure	derived
obj_orderline_SO-900067-L1	splitPressure	derived
obj_orderline_SO-900067-L2	splitPressure	derived
obj_orderline_SO-900068-L1	splitPressure	derived
obj_orderline_SO-900069-L1	splitPressure	derived
obj_orderline_SO-900069-L2	splitPressure	derived
obj_orderline_SO-900070-L1	splitPressure	derived
obj_orderline_SO-900070-L2	splitPressure	derived
obj_orderline_SO-900070-L3	splitPressure	derived
obj_orderline_SO-900071-L1	splitPressure	derived
obj_orderline_SO-900072-L1	splitPressure	derived
obj_orderline_SO-900072-L2	splitPressure	derived
obj_orderline_SO-900073-L1	splitPressure	derived
obj_orderline_SO-900074-L1	splitPressure	derived
obj_orderline_SO-900074-L2	splitPressure	derived
obj_orderline_SO-900075-L1	splitPressure	derived
obj_orderline_SO-900076-L1	splitPressure	derived
obj_orderline_SO-900076-L2	splitPressure	derived
obj_orderline_SO-900076-L3	splitPressure	derived
obj_orderline_SO-900077-L1	splitPressure	derived
obj_orderline_SO-900078-L1	splitPressure	derived
obj_orderline_SO-900078-L2	splitPressure	derived
obj_orderline_SO-900078-L3	splitPressure	derived
obj_orderline_SO-900079-L1	splitPressure	derived
obj_orderline_SO-900080-L1	splitPressure	derived
obj_orderline_SO-900081-L1	splitPressure	derived
obj_orderline_SO-900081-L2	splitPressure	derived
obj_orderline_SO-900082-L1	splitPressure	derived
obj_orderline_SO-900083-L1	splitPressure	derived
obj_orderline_SO-900083-L2	splitPressure	derived
obj_orderline_SO-900083-L3	splitPressure	derived
obj_orderline_SO-900084-L1	splitPressure	derived
obj_orderline_SO-900085-L1	splitPressure	derived
obj_orderline_SO-900085-L2	splitPressure	derived
obj_orderline_SO-900085-L3	splitPressure	derived
obj_orderline_SO-900086-L1	splitPressure	derived
obj_orderline_SO-900087-L1	splitPressure	derived
obj_orderline_SO-900087-L2	splitPressure	derived
obj_orderline_SO-900088-L1	splitPressure	derived
obj_orderline_SO-900089-L1	splitPressure	derived
obj_orderline_SO-900089-L2	splitPressure	derived
obj_orderline_SO-900090-L1	splitPressure	derived
obj_orderline_SO-900090-L2	splitPressure	derived
obj_orderline_SO-900091-L1	splitPressure	derived
obj_orderline_SO-900092-L1	splitPressure	derived
obj_orderline_SO-900092-L2	splitPressure	derived
obj_orderline_SO-900092-L3	splitPressure	derived
obj_orderline_SO-900093-L1	splitPressure	derived
obj_orderline_SO-900094-L1	splitPressure	derived
obj_orderline_SO-900094-L2	splitPressure	derived
obj_orderline_SO-900094-L3	splitPressure	derived
obj_orderline_SO-900095-L1	splitPressure	derived
obj_orderline_SO-900096-L1	splitPressure	derived
obj_orderline_SO-900096-L2	splitPressure	derived
obj_orderline_SO-900097-L1	splitPressure	derived
obj_orderline_SO-900098-L1	splitPressure	derived
obj_orderline_SO-900098-L2	splitPressure	derived
obj_orderline_SO-900099-L1	splitPressure	derived
obj_orderline_SO-900100-L1	splitPressure	derived
obj_orderline_SO-900100-L2	splitPressure	derived
obj_orderline_SO-900101-L1	splitPressure	derived
obj_orderline_SO-900102-L1	splitPressure	derived
obj_orderline_SO-900102-L2	splitPressure	derived
obj_orderline_SO-900102-L3	splitPressure	derived
obj_orderline_SO-900103-L1	splitPressure	derived
obj_orderline_SO-900104-L1	splitPressure	derived
obj_orderline_SO-900104-L2	splitPressure	derived
obj_orderline_SO-900104-L3	splitPressure	derived
obj_orderline_SO-900105-L1	splitPressure	derived
obj_orderline_SO-900106-L1	splitPressure	derived
obj_orderline_SO-900106-L2	splitPressure	derived
obj_orderline_SO-900107-L1	splitPressure	derived
obj_orderline_SO-900108-L1	splitPressure	derived
obj_orderline_SO-900108-L2	splitPressure	derived
obj_orderline_SO-900109-L1	splitPressure	derived
obj_orderline_SO-900110-L1	splitPressure	derived
obj_orderline_SO-900111-L1	splitPressure	derived
obj_orderline_SO-900111-L2	splitPressure	derived
obj_orderline_SO-900111-L3	splitPressure	derived
obj_orderline_SO-900112-L1	splitPressure	derived
obj_orderline_SO-900113-L1	splitPressure	derived
obj_orderline_SO-900113-L2	splitPressure	derived
obj_orderline_SO-900114-L1	splitPressure	derived
obj_orderline_SO-900115-L1	splitPressure	derived
obj_orderline_SO-900115-L2	splitPressure	derived
obj_orderline_SO-900116-L1	splitPressure	derived
obj_orderline_SO-900117-L1	splitPressure	derived
obj_orderline_SO-900117-L2	splitPressure	derived
obj_orderline_SO-900117-L3	splitPressure	derived
obj_orderline_SO-900118-L1	splitPressure	derived
obj_orderline_SO-900119-L1	splitPressure	derived
obj_orderline_SO-900119-L2	splitPressure	derived
obj_orderline_SO-900119-L3	splitPressure	derived
obj_orderline_SO-900120-L1	splitPressure	derived
obj_orderline_SO-900120-L2	splitPressure	derived
obj_orderline_SO-900121-L1	splitPressure	derived
obj_orderline_SO-900122-L1	splitPressure	derived
obj_orderline_SO-900122-L2	splitPressure	derived
obj_orderline_SO-900122-L3	splitPressure	derived
obj_orderline_SO-900123-L1	splitPressure	derived
obj_orderline_SO-900124-L1	splitPressure	derived
obj_orderline_SO-900124-L2	splitPressure	derived
obj_orderline_SO-900124-L3	splitPressure	derived
obj_orderline_SO-900125-L1	splitPressure	derived
obj_orderline_SO-900126-L1	splitPressure	derived
obj_orderline_SO-900126-L2	splitPressure	derived
obj_orderline_SO-900127-L1	splitPressure	derived
obj_orderline_SO-900128-L1	splitPressure	derived
obj_orderline_SO-900128-L2	splitPressure	derived
obj_orderline_SO-900129-L1	splitPressure	derived
obj_orderline_SO-900130-L1	splitPressure	derived
obj_orderline_SO-900131-L1	splitPressure	derived
obj_orderline_SO-900131-L2	splitPressure	derived
obj_orderline_SO-900132-L1	splitPressure	derived
obj_orderline_SO-900133-L1	splitPressure	derived
obj_orderline_SO-900133-L2	splitPressure	derived
obj_orderline_SO-900133-L3	splitPressure	derived
obj_orderline_SO-900134-L1	splitPressure	derived
obj_orderline_SO-900135-L1	splitPressure	derived
obj_orderline_SO-900135-L2	splitPressure	derived
obj_orderline_SO-900135-L3	splitPressure	derived
obj_orderline_SO-900136-L1	splitPressure	derived
obj_orderline_SO-900137-L1	splitPressure	derived
obj_orderline_SO-900137-L2	splitPressure	derived
obj_orderline_SO-900138-L1	splitPressure	derived
obj_orderline_SO-900139-L1	splitPressure	derived
obj_orderline_SO-900139-L2	splitPressure	derived
obj_orderline_SO-900140-L1	splitPressure	derived
obj_orderline_SO-900140-L2	splitPressure	derived
obj_orderline_SO-900140-L3	splitPressure	derived
obj_orderline_SO-900141-L1	splitPressure	derived
obj_orderline_SO-900142-L1	splitPressure	derived
obj_orderline_SO-900142-L2	splitPressure	derived
obj_orderline_SO-900143-L1	splitPressure	derived
obj_orderline_SO-900144-L1	splitPressure	derived
obj_orderline_SO-900144-L2	splitPressure	derived
obj_orderline_SO-900145-L1	splitPressure	derived
obj_orderline_SO-900146-L1	splitPressure	derived
obj_orderline_SO-900146-L2	splitPressure	derived
obj_orderline_SO-900146-L3	splitPressure	derived
obj_orderline_SO-900147-L1	splitPressure	derived
obj_orderline_SO-900148-L1	splitPressure	derived
obj_orderline_SO-900148-L2	splitPressure	derived
obj_orderline_SO-900148-L3	splitPressure	derived
obj_orderline_SO-900149-L1	splitPressure	derived
obj_orderline_SO-900150-L1	splitPressure	derived
obj_orderline_SO-900151-L1	splitPressure	derived
obj_orderline_SO-900151-L2	splitPressure	derived
obj_orderline_SO-900152-L1	splitPressure	derived
obj_orderline_SO-900153-L1	splitPressure	derived
obj_orderline_SO-900153-L2	splitPressure	derived
obj_orderline_SO-900153-L3	splitPressure	derived
obj_orderline_SO-900154-L1	splitPressure	derived
obj_orderline_SO-900155-L1	splitPressure	derived
obj_orderline_SO-900155-L2	splitPressure	derived
obj_orderline_SO-900155-L3	splitPressure	derived
obj_orderline_SO-900156-L1	splitPressure	derived
obj_orderline_SO-900157-L1	splitPressure	derived
obj_orderline_SO-900157-L2	splitPressure	derived
obj_orderline_SO-900158-L1	splitPressure	derived
obj_orderline_SO-900159-L1	splitPressure	derived
obj_orderline_SO-900159-L2	splitPressure	derived
obj_orderline_SO-900160-L1	splitPressure	derived
obj_orderline_SO-900160-L2	splitPressure	derived
obj_orderline_SO-900160-L3	splitPressure	derived
obj_orderline_SO-900161-L1	splitPressure	derived
obj_orderline_SO-900162-L1	splitPressure	derived
obj_orderline_SO-900162-L2	splitPressure	derived
obj_orderline_SO-900163-L1	splitPressure	derived
obj_orderline_SO-900164-L1	splitPressure	derived
obj_orderline_SO-900164-L2	splitPressure	derived
obj_orderline_SO-900165-L1	splitPressure	derived
obj_orderline_SO-900166-L1	splitPressure	derived
obj_orderline_SO-900166-L2	splitPressure	derived
obj_orderline_SO-900166-L3	splitPressure	derived
obj_orderline_SO-900167-L1	splitPressure	derived
obj_orderline_SO-900168-L1	splitPressure	derived
obj_orderline_SO-900168-L2	splitPressure	derived
obj_orderline_SO-900168-L3	splitPressure	derived
obj_orderline_SO-900169-L1	splitPressure	derived
obj_orderline_SO-900170-L1	splitPressure	derived
obj_orderline_SO-900171-L1	splitPressure	derived
obj_orderline_SO-900171-L2	splitPressure	derived
obj_orderline_SO-900171-L3	splitPressure	derived
obj_orderline_SO-900172-L1	splitPressure	derived
obj_orderline_SO-900173-L1	splitPressure	derived
obj_orderline_SO-900173-L2	splitPressure	derived
obj_orderline_SO-900174-L1	splitPressure	derived
obj_orderline_SO-900175-L1	splitPressure	derived
obj_orderline_SO-900175-L2	splitPressure	derived
obj_orderline_SO-900176-L1	splitPressure	derived
obj_orderline_SO-900177-L1	splitPressure	derived
obj_orderline_SO-900177-L2	splitPressure	derived
obj_orderline_SO-900177-L3	splitPressure	derived
obj_orderline_SO-900178-L1	splitPressure	derived
obj_orderline_SO-900179-L1	splitPressure	derived
obj_orderline_SO-900179-L2	splitPressure	derived
obj_orderline_SO-900179-L3	splitPressure	derived
obj_orderline_SO-900180-L1	splitPressure	derived
obj_orderline_SO-900180-L2	splitPressure	derived
obj_orderline_SO-900181-L1	splitPressure	derived
obj_orderline_SO-900182-L1	splitPressure	derived
obj_orderline_SO-900182-L2	splitPressure	derived
obj_orderline_SO-900182-L3	splitPressure	derived
obj_orderline_SO-900183-L1	splitPressure	derived
obj_orderline_SO-900184-L1	splitPressure	derived
obj_orderline_SO-900184-L2	splitPressure	derived
obj_orderline_SO-900184-L3	splitPressure	derived
obj_orderline_SO-900185-L1	splitPressure	derived
obj_orderline_SO-900186-L1	splitPressure	derived
obj_orderline_SO-900186-L2	splitPressure	derived
obj_orderline_SO-900187-L1	splitPressure	derived
obj_orderline_SO-900188-L1	splitPressure	derived
obj_orderline_SO-900188-L2	splitPressure	derived
obj_orderline_SO-900189-L1	splitPressure	derived
obj_orderline_SO-900190-L1	splitPressure	derived
obj_orderline_SO-900191-L1	splitPressure	derived
obj_orderline_SO-900191-L2	splitPressure	derived
obj_orderline_SO-900191-L3	splitPressure	derived
obj_orderline_SO-900192-L1	splitPressure	derived
obj_orderline_SO-900193-L1	splitPressure	derived
obj_orderline_SO-900193-L2	splitPressure	derived
obj_orderline_SO-900194-L1	splitPressure	derived
obj_orderline_SO-900195-L1	splitPressure	derived
obj_orderline_SO-900195-L2	splitPressure	derived
obj_orderline_SO-900196-L1	splitPressure	derived
obj_orderline_SO-900197-L1	splitPressure	derived
obj_orderline_SO-900197-L2	splitPressure	derived
obj_orderline_SO-900197-L3	splitPressure	derived
obj_orderline_SO-900198-L1	splitPressure	derived
obj_orderline_SO-900199-L1	splitPressure	derived
obj_orderline_SO-900199-L2	splitPressure	derived
obj_orderline_SO-900199-L3	splitPressure	derived
obj_orderline_SO-900200-L1	splitPressure	derived
obj_orderline_SO-900201-L1	splitPressure	derived
obj_orderline_SO-900201-L2	splitPressure	derived
obj_orderline_SO-900201-L3	splitPressure	derived
obj_orderline_SO-900202-L1	splitPressure	derived
obj_orderline_SO-900203-L1	splitPressure	derived
obj_orderline_SO-900203-L2	splitPressure	derived
obj_orderline_SO-900204-L1	splitPressure	derived
obj_orderline_SO-900205-L1	splitPressure	derived
obj_orderline_SO-900205-L2	splitPressure	derived
obj_orderline_SO-900206-L1	splitPressure	derived
obj_orderline_SO-900207-L1	splitPressure	derived
obj_orderline_SO-900207-L2	splitPressure	derived
obj_orderline_SO-900207-L3	splitPressure	derived
obj_orderline_SO-900208-L1	splitPressure	derived
obj_orderline_SO-900209-L1	splitPressure	derived
obj_orderline_SO-900209-L2	splitPressure	derived
obj_orderline_SO-900209-L3	splitPressure	derived
obj_orderline_SO-900210-L1	splitPressure	derived
obj_orderline_SO-900210-L2	splitPressure	derived
obj_orderline_SO-900211-L1	splitPressure	derived
obj_orderline_SO-900212-L1	splitPressure	derived
obj_orderline_SO-900212-L2	splitPressure	derived
obj_orderline_SO-900212-L3	splitPressure	derived
obj_orderline_SO-900213-L1	splitPressure	derived
obj_orderline_SO-900214-L1	splitPressure	derived
obj_orderline_SO-900214-L2	splitPressure	derived
obj_orderline_SO-900214-L3	splitPressure	derived
obj_orderline_SO-900215-L1	splitPressure	derived
obj_orderline_SO-900216-L1	splitPressure	derived
obj_orderline_SO-900216-L2	splitPressure	derived
obj_orderline_SO-900217-L1	splitPressure	derived
obj_orderline_SO-900218-L1	splitPressure	derived
obj_orderline_SO-900218-L2	splitPressure	derived
obj_orderline_SO-900219-L1	splitPressure	derived
obj_orderline_SO-900220-L1	splitPressure	derived
obj_orderline_SO-900221-L1	splitPressure	derived
obj_orderline_SO-900221-L2	splitPressure	derived
obj_orderline_SO-900222-L1	splitPressure	derived
obj_orderline_SO-900223-L1	splitPressure	derived
obj_orderline_SO-900223-L2	splitPressure	derived
obj_orderline_SO-900223-L3	splitPressure	derived
obj_orderline_SO-900224-L1	splitPressure	derived
obj_orderline_SO-900225-L1	splitPressure	derived
obj_orderline_SO-900225-L2	splitPressure	derived
obj_orderline_SO-900225-L3	splitPressure	derived
obj_orderline_SO-900226-L1	splitPressure	derived
obj_orderline_SO-900227-L1	splitPressure	derived
obj_orderline_SO-900227-L2	splitPressure	derived
obj_orderline_SO-900228-L1	splitPressure	derived
obj_orderline_SO-900229-L1	splitPressure	derived
obj_orderline_SO-900229-L2	splitPressure	derived
obj_orderline_SO-900230-L1	splitPressure	derived
obj_orderline_SO-900230-L2	splitPressure	derived
obj_orderline_SO-900231-L1	splitPressure	derived
obj_orderline_SO-900232-L1	splitPressure	derived
obj_orderline_SO-900232-L2	splitPressure	derived
obj_orderline_SO-900232-L3	splitPressure	derived
obj_orderline_SO-900233-L1	splitPressure	derived
obj_orderline_SO-900234-L1	splitPressure	derived
obj_orderline_SO-900234-L2	splitPressure	derived
obj_orderline_SO-900234-L3	splitPressure	derived
obj_orderline_SO-900235-L1	splitPressure	derived
obj_orderline_SO-900236-L1	splitPressure	derived
obj_orderline_SO-900236-L2	splitPressure	derived
obj_orderline_SO-900237-L1	splitPressure	derived
obj_orderline_SO-900238-L1	splitPressure	derived
obj_orderline_SO-900238-L2	splitPressure	derived
obj_orderline_SO-900239-L1	splitPressure	derived
obj_orderline_SO-900240-L1	splitPressure	derived
obj_orderline_SO-900241-L1	splitPressure	derived
obj_orderline_SO-900241-L2	splitPressure	derived
obj_orderline_SO-900242-L1	splitPressure	derived
obj_orderline_SO-900243-L1	splitPressure	derived
obj_orderline_SO-900243-L2	splitPressure	derived
obj_orderline_SO-900243-L3	splitPressure	derived
obj_orderline_SO-900244-L1	splitPressure	derived
obj_orderline_SO-900245-L1	splitPressure	derived
obj_orderline_SO-900245-L2	splitPressure	derived
obj_orderline_SO-900245-L3	splitPressure	derived
obj_orderline_SO-900246-L1	splitPressure	derived
obj_orderline_SO-900247-L1	splitPressure	derived
obj_orderline_SO-900247-L2	splitPressure	derived
obj_orderline_SO-900248-L1	splitPressure	derived
obj_orderline_SO-900249-L1	splitPressure	derived
obj_orderline_SO-900249-L2	splitPressure	derived
obj_orderline_SO-900250-L1	splitPressure	derived
obj_orderline_SO-900250-L2	splitPressure	derived
obj_orderline_SO-900250-L3	splitPressure	derived
obj_orderline_SO-900251-L1	splitPressure	derived
obj_orderline_SO-900252-L1	splitPressure	derived
obj_orderline_SO-900252-L2	splitPressure	derived
obj_orderline_SO-900253-L1	splitPressure	derived
obj_orderline_SO-900254-L1	splitPressure	derived
obj_orderline_SO-900254-L2	splitPressure	derived
obj_orderline_SO-900255-L1	splitPressure	derived
obj_orderline_SO-900256-L1	splitPressure	derived
obj_orderline_SO-900256-L2	splitPressure	derived
obj_orderline_SO-900256-L3	splitPressure	derived
obj_orderline_SO-900257-L1	splitPressure	derived
obj_orderline_SO-900258-L1	splitPressure	derived
obj_orderline_SO-900258-L2	splitPressure	derived
obj_orderline_SO-900258-L3	splitPressure	derived
obj_orderline_SO-900259-L1	splitPressure	derived
obj_orderline_SO-900260-L1	splitPressure	derived
obj_orderline_SO-900261-L1	splitPressure	derived
obj_orderline_SO-900261-L2	splitPressure	derived
obj_orderline_SO-900261-L3	splitPressure	derived
obj_orderline_SO-900262-L1	splitPressure	derived
obj_orderline_SO-900263-L1	splitPressure	derived
obj_orderline_SO-900263-L2	splitPressure	derived
obj_orderline_SO-900264-L1	splitPressure	derived
obj_orderline_SO-900265-L1	splitPressure	derived
obj_orderline_SO-900265-L2	splitPressure	derived
obj_orderline_SO-900266-L1	splitPressure	derived
obj_orderline_SO-900267-L1	splitPressure	derived
obj_orderline_SO-900267-L2	splitPressure	derived
obj_orderline_SO-900267-L3	splitPressure	derived
obj_orderline_SO-900268-L1	splitPressure	derived
obj_orderline_SO-900269-L1	splitPressure	derived
obj_orderline_SO-900269-L2	splitPressure	derived
obj_orderline_SO-900269-L3	splitPressure	derived
obj_orderline_SO-900270-L1	splitPressure	derived
obj_orderline_SO-900270-L2	splitPressure	derived
obj_orderline_SO-900270-L3	splitPressure	derived
obj_orderline_SO-900271-L1	splitPressure	derived
obj_orderline_SO-900272-L1	splitPressure	derived
obj_orderline_SO-900272-L2	splitPressure	derived
obj_orderline_SO-900273-L1	splitPressure	derived
obj_orderline_SO-900274-L1	splitPressure	derived
obj_orderline_SO-900274-L2	splitPressure	derived
obj_orderline_SO-900275-L1	splitPressure	derived
obj_orderline_SO-900276-L1	splitPressure	derived
obj_orderline_SO-900276-L2	splitPressure	derived
obj_orderline_SO-900276-L3	splitPressure	derived
obj_orderline_SO-900277-L1	splitPressure	derived
obj_orderline_SO-900278-L1	splitPressure	derived
obj_orderline_SO-900278-L2	splitPressure	derived
obj_orderline_SO-900278-L3	splitPressure	derived
obj_orderline_SO-900279-L1	splitPressure	derived
obj_orderline_SO-900280-L1	splitPressure	derived
obj_orderline_SO-900281-L1	splitPressure	derived
obj_orderline_SO-900281-L2	splitPressure	derived
obj_orderline_SO-900281-L3	splitPressure	derived
obj_orderline_SO-900282-L1	splitPressure	derived
obj_orderline_SO-900283-L1	splitPressure	derived
obj_orderline_SO-900283-L2	splitPressure	derived
obj_orderline_SO-900284-L1	splitPressure	derived
obj_orderline_SO-900285-L1	splitPressure	derived
obj_orderline_SO-900285-L2	splitPressure	derived
obj_orderline_SO-900286-L1	splitPressure	derived
obj_orderline_SO-900287-L1	splitPressure	derived
obj_orderline_SO-900287-L2	splitPressure	derived
obj_orderline_SO-900287-L3	splitPressure	derived
obj_orderline_SO-900288-L1	splitPressure	derived
obj_orderline_SO-900289-L1	splitPressure	derived
obj_orderline_SO-900289-L2	splitPressure	derived
obj_orderline_SO-900289-L3	splitPressure	derived
obj_orderline_SO-900290-L1	splitPressure	derived
obj_orderline_SO-900290-L2	splitPressure	derived
obj_orderline_SO-900291-L1	splitPressure	derived
obj_orderline_SO-900292-L1	splitPressure	derived
obj_orderline_SO-900292-L2	splitPressure	derived
obj_orderline_SO-900292-L3	splitPressure	derived
obj_orderline_SO-900293-L1	splitPressure	derived
obj_orderline_SO-900294-L1	splitPressure	derived
obj_orderline_SO-900294-L2	splitPressure	derived
obj_orderline_SO-900294-L3	splitPressure	derived
obj_orderline_SO-900295-L1	splitPressure	derived
obj_orderline_SO-900296-L1	splitPressure	derived
obj_orderline_SO-900296-L2	splitPressure	derived
obj_orderline_SO-900297-L1	splitPressure	derived
obj_orderline_SO-900298-L1	splitPressure	derived
obj_orderline_SO-900298-L2	splitPressure	derived
obj_orderline_SO-900299-L1	splitPressure	derived
obj_orderline_SO-900300-L1	splitPressure	derived
obj_orderline_SO-900300-L2	splitPressure	derived
obj_orderline_SO-900300-L3	splitPressure	derived
obj_orderline_SO-900301-L1	splitPressure	derived
obj_orderline_SO-900302-L1	splitPressure	derived
obj_orderline_SO-900302-L2	splitPressure	derived
obj_orderline_SO-900303-L1	splitPressure	derived
obj_orderline_SO-900304-L1	splitPressure	derived
obj_orderline_SO-900304-L2	splitPressure	derived
obj_orderline_SO-900305-L1	splitPressure	derived
obj_orderline_SO-900306-L1	splitPressure	derived
obj_orderline_SO-900306-L2	splitPressure	derived
obj_orderline_SO-900306-L3	splitPressure	derived
obj_orderline_SO-900307-L1	splitPressure	derived
obj_orderline_SO-900308-L1	splitPressure	derived
obj_orderline_SO-900308-L2	splitPressure	derived
obj_orderline_SO-900308-L3	splitPressure	derived
obj_orderline_SO-900309-L1	splitPressure	derived
obj_orderline_SO-900310-L1	splitPressure	derived
obj_orderline_SO-900311-L1	splitPressure	derived
obj_orderline_SO-900311-L2	splitPressure	derived
obj_orderline_SO-900311-L3	splitPressure	derived
obj_orderline_SO-900312-L1	splitPressure	derived
obj_orderline_SO-900313-L1	splitPressure	derived
obj_orderline_SO-900313-L2	splitPressure	derived
obj_orderline_SO-900314-L1	splitPressure	derived
obj_orderline_SO-900315-L1	splitPressure	derived
obj_orderline_SO-900315-L2	splitPressure	derived
obj_orderline_SO-900316-L1	splitPressure	derived
obj_orderline_SO-900317-L1	splitPressure	derived
obj_orderline_SO-900317-L2	splitPressure	derived
obj_orderline_SO-900317-L3	splitPressure	derived
obj_orderline_SO-900318-L1	splitPressure	derived
obj_orderline_SO-900319-L1	splitPressure	derived
obj_orderline_SO-900319-L2	splitPressure	derived
obj_orderline_SO-900319-L3	splitPressure	derived
obj_orderline_SO-900320-L1	splitPressure	derived
obj_orderline_SO-900320-L2	splitPressure	derived
obj_orderline_SO-900320-L3	splitPressure	derived
obj_orderline_SO-900321-L1	splitPressure	derived
obj_orderline_SO-900322-L1	splitPressure	derived
obj_orderline_SO-900322-L2	splitPressure	derived
obj_orderline_SO-900323-L1	splitPressure	derived
obj_orderline_SO-900324-L1	splitPressure	derived
obj_orderline_SO-900324-L2	splitPressure	derived
obj_orderline_SO-900325-L1	splitPressure	derived
obj_orderline_SO-900326-L1	splitPressure	derived
obj_orderline_SO-900326-L2	splitPressure	derived
obj_orderline_SO-900326-L3	splitPressure	derived
obj_orderline_SO-900327-L1	splitPressure	derived
obj_orderline_SO-900328-L1	splitPressure	derived
obj_orderline_SO-900328-L2	splitPressure	derived
obj_orderline_SO-900328-L3	splitPressure	derived
obj_orderline_SO-900329-L1	splitPressure	derived
obj_orderline_SO-900330-L1	splitPressure	derived
obj_orderline_SO-900331-L1	splitPressure	derived
obj_orderline_SO-900331-L2	splitPressure	derived
obj_orderline_SO-900332-L1	splitPressure	derived
obj_orderline_SO-900333-L1	splitPressure	derived
obj_orderline_SO-900333-L2	splitPressure	derived
obj_orderline_SO-900333-L3	splitPressure	derived
obj_orderline_SO-900334-L1	splitPressure	derived
obj_orderline_SO-900335-L1	splitPressure	derived
obj_orderline_SO-900335-L2	splitPressure	derived
obj_orderline_SO-900335-L3	splitPressure	derived
obj_orderline_SO-900336-L1	splitPressure	derived
obj_orderline_SO-900337-L1	splitPressure	derived
obj_orderline_SO-900337-L2	splitPressure	derived
obj_orderline_SO-900338-L1	splitPressure	derived
obj_orderline_SO-900339-L1	splitPressure	derived
obj_orderline_SO-900339-L2	splitPressure	derived
obj_orderline_SO-900340-L1	splitPressure	derived
obj_orderline_SO-900340-L2	splitPressure	derived
obj_orderline_SO-900341-L1	splitPressure	derived
obj_orderline_SO-900342-L1	splitPressure	derived
obj_orderline_SO-900342-L2	splitPressure	derived
obj_orderline_SO-900342-L3	splitPressure	derived
obj_orderline_SO-900343-L1	splitPressure	derived
obj_orderline_SO-900344-L1	splitPressure	derived
obj_orderline_SO-900344-L2	splitPressure	derived
obj_orderline_SO-900344-L3	splitPressure	derived
obj_orderline_SO-900345-L1	splitPressure	derived
obj_orderline_SO-900346-L1	splitPressure	derived
obj_orderline_SO-900346-L2	splitPressure	derived
obj_orderline_SO-900347-L1	splitPressure	derived
obj_orderline_SO-900348-L1	splitPressure	derived
obj_orderline_SO-900348-L2	splitPressure	derived
obj_orderline_SO-900349-L1	splitPressure	derived
obj_orderline_SO-900350-L1	splitPressure	derived
obj_orderline_SO-900351-L1	splitPressure	derived
obj_orderline_SO-900351-L2	splitPressure	derived
obj_orderline_SO-900352-L1	splitPressure	derived
obj_orderline_SO-900353-L1	splitPressure	derived
obj_orderline_SO-900353-L2	splitPressure	derived
obj_orderline_SO-900353-L3	splitPressure	derived
obj_orderline_SO-900354-L1	splitPressure	derived
obj_orderline_SO-900355-L1	splitPressure	derived
obj_orderline_SO-900355-L2	splitPressure	derived
obj_orderline_SO-900355-L3	splitPressure	derived
obj_orderline_SO-900356-L1	splitPressure	derived
obj_orderline_SO-900357-L1	splitPressure	derived
obj_orderline_SO-900357-L2	splitPressure	derived
obj_orderline_SO-900358-L1	splitPressure	derived
obj_orderline_SO-900359-L1	splitPressure	derived
obj_orderline_SO-900359-L2	splitPressure	derived
obj_orderline_SO-900360-L1	splitPressure	derived
obj_orderline_SO-900360-L2	splitPressure	derived
obj_orderline_SO-900361-L1	splitPressure	derived
obj_orderline_SO-900362-L1	splitPressure	derived
obj_orderline_SO-900362-L2	splitPressure	derived
obj_orderline_SO-900362-L3	splitPressure	derived
obj_orderline_SO-900363-L1	splitPressure	derived
obj_orderline_SO-900364-L1	splitPressure	derived
obj_orderline_SO-900364-L2	splitPressure	derived
obj_orderline_SO-900364-L3	splitPressure	derived
obj_orderline_SO-900365-L1	splitPressure	derived
obj_orderline_SO-900366-L1	splitPressure	derived
obj_orderline_SO-900366-L2	splitPressure	derived
obj_orderline_SO-900367-L1	splitPressure	derived
obj_orderline_SO-900368-L1	splitPressure	derived
obj_orderline_SO-900368-L2	splitPressure	derived
obj_orderline_SO-900369-L1	splitPressure	derived
obj_orderline_SO-900370-L1	splitPressure	derived
obj_orderline_SO-900371-L1	splitPressure	derived
obj_orderline_SO-900371-L2	splitPressure	derived
obj_orderline_SO-900371-L3	splitPressure	derived
obj_orderline_SO-900372-L1	splitPressure	derived
obj_orderline_SO-900373-L1	splitPressure	derived
obj_orderline_SO-900373-L2	splitPressure	derived
obj_orderline_SO-900374-L1	splitPressure	derived
obj_orderline_SO-900375-L1	splitPressure	derived
obj_orderline_SO-900375-L2	splitPressure	derived
obj_orderline_SO-900376-L1	splitPressure	derived
obj_orderline_SO-900377-L1	splitPressure	derived
obj_orderline_SO-900377-L2	splitPressure	derived
obj_orderline_SO-900377-L3	splitPressure	derived
obj_orderline_SO-900378-L1	splitPressure	derived
obj_orderline_SO-900379-L1	splitPressure	derived
obj_orderline_SO-900379-L2	splitPressure	derived
obj_orderline_SO-900379-L3	splitPressure	derived
obj_orderline_SO-900380-L1	splitPressure	derived
obj_orderline_SO-900380-L2	splitPressure	derived
obj_orderline_SO-900380-L3	splitPressure	derived
obj_orderline_SO-900381-L1	splitPressure	derived
obj_orderline_SO-900382-L1	splitPressure	derived
obj_orderline_SO-900382-L2	splitPressure	derived
obj_orderline_SO-900383-L1	splitPressure	derived
obj_orderline_SO-900384-L1	splitPressure	derived
obj_orderline_SO-900384-L2	splitPressure	derived
obj_orderline_SO-900385-L1	splitPressure	derived
obj_orderline_SO-900386-L1	splitPressure	derived
obj_orderline_SO-900386-L2	splitPressure	derived
obj_orderline_SO-900386-L3	splitPressure	derived
obj_orderline_SO-900387-L1	splitPressure	derived
obj_orderline_SO-900388-L1	splitPressure	derived
obj_orderline_SO-900388-L2	splitPressure	derived
obj_orderline_SO-900388-L3	splitPressure	derived
obj_orderline_SO-900389-L1	splitPressure	derived
obj_orderline_SO-900390-L1	splitPressure	derived
obj_orderline_SO-900391-L1	splitPressure	derived
obj_orderline_SO-900391-L2	splitPressure	derived
obj_orderline_SO-900391-L3	splitPressure	derived
obj_orderline_SO-900392-L1	splitPressure	derived
obj_orderline_SO-900393-L1	splitPressure	derived
obj_orderline_SO-900393-L2	splitPressure	derived
obj_orderline_SO-900394-L1	splitPressure	derived
obj_orderline_SO-900395-L1	splitPressure	derived
obj_orderline_SO-900395-L2	splitPressure	derived
obj_orderline_SO-900396-L1	splitPressure	derived
obj_orderline_SO-900397-L1	splitPressure	derived
obj_orderline_SO-900397-L2	splitPressure	derived
obj_orderline_SO-900397-L3	splitPressure	derived
obj_orderline_SO-900398-L1	splitPressure	derived
obj_orderline_SO-900399-L1	splitPressure	derived
obj_orderline_SO-900399-L2	splitPressure	derived
obj_orderline_SO-900399-L3	splitPressure	derived
obj_orderline_SO-900400-L1	splitPressure	derived
obj_orderline_SO-900401-L1	splitPressure	derived
obj_orderline_SO-900401-L2	splitPressure	derived
obj_orderline_SO-900401-L3	splitPressure	derived
obj_orderline_SO-900402-L1	splitPressure	derived
obj_orderline_SO-900403-L1	splitPressure	derived
obj_orderline_SO-900403-L2	splitPressure	derived
obj_orderline_SO-900404-L1	splitPressure	derived
obj_orderline_SO-900405-L1	splitPressure	derived
obj_orderline_SO-900405-L2	splitPressure	derived
obj_orderline_SO-900406-L1	splitPressure	derived
obj_orderline_SO-900407-L1	splitPressure	derived
obj_orderline_SO-900407-L2	splitPressure	derived
obj_orderline_SO-900407-L3	splitPressure	derived
obj_orderline_SO-900408-L1	splitPressure	derived
obj_orderline_SO-900409-L1	splitPressure	derived
obj_orderline_SO-900409-L2	splitPressure	derived
obj_orderline_SO-900409-L3	splitPressure	derived
obj_orderline_SO-900410-L1	splitPressure	derived
obj_orderline_SO-900410-L2	splitPressure	derived
obj_orderline_SO-900410-L3	splitPressure	derived
obj_orderline_SO-900411-L1	splitPressure	derived
obj_orderline_SO-900412-L1	splitPressure	derived
obj_orderline_SO-900412-L2	splitPressure	derived
obj_orderline_SO-900413-L1	splitPressure	derived
obj_orderline_SO-900414-L1	splitPressure	derived
obj_orderline_SO-900414-L2	splitPressure	derived
obj_orderline_SO-900415-L1	splitPressure	derived
obj_orderline_SO-900416-L1	splitPressure	derived
obj_orderline_SO-900416-L2	splitPressure	derived
obj_orderline_SO-900416-L3	splitPressure	derived
obj_orderline_SO-900417-L1	splitPressure	derived
obj_orderline_SO-900418-L1	splitPressure	derived
obj_orderline_SO-900418-L2	splitPressure	derived
obj_orderline_SO-900418-L3	splitPressure	derived
obj_orderline_SO-900419-L1	splitPressure	derived
obj_orderline_SO-900420-L1	splitPressure	derived
obj_orderline_SO-900421-L1	splitPressure	derived
obj_orderline_SO-900421-L2	splitPressure	derived
obj_orderline_SO-900422-L1	splitPressure	derived
obj_orderline_SO-900423-L1	splitPressure	derived
obj_orderline_SO-900423-L2	splitPressure	derived
obj_orderline_SO-900423-L3	splitPressure	derived
obj_orderline_SO-900424-L1	splitPressure	derived
obj_orderline_SO-900425-L1	splitPressure	derived
obj_orderline_SO-900425-L2	splitPressure	derived
obj_orderline_SO-900425-L3	splitPressure	derived
obj_orderline_SO-900426-L1	splitPressure	derived
obj_orderline_SO-900427-L1	splitPressure	derived
obj_orderline_SO-900427-L2	splitPressure	derived
obj_orderline_SO-900428-L1	splitPressure	derived
obj_orderline_SO-900429-L1	splitPressure	derived
obj_orderline_SO-900429-L2	splitPressure	derived
obj_orderline_SO-900430-L1	splitPressure	derived
obj_orderline_SO-900430-L2	splitPressure	derived
obj_orderline_SO-900430-L3	splitPressure	derived
obj_orderline_SO-900431-L1	splitPressure	derived
obj_orderline_SO-900432-L1	splitPressure	derived
obj_orderline_SO-900432-L2	splitPressure	derived
obj_orderline_SO-900433-L1	splitPressure	derived
obj_orderline_SO-900434-L1	splitPressure	derived
obj_orderline_SO-900434-L2	splitPressure	derived
obj_orderline_SO-900435-L1	splitPressure	derived
obj_orderline_SO-900436-L1	splitPressure	derived
obj_orderline_SO-900436-L2	splitPressure	derived
obj_orderline_SO-900436-L3	splitPressure	derived
obj_orderline_SO-900437-L1	splitPressure	derived
obj_orderline_SO-900438-L1	splitPressure	derived
obj_orderline_SO-900438-L2	splitPressure	derived
obj_orderline_SO-900438-L3	splitPressure	derived
obj_orderline_SO-900439-L1	splitPressure	derived
obj_orderline_SO-900440-L1	splitPressure	derived
obj_orderline_SO-900441-L1	splitPressure	derived
obj_orderline_SO-900441-L2	splitPressure	derived
obj_orderline_SO-900442-L1	splitPressure	derived
obj_orderline_SO-900443-L1	splitPressure	derived
obj_orderline_SO-900443-L2	splitPressure	derived
obj_orderline_SO-900443-L3	splitPressure	derived
obj_orderline_SO-900444-L1	splitPressure	derived
obj_orderline_SO-900445-L1	splitPressure	derived
obj_orderline_SO-900445-L2	splitPressure	derived
obj_orderline_SO-900445-L3	splitPressure	derived
obj_orderline_SO-900446-L1	splitPressure	derived
obj_orderline_SO-900447-L1	splitPressure	derived
obj_orderline_SO-900447-L2	splitPressure	derived
obj_orderline_SO-900448-L1	splitPressure	derived
obj_orderline_SO-900449-L1	splitPressure	derived
obj_orderline_SO-900449-L2	splitPressure	derived
obj_orderline_SO-900450-L1	splitPressure	derived
obj_orderline_SO-900450-L2	splitPressure	derived
obj_orderline_SO-900451-L1	splitPressure	derived
obj_orderline_SO-900452-L1	splitPressure	derived
obj_orderline_SO-900452-L2	splitPressure	derived
obj_orderline_SO-900452-L3	splitPressure	derived
obj_orderline_SO-900453-L1	splitPressure	derived
obj_orderline_SO-900454-L1	splitPressure	derived
obj_orderline_SO-900454-L2	splitPressure	derived
obj_orderline_SO-900454-L3	splitPressure	derived
obj_orderline_SO-900455-L1	splitPressure	derived
obj_orderline_SO-900456-L1	splitPressure	derived
obj_orderline_SO-900456-L2	splitPressure	derived
obj_orderline_SO-900457-L1	splitPressure	derived
obj_orderline_SO-900458-L1	splitPressure	derived
obj_orderline_SO-900458-L2	splitPressure	derived
obj_orderline_SO-900459-L1	splitPressure	derived
obj_orderline_SO-900460-L1	splitPressure	derived
obj_orderline_SO-900461-L1	splitPressure	derived
obj_orderline_SO-900461-L2	splitPressure	derived
obj_orderline_SO-900461-L3	splitPressure	derived
obj_orderline_SO-900462-L1	splitPressure	derived
obj_orderline_SO-900463-L1	splitPressure	derived
obj_orderline_SO-900463-L2	splitPressure	derived
obj_orderline_SO-900464-L1	splitPressure	derived
obj_orderline_SO-900465-L1	splitPressure	derived
obj_orderline_SO-900465-L2	splitPressure	derived
obj_orderline_SO-900466-L1	splitPressure	derived
obj_orderline_SO-900467-L1	splitPressure	derived
obj_orderline_SO-900467-L2	splitPressure	derived
obj_orderline_SO-900467-L3	splitPressure	derived
obj_orderline_SO-900468-L1	splitPressure	derived
obj_orderline_SO-900469-L1	splitPressure	derived
obj_orderline_SO-900469-L2	splitPressure	derived
obj_orderline_SO-900469-L3	splitPressure	derived
obj_orderline_SO-900470-L1	splitPressure	derived
obj_orderline_SO-900470-L2	splitPressure	derived
obj_orderline_SO-900471-L1	splitPressure	derived
obj_orderline_SO-900472-L1	splitPressure	derived
obj_orderline_SO-900472-L2	splitPressure	derived
obj_orderline_SO-900472-L3	splitPressure	derived
obj_orderline_SO-900473-L1	splitPressure	derived
obj_orderline_SO-900474-L1	splitPressure	derived
obj_orderline_SO-900474-L2	splitPressure	derived
obj_orderline_SO-900474-L3	splitPressure	derived
obj_orderline_SO-900475-L1	splitPressure	derived
obj_orderline_SO-900476-L1	splitPressure	derived
obj_orderline_SO-900476-L2	splitPressure	derived
obj_orderline_SO-900477-L1	splitPressure	derived
obj_orderline_SO-900478-L1	splitPressure	derived
obj_orderline_SO-900478-L2	splitPressure	derived
obj_orderline_SO-900479-L1	splitPressure	derived
obj_orderline_SO-900480-L1	splitPressure	derived
obj_orderline_SO-900481-L1	splitPressure	derived
obj_orderline_SO-900481-L2	splitPressure	derived
obj_orderline_SO-900481-L3	splitPressure	derived
obj_orderline_SO-900482-L1	splitPressure	derived
obj_orderline_SO-900483-L1	splitPressure	derived
obj_orderline_SO-900483-L2	splitPressure	derived
obj_orderline_SO-900484-L1	splitPressure	derived
obj_orderline_SO-900485-L1	splitPressure	derived
obj_orderline_SO-900485-L2	splitPressure	derived
obj_orderline_SO-900486-L1	splitPressure	derived
obj_orderline_SO-900487-L1	splitPressure	derived
obj_orderline_SO-900487-L2	splitPressure	derived
obj_orderline_SO-900487-L3	splitPressure	derived
obj_orderline_SO-900488-L1	splitPressure	derived
obj_orderline_SO-900489-L1	splitPressure	derived
obj_orderline_SO-900489-L2	splitPressure	derived
obj_orderline_SO-900489-L3	splitPressure	derived
obj_orderline_SO-900490-L1	splitPressure	derived
obj_orderline_SO-900490-L2	splitPressure	derived
obj_orderline_SO-900490-L3	splitPressure	derived
obj_orderline_SO-900491-L1	splitPressure	derived
obj_orderline_SO-900492-L1	splitPressure	derived
obj_orderline_SO-900492-L2	splitPressure	derived
obj_orderline_SO-900493-L1	splitPressure	derived
obj_orderline_SO-900494-L1	splitPressure	derived
obj_orderline_SO-900494-L2	splitPressure	derived
obj_orderline_SO-900495-L1	splitPressure	derived
obj_orderline_SO-900496-L1	splitPressure	derived
obj_orderline_SO-900496-L2	splitPressure	derived
obj_orderline_SO-900496-L3	splitPressure	derived
obj_orderline_SO-900497-L1	splitPressure	derived
obj_orderline_SO-900498-L1	splitPressure	derived
obj_orderline_SO-900498-L2	splitPressure	derived
obj_orderline_SO-900498-L3	splitPressure	derived
obj_orderline_SO-900499-L1	splitPressure	derived
obj_orderpromise_AP-SO-3391	promiseRisk	derived
obj_orderpromise_AP-SO-3402	promiseRisk	derived
obj_orderpromise_AP-SO-3415	promiseRisk	derived
obj_orderpromise_AP-SO-3420	promiseRisk	derived
obj_orderpromise_AP-SO-3431	promiseRisk	derived
obj_orderpromise_AP-SO-3437	promiseRisk	derived
obj_orderpromise_AP-SO-3445	promiseRisk	derived
obj_orderpromise_AP-SO-3452	promiseRisk	derived
obj_orderpromise_AP-SO-3458	promiseRisk	derived
obj_orderpromise_AP-SO-3464	promiseRisk	derived
obj_orderpromise_AP-SO-3470	promiseRisk	derived
obj_orderpromise_AP-SO-3476	promiseRisk	derived
obj_orderpromise_AP-SO-3481	promiseRisk	derived
obj_orderpromise_AP-SO-3486	promiseRisk	derived
obj_orderpromise_AP-SO-3490	promiseRisk	derived
obj_orderpromise_AP-SO-3495	promiseRisk	derived
obj_orderpromise_AP-SO-3501	promiseRisk	derived
obj_orderpromise_AP-SO-3506	promiseRisk	derived
obj_orderpromise_AP-SO-3512	promiseRisk	derived
obj_orderpromise_AP-SO-3518	promiseRisk	derived
obj_orderpromise_AP-SO-3523	promiseRisk	derived
obj_orderpromise_AP-SO-3529	promiseRisk	derived
obj_orderpromise_AP-SO-3534	promiseRisk	derived
obj_orderpromise_AP-SO-3540	promiseRisk	derived
obj_orderpromise_AP-SO-900025	promiseRisk	derived
obj_orderpromise_AP-SO-900090	promiseRisk	derived
obj_orderpromise_AP-SO-900112	promiseRisk	derived
obj_orderpromise_AP-SO-900123	promiseRisk	derived
obj_orderpromise_AP-SO-900138	promiseRisk	derived
obj_orderpromise_AP-SO-900183	promiseRisk	derived
obj_orderpromise_AP-SO-900185	promiseRisk	derived
obj_orderpromise_AP-SO-900191	promiseRisk	derived
obj_orderpromise_AP-SO-900194	promiseRisk	derived
obj_orderpromise_AP-SO-900197	promiseRisk	derived
obj_orderpromise_AP-SO-900210	promiseRisk	derived
obj_orderpromise_AP-SO-900221	promiseRisk	derived
obj_orderpromise_AP-SO-900235	promiseRisk	derived
obj_orderpromise_AP-SO-900244	promiseRisk	derived
obj_orderpromise_AP-SO-900260	promiseRisk	derived
obj_orderpromise_AP-SO-900284	promiseRisk	derived
obj_orderpromise_AP-SO-900312	promiseRisk	derived
obj_orderpromise_AP-SO-900317	promiseRisk	derived
obj_orderpromise_AP-SO-900350	promiseRisk	derived
obj_orderpromise_AP-SO-900376	promiseRisk	derived
obj_orderpromise_AP-SO-900381	promiseRisk	derived
obj_orderpromise_AP-SO-900384	promiseRisk	derived
obj_orderpromise_AP-SO-900467	promiseRisk	derived
obj_orderpromise_AP-SO-900472	promiseRisk	derived
obj_orderpromise_AP-SO-900481	promiseRisk	derived
obj_orderpromise_AP-SO-900493	promiseRisk	derived
obj_overduerecord_od-cg	collectionPressure	derived
obj_overduerecord_od-sd	collectionPressure	derived
obj_process_LINE-WS-changzhou-assembly-aging	queuePressure	measured
obj_process_LINE-WS-changzhou-assembly-assembly	queuePressure	measured
obj_process_LINE-WS-changzhou-assembly-coating	queuePressure	measured
obj_process_LINE-WS-changzhou-assembly-formation	queuePressure	measured
obj_process_LINE-WS-changzhou-assembly-winding	queuePressure	measured
obj_process_LINE-WS-changzhou-calendering-aging	queuePressure	measured
obj_process_LINE-WS-changzhou-calendering-assembly	queuePressure	measured
obj_process_LINE-WS-changzhou-calendering-coating	queuePressure	measured
obj_process_LINE-WS-changzhou-calendering-formation	queuePressure	measured
obj_process_LINE-WS-changzhou-calendering-winding	queuePressure	measured
obj_process_LINE-WS-changzhou-coating-aging	queuePressure	measured
obj_process_LINE-WS-changzhou-coating-assembly	queuePressure	measured
obj_process_LINE-WS-changzhou-coating-coating	queuePressure	measured
obj_process_LINE-WS-changzhou-coating-formation	queuePressure	measured
obj_process_LINE-WS-changzhou-coating-winding	queuePressure	measured
obj_process_LINE-WS-changzhou-filling-aging	queuePressure	measured
obj_process_LINE-WS-changzhou-filling-assembly	queuePressure	measured
obj_process_LINE-WS-changzhou-filling-coating	queuePressure	measured
obj_process_LINE-WS-changzhou-filling-formation	queuePressure	measured
obj_process_LINE-WS-changzhou-filling-winding	queuePressure	measured
obj_process_LINE-WS-changzhou-formation-aging	queuePressure	measured
obj_process_LINE-WS-changzhou-formation-assembly	queuePressure	measured
obj_process_LINE-WS-changzhou-formation-coating	queuePressure	measured
obj_process_LINE-WS-changzhou-formation-formation	queuePressure	measured
obj_process_LINE-WS-changzhou-formation-winding	queuePressure	measured
obj_process_LINE-WS-changzhou-grading-aging	queuePressure	measured
obj_process_LINE-WS-changzhou-grading-assembly	queuePressure	measured
obj_process_LINE-WS-changzhou-grading-coating	queuePressure	measured
obj_process_LINE-WS-changzhou-grading-formation	queuePressure	measured
obj_process_LINE-WS-changzhou-grading-winding	queuePressure	measured
obj_process_LINE-WS-changzhou-pack-aging	queuePressure	measured
obj_process_LINE-WS-changzhou-pack-assembly	queuePressure	measured
obj_process_LINE-WS-changzhou-pack-coating	queuePressure	measured
obj_process_LINE-WS-changzhou-pack-formation	queuePressure	measured
obj_process_LINE-WS-changzhou-pack-winding	queuePressure	measured
obj_process_LINE-WS-changzhou-slitting-aging	queuePressure	measured
obj_process_LINE-WS-changzhou-slitting-assembly	queuePressure	measured
obj_process_LINE-WS-changzhou-slitting-coating	queuePressure	measured
obj_process_LINE-WS-changzhou-slitting-formation	queuePressure	measured
obj_process_LINE-WS-changzhou-slitting-winding	queuePressure	measured
obj_process_LINE-WS-changzhou-slurry-aging	queuePressure	measured
obj_process_LINE-WS-changzhou-slurry-assembly	queuePressure	measured
obj_process_LINE-WS-changzhou-slurry-coating	queuePressure	measured
obj_process_LINE-WS-changzhou-slurry-formation	queuePressure	measured
obj_process_LINE-WS-changzhou-slurry-winding	queuePressure	measured
obj_process_LINE-WS-changzhou-winding-aging	queuePressure	measured
obj_process_LINE-WS-changzhou-winding-assembly	queuePressure	measured
obj_process_LINE-WS-changzhou-winding-coating	queuePressure	measured
obj_process_LINE-WS-changzhou-winding-formation	queuePressure	measured
obj_process_LINE-WS-changzhou-winding-winding	queuePressure	measured
obj_process_LINE-WS-chengdu-assembly-aging	queuePressure	measured
obj_process_LINE-WS-chengdu-assembly-assembly	queuePressure	measured
obj_process_LINE-WS-chengdu-assembly-coating	queuePressure	measured
obj_process_LINE-WS-chengdu-assembly-formation	queuePressure	measured
obj_process_LINE-WS-chengdu-assembly-winding	queuePressure	measured
obj_process_LINE-WS-chengdu-calendering-aging	queuePressure	measured
obj_process_LINE-WS-chengdu-calendering-assembly	queuePressure	measured
obj_process_LINE-WS-chengdu-calendering-coating	queuePressure	measured
obj_process_LINE-WS-chengdu-calendering-formation	queuePressure	measured
obj_process_LINE-WS-chengdu-calendering-winding	queuePressure	measured
obj_process_LINE-WS-chengdu-coating-aging	queuePressure	measured
obj_process_LINE-WS-chengdu-coating-assembly	queuePressure	measured
obj_process_LINE-WS-chengdu-coating-coating	queuePressure	measured
obj_process_LINE-WS-chengdu-coating-formation	queuePressure	measured
obj_process_LINE-WS-chengdu-coating-winding	queuePressure	measured
obj_process_LINE-WS-chengdu-filling-aging	queuePressure	measured
obj_process_LINE-WS-chengdu-filling-assembly	queuePressure	measured
obj_process_LINE-WS-chengdu-filling-coating	queuePressure	measured
obj_process_LINE-WS-chengdu-filling-formation	queuePressure	measured
obj_process_LINE-WS-chengdu-filling-winding	queuePressure	measured
obj_process_LINE-WS-chengdu-formation-aging	queuePressure	measured
obj_process_LINE-WS-chengdu-formation-assembly	queuePressure	measured
obj_process_LINE-WS-chengdu-formation-coating	queuePressure	measured
obj_process_LINE-WS-chengdu-formation-formation	queuePressure	measured
obj_process_LINE-WS-chengdu-formation-winding	queuePressure	measured
obj_process_LINE-WS-chengdu-grading-aging	queuePressure	measured
obj_process_LINE-WS-chengdu-grading-assembly	queuePressure	measured
obj_process_LINE-WS-chengdu-grading-coating	queuePressure	measured
obj_process_LINE-WS-chengdu-grading-formation	queuePressure	measured
obj_process_LINE-WS-chengdu-grading-winding	queuePressure	measured
obj_process_LINE-WS-chengdu-pack-aging	queuePressure	measured
obj_process_LINE-WS-chengdu-pack-assembly	queuePressure	measured
obj_process_LINE-WS-chengdu-pack-coating	queuePressure	measured
obj_process_LINE-WS-chengdu-pack-formation	queuePressure	measured
obj_process_LINE-WS-chengdu-pack-winding	queuePressure	measured
obj_process_LINE-WS-chengdu-slitting-aging	queuePressure	measured
obj_process_LINE-WS-chengdu-slitting-assembly	queuePressure	measured
obj_process_LINE-WS-chengdu-slitting-coating	queuePressure	measured
obj_process_LINE-WS-chengdu-slitting-formation	queuePressure	measured
obj_process_LINE-WS-chengdu-slitting-winding	queuePressure	measured
obj_process_LINE-WS-chengdu-slurry-aging	queuePressure	measured
obj_process_LINE-WS-chengdu-slurry-assembly	queuePressure	measured
obj_process_LINE-WS-chengdu-slurry-coating	queuePressure	measured
obj_process_LINE-WS-chengdu-slurry-formation	queuePressure	measured
obj_process_LINE-WS-chengdu-slurry-winding	queuePressure	measured
obj_process_LINE-WS-chengdu-winding-aging	queuePressure	measured
obj_process_LINE-WS-chengdu-winding-assembly	queuePressure	measured
obj_process_LINE-WS-chengdu-winding-coating	queuePressure	measured
obj_process_LINE-WS-chengdu-winding-formation	queuePressure	measured
obj_process_LINE-WS-chengdu-winding-winding	queuePressure	measured
obj_process_LINE-WS-handan-assembly-aging	queuePressure	measured
obj_process_LINE-WS-handan-assembly-assembly	queuePressure	measured
obj_process_LINE-WS-handan-assembly-coating	queuePressure	measured
obj_process_LINE-WS-handan-assembly-formation	queuePressure	measured
obj_process_LINE-WS-handan-assembly-winding	queuePressure	measured
obj_process_LINE-WS-handan-calendering-aging	queuePressure	measured
obj_process_LINE-WS-handan-calendering-assembly	queuePressure	measured
obj_process_LINE-WS-handan-calendering-coating	queuePressure	measured
obj_process_LINE-WS-handan-calendering-formation	queuePressure	measured
obj_process_LINE-WS-handan-calendering-winding	queuePressure	measured
obj_process_LINE-WS-handan-coating-aging	queuePressure	measured
obj_process_LINE-WS-handan-coating-assembly	queuePressure	measured
obj_process_LINE-WS-handan-coating-coating	queuePressure	measured
obj_process_LINE-WS-handan-coating-formation	queuePressure	measured
obj_process_LINE-WS-handan-coating-winding	queuePressure	measured
obj_process_LINE-WS-handan-filling-aging	queuePressure	measured
obj_process_LINE-WS-handan-filling-assembly	queuePressure	measured
obj_process_LINE-WS-handan-filling-coating	queuePressure	measured
obj_process_LINE-WS-handan-filling-formation	queuePressure	measured
obj_process_LINE-WS-handan-filling-winding	queuePressure	measured
obj_process_LINE-WS-handan-formation-aging	queuePressure	measured
obj_process_LINE-WS-handan-formation-assembly	queuePressure	measured
obj_process_LINE-WS-handan-formation-coating	queuePressure	measured
obj_process_LINE-WS-handan-formation-formation	queuePressure	measured
obj_process_LINE-WS-handan-formation-winding	queuePressure	measured
obj_process_LINE-WS-handan-grading-aging	queuePressure	measured
obj_process_LINE-WS-handan-grading-assembly	queuePressure	measured
obj_process_LINE-WS-handan-grading-coating	queuePressure	measured
obj_process_LINE-WS-handan-grading-formation	queuePressure	measured
obj_process_LINE-WS-handan-grading-winding	queuePressure	measured
obj_process_LINE-WS-handan-pack-aging	queuePressure	measured
obj_process_LINE-WS-handan-pack-assembly	queuePressure	measured
obj_process_LINE-WS-handan-pack-coating	queuePressure	measured
obj_process_LINE-WS-handan-pack-formation	queuePressure	measured
obj_process_LINE-WS-handan-pack-winding	queuePressure	measured
obj_process_LINE-WS-handan-slitting-aging	queuePressure	measured
obj_process_LINE-WS-handan-slitting-assembly	queuePressure	measured
obj_process_LINE-WS-handan-slitting-coating	queuePressure	measured
obj_process_LINE-WS-handan-slitting-formation	queuePressure	measured
obj_process_LINE-WS-handan-slitting-winding	queuePressure	measured
obj_process_LINE-WS-handan-slurry-aging	queuePressure	measured
obj_process_LINE-WS-handan-slurry-assembly	queuePressure	measured
obj_process_LINE-WS-handan-slurry-coating	queuePressure	measured
obj_process_LINE-WS-handan-slurry-formation	queuePressure	measured
obj_process_LINE-WS-handan-slurry-winding	queuePressure	measured
obj_process_LINE-WS-handan-winding-aging	queuePressure	measured
obj_process_LINE-WS-handan-winding-assembly	queuePressure	measured
obj_process_LINE-WS-handan-winding-coating	queuePressure	measured
obj_process_LINE-WS-handan-winding-formation	queuePressure	measured
obj_process_LINE-WS-handan-winding-winding	queuePressure	measured
obj_process_LINE-WS-hefei-assembly-aging	queuePressure	measured
obj_process_LINE-WS-hefei-assembly-assembly	queuePressure	measured
obj_process_LINE-WS-hefei-assembly-coating	queuePressure	measured
obj_process_LINE-WS-hefei-assembly-formation	queuePressure	measured
obj_process_LINE-WS-hefei-assembly-winding	queuePressure	measured
obj_process_LINE-WS-hefei-calendering-aging	queuePressure	measured
obj_process_LINE-WS-hefei-calendering-assembly	queuePressure	measured
obj_process_LINE-WS-hefei-calendering-coating	queuePressure	measured
obj_process_LINE-WS-hefei-calendering-formation	queuePressure	measured
obj_process_LINE-WS-hefei-calendering-winding	queuePressure	measured
obj_process_LINE-WS-hefei-coating-aging	queuePressure	measured
obj_process_LINE-WS-hefei-coating-assembly	queuePressure	measured
obj_process_LINE-WS-hefei-coating-coating	queuePressure	measured
obj_process_LINE-WS-hefei-coating-formation	queuePressure	measured
obj_process_LINE-WS-hefei-coating-winding	queuePressure	measured
obj_process_LINE-WS-hefei-filling-aging	queuePressure	measured
obj_process_LINE-WS-hefei-filling-assembly	queuePressure	measured
obj_process_LINE-WS-hefei-filling-coating	queuePressure	measured
obj_process_LINE-WS-hefei-filling-formation	queuePressure	measured
obj_process_LINE-WS-hefei-filling-winding	queuePressure	measured
obj_process_LINE-WS-hefei-formation-aging	queuePressure	measured
obj_process_LINE-WS-hefei-formation-assembly	queuePressure	measured
obj_process_LINE-WS-hefei-formation-coating	queuePressure	measured
obj_process_LINE-WS-hefei-formation-formation	queuePressure	measured
obj_process_LINE-WS-hefei-formation-winding	queuePressure	measured
obj_process_LINE-WS-hefei-grading-aging	queuePressure	measured
obj_process_LINE-WS-hefei-grading-assembly	queuePressure	measured
obj_process_LINE-WS-hefei-grading-coating	queuePressure	measured
obj_process_LINE-WS-hefei-grading-formation	queuePressure	measured
obj_process_LINE-WS-hefei-grading-winding	queuePressure	measured
obj_process_LINE-WS-hefei-pack-aging	queuePressure	measured
obj_process_LINE-WS-hefei-pack-assembly	queuePressure	measured
obj_process_LINE-WS-hefei-pack-coating	queuePressure	measured
obj_process_LINE-WS-hefei-pack-formation	queuePressure	measured
obj_process_LINE-WS-hefei-pack-winding	queuePressure	measured
obj_process_LINE-WS-hefei-slitting-aging	queuePressure	measured
obj_process_LINE-WS-hefei-slitting-assembly	queuePressure	measured
obj_process_LINE-WS-hefei-slitting-coating	queuePressure	measured
obj_process_LINE-WS-hefei-slitting-formation	queuePressure	measured
obj_process_LINE-WS-hefei-slitting-winding	queuePressure	measured
obj_process_LINE-WS-hefei-slurry-aging	queuePressure	measured
obj_process_LINE-WS-hefei-slurry-assembly	queuePressure	measured
obj_process_LINE-WS-hefei-slurry-coating	queuePressure	measured
obj_process_LINE-WS-hefei-slurry-formation	queuePressure	measured
obj_process_LINE-WS-hefei-slurry-winding	queuePressure	measured
obj_process_LINE-WS-hefei-winding-aging	queuePressure	measured
obj_process_LINE-WS-hefei-winding-assembly	queuePressure	measured
obj_process_LINE-WS-hefei-winding-coating	queuePressure	measured
obj_process_LINE-WS-hefei-winding-formation	queuePressure	measured
obj_process_LINE-WS-hefei-winding-winding	queuePressure	measured
obj_process_LINE-WS-jiangmen-assembly-aging	queuePressure	measured
obj_process_LINE-WS-jiangmen-assembly-assembly	queuePressure	measured
obj_process_LINE-WS-jiangmen-assembly-coating	queuePressure	measured
obj_process_LINE-WS-jiangmen-assembly-formation	queuePressure	measured
obj_process_LINE-WS-jiangmen-assembly-winding	queuePressure	measured
obj_process_LINE-WS-jiangmen-calendering-aging	queuePressure	measured
obj_process_LINE-WS-jiangmen-calendering-assembly	queuePressure	measured
obj_process_LINE-WS-jiangmen-calendering-coating	queuePressure	measured
obj_process_LINE-WS-jiangmen-calendering-formation	queuePressure	measured
obj_process_LINE-WS-jiangmen-calendering-winding	queuePressure	measured
obj_process_LINE-WS-jiangmen-coating-aging	queuePressure	measured
obj_process_LINE-WS-jiangmen-coating-assembly	queuePressure	measured
obj_process_LINE-WS-jiangmen-coating-coating	queuePressure	measured
obj_process_LINE-WS-jiangmen-coating-formation	queuePressure	measured
obj_process_LINE-WS-jiangmen-coating-winding	queuePressure	measured
obj_process_LINE-WS-jiangmen-filling-aging	queuePressure	measured
obj_process_LINE-WS-jiangmen-filling-assembly	queuePressure	measured
obj_process_LINE-WS-jiangmen-filling-coating	queuePressure	measured
obj_process_LINE-WS-jiangmen-filling-formation	queuePressure	measured
obj_process_LINE-WS-jiangmen-filling-winding	queuePressure	measured
obj_process_LINE-WS-jiangmen-formation-aging	queuePressure	measured
obj_process_LINE-WS-jiangmen-formation-assembly	queuePressure	measured
obj_process_LINE-WS-jiangmen-formation-coating	queuePressure	measured
obj_process_LINE-WS-jiangmen-formation-formation	queuePressure	measured
obj_process_LINE-WS-jiangmen-formation-winding	queuePressure	measured
obj_process_LINE-WS-jiangmen-grading-aging	queuePressure	measured
obj_process_LINE-WS-jiangmen-grading-assembly	queuePressure	measured
obj_process_LINE-WS-jiangmen-grading-coating	queuePressure	measured
obj_process_LINE-WS-jiangmen-grading-formation	queuePressure	measured
obj_process_LINE-WS-jiangmen-grading-winding	queuePressure	measured
obj_process_LINE-WS-jiangmen-pack-aging	queuePressure	measured
obj_process_LINE-WS-jiangmen-pack-assembly	queuePressure	measured
obj_process_LINE-WS-jiangmen-pack-coating	queuePressure	measured
obj_process_LINE-WS-jiangmen-pack-formation	queuePressure	measured
obj_process_LINE-WS-jiangmen-pack-winding	queuePressure	measured
obj_process_LINE-WS-jiangmen-slitting-aging	queuePressure	measured
obj_process_LINE-WS-jiangmen-slitting-assembly	queuePressure	measured
obj_process_LINE-WS-jiangmen-slitting-coating	queuePressure	measured
obj_process_LINE-WS-jiangmen-slitting-formation	queuePressure	measured
obj_process_LINE-WS-jiangmen-slitting-winding	queuePressure	measured
obj_process_LINE-WS-jiangmen-slurry-aging	queuePressure	measured
obj_process_LINE-WS-jiangmen-slurry-assembly	queuePressure	measured
obj_process_LINE-WS-jiangmen-slurry-coating	queuePressure	measured
obj_process_LINE-WS-jiangmen-slurry-formation	queuePressure	measured
obj_process_LINE-WS-jiangmen-slurry-winding	queuePressure	measured
obj_process_LINE-WS-jiangmen-winding-aging	queuePressure	measured
obj_process_LINE-WS-jiangmen-winding-assembly	queuePressure	measured
obj_process_LINE-WS-jiangmen-winding-coating	queuePressure	measured
obj_process_LINE-WS-jiangmen-winding-formation	queuePressure	measured
obj_process_LINE-WS-jiangmen-winding-winding	queuePressure	measured
obj_process_LINE-WS-jinhua-assembly-aging	queuePressure	measured
obj_process_LINE-WS-jinhua-assembly-assembly	queuePressure	measured
obj_process_LINE-WS-jinhua-assembly-coating	queuePressure	measured
obj_process_LINE-WS-jinhua-assembly-formation	queuePressure	measured
obj_process_LINE-WS-jinhua-assembly-winding	queuePressure	measured
obj_process_LINE-WS-jinhua-calendering-aging	queuePressure	measured
obj_process_LINE-WS-jinhua-calendering-assembly	queuePressure	measured
obj_process_LINE-WS-jinhua-calendering-coating	queuePressure	measured
obj_process_LINE-WS-jinhua-calendering-formation	queuePressure	measured
obj_process_LINE-WS-jinhua-calendering-winding	queuePressure	measured
obj_process_LINE-WS-jinhua-coating-aging	queuePressure	measured
obj_process_LINE-WS-jinhua-coating-assembly	queuePressure	measured
obj_process_LINE-WS-jinhua-coating-coating	queuePressure	measured
obj_process_LINE-WS-jinhua-coating-formation	queuePressure	measured
obj_process_LINE-WS-jinhua-coating-winding	queuePressure	measured
obj_process_LINE-WS-jinhua-filling-aging	queuePressure	measured
obj_process_LINE-WS-jinhua-filling-assembly	queuePressure	measured
obj_process_LINE-WS-jinhua-filling-coating	queuePressure	measured
obj_process_LINE-WS-jinhua-filling-formation	queuePressure	measured
obj_process_LINE-WS-jinhua-filling-winding	queuePressure	measured
obj_process_LINE-WS-jinhua-formation-aging	queuePressure	measured
obj_process_LINE-WS-jinhua-formation-assembly	queuePressure	measured
obj_process_LINE-WS-jinhua-formation-coating	queuePressure	measured
obj_process_LINE-WS-jinhua-formation-formation	queuePressure	measured
obj_process_LINE-WS-jinhua-formation-winding	queuePressure	measured
obj_process_LINE-WS-jinhua-grading-aging	queuePressure	measured
obj_process_LINE-WS-jinhua-grading-assembly	queuePressure	measured
obj_process_LINE-WS-jinhua-grading-coating	queuePressure	measured
obj_process_LINE-WS-jinhua-grading-formation	queuePressure	measured
obj_process_LINE-WS-jinhua-grading-winding	queuePressure	measured
obj_process_LINE-WS-jinhua-pack-aging	queuePressure	measured
obj_process_LINE-WS-jinhua-pack-assembly	queuePressure	measured
obj_process_LINE-WS-jinhua-pack-coating	queuePressure	measured
obj_process_LINE-WS-jinhua-pack-formation	queuePressure	measured
obj_process_LINE-WS-jinhua-pack-winding	queuePressure	measured
obj_process_LINE-WS-jinhua-slitting-aging	queuePressure	measured
obj_process_LINE-WS-jinhua-slitting-assembly	queuePressure	measured
obj_process_LINE-WS-jinhua-slitting-coating	queuePressure	measured
obj_process_LINE-WS-jinhua-slitting-formation	queuePressure	measured
obj_process_LINE-WS-jinhua-slitting-winding	queuePressure	measured
obj_process_LINE-WS-jinhua-slurry-aging	queuePressure	measured
obj_process_LINE-WS-jinhua-slurry-assembly	queuePressure	measured
obj_process_LINE-WS-jinhua-slurry-coating	queuePressure	measured
obj_process_LINE-WS-jinhua-slurry-formation	queuePressure	measured
obj_process_LINE-WS-jinhua-slurry-winding	queuePressure	measured
obj_process_LINE-WS-jinhua-winding-aging	queuePressure	measured
obj_process_LINE-WS-jinhua-winding-assembly	queuePressure	measured
obj_process_LINE-WS-jinhua-winding-coating	queuePressure	measured
obj_process_LINE-WS-jinhua-winding-formation	queuePressure	measured
obj_process_LINE-WS-jinhua-winding-winding	queuePressure	measured
obj_process_LINE-WS-meishan-assembly-aging	queuePressure	measured
obj_process_LINE-WS-meishan-assembly-assembly	queuePressure	measured
obj_process_LINE-WS-meishan-assembly-coating	queuePressure	measured
obj_process_LINE-WS-meishan-assembly-formation	queuePressure	measured
obj_process_LINE-WS-meishan-assembly-winding	queuePressure	measured
obj_process_LINE-WS-meishan-calendering-aging	queuePressure	measured
obj_process_LINE-WS-meishan-calendering-assembly	queuePressure	measured
obj_process_LINE-WS-meishan-calendering-coating	queuePressure	measured
obj_process_LINE-WS-meishan-calendering-formation	queuePressure	measured
obj_process_LINE-WS-meishan-calendering-winding	queuePressure	measured
obj_process_LINE-WS-meishan-coating-aging	queuePressure	measured
obj_process_LINE-WS-meishan-coating-assembly	queuePressure	measured
obj_process_LINE-WS-meishan-coating-coating	queuePressure	measured
obj_process_LINE-WS-meishan-coating-formation	queuePressure	measured
obj_process_LINE-WS-meishan-coating-winding	queuePressure	measured
obj_process_LINE-WS-meishan-filling-aging	queuePressure	measured
obj_process_LINE-WS-meishan-filling-assembly	queuePressure	measured
obj_process_LINE-WS-meishan-filling-coating	queuePressure	measured
obj_process_LINE-WS-meishan-filling-formation	queuePressure	measured
obj_process_LINE-WS-meishan-filling-winding	queuePressure	measured
obj_process_LINE-WS-meishan-formation-aging	queuePressure	measured
obj_process_LINE-WS-meishan-formation-assembly	queuePressure	measured
obj_process_LINE-WS-meishan-formation-coating	queuePressure	measured
obj_process_LINE-WS-meishan-formation-formation	queuePressure	measured
obj_process_LINE-WS-meishan-formation-winding	queuePressure	measured
obj_process_LINE-WS-meishan-grading-aging	queuePressure	measured
obj_process_LINE-WS-meishan-grading-assembly	queuePressure	measured
obj_process_LINE-WS-meishan-grading-coating	queuePressure	measured
obj_process_LINE-WS-meishan-grading-formation	queuePressure	measured
obj_process_LINE-WS-meishan-grading-winding	queuePressure	measured
obj_process_LINE-WS-meishan-pack-aging	queuePressure	measured
obj_process_LINE-WS-meishan-pack-assembly	queuePressure	measured
obj_process_LINE-WS-meishan-pack-coating	queuePressure	measured
obj_process_LINE-WS-meishan-pack-formation	queuePressure	measured
obj_process_LINE-WS-meishan-pack-winding	queuePressure	measured
obj_process_LINE-WS-meishan-slitting-aging	queuePressure	measured
obj_process_LINE-WS-meishan-slitting-assembly	queuePressure	measured
obj_process_LINE-WS-meishan-slitting-coating	queuePressure	measured
obj_process_LINE-WS-meishan-slitting-formation	queuePressure	measured
obj_process_LINE-WS-meishan-slitting-winding	queuePressure	measured
obj_process_LINE-WS-meishan-slurry-aging	queuePressure	measured
obj_process_LINE-WS-meishan-slurry-assembly	queuePressure	measured
obj_process_LINE-WS-meishan-slurry-coating	queuePressure	measured
obj_process_LINE-WS-meishan-slurry-formation	queuePressure	measured
obj_process_LINE-WS-meishan-slurry-winding	queuePressure	measured
obj_process_LINE-WS-meishan-winding-aging	queuePressure	measured
obj_process_LINE-WS-meishan-winding-assembly	queuePressure	measured
obj_process_LINE-WS-meishan-winding-coating	queuePressure	measured
obj_process_LINE-WS-meishan-winding-formation	queuePressure	measured
obj_process_LINE-WS-meishan-winding-winding	queuePressure	measured
obj_process_LINE-WS-wuhan-assembly-aging	queuePressure	measured
obj_process_LINE-WS-wuhan-assembly-assembly	queuePressure	measured
obj_process_LINE-WS-wuhan-assembly-coating	queuePressure	measured
obj_process_LINE-WS-wuhan-assembly-formation	queuePressure	measured
obj_process_LINE-WS-wuhan-assembly-winding	queuePressure	measured
obj_process_LINE-WS-wuhan-calendering-aging	queuePressure	measured
obj_process_LINE-WS-wuhan-calendering-assembly	queuePressure	measured
obj_process_LINE-WS-wuhan-calendering-coating	queuePressure	measured
obj_process_LINE-WS-wuhan-calendering-formation	queuePressure	measured
obj_process_LINE-WS-wuhan-calendering-winding	queuePressure	measured
obj_process_LINE-WS-wuhan-coating-aging	queuePressure	measured
obj_process_LINE-WS-wuhan-coating-assembly	queuePressure	measured
obj_process_LINE-WS-wuhan-coating-coating	queuePressure	measured
obj_process_LINE-WS-wuhan-coating-formation	queuePressure	measured
obj_process_LINE-WS-wuhan-coating-winding	queuePressure	measured
obj_process_LINE-WS-wuhan-filling-aging	queuePressure	measured
obj_process_LINE-WS-wuhan-filling-assembly	queuePressure	measured
obj_process_LINE-WS-wuhan-filling-coating	queuePressure	measured
obj_process_LINE-WS-wuhan-filling-formation	queuePressure	measured
obj_process_LINE-WS-wuhan-filling-winding	queuePressure	measured
obj_process_LINE-WS-wuhan-formation-aging	queuePressure	measured
obj_process_LINE-WS-wuhan-formation-assembly	queuePressure	measured
obj_process_LINE-WS-wuhan-formation-coating	queuePressure	measured
obj_process_LINE-WS-wuhan-formation-formation	queuePressure	measured
obj_process_LINE-WS-wuhan-formation-winding	queuePressure	measured
obj_process_LINE-WS-wuhan-grading-aging	queuePressure	measured
obj_process_LINE-WS-wuhan-grading-assembly	queuePressure	measured
obj_process_LINE-WS-wuhan-grading-coating	queuePressure	measured
obj_process_LINE-WS-wuhan-grading-formation	queuePressure	measured
obj_process_LINE-WS-wuhan-grading-winding	queuePressure	measured
obj_process_LINE-WS-wuhan-pack-aging	queuePressure	measured
obj_process_LINE-WS-wuhan-pack-assembly	queuePressure	measured
obj_process_LINE-WS-wuhan-pack-coating	queuePressure	measured
obj_process_LINE-WS-wuhan-pack-formation	queuePressure	measured
obj_process_LINE-WS-wuhan-pack-winding	queuePressure	measured
obj_process_LINE-WS-wuhan-slitting-aging	queuePressure	measured
obj_process_LINE-WS-wuhan-slitting-assembly	queuePressure	measured
obj_process_LINE-WS-wuhan-slitting-coating	queuePressure	measured
obj_process_LINE-WS-wuhan-slitting-formation	queuePressure	measured
obj_process_LINE-WS-wuhan-slitting-winding	queuePressure	measured
obj_process_LINE-WS-wuhan-slurry-aging	queuePressure	measured
obj_process_LINE-WS-wuhan-slurry-assembly	queuePressure	measured
obj_process_LINE-WS-wuhan-slurry-coating	queuePressure	measured
obj_process_LINE-WS-wuhan-slurry-formation	queuePressure	measured
obj_process_LINE-WS-wuhan-slurry-winding	queuePressure	measured
obj_process_LINE-WS-wuhan-winding-aging	queuePressure	measured
obj_process_LINE-WS-wuhan-winding-assembly	queuePressure	measured
obj_process_LINE-WS-wuhan-winding-coating	queuePressure	measured
obj_process_LINE-WS-wuhan-winding-formation	queuePressure	measured
obj_process_LINE-WS-wuhan-winding-winding	queuePressure	measured
obj_process_LINE-WS-xiamen-assembly-aging	queuePressure	measured
obj_process_LINE-WS-xiamen-assembly-assembly	queuePressure	measured
obj_process_LINE-WS-xiamen-assembly-coating	queuePressure	measured
obj_process_LINE-WS-xiamen-assembly-formation	queuePressure	measured
obj_process_LINE-WS-xiamen-assembly-winding	queuePressure	measured
obj_process_LINE-WS-xiamen-calendering-aging	queuePressure	measured
obj_process_LINE-WS-xiamen-calendering-assembly	queuePressure	measured
obj_process_LINE-WS-xiamen-calendering-coating	queuePressure	measured
obj_process_LINE-WS-xiamen-calendering-formation	queuePressure	measured
obj_process_LINE-WS-xiamen-calendering-winding	queuePressure	measured
obj_process_LINE-WS-xiamen-coating-aging	queuePressure	measured
obj_process_LINE-WS-xiamen-coating-assembly	queuePressure	measured
obj_process_LINE-WS-xiamen-coating-coating	queuePressure	measured
obj_process_LINE-WS-xiamen-coating-formation	queuePressure	measured
obj_process_LINE-WS-xiamen-coating-winding	queuePressure	measured
obj_process_LINE-WS-xiamen-filling-aging	queuePressure	measured
obj_process_LINE-WS-xiamen-filling-assembly	queuePressure	measured
obj_process_LINE-WS-xiamen-filling-coating	queuePressure	measured
obj_process_LINE-WS-xiamen-filling-formation	queuePressure	measured
obj_process_LINE-WS-xiamen-filling-winding	queuePressure	measured
obj_process_LINE-WS-xiamen-formation-aging	queuePressure	measured
obj_process_LINE-WS-xiamen-formation-assembly	queuePressure	measured
obj_process_LINE-WS-xiamen-formation-coating	queuePressure	measured
obj_process_LINE-WS-xiamen-formation-formation	queuePressure	measured
obj_process_LINE-WS-xiamen-formation-winding	queuePressure	measured
obj_process_LINE-WS-xiamen-grading-aging	queuePressure	measured
obj_process_LINE-WS-xiamen-grading-assembly	queuePressure	measured
obj_process_LINE-WS-xiamen-grading-coating	queuePressure	measured
obj_process_LINE-WS-xiamen-grading-formation	queuePressure	measured
obj_process_LINE-WS-xiamen-grading-winding	queuePressure	measured
obj_process_LINE-WS-xiamen-pack-aging	queuePressure	measured
obj_process_LINE-WS-xiamen-pack-assembly	queuePressure	measured
obj_process_LINE-WS-xiamen-pack-coating	queuePressure	measured
obj_process_LINE-WS-xiamen-pack-formation	queuePressure	measured
obj_process_LINE-WS-xiamen-pack-winding	queuePressure	measured
obj_process_LINE-WS-xiamen-slitting-aging	queuePressure	measured
obj_process_LINE-WS-xiamen-slitting-assembly	queuePressure	measured
obj_process_LINE-WS-xiamen-slitting-coating	queuePressure	measured
obj_process_LINE-WS-xiamen-slitting-formation	queuePressure	measured
obj_process_LINE-WS-xiamen-slitting-winding	queuePressure	measured
obj_process_LINE-WS-xiamen-slurry-aging	queuePressure	measured
obj_process_LINE-WS-xiamen-slurry-assembly	queuePressure	measured
obj_process_LINE-WS-xiamen-slurry-coating	queuePressure	measured
obj_process_LINE-WS-xiamen-slurry-formation	queuePressure	measured
obj_process_LINE-WS-xiamen-slurry-winding	queuePressure	measured
obj_process_LINE-WS-xiamen-winding-aging	queuePressure	measured
obj_process_LINE-WS-xiamen-winding-assembly	queuePressure	measured
obj_process_LINE-WS-xiamen-winding-coating	queuePressure	measured
obj_process_LINE-WS-xiamen-winding-formation	queuePressure	measured
obj_process_LINE-WS-xiamen-winding-winding	queuePressure	measured
obj_process_LINE-WS-xinyang-assembly-aging	queuePressure	measured
obj_process_LINE-WS-xinyang-assembly-assembly	queuePressure	measured
obj_process_LINE-WS-xinyang-assembly-coating	queuePressure	measured
obj_process_LINE-WS-xinyang-assembly-formation	queuePressure	measured
obj_process_LINE-WS-xinyang-assembly-winding	queuePressure	measured
obj_process_LINE-WS-xinyang-calendering-aging	queuePressure	measured
obj_process_LINE-WS-xinyang-calendering-assembly	queuePressure	measured
obj_process_LINE-WS-xinyang-calendering-coating	queuePressure	measured
obj_process_LINE-WS-xinyang-calendering-formation	queuePressure	measured
obj_process_LINE-WS-xinyang-calendering-winding	queuePressure	measured
obj_process_LINE-WS-xinyang-coating-aging	queuePressure	measured
obj_process_LINE-WS-xinyang-coating-assembly	queuePressure	measured
obj_process_LINE-WS-xinyang-coating-coating	queuePressure	measured
obj_process_LINE-WS-xinyang-coating-formation	queuePressure	measured
obj_process_LINE-WS-xinyang-coating-winding	queuePressure	measured
obj_process_LINE-WS-xinyang-filling-aging	queuePressure	measured
obj_process_LINE-WS-xinyang-filling-assembly	queuePressure	measured
obj_process_LINE-WS-xinyang-filling-coating	queuePressure	measured
obj_process_LINE-WS-xinyang-filling-formation	queuePressure	measured
obj_process_LINE-WS-xinyang-filling-winding	queuePressure	measured
obj_process_LINE-WS-xinyang-formation-aging	queuePressure	measured
obj_process_LINE-WS-xinyang-formation-assembly	queuePressure	measured
obj_process_LINE-WS-xinyang-formation-coating	queuePressure	measured
obj_process_LINE-WS-xinyang-formation-formation	queuePressure	measured
obj_process_LINE-WS-xinyang-formation-winding	queuePressure	measured
obj_process_LINE-WS-xinyang-grading-aging	queuePressure	measured
obj_process_LINE-WS-xinyang-grading-assembly	queuePressure	measured
obj_process_LINE-WS-xinyang-grading-coating	queuePressure	measured
obj_process_LINE-WS-xinyang-grading-formation	queuePressure	measured
obj_process_LINE-WS-xinyang-grading-winding	queuePressure	measured
obj_process_LINE-WS-xinyang-pack-aging	queuePressure	measured
obj_process_LINE-WS-xinyang-pack-assembly	queuePressure	measured
obj_process_LINE-WS-xinyang-pack-coating	queuePressure	measured
obj_process_LINE-WS-xinyang-pack-formation	queuePressure	measured
obj_process_LINE-WS-xinyang-pack-winding	queuePressure	measured
obj_process_LINE-WS-xinyang-slitting-aging	queuePressure	measured
obj_process_LINE-WS-xinyang-slitting-assembly	queuePressure	measured
obj_process_LINE-WS-xinyang-slitting-coating	queuePressure	measured
obj_process_LINE-WS-xinyang-slitting-formation	queuePressure	measured
obj_process_LINE-WS-xinyang-slitting-winding	queuePressure	measured
obj_process_LINE-WS-xinyang-slurry-aging	queuePressure	measured
obj_process_LINE-WS-xinyang-slurry-assembly	queuePressure	measured
obj_process_LINE-WS-xinyang-slurry-coating	queuePressure	measured
obj_process_LINE-WS-xinyang-slurry-formation	queuePressure	measured
obj_process_LINE-WS-xinyang-slurry-winding	queuePressure	measured
obj_process_LINE-WS-xinyang-winding-aging	queuePressure	measured
obj_process_LINE-WS-xinyang-winding-assembly	queuePressure	measured
obj_process_LINE-WS-xinyang-winding-coating	queuePressure	measured
obj_process_LINE-WS-xinyang-winding-formation	queuePressure	measured
obj_process_LINE-WS-xinyang-winding-winding	queuePressure	measured
obj_process_LINE-WS-yangzhou-assembly-aging	queuePressure	measured
obj_process_LINE-WS-yangzhou-assembly-assembly	queuePressure	measured
obj_process_LINE-WS-yangzhou-assembly-coating	queuePressure	measured
obj_process_LINE-WS-yangzhou-assembly-formation	queuePressure	measured
obj_process_LINE-WS-yangzhou-assembly-winding	queuePressure	measured
obj_process_LINE-WS-yangzhou-calendering-aging	queuePressure	measured
obj_process_LINE-WS-yangzhou-calendering-assembly	queuePressure	measured
obj_process_LINE-WS-yangzhou-calendering-coating	queuePressure	measured
obj_process_LINE-WS-yangzhou-calendering-formation	queuePressure	measured
obj_process_LINE-WS-yangzhou-calendering-winding	queuePressure	measured
obj_process_LINE-WS-yangzhou-coating-aging	queuePressure	measured
obj_process_LINE-WS-yangzhou-coating-assembly	queuePressure	measured
obj_process_LINE-WS-yangzhou-coating-coating	queuePressure	measured
obj_process_LINE-WS-yangzhou-coating-formation	queuePressure	measured
obj_process_LINE-WS-yangzhou-coating-winding	queuePressure	measured
obj_process_LINE-WS-yangzhou-filling-aging	queuePressure	measured
obj_process_LINE-WS-yangzhou-filling-assembly	queuePressure	measured
obj_process_LINE-WS-yangzhou-filling-coating	queuePressure	measured
obj_process_LINE-WS-yangzhou-filling-formation	queuePressure	measured
obj_process_LINE-WS-yangzhou-filling-winding	queuePressure	measured
obj_process_LINE-WS-yangzhou-formation-aging	queuePressure	measured
obj_process_LINE-WS-yangzhou-formation-assembly	queuePressure	measured
obj_process_LINE-WS-yangzhou-formation-coating	queuePressure	measured
obj_process_LINE-WS-yangzhou-formation-formation	queuePressure	measured
obj_process_LINE-WS-yangzhou-formation-winding	queuePressure	measured
obj_process_LINE-WS-yangzhou-grading-aging	queuePressure	measured
obj_process_LINE-WS-yangzhou-grading-assembly	queuePressure	measured
obj_process_LINE-WS-yangzhou-grading-coating	queuePressure	measured
obj_process_LINE-WS-yangzhou-grading-formation	queuePressure	measured
obj_process_LINE-WS-yangzhou-grading-winding	queuePressure	measured
obj_process_LINE-WS-yangzhou-pack-aging	queuePressure	measured
obj_process_LINE-WS-yangzhou-pack-assembly	queuePressure	measured
obj_process_LINE-WS-yangzhou-pack-coating	queuePressure	measured
obj_process_LINE-WS-yangzhou-pack-formation	queuePressure	measured
obj_process_LINE-WS-yangzhou-pack-winding	queuePressure	measured
obj_process_LINE-WS-yangzhou-slitting-aging	queuePressure	measured
obj_process_LINE-WS-yangzhou-slitting-assembly	queuePressure	measured
obj_process_LINE-WS-yangzhou-slitting-coating	queuePressure	measured
obj_process_LINE-WS-yangzhou-slitting-formation	queuePressure	measured
obj_process_LINE-WS-yangzhou-slitting-winding	queuePressure	measured
obj_process_LINE-WS-yangzhou-slurry-aging	queuePressure	measured
obj_process_LINE-WS-yangzhou-slurry-assembly	queuePressure	measured
obj_process_LINE-WS-yangzhou-slurry-coating	queuePressure	measured
obj_process_LINE-WS-yangzhou-slurry-formation	queuePressure	measured
obj_process_LINE-WS-yangzhou-slurry-winding	queuePressure	measured
obj_process_LINE-WS-yangzhou-winding-aging	queuePressure	measured
obj_process_LINE-WS-yangzhou-winding-assembly	queuePressure	measured
obj_process_LINE-WS-yangzhou-winding-coating	queuePressure	measured
obj_process_LINE-WS-yangzhou-winding-formation	queuePressure	measured
obj_process_LINE-WS-yangzhou-winding-winding	queuePressure	measured
obj_process_LINE-WS-zaozhuang-assembly-aging	queuePressure	measured
obj_process_LINE-WS-zaozhuang-assembly-assembly	queuePressure	measured
obj_process_LINE-WS-zaozhuang-assembly-coating	queuePressure	measured
obj_process_LINE-WS-zaozhuang-assembly-formation	queuePressure	measured
obj_process_LINE-WS-zaozhuang-assembly-winding	queuePressure	measured
obj_process_LINE-WS-zaozhuang-calendering-aging	queuePressure	measured
obj_process_LINE-WS-zaozhuang-calendering-assembly	queuePressure	measured
obj_process_LINE-WS-zaozhuang-calendering-coating	queuePressure	measured
obj_process_LINE-WS-zaozhuang-calendering-formation	queuePressure	measured
obj_process_LINE-WS-zaozhuang-calendering-winding	queuePressure	measured
obj_process_LINE-WS-zaozhuang-coating-aging	queuePressure	measured
obj_process_LINE-WS-zaozhuang-coating-assembly	queuePressure	measured
obj_process_LINE-WS-zaozhuang-coating-coating	queuePressure	measured
obj_process_LINE-WS-zaozhuang-coating-formation	queuePressure	measured
obj_process_LINE-WS-zaozhuang-coating-winding	queuePressure	measured
obj_process_LINE-WS-zaozhuang-filling-aging	queuePressure	measured
obj_process_LINE-WS-zaozhuang-filling-assembly	queuePressure	measured
obj_process_LINE-WS-zaozhuang-filling-coating	queuePressure	measured
obj_process_LINE-WS-zaozhuang-filling-formation	queuePressure	measured
obj_process_LINE-WS-zaozhuang-filling-winding	queuePressure	measured
obj_process_LINE-WS-zaozhuang-formation-aging	queuePressure	measured
obj_process_LINE-WS-zaozhuang-formation-assembly	queuePressure	measured
obj_process_LINE-WS-zaozhuang-formation-coating	queuePressure	measured
obj_process_LINE-WS-zaozhuang-formation-formation	queuePressure	measured
obj_process_LINE-WS-zaozhuang-formation-winding	queuePressure	measured
obj_process_LINE-WS-zaozhuang-grading-aging	queuePressure	measured
obj_process_LINE-WS-zaozhuang-grading-assembly	queuePressure	measured
obj_process_LINE-WS-zaozhuang-grading-coating	queuePressure	measured
obj_process_LINE-WS-zaozhuang-grading-formation	queuePressure	measured
obj_process_LINE-WS-zaozhuang-grading-winding	queuePressure	measured
obj_process_LINE-WS-zaozhuang-pack-aging	queuePressure	measured
obj_process_LINE-WS-zaozhuang-pack-assembly	queuePressure	measured
obj_process_LINE-WS-zaozhuang-pack-coating	queuePressure	measured
obj_process_LINE-WS-zaozhuang-pack-formation	queuePressure	measured
obj_process_LINE-WS-zaozhuang-pack-winding	queuePressure	measured
obj_process_LINE-WS-zaozhuang-slitting-aging	queuePressure	measured
obj_process_LINE-WS-zaozhuang-slitting-assembly	queuePressure	measured
obj_process_LINE-WS-zaozhuang-slitting-coating	queuePressure	measured
obj_process_LINE-WS-zaozhuang-slitting-formation	queuePressure	measured
obj_process_LINE-WS-zaozhuang-slitting-winding	queuePressure	measured
obj_process_LINE-WS-zaozhuang-slurry-aging	queuePressure	measured
obj_process_LINE-WS-zaozhuang-slurry-assembly	queuePressure	measured
obj_process_LINE-WS-zaozhuang-slurry-coating	queuePressure	measured
obj_process_LINE-WS-zaozhuang-slurry-formation	queuePressure	measured
obj_process_LINE-WS-zaozhuang-slurry-winding	queuePressure	measured
obj_process_LINE-WS-zaozhuang-winding-aging	queuePressure	measured
obj_process_LINE-WS-zaozhuang-winding-assembly	queuePressure	measured
obj_process_LINE-WS-zaozhuang-winding-coating	queuePressure	measured
obj_process_LINE-WS-zaozhuang-winding-formation	queuePressure	measured
obj_process_LINE-WS-zaozhuang-winding-winding	queuePressure	measured
obj_process_LINE-WS-zigong-assembly-aging	queuePressure	measured
obj_process_LINE-WS-zigong-assembly-assembly	queuePressure	measured
obj_process_LINE-WS-zigong-assembly-coating	queuePressure	measured
obj_process_LINE-WS-zigong-assembly-formation	queuePressure	measured
obj_process_LINE-WS-zigong-assembly-winding	queuePressure	measured
obj_process_LINE-WS-zigong-calendering-aging	queuePressure	measured
obj_process_LINE-WS-zigong-calendering-assembly	queuePressure	measured
obj_process_LINE-WS-zigong-calendering-coating	queuePressure	measured
obj_process_LINE-WS-zigong-calendering-formation	queuePressure	measured
obj_process_LINE-WS-zigong-calendering-winding	queuePressure	measured
obj_process_LINE-WS-zigong-coating-aging	queuePressure	measured
obj_process_LINE-WS-zigong-coating-assembly	queuePressure	measured
obj_process_LINE-WS-zigong-coating-coating	queuePressure	measured
obj_process_LINE-WS-zigong-coating-formation	queuePressure	measured
obj_process_LINE-WS-zigong-coating-winding	queuePressure	measured
obj_process_LINE-WS-zigong-filling-aging	queuePressure	measured
obj_process_LINE-WS-zigong-filling-assembly	queuePressure	measured
obj_process_LINE-WS-zigong-filling-coating	queuePressure	measured
obj_process_LINE-WS-zigong-filling-formation	queuePressure	measured
obj_process_LINE-WS-zigong-filling-winding	queuePressure	measured
obj_process_LINE-WS-zigong-formation-aging	queuePressure	measured
obj_process_LINE-WS-zigong-formation-assembly	queuePressure	measured
obj_process_LINE-WS-zigong-formation-coating	queuePressure	measured
obj_process_LINE-WS-zigong-formation-formation	queuePressure	measured
obj_process_LINE-WS-zigong-formation-winding	queuePressure	measured
obj_process_LINE-WS-zigong-grading-aging	queuePressure	measured
obj_process_LINE-WS-zigong-grading-assembly	queuePressure	measured
obj_process_LINE-WS-zigong-grading-coating	queuePressure	measured
obj_process_LINE-WS-zigong-grading-formation	queuePressure	measured
obj_process_LINE-WS-zigong-grading-winding	queuePressure	measured
obj_process_LINE-WS-zigong-pack-aging	queuePressure	measured
obj_process_LINE-WS-zigong-pack-assembly	queuePressure	measured
obj_process_LINE-WS-zigong-pack-coating	queuePressure	measured
obj_process_LINE-WS-zigong-pack-formation	queuePressure	measured
obj_process_LINE-WS-zigong-pack-winding	queuePressure	measured
obj_process_LINE-WS-zigong-slitting-aging	queuePressure	measured
obj_process_LINE-WS-zigong-slitting-assembly	queuePressure	measured
obj_process_LINE-WS-zigong-slitting-coating	queuePressure	measured
obj_process_LINE-WS-zigong-slitting-formation	queuePressure	measured
obj_process_LINE-WS-zigong-slitting-winding	queuePressure	measured
obj_process_LINE-WS-zigong-slurry-aging	queuePressure	measured
obj_process_LINE-WS-zigong-slurry-assembly	queuePressure	measured
obj_process_LINE-WS-zigong-slurry-coating	queuePressure	measured
obj_process_LINE-WS-zigong-slurry-formation	queuePressure	measured
obj_process_LINE-WS-zigong-slurry-winding	queuePressure	measured
obj_process_LINE-WS-zigong-winding-aging	queuePressure	measured
obj_process_LINE-WS-zigong-winding-assembly	queuePressure	measured
obj_process_LINE-WS-zigong-winding-coating	queuePressure	measured
obj_process_LINE-WS-zigong-winding-formation	queuePressure	measured
obj_process_LINE-WS-zigong-winding-winding	queuePressure	measured
obj_purchaseorder_po_0	expeditePressure	measured
obj_purchaseorder_po_0	procurementDelay	measured
obj_purchaseorder_po_1	expeditePressure	measured
obj_purchaseorder_po_1	procurementDelay	measured
obj_purchaseorder_po_10	expeditePressure	measured
obj_purchaseorder_po_10	procurementDelay	measured
obj_purchaseorder_po_11	expeditePressure	measured
obj_purchaseorder_po_11	procurementDelay	measured
obj_purchaseorder_po_12	expeditePressure	measured
obj_purchaseorder_po_12	procurementDelay	measured
obj_purchaseorder_po_13	expeditePressure	measured
obj_purchaseorder_po_13	procurementDelay	measured
obj_purchaseorder_po_14	expeditePressure	measured
obj_purchaseorder_po_14	procurementDelay	measured
obj_purchaseorder_po_15	expeditePressure	measured
obj_purchaseorder_po_15	procurementDelay	measured
obj_purchaseorder_po_16	expeditePressure	measured
obj_purchaseorder_po_16	procurementDelay	measured
obj_purchaseorder_po_17	expeditePressure	measured
obj_purchaseorder_po_17	procurementDelay	measured
obj_purchaseorder_po_18	expeditePressure	measured
obj_purchaseorder_po_18	procurementDelay	measured
obj_purchaseorder_po_19	expeditePressure	measured
obj_purchaseorder_po_19	procurementDelay	measured
obj_purchaseorder_po_2	expeditePressure	measured
obj_purchaseorder_po_2	procurementDelay	measured
obj_purchaseorder_po_20	expeditePressure	measured
obj_purchaseorder_po_20	procurementDelay	measured
obj_purchaseorder_po_21	expeditePressure	measured
obj_purchaseorder_po_21	procurementDelay	measured
obj_purchaseorder_po_22	expeditePressure	measured
obj_purchaseorder_po_22	procurementDelay	measured
obj_purchaseorder_po_23	expeditePressure	measured
obj_purchaseorder_po_23	procurementDelay	measured
obj_purchaseorder_po_24	expeditePressure	measured
obj_purchaseorder_po_24	procurementDelay	measured
obj_purchaseorder_po_25	expeditePressure	measured
obj_purchaseorder_po_25	procurementDelay	measured
obj_purchaseorder_po_26	expeditePressure	measured
obj_purchaseorder_po_26	procurementDelay	measured
obj_purchaseorder_po_27	expeditePressure	measured
obj_purchaseorder_po_27	procurementDelay	measured
obj_purchaseorder_po_28	expeditePressure	measured
obj_purchaseorder_po_28	procurementDelay	measured
obj_purchaseorder_po_29	expeditePressure	measured
obj_purchaseorder_po_29	procurementDelay	measured
obj_purchaseorder_po_3	expeditePressure	measured
obj_purchaseorder_po_3	procurementDelay	measured
obj_purchaseorder_po_4	expeditePressure	measured
obj_purchaseorder_po_4	procurementDelay	measured
obj_purchaseorder_po_5	expeditePressure	measured
obj_purchaseorder_po_5	procurementDelay	measured
obj_purchaseorder_po_6	expeditePressure	measured
obj_purchaseorder_po_6	procurementDelay	measured
obj_purchaseorder_po_7	expeditePressure	measured
obj_purchaseorder_po_7	procurementDelay	measured
obj_purchaseorder_po_8	expeditePressure	measured
obj_purchaseorder_po_8	procurementDelay	measured
obj_purchaseorder_po_9	expeditePressure	measured
obj_purchaseorder_po_9	procurementDelay	measured
obj_qualitylot_QLOT-WO-LINE-WS-changzhou-assembly-0	inspectBacklog	derived
obj_qualitylot_QLOT-WO-LINE-WS-changzhou-assembly-1	inspectBacklog	derived
obj_qualitylot_QLOT-WO-LINE-WS-changzhou-calendering-0	inspectBacklog	derived
obj_qualitylot_QLOT-WO-LINE-WS-changzhou-calendering-1	inspectBacklog	derived
obj_qualitylot_QLOT-WO-LINE-WS-changzhou-coating-0	inspectBacklog	derived
obj_qualitylot_QLOT-WO-LINE-WS-changzhou-coating-1	inspectBacklog	derived
obj_qualitylot_QLOT-WO-LINE-WS-changzhou-filling-0	inspectBacklog	derived
obj_qualitylot_QLOT-WO-LINE-WS-changzhou-filling-1	inspectBacklog	derived
obj_qualitylot_QLOT-WO-LINE-WS-changzhou-formation-0	inspectBacklog	derived
obj_qualitylot_QLOT-WO-LINE-WS-changzhou-formation-1	inspectBacklog	derived
obj_qualitylot_QLOT-WO-LINE-WS-changzhou-grading-0	inspectBacklog	derived
obj_qualitylot_QLOT-WO-LINE-WS-changzhou-grading-1	inspectBacklog	derived
obj_qualitylot_QLOT-WO-LINE-WS-changzhou-pack-0	inspectBacklog	derived
obj_qualitylot_QLOT-WO-LINE-WS-changzhou-pack-1	inspectBacklog	derived
obj_qualitylot_QLOT-WO-LINE-WS-changzhou-slitting-0	inspectBacklog	derived
obj_qualitylot_QLOT-WO-LINE-WS-changzhou-slitting-1	inspectBacklog	derived
obj_qualitylot_QLOT-WO-LINE-WS-changzhou-slurry-0	inspectBacklog	derived
obj_qualitylot_QLOT-WO-LINE-WS-changzhou-slurry-1	inspectBacklog	derived
obj_qualitylot_QLOT-WO-LINE-WS-changzhou-winding-0	inspectBacklog	derived
obj_qualitylot_QLOT-WO-LINE-WS-changzhou-winding-1	inspectBacklog	derived
obj_qualitylot_QLOT-WO-LINE-WS-chengdu-assembly-0	inspectBacklog	derived
obj_qualitylot_QLOT-WO-LINE-WS-chengdu-assembly-1	inspectBacklog	derived
obj_qualitylot_QLOT-WO-LINE-WS-chengdu-calendering-0	inspectBacklog	derived
obj_qualitylot_QLOT-WO-LINE-WS-chengdu-calendering-1	inspectBacklog	derived
obj_qualitylot_QLOT-WO-LINE-WS-chengdu-coating-0	inspectBacklog	derived
obj_qualitylot_QLOT-WO-LINE-WS-chengdu-coating-1	inspectBacklog	derived
obj_qualitylot_QLOT-WO-LINE-WS-chengdu-filling-0	inspectBacklog	derived
obj_qualitylot_QLOT-WO-LINE-WS-chengdu-filling-1	inspectBacklog	derived
obj_qualitylot_QLOT-WO-LINE-WS-chengdu-formation-0	inspectBacklog	derived
obj_qualitylot_QLOT-WO-LINE-WS-chengdu-formation-1	inspectBacklog	derived
obj_qualitylot_QLOT-WO-LINE-WS-chengdu-grading-0	inspectBacklog	derived
obj_qualitylot_QLOT-WO-LINE-WS-chengdu-grading-1	inspectBacklog	derived
obj_qualitylot_QLOT-WO-LINE-WS-chengdu-pack-0	inspectBacklog	derived
obj_qualitylot_QLOT-WO-LINE-WS-chengdu-pack-1	inspectBacklog	derived
obj_qualitylot_QLOT-WO-LINE-WS-chengdu-slitting-0	inspectBacklog	derived
obj_qualitylot_QLOT-WO-LINE-WS-chengdu-slitting-1	inspectBacklog	derived
obj_qualitylot_QLOT-WO-LINE-WS-chengdu-slurry-0	inspectBacklog	derived
obj_qualitylot_QLOT-WO-LINE-WS-chengdu-slurry-1	inspectBacklog	derived
obj_qualitylot_QLOT-WO-LINE-WS-chengdu-winding-0	inspectBacklog	derived
obj_qualitylot_QLOT-WO-LINE-WS-chengdu-winding-1	inspectBacklog	derived
obj_qualitylot_QLOT-WO-LINE-WS-handan-assembly-0	inspectBacklog	derived
obj_qualitylot_QLOT-WO-LINE-WS-handan-assembly-1	inspectBacklog	derived
obj_qualitylot_QLOT-WO-LINE-WS-handan-calendering-0	inspectBacklog	derived
obj_qualitylot_QLOT-WO-LINE-WS-handan-calendering-1	inspectBacklog	derived
obj_qualitylot_QLOT-WO-LINE-WS-handan-coating-0	inspectBacklog	derived
obj_qualitylot_QLOT-WO-LINE-WS-handan-coating-1	inspectBacklog	derived
obj_qualitylot_QLOT-WO-LINE-WS-handan-filling-0	inspectBacklog	derived
obj_qualitylot_QLOT-WO-LINE-WS-handan-filling-1	inspectBacklog	derived
obj_qualitylot_QLOT-WO-LINE-WS-handan-formation-0	inspectBacklog	derived
obj_qualitylot_QLOT-WO-LINE-WS-handan-formation-1	inspectBacklog	derived
obj_qualitylot_QLOT-WO-LINE-WS-handan-grading-0	inspectBacklog	derived
obj_qualitylot_QLOT-WO-LINE-WS-handan-grading-1	inspectBacklog	derived
obj_qualitylot_QLOT-WO-LINE-WS-handan-pack-0	inspectBacklog	derived
obj_qualitylot_QLOT-WO-LINE-WS-handan-pack-1	inspectBacklog	derived
obj_qualitylot_QLOT-WO-LINE-WS-handan-slitting-0	inspectBacklog	derived
obj_qualitylot_QLOT-WO-LINE-WS-handan-slitting-1	inspectBacklog	derived
obj_qualitylot_QLOT-WO-LINE-WS-handan-slurry-0	inspectBacklog	derived
obj_qualitylot_QLOT-WO-LINE-WS-handan-slurry-1	inspectBacklog	derived
obj_qualitylot_QLOT-WO-LINE-WS-handan-winding-0	inspectBacklog	derived
obj_qualitylot_QLOT-WO-LINE-WS-handan-winding-1	inspectBacklog	derived
obj_qualitylot_QLOT-WO-LINE-WS-hefei-assembly-0	inspectBacklog	derived
obj_qualitylot_QLOT-WO-LINE-WS-hefei-assembly-1	inspectBacklog	derived
obj_qualitylot_QLOT-WO-LINE-WS-hefei-calendering-0	inspectBacklog	derived
obj_qualitylot_QLOT-WO-LINE-WS-hefei-calendering-1	inspectBacklog	derived
obj_qualitylot_QLOT-WO-LINE-WS-hefei-coating-0	inspectBacklog	derived
obj_qualitylot_QLOT-WO-LINE-WS-hefei-coating-1	inspectBacklog	derived
obj_qualitylot_QLOT-WO-LINE-WS-hefei-filling-0	inspectBacklog	derived
obj_qualitylot_QLOT-WO-LINE-WS-hefei-filling-1	inspectBacklog	derived
obj_qualitylot_QLOT-WO-LINE-WS-hefei-formation-0	inspectBacklog	derived
obj_qualitylot_QLOT-WO-LINE-WS-hefei-formation-1	inspectBacklog	derived
obj_qualitylot_QLOT-WO-LINE-WS-hefei-grading-0	inspectBacklog	derived
obj_qualitylot_QLOT-WO-LINE-WS-hefei-grading-1	inspectBacklog	derived
obj_qualitylot_QLOT-WO-LINE-WS-hefei-pack-0	inspectBacklog	derived
obj_qualitylot_QLOT-WO-LINE-WS-hefei-pack-1	inspectBacklog	derived
obj_qualitylot_QLOT-WO-LINE-WS-hefei-slitting-0	inspectBacklog	derived
obj_qualitylot_QLOT-WO-LINE-WS-hefei-slitting-1	inspectBacklog	derived
obj_qualitylot_QLOT-WO-LINE-WS-hefei-slurry-0	inspectBacklog	derived
obj_qualitylot_QLOT-WO-LINE-WS-hefei-slurry-1	inspectBacklog	derived
obj_qualitylot_QLOT-WO-LINE-WS-hefei-winding-0	inspectBacklog	derived
obj_qualitylot_QLOT-WO-LINE-WS-hefei-winding-1	inspectBacklog	derived
obj_qualitylot_QLOT-WO-LINE-WS-jiangmen-assembly-0	inspectBacklog	derived
obj_qualitylot_QLOT-WO-LINE-WS-jiangmen-assembly-1	inspectBacklog	derived
obj_qualitylot_QLOT-WO-LINE-WS-jiangmen-calendering-0	inspectBacklog	derived
obj_qualitylot_QLOT-WO-LINE-WS-jiangmen-calendering-1	inspectBacklog	derived
obj_qualitylot_QLOT-WO-LINE-WS-jiangmen-coating-0	inspectBacklog	derived
obj_qualitylot_QLOT-WO-LINE-WS-jiangmen-coating-1	inspectBacklog	derived
obj_qualitylot_QLOT-WO-LINE-WS-jiangmen-filling-0	inspectBacklog	derived
obj_qualitylot_QLOT-WO-LINE-WS-jiangmen-filling-1	inspectBacklog	derived
obj_qualitylot_QLOT-WO-LINE-WS-jiangmen-formation-0	inspectBacklog	derived
obj_qualitylot_QLOT-WO-LINE-WS-jiangmen-formation-1	inspectBacklog	derived
obj_qualitylot_QLOT-WO-LINE-WS-jiangmen-grading-0	inspectBacklog	derived
obj_qualitylot_QLOT-WO-LINE-WS-jiangmen-grading-1	inspectBacklog	derived
obj_qualitylot_QLOT-WO-LINE-WS-jiangmen-pack-0	inspectBacklog	derived
obj_qualitylot_QLOT-WO-LINE-WS-jiangmen-pack-1	inspectBacklog	derived
obj_qualitylot_QLOT-WO-LINE-WS-jiangmen-slitting-0	inspectBacklog	derived
obj_qualitylot_QLOT-WO-LINE-WS-jiangmen-slitting-1	inspectBacklog	derived
obj_qualitylot_QLOT-WO-LINE-WS-jiangmen-slurry-0	inspectBacklog	derived
obj_qualitylot_QLOT-WO-LINE-WS-jiangmen-slurry-1	inspectBacklog	derived
obj_qualitylot_QLOT-WO-LINE-WS-jiangmen-winding-0	inspectBacklog	derived
obj_qualitylot_QLOT-WO-LINE-WS-jiangmen-winding-1	inspectBacklog	derived
obj_qualitylot_QLOT-WO-LINE-WS-jinhua-assembly-0	inspectBacklog	derived
obj_qualitylot_QLOT-WO-LINE-WS-jinhua-assembly-1	inspectBacklog	derived
obj_qualitylot_QLOT-WO-LINE-WS-jinhua-calendering-0	inspectBacklog	derived
obj_qualitylot_QLOT-WO-LINE-WS-jinhua-calendering-1	inspectBacklog	derived
obj_qualitylot_QLOT-WO-LINE-WS-jinhua-coating-0	inspectBacklog	derived
obj_qualitylot_QLOT-WO-LINE-WS-jinhua-coating-1	inspectBacklog	derived
obj_qualitylot_QLOT-WO-LINE-WS-jinhua-filling-0	inspectBacklog	derived
obj_qualitylot_QLOT-WO-LINE-WS-jinhua-filling-1	inspectBacklog	derived
obj_qualitylot_QLOT-WO-LINE-WS-jinhua-formation-0	inspectBacklog	derived
obj_qualitylot_QLOT-WO-LINE-WS-jinhua-formation-1	inspectBacklog	derived
obj_qualitylot_QLOT-WO-LINE-WS-jinhua-grading-0	inspectBacklog	derived
obj_qualitylot_QLOT-WO-LINE-WS-jinhua-grading-1	inspectBacklog	derived
obj_qualitylot_QLOT-WO-LINE-WS-jinhua-pack-0	inspectBacklog	derived
obj_qualitylot_QLOT-WO-LINE-WS-jinhua-pack-1	inspectBacklog	derived
obj_qualitylot_QLOT-WO-LINE-WS-jinhua-slitting-0	inspectBacklog	derived
obj_qualitylot_QLOT-WO-LINE-WS-jinhua-slitting-1	inspectBacklog	derived
obj_qualitylot_QLOT-WO-LINE-WS-jinhua-slurry-0	inspectBacklog	derived
obj_qualitylot_QLOT-WO-LINE-WS-jinhua-slurry-1	inspectBacklog	derived
obj_qualitylot_QLOT-WO-LINE-WS-jinhua-winding-0	inspectBacklog	derived
obj_qualitylot_QLOT-WO-LINE-WS-jinhua-winding-1	inspectBacklog	derived
obj_qualitylot_QLOT-WO-LINE-WS-meishan-assembly-0	inspectBacklog	derived
obj_qualitylot_QLOT-WO-LINE-WS-meishan-assembly-1	inspectBacklog	derived
obj_qualitylot_QLOT-WO-LINE-WS-meishan-calendering-0	inspectBacklog	derived
obj_qualitylot_QLOT-WO-LINE-WS-meishan-calendering-1	inspectBacklog	derived
obj_qualitylot_QLOT-WO-LINE-WS-meishan-coating-0	inspectBacklog	derived
obj_qualitylot_QLOT-WO-LINE-WS-meishan-coating-1	inspectBacklog	derived
obj_qualitylot_QLOT-WO-LINE-WS-meishan-filling-0	inspectBacklog	derived
obj_qualitylot_QLOT-WO-LINE-WS-meishan-filling-1	inspectBacklog	derived
obj_qualitylot_QLOT-WO-LINE-WS-meishan-formation-0	inspectBacklog	derived
obj_qualitylot_QLOT-WO-LINE-WS-meishan-formation-1	inspectBacklog	derived
obj_qualitylot_QLOT-WO-LINE-WS-meishan-grading-0	inspectBacklog	derived
obj_qualitylot_QLOT-WO-LINE-WS-meishan-grading-1	inspectBacklog	derived
obj_qualitylot_QLOT-WO-LINE-WS-meishan-pack-0	inspectBacklog	derived
obj_qualitylot_QLOT-WO-LINE-WS-meishan-pack-1	inspectBacklog	derived
obj_qualitylot_QLOT-WO-LINE-WS-meishan-slitting-0	inspectBacklog	derived
obj_qualitylot_QLOT-WO-LINE-WS-meishan-slitting-1	inspectBacklog	derived
obj_qualitylot_QLOT-WO-LINE-WS-meishan-slurry-0	inspectBacklog	derived
obj_qualitylot_QLOT-WO-LINE-WS-meishan-slurry-1	inspectBacklog	derived
obj_qualitylot_QLOT-WO-LINE-WS-meishan-winding-0	inspectBacklog	derived
obj_qualitylot_QLOT-WO-LINE-WS-meishan-winding-1	inspectBacklog	derived
obj_qualitylot_QLOT-WO-LINE-WS-wuhan-assembly-0	inspectBacklog	derived
obj_qualitylot_QLOT-WO-LINE-WS-wuhan-assembly-1	inspectBacklog	derived
obj_qualitylot_QLOT-WO-LINE-WS-wuhan-calendering-0	inspectBacklog	derived
obj_qualitylot_QLOT-WO-LINE-WS-wuhan-calendering-1	inspectBacklog	derived
obj_qualitylot_QLOT-WO-LINE-WS-wuhan-coating-0	inspectBacklog	derived
obj_qualitylot_QLOT-WO-LINE-WS-wuhan-coating-1	inspectBacklog	derived
obj_qualitylot_QLOT-WO-LINE-WS-wuhan-filling-0	inspectBacklog	derived
obj_qualitylot_QLOT-WO-LINE-WS-wuhan-filling-1	inspectBacklog	derived
obj_qualitylot_QLOT-WO-LINE-WS-wuhan-formation-0	inspectBacklog	derived
obj_qualitylot_QLOT-WO-LINE-WS-wuhan-formation-1	inspectBacklog	derived
obj_qualitylot_QLOT-WO-LINE-WS-wuhan-grading-0	inspectBacklog	derived
obj_qualitylot_QLOT-WO-LINE-WS-wuhan-grading-1	inspectBacklog	derived
obj_qualitylot_QLOT-WO-LINE-WS-wuhan-pack-0	inspectBacklog	derived
obj_qualitylot_QLOT-WO-LINE-WS-wuhan-pack-1	inspectBacklog	derived
obj_qualitylot_QLOT-WO-LINE-WS-wuhan-slitting-0	inspectBacklog	derived
obj_qualitylot_QLOT-WO-LINE-WS-wuhan-slitting-1	inspectBacklog	derived
obj_qualitylot_QLOT-WO-LINE-WS-wuhan-slurry-0	inspectBacklog	derived
obj_qualitylot_QLOT-WO-LINE-WS-wuhan-slurry-1	inspectBacklog	derived
obj_qualitylot_QLOT-WO-LINE-WS-wuhan-winding-0	inspectBacklog	derived
obj_qualitylot_QLOT-WO-LINE-WS-wuhan-winding-1	inspectBacklog	derived
obj_qualitylot_QLOT-WO-LINE-WS-xiamen-assembly-0	inspectBacklog	derived
obj_qualitylot_QLOT-WO-LINE-WS-xiamen-assembly-1	inspectBacklog	derived
obj_qualitylot_QLOT-WO-LINE-WS-xiamen-calendering-0	inspectBacklog	derived
obj_qualitylot_QLOT-WO-LINE-WS-xiamen-calendering-1	inspectBacklog	derived
obj_qualitylot_QLOT-WO-LINE-WS-xiamen-coating-0	inspectBacklog	derived
obj_qualitylot_QLOT-WO-LINE-WS-xiamen-coating-1	inspectBacklog	derived
obj_qualitylot_QLOT-WO-LINE-WS-xiamen-filling-0	inspectBacklog	derived
obj_qualitylot_QLOT-WO-LINE-WS-xiamen-filling-1	inspectBacklog	derived
obj_qualitylot_QLOT-WO-LINE-WS-xiamen-formation-0	inspectBacklog	derived
obj_qualitylot_QLOT-WO-LINE-WS-xiamen-formation-1	inspectBacklog	derived
obj_qualitylot_QLOT-WO-LINE-WS-xiamen-grading-0	inspectBacklog	derived
obj_qualitylot_QLOT-WO-LINE-WS-xiamen-grading-1	inspectBacklog	derived
obj_qualitylot_QLOT-WO-LINE-WS-xiamen-pack-0	inspectBacklog	derived
obj_qualitylot_QLOT-WO-LINE-WS-xiamen-pack-1	inspectBacklog	derived
obj_qualitylot_QLOT-WO-LINE-WS-xiamen-slitting-0	inspectBacklog	derived
obj_qualitylot_QLOT-WO-LINE-WS-xiamen-slitting-1	inspectBacklog	derived
obj_qualitylot_QLOT-WO-LINE-WS-xiamen-slurry-0	inspectBacklog	derived
obj_qualitylot_QLOT-WO-LINE-WS-xiamen-slurry-1	inspectBacklog	derived
obj_qualitylot_QLOT-WO-LINE-WS-xiamen-winding-0	inspectBacklog	derived
obj_qualitylot_QLOT-WO-LINE-WS-xiamen-winding-1	inspectBacklog	derived
obj_qualitylot_QLOT-WO-LINE-WS-xinyang-assembly-0	inspectBacklog	derived
obj_qualitylot_QLOT-WO-LINE-WS-xinyang-assembly-1	inspectBacklog	derived
obj_qualitylot_QLOT-WO-LINE-WS-xinyang-calendering-0	inspectBacklog	derived
obj_qualitylot_QLOT-WO-LINE-WS-xinyang-calendering-1	inspectBacklog	derived
obj_qualitylot_QLOT-WO-LINE-WS-xinyang-coating-0	inspectBacklog	derived
obj_qualitylot_QLOT-WO-LINE-WS-xinyang-coating-1	inspectBacklog	derived
obj_qualitylot_QLOT-WO-LINE-WS-xinyang-filling-0	inspectBacklog	derived
obj_qualitylot_QLOT-WO-LINE-WS-xinyang-filling-1	inspectBacklog	derived
obj_qualitylot_QLOT-WO-LINE-WS-xinyang-formation-0	inspectBacklog	derived
obj_qualitylot_QLOT-WO-LINE-WS-xinyang-formation-1	inspectBacklog	derived
obj_qualitylot_QLOT-WO-LINE-WS-xinyang-grading-0	inspectBacklog	derived
obj_qualitylot_QLOT-WO-LINE-WS-xinyang-grading-1	inspectBacklog	derived
obj_qualitylot_QLOT-WO-LINE-WS-xinyang-pack-0	inspectBacklog	derived
obj_qualitylot_QLOT-WO-LINE-WS-xinyang-pack-1	inspectBacklog	derived
obj_qualitylot_QLOT-WO-LINE-WS-xinyang-slitting-0	inspectBacklog	derived
obj_qualitylot_QLOT-WO-LINE-WS-xinyang-slitting-1	inspectBacklog	derived
obj_qualitylot_QLOT-WO-LINE-WS-xinyang-slurry-0	inspectBacklog	derived
obj_qualitylot_QLOT-WO-LINE-WS-xinyang-slurry-1	inspectBacklog	derived
obj_qualitylot_QLOT-WO-LINE-WS-xinyang-winding-0	inspectBacklog	derived
obj_qualitylot_QLOT-WO-LINE-WS-xinyang-winding-1	inspectBacklog	derived
obj_qualitylot_QLOT-WO-LINE-WS-yangzhou-assembly-0	inspectBacklog	derived
obj_qualitylot_QLOT-WO-LINE-WS-yangzhou-assembly-1	inspectBacklog	derived
obj_qualitylot_QLOT-WO-LINE-WS-yangzhou-calendering-0	inspectBacklog	derived
obj_qualitylot_QLOT-WO-LINE-WS-yangzhou-calendering-1	inspectBacklog	derived
obj_qualitylot_QLOT-WO-LINE-WS-yangzhou-coating-0	inspectBacklog	derived
obj_qualitylot_QLOT-WO-LINE-WS-yangzhou-coating-1	inspectBacklog	derived
obj_qualitylot_QLOT-WO-LINE-WS-yangzhou-filling-0	inspectBacklog	derived
obj_qualitylot_QLOT-WO-LINE-WS-yangzhou-filling-1	inspectBacklog	derived
obj_qualitylot_QLOT-WO-LINE-WS-yangzhou-formation-0	inspectBacklog	derived
obj_qualitylot_QLOT-WO-LINE-WS-yangzhou-formation-1	inspectBacklog	derived
obj_qualitylot_QLOT-WO-LINE-WS-yangzhou-grading-0	inspectBacklog	derived
obj_qualitylot_QLOT-WO-LINE-WS-yangzhou-grading-1	inspectBacklog	derived
obj_qualitylot_QLOT-WO-LINE-WS-yangzhou-pack-0	inspectBacklog	derived
obj_qualitylot_QLOT-WO-LINE-WS-yangzhou-pack-1	inspectBacklog	derived
obj_qualitylot_QLOT-WO-LINE-WS-yangzhou-slitting-0	inspectBacklog	derived
obj_qualitylot_QLOT-WO-LINE-WS-yangzhou-slitting-1	inspectBacklog	derived
obj_qualitylot_QLOT-WO-LINE-WS-yangzhou-slurry-0	inspectBacklog	derived
obj_qualitylot_QLOT-WO-LINE-WS-yangzhou-slurry-1	inspectBacklog	derived
obj_qualitylot_QLOT-WO-LINE-WS-yangzhou-winding-0	inspectBacklog	derived
obj_qualitylot_QLOT-WO-LINE-WS-yangzhou-winding-1	inspectBacklog	derived
obj_qualitylot_QLOT-WO-LINE-WS-zaozhuang-assembly-0	inspectBacklog	derived
obj_qualitylot_QLOT-WO-LINE-WS-zaozhuang-assembly-1	inspectBacklog	derived
obj_qualitylot_QLOT-WO-LINE-WS-zaozhuang-calendering-0	inspectBacklog	derived
obj_qualitylot_QLOT-WO-LINE-WS-zaozhuang-calendering-1	inspectBacklog	derived
obj_qualitylot_QLOT-WO-LINE-WS-zaozhuang-coating-0	inspectBacklog	derived
obj_qualitylot_QLOT-WO-LINE-WS-zaozhuang-coating-1	inspectBacklog	derived
obj_qualitylot_QLOT-WO-LINE-WS-zaozhuang-filling-0	inspectBacklog	derived
obj_qualitylot_QLOT-WO-LINE-WS-zaozhuang-filling-1	inspectBacklog	derived
obj_qualitylot_QLOT-WO-LINE-WS-zaozhuang-formation-0	inspectBacklog	derived
obj_qualitylot_QLOT-WO-LINE-WS-zaozhuang-formation-1	inspectBacklog	derived
obj_qualitylot_QLOT-WO-LINE-WS-zaozhuang-grading-0	inspectBacklog	derived
obj_qualitylot_QLOT-WO-LINE-WS-zaozhuang-grading-1	inspectBacklog	derived
obj_qualitylot_QLOT-WO-LINE-WS-zaozhuang-pack-0	inspectBacklog	derived
obj_qualitylot_QLOT-WO-LINE-WS-zaozhuang-pack-1	inspectBacklog	derived
obj_qualitylot_QLOT-WO-LINE-WS-zaozhuang-slitting-0	inspectBacklog	derived
obj_qualitylot_QLOT-WO-LINE-WS-zaozhuang-slitting-1	inspectBacklog	derived
obj_qualitylot_QLOT-WO-LINE-WS-zaozhuang-slurry-0	inspectBacklog	derived
obj_qualitylot_QLOT-WO-LINE-WS-zaozhuang-slurry-1	inspectBacklog	derived
obj_qualitylot_QLOT-WO-LINE-WS-zaozhuang-winding-0	inspectBacklog	derived
obj_qualitylot_QLOT-WO-LINE-WS-zaozhuang-winding-1	inspectBacklog	derived
obj_qualitylot_QLOT-WO-LINE-WS-zigong-assembly-0	inspectBacklog	derived
obj_qualitylot_QLOT-WO-LINE-WS-zigong-assembly-1	inspectBacklog	derived
obj_qualitylot_QLOT-WO-LINE-WS-zigong-calendering-0	inspectBacklog	derived
obj_qualitylot_QLOT-WO-LINE-WS-zigong-calendering-1	inspectBacklog	derived
obj_qualitylot_QLOT-WO-LINE-WS-zigong-coating-0	inspectBacklog	derived
obj_qualitylot_QLOT-WO-LINE-WS-zigong-coating-1	inspectBacklog	derived
obj_qualitylot_QLOT-WO-LINE-WS-zigong-filling-0	inspectBacklog	derived
obj_qualitylot_QLOT-WO-LINE-WS-zigong-filling-1	inspectBacklog	derived
obj_qualitylot_QLOT-WO-LINE-WS-zigong-formation-0	inspectBacklog	derived
obj_qualitylot_QLOT-WO-LINE-WS-zigong-formation-1	inspectBacklog	derived
obj_qualitylot_QLOT-WO-LINE-WS-zigong-grading-0	inspectBacklog	derived
obj_qualitylot_QLOT-WO-LINE-WS-zigong-grading-1	inspectBacklog	derived
obj_qualitylot_QLOT-WO-LINE-WS-zigong-pack-0	inspectBacklog	derived
obj_qualitylot_QLOT-WO-LINE-WS-zigong-pack-1	inspectBacklog	derived
obj_qualitylot_QLOT-WO-LINE-WS-zigong-slitting-0	inspectBacklog	derived
obj_qualitylot_QLOT-WO-LINE-WS-zigong-slitting-1	inspectBacklog	derived
obj_qualitylot_QLOT-WO-LINE-WS-zigong-slurry-0	inspectBacklog	derived
obj_qualitylot_QLOT-WO-LINE-WS-zigong-slurry-1	inspectBacklog	derived
obj_qualitylot_QLOT-WO-LINE-WS-zigong-winding-0	inspectBacklog	derived
obj_qualitylot_QLOT-WO-LINE-WS-zigong-winding-1	inspectBacklog	derived
obj_shipment_SHIP-changzhou	inboundExpeditePressure	derived
obj_shipment_SHIP-chengdu	inboundExpeditePressure	derived
obj_shipment_SHIP-handan	inboundExpeditePressure	derived
obj_shipment_SHIP-hefei	inboundExpeditePressure	derived
obj_shipment_SHIP-jiangmen	inboundExpeditePressure	derived
obj_shipment_SHIP-jinhua	inboundExpeditePressure	derived
obj_shipment_SHIP-meishan	inboundExpeditePressure	derived
obj_shipment_SHIP-wuhan	inboundExpeditePressure	derived
obj_shipment_SHIP-xiamen	inboundExpeditePressure	derived
obj_shipment_SHIP-xinyang	inboundExpeditePressure	derived
obj_shipment_SHIP-yangzhou	inboundExpeditePressure	derived
obj_shipment_SHIP-zaozhuang	inboundExpeditePressure	derived
obj_shipment_SHIP-zigong	inboundExpeditePressure	derived
obj_supplier_SUP-001	deliveryDelay	measured
obj_supplier_SUP-001	procurementDelay	measured
obj_supplier_SUP-001	reviewPressure	derived
obj_supplier_SUP-002	deliveryDelay	measured
obj_supplier_SUP-002	procurementDelay	measured
obj_supplier_SUP-002	reviewPressure	derived
obj_supplier_SUP-003	deliveryDelay	measured
obj_supplier_SUP-003	procurementDelay	measured
obj_supplier_SUP-003	reviewPressure	derived
obj_supplier_SUP-004	deliveryDelay	measured
obj_supplier_SUP-004	procurementDelay	measured
obj_supplier_SUP-004	reviewPressure	derived
obj_supplier_SUP-005	deliveryDelay	measured
obj_supplier_SUP-005	procurementDelay	measured
obj_supplier_SUP-005	reviewPressure	derived
obj_supplier_SUP-006	deliveryDelay	measured
obj_supplier_SUP-006	procurementDelay	measured
obj_supplier_SUP-006	reviewPressure	derived
obj_supplier_SUP-007	deliveryDelay	measured
obj_supplier_SUP-007	procurementDelay	measured
obj_supplier_SUP-007	reviewPressure	derived
obj_supplier_SUP-008	deliveryDelay	measured
obj_supplier_SUP-008	procurementDelay	measured
obj_supplier_SUP-008	reviewPressure	derived
obj_supplier_SUP-009	deliveryDelay	measured
obj_supplier_SUP-009	procurementDelay	measured
obj_supplier_SUP-009	reviewPressure	derived
obj_supplier_SUP-010	deliveryDelay	measured
obj_supplier_SUP-010	procurementDelay	measured
obj_supplier_SUP-010	reviewPressure	derived
obj_supplier_SUP-011	deliveryDelay	measured
obj_supplier_SUP-011	procurementDelay	measured
obj_supplier_SUP-011	reviewPressure	derived
obj_supplier_SUP-012	deliveryDelay	measured
obj_supplier_SUP-012	procurementDelay	measured
obj_supplier_SUP-012	reviewPressure	derived
obj_supplier_SUP-013	deliveryDelay	measured
obj_supplier_SUP-013	procurementDelay	measured
obj_supplier_SUP-013	reviewPressure	derived
obj_supplier_SUP-014	deliveryDelay	measured
obj_supplier_SUP-014	procurementDelay	measured
obj_supplier_SUP-014	reviewPressure	derived
obj_supplier_SUP-015	deliveryDelay	measured
obj_supplier_SUP-015	procurementDelay	measured
obj_supplier_SUP-015	reviewPressure	derived
obj_wiplot_LOT-WO-LINE-WS-changzhou-assembly-0	feedPressure	measured
obj_wiplot_LOT-WO-LINE-WS-changzhou-assembly-1	feedPressure	measured
obj_wiplot_LOT-WO-LINE-WS-changzhou-calendering-0	feedPressure	measured
obj_wiplot_LOT-WO-LINE-WS-changzhou-calendering-1	feedPressure	measured
obj_wiplot_LOT-WO-LINE-WS-changzhou-coating-0	feedPressure	measured
obj_wiplot_LOT-WO-LINE-WS-changzhou-coating-1	feedPressure	measured
obj_wiplot_LOT-WO-LINE-WS-changzhou-filling-0	feedPressure	measured
obj_wiplot_LOT-WO-LINE-WS-changzhou-filling-1	feedPressure	measured
obj_wiplot_LOT-WO-LINE-WS-changzhou-formation-0	feedPressure	measured
obj_wiplot_LOT-WO-LINE-WS-changzhou-formation-1	feedPressure	measured
obj_wiplot_LOT-WO-LINE-WS-changzhou-grading-0	feedPressure	measured
obj_wiplot_LOT-WO-LINE-WS-changzhou-grading-1	feedPressure	measured
obj_wiplot_LOT-WO-LINE-WS-changzhou-pack-0	feedPressure	measured
obj_wiplot_LOT-WO-LINE-WS-changzhou-pack-1	feedPressure	measured
obj_wiplot_LOT-WO-LINE-WS-changzhou-slitting-0	feedPressure	measured
obj_wiplot_LOT-WO-LINE-WS-changzhou-slitting-1	feedPressure	measured
obj_wiplot_LOT-WO-LINE-WS-changzhou-slurry-0	feedPressure	measured
obj_wiplot_LOT-WO-LINE-WS-changzhou-slurry-1	feedPressure	measured
obj_wiplot_LOT-WO-LINE-WS-changzhou-winding-0	feedPressure	measured
obj_wiplot_LOT-WO-LINE-WS-changzhou-winding-1	feedPressure	measured
obj_wiplot_LOT-WO-LINE-WS-chengdu-assembly-0	feedPressure	measured
obj_wiplot_LOT-WO-LINE-WS-chengdu-assembly-1	feedPressure	measured
obj_wiplot_LOT-WO-LINE-WS-chengdu-calendering-0	feedPressure	measured
obj_wiplot_LOT-WO-LINE-WS-chengdu-calendering-1	feedPressure	measured
obj_wiplot_LOT-WO-LINE-WS-chengdu-coating-0	feedPressure	measured
obj_wiplot_LOT-WO-LINE-WS-chengdu-coating-1	feedPressure	measured
obj_wiplot_LOT-WO-LINE-WS-chengdu-filling-0	feedPressure	measured
obj_wiplot_LOT-WO-LINE-WS-chengdu-filling-1	feedPressure	measured
obj_wiplot_LOT-WO-LINE-WS-chengdu-formation-0	feedPressure	measured
obj_wiplot_LOT-WO-LINE-WS-chengdu-formation-1	feedPressure	measured
obj_wiplot_LOT-WO-LINE-WS-chengdu-grading-0	feedPressure	measured
obj_wiplot_LOT-WO-LINE-WS-chengdu-grading-1	feedPressure	measured
obj_wiplot_LOT-WO-LINE-WS-chengdu-pack-0	feedPressure	measured
obj_wiplot_LOT-WO-LINE-WS-chengdu-pack-1	feedPressure	measured
obj_wiplot_LOT-WO-LINE-WS-chengdu-slitting-0	feedPressure	measured
obj_wiplot_LOT-WO-LINE-WS-chengdu-slitting-1	feedPressure	measured
obj_wiplot_LOT-WO-LINE-WS-chengdu-slurry-0	feedPressure	measured
obj_wiplot_LOT-WO-LINE-WS-chengdu-slurry-1	feedPressure	measured
obj_wiplot_LOT-WO-LINE-WS-chengdu-winding-0	feedPressure	measured
obj_wiplot_LOT-WO-LINE-WS-chengdu-winding-1	feedPressure	measured
obj_wiplot_LOT-WO-LINE-WS-handan-assembly-0	feedPressure	measured
obj_wiplot_LOT-WO-LINE-WS-handan-assembly-1	feedPressure	measured
obj_wiplot_LOT-WO-LINE-WS-handan-calendering-0	feedPressure	measured
obj_wiplot_LOT-WO-LINE-WS-handan-calendering-1	feedPressure	measured
obj_wiplot_LOT-WO-LINE-WS-handan-coating-0	feedPressure	measured
obj_wiplot_LOT-WO-LINE-WS-handan-coating-1	feedPressure	measured
obj_wiplot_LOT-WO-LINE-WS-handan-filling-0	feedPressure	measured
obj_wiplot_LOT-WO-LINE-WS-handan-filling-1	feedPressure	measured
obj_wiplot_LOT-WO-LINE-WS-handan-formation-0	feedPressure	measured
obj_wiplot_LOT-WO-LINE-WS-handan-formation-1	feedPressure	measured
obj_wiplot_LOT-WO-LINE-WS-handan-grading-0	feedPressure	measured
obj_wiplot_LOT-WO-LINE-WS-handan-grading-1	feedPressure	measured
obj_wiplot_LOT-WO-LINE-WS-handan-pack-0	feedPressure	measured
obj_wiplot_LOT-WO-LINE-WS-handan-pack-1	feedPressure	measured
obj_wiplot_LOT-WO-LINE-WS-handan-slitting-0	feedPressure	measured
obj_wiplot_LOT-WO-LINE-WS-handan-slitting-1	feedPressure	measured
obj_wiplot_LOT-WO-LINE-WS-handan-slurry-0	feedPressure	measured
obj_wiplot_LOT-WO-LINE-WS-handan-slurry-1	feedPressure	measured
obj_wiplot_LOT-WO-LINE-WS-handan-winding-0	feedPressure	measured
obj_wiplot_LOT-WO-LINE-WS-handan-winding-1	feedPressure	measured
obj_wiplot_LOT-WO-LINE-WS-hefei-assembly-0	feedPressure	measured
obj_wiplot_LOT-WO-LINE-WS-hefei-assembly-1	feedPressure	measured
obj_wiplot_LOT-WO-LINE-WS-hefei-calendering-0	feedPressure	measured
obj_wiplot_LOT-WO-LINE-WS-hefei-calendering-1	feedPressure	measured
obj_wiplot_LOT-WO-LINE-WS-hefei-coating-0	feedPressure	measured
obj_wiplot_LOT-WO-LINE-WS-hefei-coating-1	feedPressure	measured
obj_wiplot_LOT-WO-LINE-WS-hefei-filling-0	feedPressure	measured
obj_wiplot_LOT-WO-LINE-WS-hefei-filling-1	feedPressure	measured
obj_wiplot_LOT-WO-LINE-WS-hefei-formation-0	feedPressure	measured
obj_wiplot_LOT-WO-LINE-WS-hefei-formation-1	feedPressure	measured
obj_wiplot_LOT-WO-LINE-WS-hefei-grading-0	feedPressure	measured
obj_wiplot_LOT-WO-LINE-WS-hefei-grading-1	feedPressure	measured
obj_wiplot_LOT-WO-LINE-WS-hefei-pack-0	feedPressure	measured
obj_wiplot_LOT-WO-LINE-WS-hefei-pack-1	feedPressure	measured
obj_wiplot_LOT-WO-LINE-WS-hefei-slitting-0	feedPressure	measured
obj_wiplot_LOT-WO-LINE-WS-hefei-slitting-1	feedPressure	measured
obj_wiplot_LOT-WO-LINE-WS-hefei-slurry-0	feedPressure	measured
obj_wiplot_LOT-WO-LINE-WS-hefei-slurry-1	feedPressure	measured
obj_wiplot_LOT-WO-LINE-WS-hefei-winding-0	feedPressure	measured
obj_wiplot_LOT-WO-LINE-WS-hefei-winding-1	feedPressure	measured
obj_wiplot_LOT-WO-LINE-WS-jiangmen-assembly-0	feedPressure	measured
obj_wiplot_LOT-WO-LINE-WS-jiangmen-assembly-1	feedPressure	measured
obj_wiplot_LOT-WO-LINE-WS-jiangmen-calendering-0	feedPressure	measured
obj_wiplot_LOT-WO-LINE-WS-jiangmen-calendering-1	feedPressure	measured
obj_wiplot_LOT-WO-LINE-WS-jiangmen-coating-0	feedPressure	measured
obj_wiplot_LOT-WO-LINE-WS-jiangmen-coating-1	feedPressure	measured
obj_wiplot_LOT-WO-LINE-WS-jiangmen-filling-0	feedPressure	measured
obj_wiplot_LOT-WO-LINE-WS-jiangmen-filling-1	feedPressure	measured
obj_wiplot_LOT-WO-LINE-WS-jiangmen-formation-0	feedPressure	measured
obj_wiplot_LOT-WO-LINE-WS-jiangmen-formation-1	feedPressure	measured
obj_wiplot_LOT-WO-LINE-WS-jiangmen-grading-0	feedPressure	measured
obj_wiplot_LOT-WO-LINE-WS-jiangmen-grading-1	feedPressure	measured
obj_wiplot_LOT-WO-LINE-WS-jiangmen-pack-0	feedPressure	measured
obj_wiplot_LOT-WO-LINE-WS-jiangmen-pack-1	feedPressure	measured
obj_wiplot_LOT-WO-LINE-WS-jiangmen-slitting-0	feedPressure	measured
obj_wiplot_LOT-WO-LINE-WS-jiangmen-slitting-1	feedPressure	measured
obj_wiplot_LOT-WO-LINE-WS-jiangmen-slurry-0	feedPressure	measured
obj_wiplot_LOT-WO-LINE-WS-jiangmen-slurry-1	feedPressure	measured
obj_wiplot_LOT-WO-LINE-WS-jiangmen-winding-0	feedPressure	measured
obj_wiplot_LOT-WO-LINE-WS-jiangmen-winding-1	feedPressure	measured
obj_wiplot_LOT-WO-LINE-WS-jinhua-assembly-0	feedPressure	measured
obj_wiplot_LOT-WO-LINE-WS-jinhua-assembly-1	feedPressure	measured
obj_wiplot_LOT-WO-LINE-WS-jinhua-calendering-0	feedPressure	measured
obj_wiplot_LOT-WO-LINE-WS-jinhua-calendering-1	feedPressure	measured
obj_wiplot_LOT-WO-LINE-WS-jinhua-coating-0	feedPressure	measured
obj_wiplot_LOT-WO-LINE-WS-jinhua-coating-1	feedPressure	measured
obj_wiplot_LOT-WO-LINE-WS-jinhua-filling-0	feedPressure	measured
obj_wiplot_LOT-WO-LINE-WS-jinhua-filling-1	feedPressure	measured
obj_wiplot_LOT-WO-LINE-WS-jinhua-formation-0	feedPressure	measured
obj_wiplot_LOT-WO-LINE-WS-jinhua-formation-1	feedPressure	measured
obj_wiplot_LOT-WO-LINE-WS-jinhua-grading-0	feedPressure	measured
obj_wiplot_LOT-WO-LINE-WS-jinhua-grading-1	feedPressure	measured
obj_wiplot_LOT-WO-LINE-WS-jinhua-pack-0	feedPressure	measured
obj_wiplot_LOT-WO-LINE-WS-jinhua-pack-1	feedPressure	measured
obj_wiplot_LOT-WO-LINE-WS-jinhua-slitting-0	feedPressure	measured
obj_wiplot_LOT-WO-LINE-WS-jinhua-slitting-1	feedPressure	measured
obj_wiplot_LOT-WO-LINE-WS-jinhua-slurry-0	feedPressure	measured
obj_wiplot_LOT-WO-LINE-WS-jinhua-slurry-1	feedPressure	measured
obj_wiplot_LOT-WO-LINE-WS-jinhua-winding-0	feedPressure	measured
obj_wiplot_LOT-WO-LINE-WS-jinhua-winding-1	feedPressure	measured
obj_wiplot_LOT-WO-LINE-WS-meishan-assembly-0	feedPressure	measured
obj_wiplot_LOT-WO-LINE-WS-meishan-assembly-1	feedPressure	measured
obj_wiplot_LOT-WO-LINE-WS-meishan-calendering-0	feedPressure	measured
obj_wiplot_LOT-WO-LINE-WS-meishan-calendering-1	feedPressure	measured
obj_wiplot_LOT-WO-LINE-WS-meishan-coating-0	feedPressure	measured
obj_wiplot_LOT-WO-LINE-WS-meishan-coating-1	feedPressure	measured
obj_wiplot_LOT-WO-LINE-WS-meishan-filling-0	feedPressure	measured
obj_wiplot_LOT-WO-LINE-WS-meishan-filling-1	feedPressure	measured
obj_wiplot_LOT-WO-LINE-WS-meishan-formation-0	feedPressure	measured
obj_wiplot_LOT-WO-LINE-WS-meishan-formation-1	feedPressure	measured
obj_wiplot_LOT-WO-LINE-WS-meishan-grading-0	feedPressure	measured
obj_wiplot_LOT-WO-LINE-WS-meishan-grading-1	feedPressure	measured
obj_wiplot_LOT-WO-LINE-WS-meishan-pack-0	feedPressure	measured
obj_wiplot_LOT-WO-LINE-WS-meishan-pack-1	feedPressure	measured
obj_wiplot_LOT-WO-LINE-WS-meishan-slitting-0	feedPressure	measured
obj_wiplot_LOT-WO-LINE-WS-meishan-slitting-1	feedPressure	measured
obj_wiplot_LOT-WO-LINE-WS-meishan-slurry-0	feedPressure	measured
obj_wiplot_LOT-WO-LINE-WS-meishan-slurry-1	feedPressure	measured
obj_wiplot_LOT-WO-LINE-WS-meishan-winding-0	feedPressure	measured
obj_wiplot_LOT-WO-LINE-WS-meishan-winding-1	feedPressure	measured
obj_wiplot_LOT-WO-LINE-WS-wuhan-assembly-0	feedPressure	measured
obj_wiplot_LOT-WO-LINE-WS-wuhan-assembly-1	feedPressure	measured
obj_wiplot_LOT-WO-LINE-WS-wuhan-calendering-0	feedPressure	measured
obj_wiplot_LOT-WO-LINE-WS-wuhan-calendering-1	feedPressure	measured
obj_wiplot_LOT-WO-LINE-WS-wuhan-coating-0	feedPressure	measured
obj_wiplot_LOT-WO-LINE-WS-wuhan-coating-1	feedPressure	measured
obj_wiplot_LOT-WO-LINE-WS-wuhan-filling-0	feedPressure	measured
obj_wiplot_LOT-WO-LINE-WS-wuhan-filling-1	feedPressure	measured
obj_wiplot_LOT-WO-LINE-WS-wuhan-formation-0	feedPressure	measured
obj_wiplot_LOT-WO-LINE-WS-wuhan-formation-1	feedPressure	measured
obj_wiplot_LOT-WO-LINE-WS-wuhan-grading-0	feedPressure	measured
obj_wiplot_LOT-WO-LINE-WS-wuhan-grading-1	feedPressure	measured
obj_wiplot_LOT-WO-LINE-WS-wuhan-pack-0	feedPressure	measured
obj_wiplot_LOT-WO-LINE-WS-wuhan-pack-1	feedPressure	measured
obj_wiplot_LOT-WO-LINE-WS-wuhan-slitting-0	feedPressure	measured
obj_wiplot_LOT-WO-LINE-WS-wuhan-slitting-1	feedPressure	measured
obj_wiplot_LOT-WO-LINE-WS-wuhan-slurry-0	feedPressure	measured
obj_wiplot_LOT-WO-LINE-WS-wuhan-slurry-1	feedPressure	measured
obj_wiplot_LOT-WO-LINE-WS-wuhan-winding-0	feedPressure	measured
obj_wiplot_LOT-WO-LINE-WS-wuhan-winding-1	feedPressure	measured
obj_wiplot_LOT-WO-LINE-WS-xiamen-assembly-0	feedPressure	measured
obj_wiplot_LOT-WO-LINE-WS-xiamen-assembly-1	feedPressure	measured
obj_wiplot_LOT-WO-LINE-WS-xiamen-calendering-0	feedPressure	measured
obj_wiplot_LOT-WO-LINE-WS-xiamen-calendering-1	feedPressure	measured
obj_wiplot_LOT-WO-LINE-WS-xiamen-coating-0	feedPressure	measured
obj_wiplot_LOT-WO-LINE-WS-xiamen-coating-1	feedPressure	measured
obj_wiplot_LOT-WO-LINE-WS-xiamen-filling-0	feedPressure	measured
obj_wiplot_LOT-WO-LINE-WS-xiamen-filling-1	feedPressure	measured
obj_wiplot_LOT-WO-LINE-WS-xiamen-formation-0	feedPressure	measured
obj_wiplot_LOT-WO-LINE-WS-xiamen-formation-1	feedPressure	measured
obj_wiplot_LOT-WO-LINE-WS-xiamen-grading-0	feedPressure	measured
obj_wiplot_LOT-WO-LINE-WS-xiamen-grading-1	feedPressure	measured
obj_wiplot_LOT-WO-LINE-WS-xiamen-pack-0	feedPressure	measured
obj_wiplot_LOT-WO-LINE-WS-xiamen-pack-1	feedPressure	measured
obj_wiplot_LOT-WO-LINE-WS-xiamen-slitting-0	feedPressure	measured
obj_wiplot_LOT-WO-LINE-WS-xiamen-slitting-1	feedPressure	measured
obj_wiplot_LOT-WO-LINE-WS-xiamen-slurry-0	feedPressure	measured
obj_wiplot_LOT-WO-LINE-WS-xiamen-slurry-1	feedPressure	measured
obj_wiplot_LOT-WO-LINE-WS-xiamen-winding-0	feedPressure	measured
obj_wiplot_LOT-WO-LINE-WS-xiamen-winding-1	feedPressure	measured
obj_wiplot_LOT-WO-LINE-WS-xinyang-assembly-0	feedPressure	measured
obj_wiplot_LOT-WO-LINE-WS-xinyang-assembly-1	feedPressure	measured
obj_wiplot_LOT-WO-LINE-WS-xinyang-calendering-0	feedPressure	measured
obj_wiplot_LOT-WO-LINE-WS-xinyang-calendering-1	feedPressure	measured
obj_wiplot_LOT-WO-LINE-WS-xinyang-coating-0	feedPressure	measured
obj_wiplot_LOT-WO-LINE-WS-xinyang-coating-1	feedPressure	measured
obj_wiplot_LOT-WO-LINE-WS-xinyang-filling-0	feedPressure	measured
obj_wiplot_LOT-WO-LINE-WS-xinyang-filling-1	feedPressure	measured
obj_wiplot_LOT-WO-LINE-WS-xinyang-formation-0	feedPressure	measured
obj_wiplot_LOT-WO-LINE-WS-xinyang-formation-1	feedPressure	measured
obj_wiplot_LOT-WO-LINE-WS-xinyang-grading-0	feedPressure	measured
obj_wiplot_LOT-WO-LINE-WS-xinyang-grading-1	feedPressure	measured
obj_wiplot_LOT-WO-LINE-WS-xinyang-pack-0	feedPressure	measured
obj_wiplot_LOT-WO-LINE-WS-xinyang-pack-1	feedPressure	measured
obj_wiplot_LOT-WO-LINE-WS-xinyang-slitting-0	feedPressure	measured
obj_wiplot_LOT-WO-LINE-WS-xinyang-slitting-1	feedPressure	measured
obj_wiplot_LOT-WO-LINE-WS-xinyang-slurry-0	feedPressure	measured
obj_wiplot_LOT-WO-LINE-WS-xinyang-slurry-1	feedPressure	measured
obj_wiplot_LOT-WO-LINE-WS-xinyang-winding-0	feedPressure	measured
obj_wiplot_LOT-WO-LINE-WS-xinyang-winding-1	feedPressure	measured
obj_wiplot_LOT-WO-LINE-WS-yangzhou-assembly-0	feedPressure	measured
obj_wiplot_LOT-WO-LINE-WS-yangzhou-assembly-1	feedPressure	measured
obj_wiplot_LOT-WO-LINE-WS-yangzhou-calendering-0	feedPressure	measured
obj_wiplot_LOT-WO-LINE-WS-yangzhou-calendering-1	feedPressure	measured
obj_wiplot_LOT-WO-LINE-WS-yangzhou-coating-0	feedPressure	measured
obj_wiplot_LOT-WO-LINE-WS-yangzhou-coating-1	feedPressure	measured
obj_wiplot_LOT-WO-LINE-WS-yangzhou-filling-0	feedPressure	measured
obj_wiplot_LOT-WO-LINE-WS-yangzhou-filling-1	feedPressure	measured
obj_wiplot_LOT-WO-LINE-WS-yangzhou-formation-0	feedPressure	measured
obj_wiplot_LOT-WO-LINE-WS-yangzhou-formation-1	feedPressure	measured
obj_wiplot_LOT-WO-LINE-WS-yangzhou-grading-0	feedPressure	measured
obj_wiplot_LOT-WO-LINE-WS-yangzhou-grading-1	feedPressure	measured
obj_wiplot_LOT-WO-LINE-WS-yangzhou-pack-0	feedPressure	measured
obj_wiplot_LOT-WO-LINE-WS-yangzhou-pack-1	feedPressure	measured
obj_wiplot_LOT-WO-LINE-WS-yangzhou-slitting-0	feedPressure	measured
obj_wiplot_LOT-WO-LINE-WS-yangzhou-slitting-1	feedPressure	measured
obj_wiplot_LOT-WO-LINE-WS-yangzhou-slurry-0	feedPressure	measured
obj_wiplot_LOT-WO-LINE-WS-yangzhou-slurry-1	feedPressure	measured
obj_wiplot_LOT-WO-LINE-WS-yangzhou-winding-0	feedPressure	measured
obj_wiplot_LOT-WO-LINE-WS-yangzhou-winding-1	feedPressure	measured
obj_wiplot_LOT-WO-LINE-WS-zaozhuang-assembly-0	feedPressure	measured
obj_wiplot_LOT-WO-LINE-WS-zaozhuang-assembly-1	feedPressure	measured
obj_wiplot_LOT-WO-LINE-WS-zaozhuang-calendering-0	feedPressure	measured
obj_wiplot_LOT-WO-LINE-WS-zaozhuang-calendering-1	feedPressure	measured
obj_wiplot_LOT-WO-LINE-WS-zaozhuang-coating-0	feedPressure	measured
obj_wiplot_LOT-WO-LINE-WS-zaozhuang-coating-1	feedPressure	measured
obj_wiplot_LOT-WO-LINE-WS-zaozhuang-filling-0	feedPressure	measured
obj_wiplot_LOT-WO-LINE-WS-zaozhuang-filling-1	feedPressure	measured
obj_wiplot_LOT-WO-LINE-WS-zaozhuang-formation-0	feedPressure	measured
obj_wiplot_LOT-WO-LINE-WS-zaozhuang-formation-1	feedPressure	measured
obj_wiplot_LOT-WO-LINE-WS-zaozhuang-grading-0	feedPressure	measured
obj_wiplot_LOT-WO-LINE-WS-zaozhuang-grading-1	feedPressure	measured
obj_wiplot_LOT-WO-LINE-WS-zaozhuang-pack-0	feedPressure	measured
obj_wiplot_LOT-WO-LINE-WS-zaozhuang-pack-1	feedPressure	measured
obj_wiplot_LOT-WO-LINE-WS-zaozhuang-slitting-0	feedPressure	measured
obj_wiplot_LOT-WO-LINE-WS-zaozhuang-slitting-1	feedPressure	measured
obj_wiplot_LOT-WO-LINE-WS-zaozhuang-slurry-0	feedPressure	measured
obj_wiplot_LOT-WO-LINE-WS-zaozhuang-slurry-1	feedPressure	measured
obj_wiplot_LOT-WO-LINE-WS-zaozhuang-winding-0	feedPressure	measured
obj_wiplot_LOT-WO-LINE-WS-zaozhuang-winding-1	feedPressure	measured
obj_wiplot_LOT-WO-LINE-WS-zigong-assembly-0	feedPressure	measured
obj_wiplot_LOT-WO-LINE-WS-zigong-assembly-1	feedPressure	measured
obj_wiplot_LOT-WO-LINE-WS-zigong-calendering-0	feedPressure	measured
obj_wiplot_LOT-WO-LINE-WS-zigong-calendering-1	feedPressure	measured
obj_wiplot_LOT-WO-LINE-WS-zigong-coating-0	feedPressure	measured
obj_wiplot_LOT-WO-LINE-WS-zigong-coating-1	feedPressure	measured
obj_wiplot_LOT-WO-LINE-WS-zigong-filling-0	feedPressure	measured
obj_wiplot_LOT-WO-LINE-WS-zigong-filling-1	feedPressure	measured
obj_wiplot_LOT-WO-LINE-WS-zigong-formation-0	feedPressure	measured
obj_wiplot_LOT-WO-LINE-WS-zigong-formation-1	feedPressure	measured
obj_wiplot_LOT-WO-LINE-WS-zigong-grading-0	feedPressure	measured
obj_wiplot_LOT-WO-LINE-WS-zigong-grading-1	feedPressure	measured
obj_wiplot_LOT-WO-LINE-WS-zigong-pack-0	feedPressure	measured
obj_wiplot_LOT-WO-LINE-WS-zigong-pack-1	feedPressure	measured
obj_wiplot_LOT-WO-LINE-WS-zigong-slitting-0	feedPressure	measured
obj_wiplot_LOT-WO-LINE-WS-zigong-slitting-1	feedPressure	measured
obj_wiplot_LOT-WO-LINE-WS-zigong-slurry-0	feedPressure	measured
obj_wiplot_LOT-WO-LINE-WS-zigong-slurry-1	feedPressure	measured
obj_wiplot_LOT-WO-LINE-WS-zigong-winding-0	feedPressure	measured
obj_wiplot_LOT-WO-LINE-WS-zigong-winding-1	feedPressure	measured
obj_workorder_WO-LINE-WS-changzhou-assembly-0	releasePressure	measured
obj_workorder_WO-LINE-WS-changzhou-assembly-1	releasePressure	measured
obj_workorder_WO-LINE-WS-changzhou-calendering-0	releasePressure	measured
obj_workorder_WO-LINE-WS-changzhou-calendering-1	releasePressure	measured
obj_workorder_WO-LINE-WS-changzhou-coating-0	releasePressure	measured
obj_workorder_WO-LINE-WS-changzhou-coating-1	releasePressure	measured
obj_workorder_WO-LINE-WS-changzhou-filling-0	releasePressure	measured
obj_workorder_WO-LINE-WS-changzhou-filling-1	releasePressure	measured
obj_workorder_WO-LINE-WS-changzhou-formation-0	releasePressure	measured
obj_workorder_WO-LINE-WS-changzhou-formation-1	releasePressure	measured
obj_workorder_WO-LINE-WS-changzhou-grading-0	releasePressure	measured
obj_workorder_WO-LINE-WS-changzhou-grading-1	releasePressure	measured
obj_workorder_WO-LINE-WS-changzhou-pack-0	releasePressure	measured
obj_workorder_WO-LINE-WS-changzhou-pack-1	releasePressure	measured
obj_workorder_WO-LINE-WS-changzhou-slitting-0	releasePressure	measured
obj_workorder_WO-LINE-WS-changzhou-slitting-1	releasePressure	measured
obj_workorder_WO-LINE-WS-changzhou-slurry-0	releasePressure	measured
obj_workorder_WO-LINE-WS-changzhou-slurry-1	releasePressure	measured
obj_workorder_WO-LINE-WS-changzhou-winding-0	releasePressure	measured
obj_workorder_WO-LINE-WS-changzhou-winding-1	releasePressure	measured
obj_workorder_WO-LINE-WS-chengdu-assembly-0	releasePressure	measured
obj_workorder_WO-LINE-WS-chengdu-assembly-1	releasePressure	measured
obj_workorder_WO-LINE-WS-chengdu-calendering-0	releasePressure	measured
obj_workorder_WO-LINE-WS-chengdu-calendering-1	releasePressure	measured
obj_workorder_WO-LINE-WS-chengdu-coating-0	releasePressure	measured
obj_workorder_WO-LINE-WS-chengdu-coating-1	releasePressure	measured
obj_workorder_WO-LINE-WS-chengdu-filling-0	releasePressure	measured
obj_workorder_WO-LINE-WS-chengdu-filling-1	releasePressure	measured
obj_workorder_WO-LINE-WS-chengdu-formation-0	releasePressure	measured
obj_workorder_WO-LINE-WS-chengdu-formation-1	releasePressure	measured
obj_workorder_WO-LINE-WS-chengdu-grading-0	releasePressure	measured
obj_workorder_WO-LINE-WS-chengdu-grading-1	releasePressure	measured
obj_workorder_WO-LINE-WS-chengdu-pack-0	releasePressure	measured
obj_workorder_WO-LINE-WS-chengdu-pack-1	releasePressure	measured
obj_workorder_WO-LINE-WS-chengdu-slitting-0	releasePressure	measured
obj_workorder_WO-LINE-WS-chengdu-slitting-1	releasePressure	measured
obj_workorder_WO-LINE-WS-chengdu-slurry-0	releasePressure	measured
obj_workorder_WO-LINE-WS-chengdu-slurry-1	releasePressure	measured
obj_workorder_WO-LINE-WS-chengdu-winding-0	releasePressure	measured
obj_workorder_WO-LINE-WS-chengdu-winding-1	releasePressure	measured
obj_workorder_WO-LINE-WS-handan-assembly-0	releasePressure	measured
obj_workorder_WO-LINE-WS-handan-assembly-1	releasePressure	measured
obj_workorder_WO-LINE-WS-handan-calendering-0	releasePressure	measured
obj_workorder_WO-LINE-WS-handan-calendering-1	releasePressure	measured
obj_workorder_WO-LINE-WS-handan-coating-0	releasePressure	measured
obj_workorder_WO-LINE-WS-handan-coating-1	releasePressure	measured
obj_workorder_WO-LINE-WS-handan-filling-0	releasePressure	measured
obj_workorder_WO-LINE-WS-handan-filling-1	releasePressure	measured
obj_workorder_WO-LINE-WS-handan-formation-0	releasePressure	measured
obj_workorder_WO-LINE-WS-handan-formation-1	releasePressure	measured
obj_workorder_WO-LINE-WS-handan-grading-0	releasePressure	measured
obj_workorder_WO-LINE-WS-handan-grading-1	releasePressure	measured
obj_workorder_WO-LINE-WS-handan-pack-0	releasePressure	measured
obj_workorder_WO-LINE-WS-handan-pack-1	releasePressure	measured
obj_workorder_WO-LINE-WS-handan-slitting-0	releasePressure	measured
obj_workorder_WO-LINE-WS-handan-slitting-1	releasePressure	measured
obj_workorder_WO-LINE-WS-handan-slurry-0	releasePressure	measured
obj_workorder_WO-LINE-WS-handan-slurry-1	releasePressure	measured
obj_workorder_WO-LINE-WS-handan-winding-0	releasePressure	measured
obj_workorder_WO-LINE-WS-handan-winding-1	releasePressure	measured
obj_workorder_WO-LINE-WS-hefei-assembly-0	releasePressure	measured
obj_workorder_WO-LINE-WS-hefei-assembly-1	releasePressure	measured
obj_workorder_WO-LINE-WS-hefei-calendering-0	releasePressure	measured
obj_workorder_WO-LINE-WS-hefei-calendering-1	releasePressure	measured
obj_workorder_WO-LINE-WS-hefei-coating-0	releasePressure	measured
obj_workorder_WO-LINE-WS-hefei-coating-1	releasePressure	measured
obj_workorder_WO-LINE-WS-hefei-filling-0	releasePressure	measured
obj_workorder_WO-LINE-WS-hefei-filling-1	releasePressure	measured
obj_workorder_WO-LINE-WS-hefei-formation-0	releasePressure	measured
obj_workorder_WO-LINE-WS-hefei-formation-1	releasePressure	measured
obj_workorder_WO-LINE-WS-hefei-grading-0	releasePressure	measured
obj_workorder_WO-LINE-WS-hefei-grading-1	releasePressure	measured
obj_workorder_WO-LINE-WS-hefei-pack-0	releasePressure	measured
obj_workorder_WO-LINE-WS-hefei-pack-1	releasePressure	measured
obj_workorder_WO-LINE-WS-hefei-slitting-0	releasePressure	measured
obj_workorder_WO-LINE-WS-hefei-slitting-1	releasePressure	measured
obj_workorder_WO-LINE-WS-hefei-slurry-0	releasePressure	measured
obj_workorder_WO-LINE-WS-hefei-slurry-1	releasePressure	measured
obj_workorder_WO-LINE-WS-hefei-winding-0	releasePressure	measured
obj_workorder_WO-LINE-WS-hefei-winding-1	releasePressure	measured
obj_workorder_WO-LINE-WS-jiangmen-assembly-0	releasePressure	measured
obj_workorder_WO-LINE-WS-jiangmen-assembly-1	releasePressure	measured
obj_workorder_WO-LINE-WS-jiangmen-calendering-0	releasePressure	measured
obj_workorder_WO-LINE-WS-jiangmen-calendering-1	releasePressure	measured
obj_workorder_WO-LINE-WS-jiangmen-coating-0	releasePressure	measured
obj_workorder_WO-LINE-WS-jiangmen-coating-1	releasePressure	measured
obj_workorder_WO-LINE-WS-jiangmen-filling-0	releasePressure	measured
obj_workorder_WO-LINE-WS-jiangmen-filling-1	releasePressure	measured
obj_workorder_WO-LINE-WS-jiangmen-formation-0	releasePressure	measured
obj_workorder_WO-LINE-WS-jiangmen-formation-1	releasePressure	measured
obj_workorder_WO-LINE-WS-jiangmen-grading-0	releasePressure	measured
obj_workorder_WO-LINE-WS-jiangmen-grading-1	releasePressure	measured
obj_workorder_WO-LINE-WS-jiangmen-pack-0	releasePressure	measured
obj_workorder_WO-LINE-WS-jiangmen-pack-1	releasePressure	measured
obj_workorder_WO-LINE-WS-jiangmen-slitting-0	releasePressure	measured
obj_workorder_WO-LINE-WS-jiangmen-slitting-1	releasePressure	measured
obj_workorder_WO-LINE-WS-jiangmen-slurry-0	releasePressure	measured
obj_workorder_WO-LINE-WS-jiangmen-slurry-1	releasePressure	measured
obj_workorder_WO-LINE-WS-jiangmen-winding-0	releasePressure	measured
obj_workorder_WO-LINE-WS-jiangmen-winding-1	releasePressure	measured
obj_workorder_WO-LINE-WS-jinhua-assembly-0	releasePressure	measured
obj_workorder_WO-LINE-WS-jinhua-assembly-1	releasePressure	measured
obj_workorder_WO-LINE-WS-jinhua-calendering-0	releasePressure	measured
obj_workorder_WO-LINE-WS-jinhua-calendering-1	releasePressure	measured
obj_workorder_WO-LINE-WS-jinhua-coating-0	releasePressure	measured
obj_workorder_WO-LINE-WS-jinhua-coating-1	releasePressure	measured
obj_workorder_WO-LINE-WS-jinhua-filling-0	releasePressure	measured
obj_workorder_WO-LINE-WS-jinhua-filling-1	releasePressure	measured
obj_workorder_WO-LINE-WS-jinhua-formation-0	releasePressure	measured
obj_workorder_WO-LINE-WS-jinhua-formation-1	releasePressure	measured
obj_workorder_WO-LINE-WS-jinhua-grading-0	releasePressure	measured
obj_workorder_WO-LINE-WS-jinhua-grading-1	releasePressure	measured
obj_workorder_WO-LINE-WS-jinhua-pack-0	releasePressure	measured
obj_workorder_WO-LINE-WS-jinhua-pack-1	releasePressure	measured
obj_workorder_WO-LINE-WS-jinhua-slitting-0	releasePressure	measured
obj_workorder_WO-LINE-WS-jinhua-slitting-1	releasePressure	measured
obj_workorder_WO-LINE-WS-jinhua-slurry-0	releasePressure	measured
obj_workorder_WO-LINE-WS-jinhua-slurry-1	releasePressure	measured
obj_workorder_WO-LINE-WS-jinhua-winding-0	releasePressure	measured
obj_workorder_WO-LINE-WS-jinhua-winding-1	releasePressure	measured
obj_workorder_WO-LINE-WS-meishan-assembly-0	releasePressure	measured
obj_workorder_WO-LINE-WS-meishan-assembly-1	releasePressure	measured
obj_workorder_WO-LINE-WS-meishan-calendering-0	releasePressure	measured
obj_workorder_WO-LINE-WS-meishan-calendering-1	releasePressure	measured
obj_workorder_WO-LINE-WS-meishan-coating-0	releasePressure	measured
obj_workorder_WO-LINE-WS-meishan-coating-1	releasePressure	measured
obj_workorder_WO-LINE-WS-meishan-filling-0	releasePressure	measured
obj_workorder_WO-LINE-WS-meishan-filling-1	releasePressure	measured
obj_workorder_WO-LINE-WS-meishan-formation-0	releasePressure	measured
obj_workorder_WO-LINE-WS-meishan-formation-1	releasePressure	measured
obj_workorder_WO-LINE-WS-meishan-grading-0	releasePressure	measured
obj_workorder_WO-LINE-WS-meishan-grading-1	releasePressure	measured
obj_workorder_WO-LINE-WS-meishan-pack-0	releasePressure	measured
obj_workorder_WO-LINE-WS-meishan-pack-1	releasePressure	measured
obj_workorder_WO-LINE-WS-meishan-slitting-0	releasePressure	measured
obj_workorder_WO-LINE-WS-meishan-slitting-1	releasePressure	measured
obj_workorder_WO-LINE-WS-meishan-slurry-0	releasePressure	measured
obj_workorder_WO-LINE-WS-meishan-slurry-1	releasePressure	measured
obj_workorder_WO-LINE-WS-meishan-winding-0	releasePressure	measured
obj_workorder_WO-LINE-WS-meishan-winding-1	releasePressure	measured
obj_workorder_WO-LINE-WS-wuhan-assembly-0	releasePressure	measured
obj_workorder_WO-LINE-WS-wuhan-assembly-1	releasePressure	measured
obj_workorder_WO-LINE-WS-wuhan-calendering-0	releasePressure	measured
obj_workorder_WO-LINE-WS-wuhan-calendering-1	releasePressure	measured
obj_workorder_WO-LINE-WS-wuhan-coating-0	releasePressure	measured
obj_workorder_WO-LINE-WS-wuhan-coating-1	releasePressure	measured
obj_workorder_WO-LINE-WS-wuhan-filling-0	releasePressure	measured
obj_workorder_WO-LINE-WS-wuhan-filling-1	releasePressure	measured
obj_workorder_WO-LINE-WS-wuhan-formation-0	releasePressure	measured
obj_workorder_WO-LINE-WS-wuhan-formation-1	releasePressure	measured
obj_workorder_WO-LINE-WS-wuhan-grading-0	releasePressure	measured
obj_workorder_WO-LINE-WS-wuhan-grading-1	releasePressure	measured
obj_workorder_WO-LINE-WS-wuhan-pack-0	releasePressure	measured
obj_workorder_WO-LINE-WS-wuhan-pack-1	releasePressure	measured
obj_workorder_WO-LINE-WS-wuhan-slitting-0	releasePressure	measured
obj_workorder_WO-LINE-WS-wuhan-slitting-1	releasePressure	measured
obj_workorder_WO-LINE-WS-wuhan-slurry-0	releasePressure	measured
obj_workorder_WO-LINE-WS-wuhan-slurry-1	releasePressure	measured
obj_workorder_WO-LINE-WS-wuhan-winding-0	releasePressure	measured
obj_workorder_WO-LINE-WS-wuhan-winding-1	releasePressure	measured
obj_workorder_WO-LINE-WS-xiamen-assembly-0	releasePressure	measured
obj_workorder_WO-LINE-WS-xiamen-assembly-1	releasePressure	measured
obj_workorder_WO-LINE-WS-xiamen-calendering-0	releasePressure	measured
obj_workorder_WO-LINE-WS-xiamen-calendering-1	releasePressure	measured
obj_workorder_WO-LINE-WS-xiamen-coating-0	releasePressure	measured
obj_workorder_WO-LINE-WS-xiamen-coating-1	releasePressure	measured
obj_workorder_WO-LINE-WS-xiamen-filling-0	releasePressure	measured
obj_workorder_WO-LINE-WS-xiamen-filling-1	releasePressure	measured
obj_workorder_WO-LINE-WS-xiamen-formation-0	releasePressure	measured
obj_workorder_WO-LINE-WS-xiamen-formation-1	releasePressure	measured
obj_workorder_WO-LINE-WS-xiamen-grading-0	releasePressure	measured
obj_workorder_WO-LINE-WS-xiamen-grading-1	releasePressure	measured
obj_workorder_WO-LINE-WS-xiamen-pack-0	releasePressure	measured
obj_workorder_WO-LINE-WS-xiamen-pack-1	releasePressure	measured
obj_workorder_WO-LINE-WS-xiamen-slitting-0	releasePressure	measured
obj_workorder_WO-LINE-WS-xiamen-slitting-1	releasePressure	measured
obj_workorder_WO-LINE-WS-xiamen-slurry-0	releasePressure	measured
obj_workorder_WO-LINE-WS-xiamen-slurry-1	releasePressure	measured
obj_workorder_WO-LINE-WS-xiamen-winding-0	releasePressure	measured
obj_workorder_WO-LINE-WS-xiamen-winding-1	releasePressure	measured
obj_workorder_WO-LINE-WS-xinyang-assembly-0	releasePressure	measured
obj_workorder_WO-LINE-WS-xinyang-assembly-1	releasePressure	measured
obj_workorder_WO-LINE-WS-xinyang-calendering-0	releasePressure	measured
obj_workorder_WO-LINE-WS-xinyang-calendering-1	releasePressure	measured
obj_workorder_WO-LINE-WS-xinyang-coating-0	releasePressure	measured
obj_workorder_WO-LINE-WS-xinyang-coating-1	releasePressure	measured
obj_workorder_WO-LINE-WS-xinyang-filling-0	releasePressure	measured
obj_workorder_WO-LINE-WS-xinyang-filling-1	releasePressure	measured
obj_workorder_WO-LINE-WS-xinyang-formation-0	releasePressure	measured
obj_workorder_WO-LINE-WS-xinyang-formation-1	releasePressure	measured
obj_workorder_WO-LINE-WS-xinyang-grading-0	releasePressure	measured
obj_workorder_WO-LINE-WS-xinyang-grading-1	releasePressure	measured
obj_workorder_WO-LINE-WS-xinyang-pack-0	releasePressure	measured
obj_workorder_WO-LINE-WS-xinyang-pack-1	releasePressure	measured
obj_workorder_WO-LINE-WS-xinyang-slitting-0	releasePressure	measured
obj_workorder_WO-LINE-WS-xinyang-slitting-1	releasePressure	measured
obj_workorder_WO-LINE-WS-xinyang-slurry-0	releasePressure	measured
obj_workorder_WO-LINE-WS-xinyang-slurry-1	releasePressure	measured
obj_workorder_WO-LINE-WS-xinyang-winding-0	releasePressure	measured
obj_workorder_WO-LINE-WS-xinyang-winding-1	releasePressure	measured
obj_workorder_WO-LINE-WS-yangzhou-assembly-0	releasePressure	measured
obj_workorder_WO-LINE-WS-yangzhou-assembly-1	releasePressure	measured
obj_workorder_WO-LINE-WS-yangzhou-calendering-0	releasePressure	measured
obj_workorder_WO-LINE-WS-yangzhou-calendering-1	releasePressure	measured
obj_workorder_WO-LINE-WS-yangzhou-coating-0	releasePressure	measured
obj_workorder_WO-LINE-WS-yangzhou-coating-1	releasePressure	measured
obj_workorder_WO-LINE-WS-yangzhou-filling-0	releasePressure	measured
obj_workorder_WO-LINE-WS-yangzhou-filling-1	releasePressure	measured
obj_workorder_WO-LINE-WS-yangzhou-formation-0	releasePressure	measured
obj_workorder_WO-LINE-WS-yangzhou-formation-1	releasePressure	measured
obj_workorder_WO-LINE-WS-yangzhou-grading-0	releasePressure	measured
obj_workorder_WO-LINE-WS-yangzhou-grading-1	releasePressure	measured
obj_workorder_WO-LINE-WS-yangzhou-pack-0	releasePressure	measured
obj_workorder_WO-LINE-WS-yangzhou-pack-1	releasePressure	measured
obj_workorder_WO-LINE-WS-yangzhou-slitting-0	releasePressure	measured
obj_workorder_WO-LINE-WS-yangzhou-slitting-1	releasePressure	measured
obj_workorder_WO-LINE-WS-yangzhou-slurry-0	releasePressure	measured
obj_workorder_WO-LINE-WS-yangzhou-slurry-1	releasePressure	measured
obj_workorder_WO-LINE-WS-yangzhou-winding-0	releasePressure	measured
obj_workorder_WO-LINE-WS-yangzhou-winding-1	releasePressure	measured
obj_workorder_WO-LINE-WS-zaozhuang-assembly-0	releasePressure	measured
obj_workorder_WO-LINE-WS-zaozhuang-assembly-1	releasePressure	measured
obj_workorder_WO-LINE-WS-zaozhuang-calendering-0	releasePressure	measured
obj_workorder_WO-LINE-WS-zaozhuang-calendering-1	releasePressure	measured
obj_workorder_WO-LINE-WS-zaozhuang-coating-0	releasePressure	measured
obj_workorder_WO-LINE-WS-zaozhuang-coating-1	releasePressure	measured
obj_workorder_WO-LINE-WS-zaozhuang-filling-0	releasePressure	measured
obj_workorder_WO-LINE-WS-zaozhuang-filling-1	releasePressure	measured
obj_workorder_WO-LINE-WS-zaozhuang-formation-0	releasePressure	measured
obj_workorder_WO-LINE-WS-zaozhuang-formation-1	releasePressure	measured
obj_workorder_WO-LINE-WS-zaozhuang-grading-0	releasePressure	measured
obj_workorder_WO-LINE-WS-zaozhuang-grading-1	releasePressure	measured
obj_workorder_WO-LINE-WS-zaozhuang-pack-0	releasePressure	measured
obj_workorder_WO-LINE-WS-zaozhuang-pack-1	releasePressure	measured
obj_workorder_WO-LINE-WS-zaozhuang-slitting-0	releasePressure	measured
obj_workorder_WO-LINE-WS-zaozhuang-slitting-1	releasePressure	measured
obj_workorder_WO-LINE-WS-zaozhuang-slurry-0	releasePressure	measured
obj_workorder_WO-LINE-WS-zaozhuang-slurry-1	releasePressure	measured
obj_workorder_WO-LINE-WS-zaozhuang-winding-0	releasePressure	measured
obj_workorder_WO-LINE-WS-zaozhuang-winding-1	releasePressure	measured
obj_workorder_WO-LINE-WS-zigong-assembly-0	releasePressure	measured
obj_workorder_WO-LINE-WS-zigong-assembly-1	releasePressure	measured
obj_workorder_WO-LINE-WS-zigong-calendering-0	releasePressure	measured
obj_workorder_WO-LINE-WS-zigong-calendering-1	releasePressure	measured
obj_workorder_WO-LINE-WS-zigong-coating-0	releasePressure	measured
obj_workorder_WO-LINE-WS-zigong-coating-1	releasePressure	measured
obj_workorder_WO-LINE-WS-zigong-filling-0	releasePressure	measured
obj_workorder_WO-LINE-WS-zigong-filling-1	releasePressure	measured
obj_workorder_WO-LINE-WS-zigong-formation-0	releasePressure	measured
obj_workorder_WO-LINE-WS-zigong-formation-1	releasePressure	measured
obj_workorder_WO-LINE-WS-zigong-grading-0	releasePressure	measured
obj_workorder_WO-LINE-WS-zigong-grading-1	releasePressure	measured
obj_workorder_WO-LINE-WS-zigong-pack-0	releasePressure	measured
obj_workorder_WO-LINE-WS-zigong-pack-1	releasePressure	measured
obj_workorder_WO-LINE-WS-zigong-slitting-0	releasePressure	measured
obj_workorder_WO-LINE-WS-zigong-slitting-1	releasePressure	measured
obj_workorder_WO-LINE-WS-zigong-slurry-0	releasePressure	measured
obj_workorder_WO-LINE-WS-zigong-slurry-1	releasePressure	measured
obj_workorder_WO-LINE-WS-zigong-winding-0	releasePressure	measured
obj_workorder_WO-LINE-WS-zigong-winding-1	releasePressure	measured

════════════════════════════════════════════════════════
══ ⑥b 承载集分解（承载订单自己的读数 vs 全域加权读数）══
承载集（state 里真有 costPressure 的 Order）规模 = 150（求解器报 carriers=150 / universe=500）
⚠ 金丝雀：承载集必须非空，且至少一臂在承载集上真有非零 Δ —— 否则先怀疑承载集取法，⛔ 不许报「确实没变」。

臂	承载集规模	Δ≠0 的承载数	max|Δ|	Σ|Δ|	承载集均值Δ(价值加权,诊断)	求解器 costPressure.value	Δ(value)	MARGIN.projected	Δ(MARGIN)
zero	150	0	0.000000	0.000000	0.000000	24.880578	0.000000	-25.6800	0.0000
A	150	24	0.021307	0.333273	0.002992	24.881609	0.001031	-25.6900	-0.0100
B	150	70	0.992013	45.088603	0.338760	24.997285	0.116707	-26.3600	-0.6800
AB	150	70	1.013320	45.417581	0.341710	24.998301	0.117723	-26.3700	-0.6900

[A − zero] 承载集逐格 Δ 前 8（共 24 格有 Δ）：
   obj_order_SO-3415  56.807807 → 56.829114  Δ=0.021307
   obj_order_SO-3420  50.807807 → 50.829114  Δ=0.021307
   obj_order_SO-3481  67.807807 → 67.829114  Δ=0.021307
   obj_order_SO-3534  64.807807 → 64.829114  Δ=0.021307
   obj_order_SO-900220  56.807807 → 56.829114  Δ=0.021307
   obj_order_SO-900313  65.807807 → 65.829114  Δ=0.021307
   obj_order_SO-900317  53.807807 → 53.829114  Δ=0.021307
   obj_order_SO-900341  62.807807 → 62.829114  Δ=0.021307

[B − zero] 承载集逐格 Δ 前 8（共 70 格有 Δ）：
   obj_order_SO-3415  56.807807 → 57.799820  Δ=0.992013
   obj_order_SO-3420  50.807807 → 51.799820  Δ=0.992013
   obj_order_SO-3481  67.807807 → 68.799820  Δ=0.992013
   obj_order_SO-3486  67.379254 → 68.371268  Δ=0.992013
   obj_order_SO-3534  64.807807 → 65.799820  Δ=0.992013
   obj_order_SO-900122  64.379254 → 65.371268  Δ=0.992013
   obj_order_SO-900220  56.807807 → 57.799820  Δ=0.992013
   obj_order_SO-900245  72.379254 → 73.371268  Δ=0.992013

[AB − zero] 承载集逐格 Δ 前 8（共 70 格有 Δ）：
   obj_order_SO-3415  56.807807 → 57.821127  Δ=1.013320
   obj_order_SO-3420  50.807807 → 51.821127  Δ=1.013320
   obj_order_SO-3481  67.807807 → 68.821127  Δ=1.013320
   obj_order_SO-3534  64.807807 → 65.821127  Δ=1.013320
   obj_order_SO-900220  56.807807 → 57.821127  Δ=1.013320
   obj_order_SO-900313  65.807807 → 66.821127  Δ=1.013320
   obj_order_SO-900317  53.807807 → 54.821127  Δ=1.013320
   obj_order_SO-900341  62.807807 → 63.821127  Δ=1.013320

══ ⑦ 全量网络观测（每一次请求；⚠ 只记失败会被读成『没有』）══
总请求数 = 763
按状态码 = {"200":751,"201":12}
非 GET 请求 = 498
── 非 GET 与一切非 2xx（GET 成功已计入总数，未逐条展开）──
  #2 POST /a/v1/sim/sessions → 201 368ms  
  #4 POST /a/v1/sim/sessions → 201 439ms  
  #8 POST /a/v1/solvers/finance_world_projection/invoke → 200 187ms  
  #9 POST /a/v1/sim/sessions/sims_np7je9c93tc4c27b/tick → 200 778ms  
  #11 POST /a/v1/solvers/finance_world_projection/invoke → 200 262ms  
  #12 POST /a/v1/sim/sessions/sims_np7je9c93tc4c27b/tick → 200 660ms  
  #14 POST /a/v1/solvers/finance_world_projection/invoke → 200 249ms  
  #15 POST /a/v1/sim/sessions/sims_np7je9c93tc4c27b/tick → 200 894ms  
  #17 POST /a/v1/solvers/finance_world_projection/invoke → 200 305ms  
  #18 POST /a/v1/sim/sessions/sims_np7je9c93tc4c27b/tick → 200 501ms  
  #20 POST /a/v1/solvers/finance_world_projection/invoke → 200 431ms  
  #21 POST /a/v1/sim/sessions/sims_np7je9c93tc4c27b/tick → 200 431ms  
  #23 POST /a/v1/solvers/finance_world_projection/invoke → 200 768ms  
  #24 POST /a/v1/sim/sessions/sims_np7je9c93tc4c27b/tick → 200 451ms  
  #26 POST /a/v1/solvers/finance_world_projection/invoke → 200 366ms  
  #27 POST /a/v1/sim/sessions/sims_np7je9c93tc4c27b/tick → 200 1077ms  
  #29 POST /a/v1/solvers/finance_world_projection/invoke → 200 1004ms  
  #30 POST /a/v1/sim/sessions/sims_np7je9c93tc4c27b/tick → 200 1188ms  
  #32 POST /a/v1/solvers/finance_world_projection/invoke → 200 809ms  
  #33 POST /a/v1/sim/sessions/sims_np7je9c93tc4c27b/tick → 200 411ms  
  #35 POST /a/v1/solvers/finance_world_projection/invoke → 200 1626ms  
  #36 POST /a/v1/sim/sessions/sims_np7je9c93tc4c27b/tick → 200 833ms  
  #38 POST /a/v1/solvers/finance_world_projection/invoke → 200 1852ms  
  #39 POST /a/v1/sim/sessions/sims_np7je9c93tc4c27b/tick → 200 909ms  
  #41 POST /a/v1/solvers/finance_world_projection/invoke → 200 1657ms  
  #42 POST /a/v1/sim/sessions/sims_np7je9c93tc4c27b/tick → 200 771ms  
  #44 POST /a/v1/solvers/finance_world_projection/invoke → 200 1661ms  
  #45 POST /a/v1/sim/sessions/sims_np7je9c93tc4c27b/tick → 200 871ms  
  #47 POST /a/v1/solvers/finance_world_projection/invoke → 200 2008ms  
  #48 POST /a/v1/sim/sessions/sims_np7je9c93tc4c27b/tick → 200 950ms  
  #50 POST /a/v1/solvers/finance_world_projection/invoke → 200 2322ms  
  #51 POST /a/v1/sim/sessions/sims_np7je9c93tc4c27b/tick → 200 1074ms  
  #53 POST /a/v1/solvers/finance_world_projection/invoke → 200 3333ms  
  #54 POST /a/v1/sim/sessions/sims_np7je9c93tc4c27b/tick → 200 1703ms  
  #56 POST /a/v1/solvers/finance_world_projection/invoke → 200 2974ms  
  #57 POST /a/v1/sim/sessions/sims_np7je9c93tc4c27b/tick → 200 1266ms  
  #59 POST /a/v1/solvers/finance_world_projection/invoke → 200 3538ms  
  #60 POST /a/v1/sim/sessions/sims_np7je9c93tc4c27b/tick → 200 1716ms  
  #62 POST /a/v1/solvers/finance_world_projection/invoke → 200 3654ms  
  #63 POST /a/v1/sim/sessions/sims_np7je9c93tc4c27b/tick → 200 1950ms  
  #65 POST /a/v1/solvers/finance_world_projection/invoke → 200 4823ms  
  #66 POST /a/v1/sim/sessions/sims_np7je9c93tc4c27b/tick → 200 1436ms  
  #68 POST /a/v1/solvers/finance_world_projection/invoke → 200 2319ms  
  #69 POST /a/v1/sim/sessions/sims_np7je9c93tc4c27b/tick → 200 1038ms  
  #71 POST /a/v1/solvers/finance_world_projection/invoke → 200 3910ms  
  #72 POST /a/v1/sim/sessions/sims_np7je9c93tc4c27b/tick → 200 1481ms  
  #74 POST /a/v1/solvers/finance_world_projection/invoke → 200 4322ms  
  #75 POST /a/v1/sim/sessions/sims_np7je9c93tc4c27b/tick → 200 1255ms  
  #77 POST /a/v1/solvers/finance_world_projection/invoke → 200 3877ms  
  #78 POST /a/v1/sim/sessions/sims_np7je9c93tc4c27b/tick → 200 1333ms  
  #80 POST /a/v1/solvers/finance_world_projection/invoke → 200 4444ms  
  #81 POST /a/v1/sim/sessions/sims_np7je9c93tc4c27b/tick → 200 1126ms  
  #83 POST /a/v1/solvers/finance_world_projection/invoke → 200 4679ms  
  #84 POST /a/v1/sim/sessions/sims_np7je9c93tc4c27b/tick → 200 1614ms  
  #86 POST /a/v1/solvers/finance_world_projection/invoke → 200 4974ms  
  #87 POST /a/v1/sim/sessions/sims_np7je9c93tc4c27b/tick → 200 1830ms  
  #89 POST /a/v1/solvers/finance_world_projection/invoke → 200 7037ms  
  #90 POST /a/v1/sim/sessions/sims_np7je9c93tc4c27b/tick → 200 1871ms  
  #92 POST /a/v1/solvers/finance_world_projection/invoke → 200 7484ms  
  #93 POST /a/v1/sim/sessions/sims_np7je9c93tc4c27b/tick → 200 1757ms  
  #95 POST /a/v1/solvers/finance_world_projection/invoke → 200 6042ms  
  #96 POST /a/v1/sim/sessions/sims_np7je9c93tc4c27b/tick → 200 1795ms  
  #98 POST /a/v1/solvers/finance_world_projection/invoke → 200 6764ms  
  #99 POST /a/v1/sim/sessions/sims_np7je9c93tc4c27b/tick → 200 2440ms  
  #101 POST /a/v1/solvers/finance_world_projection/invoke → 200 6144ms  
  #102 POST /a/v1/sim/sessions/sims_np7je9c93tc4c27b/tick → 200 2386ms  
  #104 POST /a/v1/solvers/finance_world_projection/invoke → 200 5527ms  
  #105 POST /a/v1/sim/sessions/sims_np7je9c93tc4c27b/tick → 200 1988ms  
  #107 POST /a/v1/solvers/finance_world_projection/invoke → 200 4195ms  
  #108 POST /a/v1/sim/sessions/sims_np7je9c93tc4c27b/tick → 200 1523ms  
  #110 POST /a/v1/solvers/finance_world_projection/invoke → 200 4737ms  
  #111 POST /a/v1/sim/sessions/sims_np7je9c93tc4c27b/tick → 200 1309ms  
  #113 POST /a/v1/solvers/finance_world_projection/invoke → 200 5755ms  
  #114 POST /a/v1/sim/sessions/sims_np7je9c93tc4c27b/tick → 200 1056ms  
  #116 POST /a/v1/solvers/finance_world_projection/invoke → 200 6363ms  
  #117 POST /a/v1/sim/sessions/sims_np7je9c93tc4c27b/tick → 200 1280ms  
  #119 POST /a/v1/solvers/finance_world_projection/invoke → 200 6789ms  
  #120 POST /a/v1/sim/sessions/sims_np7je9c93tc4c27b/tick → 200 1210ms  
  #122 POST /a/v1/solvers/finance_world_projection/invoke → 200 7035ms  
  #123 POST /a/v1/sim/sessions/sims_np7je9c93tc4c27b/tick → 200 1277ms  
  #125 POST /a/v1/solvers/finance_world_projection/invoke → 200 6906ms  
  #126 POST /a/v1/sim/sessions/sims_np7je9c93tc4c27b/tick → 200 1275ms  
  #128 POST /a/v1/solvers/finance_world_projection/invoke → 200 7275ms  
  #129 POST /a/v1/sim/sessions → 201 1583ms  
  #130 POST /a/v1/sim/sessions/sims_y9q2dpqtcswr91mq/perturbations → 201 369ms  
  #134 POST /a/v1/solvers/finance_world_projection/invoke → 200 663ms  
  #135 POST /a/v1/sim/sessions/sims_y9q2dpqtcswr91mq/tick → 200 2002ms  
  #137 POST /a/v1/solvers/finance_world_projection/invoke → 200 765ms  
  #138 POST /a/v1/sim/sessions/sims_y9q2dpqtcswr91mq/tick → 200 3128ms  
  #140 POST /a/v1/solvers/finance_world_projection/invoke → 200 657ms  
  #141 POST /a/v1/sim/sessions/sims_y9q2dpqtcswr91mq/tick → 200 2094ms  
  #143 POST /a/v1/solvers/finance_world_projection/invoke → 200 1327ms  
  #144 POST /a/v1/sim/sessions/sims_y9q2dpqtcswr91mq/tick → 200 1693ms  
  #146 POST /a/v1/solvers/finance_world_projection/invoke → 200 1092ms  
  #147 POST /a/v1/sim/sessions/sims_y9q2dpqtcswr91mq/tick → 200 1647ms  
  #149 POST /a/v1/solvers/finance_world_projection/invoke → 200 1206ms  
  #150 POST /a/v1/sim/sessions/sims_y9q2dpqtcswr91mq/tick → 200 2023ms  
  #152 POST /a/v1/solvers/finance_world_projection/invoke → 200 1318ms  
  #153 POST /a/v1/sim/sessions/sims_y9q2dpqtcswr91mq/tick → 200 1332ms  
  #155 POST /a/v1/solvers/finance_world_projection/invoke → 200 1253ms  
  #156 POST /a/v1/sim/sessions/sims_y9q2dpqtcswr91mq/tick → 200 1858ms  
  #158 POST /a/v1/solvers/finance_world_projection/invoke → 200 1392ms  
  #159 POST /a/v1/sim/sessions/sims_y9q2dpqtcswr91mq/tick → 200 2273ms  
  #161 POST /a/v1/solvers/finance_world_projection/invoke → 200 1567ms  
  #162 POST /a/v1/sim/sessions/sims_y9q2dpqtcswr91mq/tick → 200 1696ms  
  #164 POST /a/v1/solvers/finance_world_projection/invoke → 200 1839ms  
  #165 POST /a/v1/sim/sessions/sims_y9q2dpqtcswr91mq/tick → 200 1998ms  
  #167 POST /a/v1/solvers/finance_world_projection/invoke → 200 2195ms  
  #168 POST /a/v1/sim/sessions/sims_y9q2dpqtcswr91mq/tick → 200 1558ms  
  #170 POST /a/v1/solvers/finance_world_projection/invoke → 200 2543ms  
  #171 POST /a/v1/sim/sessions/sims_y9q2dpqtcswr91mq/tick → 200 2423ms  
  #173 POST /a/v1/solvers/finance_world_projection/invoke → 200 2061ms  
  #174 POST /a/v1/sim/sessions/sims_y9q2dpqtcswr91mq/tick → 200 2131ms  
  #176 POST /a/v1/solvers/finance_world_projection/invoke → 200 2033ms  
  #177 POST /a/v1/sim/sessions/sims_y9q2dpqtcswr91mq/tick → 200 1652ms  
  #179 POST /a/v1/solvers/finance_world_projection/invoke → 200 2639ms  
  #180 POST /a/v1/sim/sessions/sims_y9q2dpqtcswr91mq/tick → 200 1242ms  
  #182 POST /a/v1/solvers/finance_world_projection/invoke → 200 1710ms  
  #183 POST /a/v1/sim/sessions/sims_y9q2dpqtcswr91mq/tick → 200 1116ms  
  #185 POST /a/v1/solvers/finance_world_projection/invoke → 200 1376ms  
  #186 POST /a/v1/sim/sessions/sims_y9q2dpqtcswr91mq/tick → 200 1076ms  
  #188 POST /a/v1/solvers/finance_world_projection/invoke → 200 1327ms  
  #189 POST /a/v1/sim/sessions/sims_y9q2dpqtcswr91mq/tick → 200 915ms  
  #191 POST /a/v1/solvers/finance_world_projection/invoke → 200 1923ms  
  #192 POST /a/v1/sim/sessions/sims_y9q2dpqtcswr91mq/tick → 200 919ms  
  #194 POST /a/v1/solvers/finance_world_projection/invoke → 200 1983ms  
  #195 POST /a/v1/sim/sessions/sims_y9q2dpqtcswr91mq/tick → 200 875ms  
  #197 POST /a/v1/solvers/finance_world_projection/invoke → 200 2131ms  
  #198 POST /a/v1/sim/sessions/sims_y9q2dpqtcswr91mq/tick → 200 1426ms  
  #200 POST /a/v1/solvers/finance_world_projection/invoke → 200 2188ms  
  #201 POST /a/v1/sim/sessions/sims_y9q2dpqtcswr91mq/tick → 200 859ms  
  #203 POST /a/v1/solvers/finance_world_projection/invoke → 200 2197ms  
  #204 POST /a/v1/sim/sessions/sims_y9q2dpqtcswr91mq/tick → 200 1228ms  
  #206 POST /a/v1/solvers/finance_world_projection/invoke → 200 2074ms  
  #207 POST /a/v1/sim/sessions/sims_y9q2dpqtcswr91mq/tick → 200 997ms  
  #209 POST /a/v1/solvers/finance_world_projection/invoke → 200 2496ms  
  #210 POST /a/v1/sim/sessions/sims_y9q2dpqtcswr91mq/tick → 200 1176ms  
  #212 POST /a/v1/solvers/finance_world_projection/invoke → 200 3554ms  
  #213 POST /a/v1/sim/sessions/sims_y9q2dpqtcswr91mq/tick → 200 1908ms  
  #215 POST /a/v1/solvers/finance_world_projection/invoke → 200 3530ms  
  #216 POST /a/v1/sim/sessions/sims_y9q2dpqtcswr91mq/tick → 200 1279ms  
  #218 POST /a/v1/solvers/finance_world_projection/invoke → 200 2433ms  
  #219 POST /a/v1/sim/sessions/sims_y9q2dpqtcswr91mq/tick → 200 1076ms  
  #221 POST /a/v1/solvers/finance_world_projection/invoke → 200 2463ms  
  #222 POST /a/v1/sim/sessions/sims_y9q2dpqtcswr91mq/tick → 200 969ms  
  #224 POST /a/v1/solvers/finance_world_projection/invoke → 200 2712ms  
  #225 POST /a/v1/sim/sessions/sims_y9q2dpqtcswr91mq/tick → 200 855ms  
  #227 POST /a/v1/solvers/finance_world_projection/invoke → 200 2101ms  
  #228 POST /a/v1/sim/sessions/sims_y9q2dpqtcswr91mq/tick → 200 974ms  
  #230 POST /a/v1/solvers/finance_world_projection/invoke → 200 1154ms  
  #231 POST /a/v1/sim/sessions/sims_y9q2dpqtcswr91mq/tick → 200 452ms  
  #233 POST /a/v1/solvers/finance_world_projection/invoke → 200 1327ms  
  #234 POST /a/v1/sim/sessions/sims_y9q2dpqtcswr91mq/tick → 200 422ms  
  #236 POST /a/v1/solvers/finance_world_projection/invoke → 200 1158ms  
  #237 POST /a/v1/sim/sessions/sims_y9q2dpqtcswr91mq/tick → 200 412ms  
  #239 POST /a/v1/solvers/finance_world_projection/invoke → 200 1575ms  
  #240 POST /a/v1/sim/sessions/sims_y9q2dpqtcswr91mq/tick → 200 347ms  
  #242 POST /a/v1/solvers/finance_world_projection/invoke → 200 1273ms  
  #243 POST /a/v1/sim/sessions/sims_y9q2dpqtcswr91mq/tick → 200 344ms  
  #245 POST /a/v1/solvers/finance_world_projection/invoke → 200 1314ms  
  #246 POST /a/v1/sim/sessions/sims_y9q2dpqtcswr91mq/tick → 200 452ms  
  #248 POST /a/v1/solvers/finance_world_projection/invoke → 200 1229ms  
  #249 POST /a/v1/sim/sessions/sims_y9q2dpqtcswr91mq/tick → 200 603ms  
  #251 POST /a/v1/solvers/finance_world_projection/invoke → 200 1359ms  
  #252 POST /a/v1/sim/sessions/sims_y9q2dpqtcswr91mq/tick → 200 496ms  
  #254 POST /a/v1/solvers/finance_world_projection/invoke → 200 1602ms  
  #255 POST /a/v1/sim/sessions → 201 203ms  
  #256 POST /a/v1/sim/sessions/sims_tk6qmfnw0hchhebv/perturbations → 201 56ms  
  #260 POST /a/v1/solvers/finance_world_projection/invoke → 200 110ms  
  #261 POST /a/v1/sim/sessions/sims_tk6qmfnw0hchhebv/tick → 200 337ms  
  #263 POST /a/v1/solvers/finance_world_projection/invoke → 200 142ms  
  #264 POST /a/v1/sim/sessions/sims_tk6qmfnw0hchhebv/tick → 200 365ms  
  #266 POST /a/v1/solvers/finance_world_projection/invoke → 200 270ms  
  #267 POST /a/v1/sim/sessions/sims_tk6qmfnw0hchhebv/tick → 200 581ms  
  #269 POST /a/v1/solvers/finance_world_projection/invoke → 200 159ms  
  #270 POST /a/v1/sim/sessions/sims_tk6qmfnw0hchhebv/tick → 200 317ms  
  #272 POST /a/v1/solvers/finance_world_projection/invoke → 200 181ms  
  #273 POST /a/v1/sim/sessions/sims_tk6qmfnw0hchhebv/tick → 200 358ms  
  #275 POST /a/v1/solvers/finance_world_projection/invoke → 200 260ms  
  #276 POST /a/v1/sim/sessions/sims_tk6qmfnw0hchhebv/tick → 200 407ms  
  #278 POST /a/v1/solvers/finance_world_projection/invoke → 200 242ms  
  #279 POST /a/v1/sim/sessions/sims_tk6qmfnw0hchhebv/tick → 200 366ms  
  #281 POST /a/v1/solvers/finance_world_projection/invoke → 200 259ms  
  #282 POST /a/v1/sim/sessions/sims_tk6qmfnw0hchhebv/tick → 200 528ms  
  #284 POST /a/v1/solvers/finance_world_projection/invoke → 200 250ms  
  #285 POST /a/v1/sim/sessions/sims_tk6qmfnw0hchhebv/tick → 200 324ms  
  #287 POST /a/v1/solvers/finance_world_projection/invoke → 200 382ms  
  #288 POST /a/v1/sim/sessions/sims_tk6qmfnw0hchhebv/tick → 200 351ms  
  #290 POST /a/v1/solvers/finance_world_projection/invoke → 200 350ms  
  #291 POST /a/v1/sim/sessions/sims_tk6qmfnw0hchhebv/tick → 200 306ms  
  #293 POST /a/v1/solvers/finance_world_projection/invoke → 200 432ms  
  #294 POST /a/v1/sim/sessions/sims_tk6qmfnw0hchhebv/tick → 200 702ms  
  #296 POST /a/v1/solvers/finance_world_projection/invoke → 200 369ms  
  #297 POST /a/v1/sim/sessions/sims_tk6qmfnw0hchhebv/tick → 200 355ms  
  #299 POST /a/v1/solvers/finance_world_projection/invoke → 200 554ms  
  #300 POST /a/v1/sim/sessions/sims_tk6qmfnw0hchhebv/tick → 200 382ms  
  #302 POST /a/v1/solvers/finance_world_projection/invoke → 200 590ms  
  #303 POST /a/v1/sim/sessions/sims_tk6qmfnw0hchhebv/tick → 200 645ms  
  #305 POST /a/v1/solvers/finance_world_projection/invoke → 200 581ms  
  #306 POST /a/v1/sim/sessions/sims_tk6qmfnw0hchhebv/tick → 200 881ms  
  #308 POST /a/v1/solvers/finance_world_projection/invoke → 200 564ms  
  #309 POST /a/v1/sim/sessions/sims_tk6qmfnw0hchhebv/tick → 200 445ms  
  #311 POST /a/v1/solvers/finance_world_projection/invoke → 200 923ms  
  #312 POST /a/v1/sim/sessions/sims_tk6qmfnw0hchhebv/tick → 200 406ms  
  #314 POST /a/v1/solvers/finance_world_projection/invoke → 200 750ms  
  #315 POST /a/v1/sim/sessions/sims_tk6qmfnw0hchhebv/tick → 200 394ms  
  #317 POST /a/v1/solvers/finance_world_projection/invoke → 200 726ms  
  #318 POST /a/v1/sim/sessions/sims_tk6qmfnw0hchhebv/tick → 200 402ms  
  #320 POST /a/v1/solvers/finance_world_projection/invoke → 200 820ms  
  #321 POST /a/v1/sim/sessions/sims_tk6qmfnw0hchhebv/tick → 200 438ms  
  #323 POST /a/v1/solvers/finance_world_projection/invoke → 200 825ms  
  #324 POST /a/v1/sim/sessions/sims_tk6qmfnw0hchhebv/tick → 200 364ms  
  #326 POST /a/v1/solvers/finance_world_projection/invoke → 200 762ms  
  #327 POST /a/v1/sim/sessions/sims_tk6qmfnw0hchhebv/tick → 200 427ms  
  #329 POST /a/v1/solvers/finance_world_projection/invoke → 200 956ms  
  #330 POST /a/v1/sim/sessions/sims_tk6qmfnw0hchhebv/tick → 200 449ms  
  #332 POST /a/v1/solvers/finance_world_projection/invoke → 200 741ms  
  #333 POST /a/v1/sim/sessions/sims_tk6qmfnw0hchhebv/tick → 200 413ms  
  #335 POST /a/v1/solvers/finance_world_projection/invoke → 200 866ms  
  #336 POST /a/v1/sim/sessions/sims_tk6qmfnw0hchhebv/tick → 200 491ms  
  #338 POST /a/v1/solvers/finance_world_projection/invoke → 200 1122ms  
  #339 POST /a/v1/sim/sessions/sims_tk6qmfnw0hchhebv/tick → 200 369ms  
  #341 POST /a/v1/solvers/finance_world_projection/invoke → 200 895ms  
  #342 POST /a/v1/sim/sessions/sims_tk6qmfnw0hchhebv/tick → 200 532ms  
  #344 POST /a/v1/solvers/finance_world_projection/invoke → 200 1133ms  
  #345 POST /a/v1/sim/sessions/sims_tk6qmfnw0hchhebv/tick → 200 913ms  
  #347 POST /a/v1/solvers/finance_world_projection/invoke → 200 2490ms  
  #348 POST /a/v1/sim/sessions/sims_tk6qmfnw0hchhebv/tick → 200 2189ms  
  #350 POST /a/v1/solvers/finance_world_projection/invoke → 200 6335ms  
  #351 POST /a/v1/sim/sessions/sims_tk6qmfnw0hchhebv/tick → 200 2279ms  
  #353 POST /a/v1/solvers/finance_world_projection/invoke → 200 2711ms  
  #354 POST /a/v1/sim/sessions/sims_tk6qmfnw0hchhebv/tick → 200 459ms  
  #356 POST /a/v1/solvers/finance_world_projection/invoke → 200 5411ms  
  #357 POST /a/v1/sim/sessions/sims_tk6qmfnw0hchhebv/tick → 200 2145ms  
  #359 POST /a/v1/solvers/finance_world_projection/invoke → 200 4920ms  
  #360 POST /a/v1/sim/sessions/sims_tk6qmfnw0hchhebv/tick → 200 2536ms  
  #362 POST /a/v1/solvers/finance_world_projection/invoke → 200 7775ms  
  #363 POST /a/v1/sim/sessions/sims_tk6qmfnw0hchhebv/tick → 200 3838ms  
  #365 POST /a/v1/solvers/finance_world_projection/invoke → 200 5834ms  
  #366 POST /a/v1/sim/sessions/sims_tk6qmfnw0hchhebv/tick → 200 2509ms  
  #368 POST /a/v1/solvers/finance_world_projection/invoke → 200 4101ms  
  #369 POST /a/v1/sim/sessions/sims_tk6qmfnw0hchhebv/tick → 200 3122ms  
  #371 POST /a/v1/solvers/finance_world_projection/invoke → 200 5196ms  
  #372 POST /a/v1/sim/sessions/sims_tk6qmfnw0hchhebv/tick → 200 1358ms  
  #374 POST /a/v1/solvers/finance_world_projection/invoke → 200 5030ms  
  #375 POST /a/v1/sim/sessions/sims_tk6qmfnw0hchhebv/tick → 200 1615ms  
  #377 POST /a/v1/solvers/finance_world_projection/invoke → 200 7498ms  
  #378 POST /a/v1/sim/sessions/sims_tk6qmfnw0hchhebv/tick → 200 2307ms  
  #380 POST /a/v1/solvers/finance_world_projection/invoke → 200 8000ms  
  #381 POST /a/v1/sim/sessions → 201 1136ms  
  #382 POST /a/v1/sim/sessions/sims_84rx9zzjj5k5n5za/perturbations → 201 295ms  
  #383 POST /a/v1/sim/sessions/sims_84rx9zzjj5k5n5za/perturbations → 201 283ms  
  #387 POST /a/v1/solvers/finance_world_projection/invoke → 200 523ms  
  #388 POST /a/v1/sim/sessions/sims_84rx9zzjj5k5n5za/tick → 200 2332ms  
  #390 POST /a/v1/solvers/finance_world_projection/invoke → 200 748ms  
  #391 POST /a/v1/sim/sessions/sims_84rx9zzjj5k5n5za/tick → 200 2886ms  
  #393 POST /a/v1/solvers/finance_world_projection/invoke → 200 897ms  
  #394 POST /a/v1/sim/sessions/sims_84rx9zzjj5k5n5za/tick → 200 2437ms  
  #396 POST /a/v1/solvers/finance_world_projection/invoke → 200 1198ms  
  #397 POST /a/v1/sim/sessions/sims_84rx9zzjj5k5n5za/tick → 200 3036ms  
  #399 POST /a/v1/solvers/finance_world_projection/invoke → 200 2106ms  
  #400 POST /a/v1/sim/sessions/sims_84rx9zzjj5k5n5za/tick → 200 2414ms  
  #402 POST /a/v1/solvers/finance_world_projection/invoke → 200 1020ms  
  #403 POST /a/v1/sim/sessions/sims_84rx9zzjj5k5n5za/tick → 200 2002ms  
  #405 POST /a/v1/solvers/finance_world_projection/invoke → 200 1368ms  
  #406 POST /a/v1/sim/sessions/sims_84rx9zzjj5k5n5za/tick → 200 1958ms  
  #408 POST /a/v1/solvers/finance_world_projection/invoke → 200 1497ms  
  #409 POST /a/v1/sim/sessions/sims_84rx9zzjj5k5n5za/tick → 200 2146ms  
  #411 POST /a/v1/solvers/finance_world_projection/invoke → 200 1540ms  
  #412 POST /a/v1/sim/sessions/sims_84rx9zzjj5k5n5za/tick → 200 1501ms  
  #414 POST /a/v1/solvers/finance_world_projection/invoke → 200 1715ms  
  #415 POST /a/v1/sim/sessions/sims_84rx9zzjj5k5n5za/tick → 200 1501ms  
  #417 POST /a/v1/solvers/finance_world_projection/invoke → 200 1888ms  
  #418 POST /a/v1/sim/sessions/sims_84rx9zzjj5k5n5za/tick → 200 1454ms  
  #420 POST /a/v1/solvers/finance_world_projection/invoke → 200 2561ms  
  #421 POST /a/v1/sim/sessions/sims_84rx9zzjj5k5n5za/tick → 200 1654ms  
  #423 POST /a/v1/solvers/finance_world_projection/invoke → 200 1993ms  
  #424 POST /a/v1/sim/sessions/sims_84rx9zzjj5k5n5za/tick → 200 1596ms  
  #426 POST /a/v1/solvers/finance_world_projection/invoke → 200 2415ms  
  #427 POST /a/v1/sim/sessions/sims_84rx9zzjj5k5n5za/tick → 200 1742ms  
  #429 POST /a/v1/solvers/finance_world_projection/invoke → 200 2720ms  
  #430 POST /a/v1/sim/sessions/sims_84rx9zzjj5k5n5za/tick → 200 1657ms  
  #432 POST /a/v1/solvers/finance_world_projection/invoke → 200 2529ms  
  #433 POST /a/v1/sim/sessions/sims_84rx9zzjj5k5n5za/tick → 200 1705ms  
  #435 POST /a/v1/solvers/finance_world_projection/invoke → 200 3059ms  
  #436 POST /a/v1/sim/sessions/sims_84rx9zzjj5k5n5za/tick → 200 4789ms  
  #438 POST /a/v1/solvers/finance_world_projection/invoke → 200 2817ms  
  #439 POST /a/v1/sim/sessions/sims_84rx9zzjj5k5n5za/tick → 200 3303ms  
  #441 POST /a/v1/solvers/finance_world_projection/invoke → 200 2556ms  
  #442 POST /a/v1/sim/sessions/sims_84rx9zzjj5k5n5za/tick → 200 1701ms  
  #444 POST /a/v1/solvers/finance_world_projection/invoke → 200 2938ms  
  #445 POST /a/v1/sim/sessions/sims_84rx9zzjj5k5n5za/tick → 200 1733ms  
  #447 POST /a/v1/solvers/finance_world_projection/invoke → 200 3285ms  
  #448 POST /a/v1/sim/sessions/sims_84rx9zzjj5k5n5za/tick → 200 1511ms  
  #450 POST /a/v1/solvers/finance_world_projection/invoke → 200 3317ms  
  #451 POST /a/v1/sim/sessions/sims_84rx9zzjj5k5n5za/tick → 200 1975ms  
  #453 POST /a/v1/solvers/finance_world_projection/invoke → 200 3409ms  
  #454 POST /a/v1/sim/sessions/sims_84rx9zzjj5k5n5za/tick → 200 1997ms  
  #456 POST /a/v1/solvers/finance_world_projection/invoke → 200 3826ms  
  #457 POST /a/v1/sim/sessions/sims_84rx9zzjj5k5n5za/tick → 200 2887ms  
  #459 POST /a/v1/solvers/finance_world_projection/invoke → 200 3854ms  
  #460 POST /a/v1/sim/sessions/sims_84rx9zzjj5k5n5za/tick → 200 2286ms  
  #462 POST /a/v1/solvers/finance_world_projection/invoke → 200 4164ms  
  #463 POST /a/v1/sim/sessions/sims_84rx9zzjj5k5n5za/tick → 200 1430ms  
  #465 POST /a/v1/solvers/finance_world_projection/invoke → 200 4342ms  
  #466 POST /a/v1/sim/sessions/sims_84rx9zzjj5k5n5za/tick → 200 2803ms  
  #468 POST /a/v1/solvers/finance_world_projection/invoke → 200 5198ms  
  #469 POST /a/v1/sim/sessions/sims_84rx9zzjj5k5n5za/tick → 200 2095ms  
  #471 POST /a/v1/solvers/finance_world_projection/invoke → 200 5943ms  
  #472 POST /a/v1/sim/sessions/sims_84rx9zzjj5k5n5za/tick → 200 1679ms  
  #474 POST /a/v1/solvers/finance_world_projection/invoke → 200 5421ms  
  #475 POST /a/v1/sim/sessions/sims_84rx9zzjj5k5n5za/tick → 200 3198ms  
  #477 POST /a/v1/solvers/finance_world_projection/invoke → 200 6325ms  
  #478 POST /a/v1/sim/sessions/sims_84rx9zzjj5k5n5za/tick → 200 2303ms  
  #480 POST /a/v1/solvers/finance_world_projection/invoke → 200 6513ms  
  #481 POST /a/v1/sim/sessions/sims_84rx9zzjj5k5n5za/tick → 200 2445ms  
  #483 POST /a/v1/solvers/finance_world_projection/invoke → 200 5278ms  
  #484 POST /a/v1/sim/sessions/sims_84rx9zzjj5k5n5za/tick → 200 2007ms  
  #486 POST /a/v1/solvers/finance_world_projection/invoke → 200 5851ms  
  #487 POST /a/v1/sim/sessions/sims_84rx9zzjj5k5n5za/tick → 200 2005ms  
  #489 POST /a/v1/solvers/finance_world_projection/invoke → 200 8102ms  
  #490 POST /a/v1/sim/sessions/sims_84rx9zzjj5k5n5za/tick → 200 2134ms  
  #492 POST /a/v1/solvers/finance_world_projection/invoke → 200 6003ms  
  #493 POST /a/v1/sim/sessions/sims_84rx9zzjj5k5n5za/tick → 200 1978ms  
  #495 POST /a/v1/solvers/finance_world_projection/invoke → 200 7346ms  
  #496 POST /a/v1/sim/sessions/sims_84rx9zzjj5k5n5za/tick → 200 2164ms  
  #498 POST /a/v1/solvers/finance_world_projection/invoke → 200 7014ms  
  #499 POST /a/v1/sim/sessions/sims_84rx9zzjj5k5n5za/tick → 200 1970ms  
  #501 POST /a/v1/solvers/finance_world_projection/invoke → 200 7555ms  
  #502 POST /a/v1/sim/sessions/sims_84rx9zzjj5k5n5za/tick → 200 2175ms  
  #504 POST /a/v1/solvers/finance_world_projection/invoke → 200 6455ms  
  #505 POST /a/v1/sim/sessions/sims_84rx9zzjj5k5n5za/tick → 200 3143ms  
  #507 POST /a/v1/solvers/finance_world_projection/invoke → 200 7478ms  
  #508 POST /a/v1/sim/sessions → 201 873ms  
  #512 POST /a/v1/solvers/finance_world_projection/invoke → 200 383ms  
  #513 POST /a/v1/sim/sessions/sims_kay19962xfye7wwc/tick → 200 1179ms  
  #515 POST /a/v1/solvers/finance_world_projection/invoke → 200 642ms  
  #516 POST /a/v1/sim/sessions/sims_kay19962xfye7wwc/tick → 200 1189ms  
  #518 POST /a/v1/solvers/finance_world_projection/invoke → 200 648ms  
  #519 POST /a/v1/sim/sessions/sims_kay19962xfye7wwc/tick → 200 1450ms  
  #521 POST /a/v1/solvers/finance_world_projection/invoke → 200 1119ms  
  #522 POST /a/v1/sim/sessions/sims_kay19962xfye7wwc/tick → 200 1250ms  
  #524 POST /a/v1/solvers/finance_world_projection/invoke → 200 1368ms  
  #525 POST /a/v1/sim/sessions/sims_kay19962xfye7wwc/tick → 200 1145ms  
  #527 POST /a/v1/solvers/finance_world_projection/invoke → 200 1273ms  
  #528 POST /a/v1/sim/sessions/sims_kay19962xfye7wwc/tick → 200 1179ms  
  #530 POST /a/v1/solvers/finance_world_projection/invoke → 200 1406ms  
  #531 POST /a/v1/sim/sessions/sims_kay19962xfye7wwc/tick → 200 1542ms  
  #533 POST /a/v1/solvers/finance_world_projection/invoke → 200 1285ms  
  #534 POST /a/v1/sim/sessions/sims_kay19962xfye7wwc/tick → 200 1314ms  
  #536 POST /a/v1/solvers/finance_world_projection/invoke → 200 1490ms  
  #537 POST /a/v1/sim/sessions/sims_kay19962xfye7wwc/tick → 200 882ms  
  #539 POST /a/v1/solvers/finance_world_projection/invoke → 200 1516ms  
  #540 POST /a/v1/sim/sessions/sims_kay19962xfye7wwc/tick → 200 1133ms  
  #542 POST /a/v1/solvers/finance_world_projection/invoke → 200 2270ms  
  #543 POST /a/v1/sim/sessions/sims_kay19962xfye7wwc/tick → 200 820ms  
  #545 POST /a/v1/solvers/finance_world_projection/invoke → 200 1669ms  
  #546 POST /a/v1/sim/sessions/sims_kay19962xfye7wwc/tick → 200 946ms  
  #548 POST /a/v1/solvers/finance_world_projection/invoke → 200 1793ms  
  #549 POST /a/v1/sim/sessions/sims_kay19962xfye7wwc/tick → 200 1170ms  
  #551 POST /a/v1/solvers/finance_world_projection/invoke → 200 2170ms  
  #552 POST /a/v1/sim/sessions/sims_kay19962xfye7wwc/tick → 200 1221ms  
  #554 POST /a/v1/solvers/finance_world_projection/invoke → 200 2184ms  
  #555 POST /a/v1/sim/sessions/sims_kay19962xfye7wwc/tick → 200 578ms  
  #557 POST /a/v1/solvers/finance_world_projection/invoke → 200 1254ms  
  #558 POST /a/v1/sim/sessions/sims_kay19962xfye7wwc/tick → 200 1055ms  
  #560 POST /a/v1/solvers/finance_world_projection/invoke → 200 1628ms  
  #561 POST /a/v1/sim/sessions/sims_kay19962xfye7wwc/tick → 200 843ms  
  #563 POST /a/v1/solvers/finance_world_projection/invoke → 200 2476ms  
  #564 POST /a/v1/sim/sessions/sims_kay19962xfye7wwc/tick → 200 1247ms  
  #566 POST /a/v1/solvers/finance_world_projection/invoke → 200 2734ms  
  #567 POST /a/v1/sim/sessions/sims_kay19962xfye7wwc/tick → 200 1069ms  
  #569 POST /a/v1/solvers/finance_world_projection/invoke → 200 2186ms  
  #570 POST /a/v1/sim/sessions/sims_kay19962xfye7wwc/tick → 200 1367ms  
  #572 POST /a/v1/solvers/finance_world_projection/invoke → 200 2081ms  
  #573 POST /a/v1/sim/sessions/sims_kay19962xfye7wwc/tick → 200 993ms  
  #575 POST /a/v1/solvers/finance_world_projection/invoke → 200 2976ms  
  #576 POST /a/v1/sim/sessions/sims_kay19962xfye7wwc/tick → 200 958ms  
  #578 POST /a/v1/solvers/finance_world_projection/invoke → 200 2993ms  
  #579 POST /a/v1/sim/sessions/sims_kay19962xfye7wwc/tick → 200 1057ms  
  #581 POST /a/v1/solvers/finance_world_projection/invoke → 200 3096ms  
  #582 POST /a/v1/sim/sessions/sims_kay19962xfye7wwc/tick → 200 1088ms  
  #584 POST /a/v1/solvers/finance_world_projection/invoke → 200 2683ms  
  #585 POST /a/v1/sim/sessions/sims_kay19962xfye7wwc/tick → 200 616ms  
  #587 POST /a/v1/solvers/finance_world_projection/invoke → 200 2762ms  
  #588 POST /a/v1/sim/sessions/sims_kay19962xfye7wwc/tick → 200 818ms  
  #590 POST /a/v1/solvers/finance_world_projection/invoke → 200 2909ms  
  #591 POST /a/v1/sim/sessions/sims_kay19962xfye7wwc/tick → 200 595ms  
  #593 POST /a/v1/solvers/finance_world_projection/invoke → 200 2220ms  
  #594 POST /a/v1/sim/sessions/sims_kay19962xfye7wwc/tick → 200 953ms  
  #596 POST /a/v1/solvers/finance_world_projection/invoke → 200 2613ms  
  #597 POST /a/v1/sim/sessions/sims_kay19962xfye7wwc/tick → 200 836ms  
  #599 POST /a/v1/solvers/finance_world_projection/invoke → 200 2891ms  
  #600 POST /a/v1/sim/sessions/sims_kay19962xfye7wwc/tick → 200 1024ms  
  #602 POST /a/v1/solvers/finance_world_projection/invoke → 200 2716ms  
  #603 POST /a/v1/sim/sessions/sims_kay19962xfye7wwc/tick → 200 692ms  
  #605 POST /a/v1/solvers/finance_world_projection/invoke → 200 2754ms  
  #606 POST /a/v1/sim/sessions/sims_kay19962xfye7wwc/tick → 200 636ms  
  #608 POST /a/v1/solvers/finance_world_projection/invoke → 200 3133ms  
  #609 POST /a/v1/sim/sessions/sims_kay19962xfye7wwc/tick → 200 727ms  
  #611 POST /a/v1/solvers/finance_world_projection/invoke → 200 3163ms  
  #612 POST /a/v1/sim/sessions/sims_kay19962xfye7wwc/tick → 200 650ms  
  #614 POST /a/v1/solvers/finance_world_projection/invoke → 200 3531ms  
  #615 POST /a/v1/sim/sessions/sims_kay19962xfye7wwc/tick → 200 994ms  
  #617 POST /a/v1/solvers/finance_world_projection/invoke → 200 3120ms  
  #618 POST /a/v1/sim/sessions/sims_kay19962xfye7wwc/tick → 200 631ms  
  #620 POST /a/v1/solvers/finance_world_projection/invoke → 200 3608ms  
  #621 POST /a/v1/sim/sessions/sims_kay19962xfye7wwc/tick → 200 727ms  
  #623 POST /a/v1/solvers/finance_world_projection/invoke → 200 3535ms  
  #624 POST /a/v1/sim/sessions/sims_kay19962xfye7wwc/tick → 200 910ms  
  #626 POST /a/v1/solvers/finance_world_projection/invoke → 200 3662ms  
  #627 POST /a/v1/sim/sessions/sims_kay19962xfye7wwc/tick → 200 595ms  
  #629 POST /a/v1/solvers/finance_world_projection/invoke → 200 3266ms  
  #630 POST /a/v1/sim/sessions/sims_kay19962xfye7wwc/tick → 200 663ms  
  #632 POST /a/v1/solvers/finance_world_projection/invoke → 200 3196ms  
  #633 POST /a/v1/sim/sessions → 201 548ms  
  #634 POST /a/v1/sim/sessions/sims_wymtqra2h9m11gcg/perturbations → 201 147ms  
  #638 POST /a/v1/solvers/finance_world_projection/invoke → 200 145ms  
  #639 POST /a/v1/sim/sessions/sims_wymtqra2h9m11gcg/tick → 200 1011ms  
  #641 POST /a/v1/solvers/finance_world_projection/invoke → 200 256ms  
  #642 POST /a/v1/sim/sessions/sims_wymtqra2h9m11gcg/tick → 200 790ms  
  #644 POST /a/v1/solvers/finance_world_projection/invoke → 200 458ms  
  #645 POST /a/v1/sim/sessions/sims_wymtqra2h9m11gcg/tick → 200 921ms  
  #647 POST /a/v1/solvers/finance_world_projection/invoke → 200 446ms  
  #648 POST /a/v1/sim/sessions/sims_wymtqra2h9m11gcg/tick → 200 1436ms  
  #650 POST /a/v1/solvers/finance_world_projection/invoke → 200 447ms  
  #651 POST /a/v1/sim/sessions/sims_wymtqra2h9m11gcg/tick → 200 1021ms  
  #653 POST /a/v1/solvers/finance_world_projection/invoke → 200 488ms  
  #654 POST /a/v1/sim/sessions/sims_wymtqra2h9m11gcg/tick → 200 1401ms  
  #656 POST /a/v1/solvers/finance_world_projection/invoke → 200 661ms  
  #657 POST /a/v1/sim/sessions/sims_wymtqra2h9m11gcg/tick → 200 1029ms  
  #659 POST /a/v1/solvers/finance_world_projection/invoke → 200 851ms  
  #660 POST /a/v1/sim/sessions/sims_wymtqra2h9m11gcg/tick → 200 1313ms  
  #662 POST /a/v1/solvers/finance_world_projection/invoke → 200 1465ms  
  #663 POST /a/v1/sim/sessions/sims_wymtqra2h9m11gcg/tick → 200 1764ms  
  #665 POST /a/v1/solvers/finance_world_projection/invoke → 200 1296ms  
  #666 POST /a/v1/sim/sessions/sims_wymtqra2h9m11gcg/tick → 200 1447ms  
  #668 POST /a/v1/solvers/finance_world_projection/invoke → 200 1782ms  
  #669 POST /a/v1/sim/sessions/sims_wymtqra2h9m11gcg/tick → 200 1045ms  
  #671 POST /a/v1/solvers/finance_world_projection/invoke → 200 1461ms  
  #672 POST /a/v1/sim/sessions/sims_wymtqra2h9m11gcg/tick → 200 1695ms  
  #674 POST /a/v1/solvers/finance_world_projection/invoke → 200 1544ms  
  #675 POST /a/v1/sim/sessions/sims_wymtqra2h9m11gcg/tick → 200 959ms  
  #677 POST /a/v1/solvers/finance_world_projection/invoke → 200 1575ms  
  #678 POST /a/v1/sim/sessions/sims_wymtqra2h9m11gcg/tick → 200 1524ms  
  #680 POST /a/v1/solvers/finance_world_projection/invoke → 200 1677ms  
  #681 POST /a/v1/sim/sessions/sims_wymtqra2h9m11gcg/tick → 200 1095ms  
  #683 POST /a/v1/solvers/finance_world_projection/invoke → 200 1647ms  
  #684 POST /a/v1/sim/sessions/sims_wymtqra2h9m11gcg/tick → 200 960ms  
  #686 POST /a/v1/solvers/finance_world_projection/invoke → 200 2005ms  
  #687 POST /a/v1/sim/sessions/sims_wymtqra2h9m11gcg/tick → 200 1037ms  
  #689 POST /a/v1/solvers/finance_world_projection/invoke → 200 2627ms  
  #690 POST /a/v1/sim/sessions/sims_wymtqra2h9m11gcg/tick → 200 1449ms  
  #692 POST /a/v1/solvers/finance_world_projection/invoke → 200 2570ms  
  #693 POST /a/v1/sim/sessions/sims_wymtqra2h9m11gcg/tick → 200 1416ms  
  #695 POST /a/v1/solvers/finance_world_projection/invoke → 200 2388ms  
  #696 POST /a/v1/sim/sessions/sims_wymtqra2h9m11gcg/tick → 200 1484ms  
  #698 POST /a/v1/solvers/finance_world_projection/invoke → 200 2722ms  
  #699 POST /a/v1/sim/sessions/sims_wymtqra2h9m11gcg/tick → 200 1739ms  
  #701 POST /a/v1/solvers/finance_world_projection/invoke → 200 3179ms  
  #702 POST /a/v1/sim/sessions/sims_wymtqra2h9m11gcg/tick → 200 1741ms  
  #704 POST /a/v1/solvers/finance_world_projection/invoke → 200 4096ms  
  #705 POST /a/v1/sim/sessions/sims_wymtqra2h9m11gcg/tick → 200 1749ms  
  #707 POST /a/v1/solvers/finance_world_projection/invoke → 200 4068ms  
  #708 POST /a/v1/sim/sessions/sims_wymtqra2h9m11gcg/tick → 200 1753ms  
  #710 POST /a/v1/solvers/finance_world_projection/invoke → 200 4296ms  
  #711 POST /a/v1/sim/sessions/sims_wymtqra2h9m11gcg/tick → 200 1671ms  
  #713 POST /a/v1/solvers/finance_world_projection/invoke → 200 4391ms  
  #714 POST /a/v1/sim/sessions/sims_wymtqra2h9m11gcg/tick → 200 1681ms  
  #716 POST /a/v1/solvers/finance_world_projection/invoke → 200 4881ms  
  #717 POST /a/v1/sim/sessions/sims_wymtqra2h9m11gcg/tick → 200 2113ms  
  #719 POST /a/v1/solvers/finance_world_projection/invoke → 200 3786ms  
  #720 POST /a/v1/sim/sessions/sims_wymtqra2h9m11gcg/tick → 200 1403ms  
  #722 POST /a/v1/solvers/finance_world_projection/invoke → 200 3053ms  
  #723 POST /a/v1/sim/sessions/sims_wymtqra2h9m11gcg/tick → 200 1432ms  
  #725 POST /a/v1/solvers/finance_world_projection/invoke → 200 3272ms  
  #726 POST /a/v1/sim/sessions/sims_wymtqra2h9m11gcg/tick → 200 900ms  
  #728 POST /a/v1/solvers/finance_world_projection/invoke → 200 2374ms  
  #729 POST /a/v1/sim/sessions/sims_wymtqra2h9m11gcg/tick → 200 921ms  
  #731 POST /a/v1/solvers/finance_world_projection/invoke → 200 2391ms  
  #732 POST /a/v1/sim/sessions/sims_wymtqra2h9m11gcg/tick → 200 880ms  
  #734 POST /a/v1/solvers/finance_world_projection/invoke → 200 2574ms  
  #735 POST /a/v1/sim/sessions/sims_wymtqra2h9m11gcg/tick → 200 839ms  
  #737 POST /a/v1/solvers/finance_world_projection/invoke → 200 2172ms  
  #738 POST /a/v1/sim/sessions/sims_wymtqra2h9m11gcg/tick → 200 710ms  
  #740 POST /a/v1/solvers/finance_world_projection/invoke → 200 1774ms  
  #741 POST /a/v1/sim/sessions/sims_wymtqra2h9m11gcg/tick → 200 614ms  
  #743 POST /a/v1/solvers/finance_world_projection/invoke → 200 2051ms  
  #744 POST /a/v1/sim/sessions/sims_wymtqra2h9m11gcg/tick → 200 404ms  
  #746 POST /a/v1/solvers/finance_world_projection/invoke → 200 2065ms  
  #747 POST /a/v1/sim/sessions/sims_wymtqra2h9m11gcg/tick → 200 607ms  
  #749 POST /a/v1/solvers/finance_world_projection/invoke → 200 1984ms  
  #750 POST /a/v1/sim/sessions/sims_wymtqra2h9m11gcg/tick → 200 499ms  
  #752 POST /a/v1/solvers/finance_world_projection/invoke → 200 2180ms  
  #753 POST /a/v1/sim/sessions/sims_wymtqra2h9m11gcg/tick → 200 546ms  
  #755 POST /a/v1/solvers/finance_world_projection/invoke → 200 2043ms  
  #756 POST /a/v1/sim/sessions/sims_wymtqra2h9m11gcg/tick → 200 1533ms  
  #758 POST /a/v1/solvers/finance_world_projection/invoke → 200 1740ms  
最慢 5 条：POST /a/v1/solvers/finance_world_projection/invoke=8102ms · POST /a/v1/solvers/finance_world_projection/invoke=8000ms · POST /a/v1/solvers/finance_world_projection/invoke=7775ms · POST /a/v1/solvers/finance_world_projection/invoke=7555ms · POST /a/v1/solvers/finance_world_projection/invoke=7498ms

══ ⑧ 复现命令 ══
PORT=4041 TICKS=40 node docs/evidence/WO-MULTIPERT-baseline.mjs > docs/evidence/WO-MULTIPERT-baseline.txt 2>&1
echo "CAPTURED_RC=$?" > docs/evidence/WO-MULTIPERT-baseline.rc

NOT-MEASURED 说明：凡本报告未给出数字的项，一律按 NOT-MEASURED 读，⛔ 不许拿别的臂的数推它。

DONE 2026-10-05T04:39:42.888Z
